                          CONFORMAL (R)
                   Version 20.20-s200 (01-Feb-2021) (64 bit executable)
   Copyright (c) Cadence Design Systems, Inc., 1997-2020. All Rights Reserved


This program is proprietary and confidential information belonging to
Cadence Design Systems, Inc., and may be used and disclosed only as authorized
in a license agreement controlling such use and disclosure.

// Warning: This version is 1997 days old. You can download the latest version from http://downloads.cadence.com.

0
// Command: usage -auto -elapse
// Command: usage -auto -elapse
CPU time     : 0.82    seconds
Elapse time  : 139     seconds
Memory usage : 79.50   M bytes
0
// Command: set_verification_information rtl_fv_map_db
// Command: set_verification_information rtl_fv_map_db
// Note: Verification information rtl_fv_map_db does not exist. New directory created.
// Verification information is set to /home/scl_shuttle_8_3/tapeout/lec/rtl_fv_map_db.
// Advanced reporting is enabled and the output is written to /home/scl_shuttle_8_3/tapeout/lec/rtl_fv_map_db
0
// Command: read_implementation_information fv/C2S0306 -revised fv_map
// Command: read_implementation_information fv/C2S0306 -revised fv_map
// Reading implementation information from fv/C2S0306 ...
================================================================================
          Information Category                         Count
--------------------------------------------------------------------------------
     Sequential instance phase                         19892
       Sequential optimization                            77
        Sequential duplication                             0
         Boundary optimization                           716
            Synthesis equation                            17
    Combinational loop breaker                             0
                       Mapping                             0
================================================================================
// Note: Read implementation information successfully.
0
CPU time     : 1.02    seconds
Elapse time  : 147     seconds
Memory usage : 108.46  M bytes
// Command: set_parallel_option -threads 1,4 -norelease_license
// Command: set_parallel_option -threads 1,4 -norelease_license
// Number of threads is set to 1,4.
0
// Command: set_compare_options -threads 1,4
// Command: set_compare_options -threads 1,4
Set computing threads of compare to 1,4.
0
// Command: set env(RC_VERSION)     "20.11-s111_1"
20.11-s111_1
// Command: set env(CDN_SYNTH_ROOT) "/home/install/cadence/GENUS201/tools.lnx86"
/home/install/cadence/GENUS201/tools.lnx86
// Command: set CDN_SYNTH_ROOT      "/home/install/cadence/GENUS201/tools.lnx86"
/home/install/cadence/GENUS201/tools.lnx86
// Command: set env(CW_DIR) "/home/install/cadence/GENUS201/tools.lnx86/lib/chipware"
/home/install/cadence/GENUS201/tools.lnx86/lib/chipware
// Command: set CW_DIR      "/home/install/cadence/GENUS201/tools.lnx86/lib/chipware"
/home/install/cadence/GENUS201/tools.lnx86/lib/chipware
// Command: set_undefined_cell black_box -noascend -both
// Command: set_undefined_cell black_box -noascend -both
0
// Command: add_search_path /opt/sclpdkv3/scl180/stdcell/fs120/6M1L/liberty/lib_flow_ff /opt/sclpdkv3/scl180/stdcell/fs120/6M1L/liberty/lib_flow_ss -library -both
// Command: add_search_path /opt/sclpdkv3/scl180/stdcell/fs120/6M1L/liberty/lib_flow_ff /opt/sclpdkv3/scl180/stdcell/fs120/6M1L/liberty/lib_flow_ss -library -both
0
// Command: read_library -liberty -both /opt/sclpdkv3/scl180/stdcell/fs120/6M1L/liberty/lib_flow_ss/tsl18fs120_scl_ss.lib /opt/sclpdkv3/scl180/iopad/cio150/6M1L/liberty/tsl18cio150_max.lib
// Command: read_library -liberty -both /opt/sclpdkv3/scl180/stdcell/fs120/6M1L/liberty/lib_flow_ss/tsl18fs120_scl_ss.lib /opt/sclpdkv3/scl180/iopad/cio150/6M1L/liberty/tsl18cio150_max.lib
// Parsing file /opt/sclpdkv3/scl180/stdcell/fs120/6M1L/liberty/lib_flow_ss/tsl18fs120_scl_ss.lib ...
// Parsing file /opt/sclpdkv3/scl180/iopad/cio150/6M1L/liberty/tsl18cio150_max.lib ...
// Warning: (RTL9.17) Cell doesn't have any output pins or all output pins are undriven (blackboxed) (occurrence:2)
// Warning: (RTL9.25) Liberty cell function has been overwritten due to multiple declarations (occurrence:3)
// Note: (RTL9.26) Liberty pin with internal_node use default input_map (occurrence:10)
// Warning: (RTL14) Signal has input but it has no output (occurrence:4)
// Note: (UDP1.1) Swapped set and reset of DFF/DLAT (occurrence:3)
// Note: (UDP3) Merged redundant user-defined DFF/DLAT primitive(s) (occurrence:3)
// Note: Read Liberty library successfully
0
CPU time     : 1.43    seconds
Elapse time  : 173     seconds
Memory usage : 131.72  M bytes
// Command: set_undriven_signal 0 -golden
// Command: set_undriven_signal 0 -golden
0
// Command: set lec_version_required "16.20100"
16.20100
// Command: if {$lec_version >= $lec_version_required} {
//              set_naming_style genus -golden
//          } else {
//              set_naming_style rc -golden
//          }
// Command: set_naming_style genus -golden
0
// Command: set_naming_rule "%s\[%d\]" -instance_array -golden
// Command: set_naming_rule %s[%d] -instance_array -golden
0
// Command: set_naming_rule "%s_reg" -register -golden
// Command: set_naming_rule %s_reg -register -golden
0
// Command: set_naming_rule "%L.%s" "%L\[%d\].%s" "%s" -instance -golden
// Command: set_naming_rule %L.%s %L[%d].%s %s -instance -golden
0
// Command: set_naming_rule "%L.%s" "%L\[%d\].%s" "%s" -variable -golden
// Command: set_naming_rule %L.%s %L[%d].%s %s -variable -golden
0
// Command: set lec_version_required "17.10200"
17.10200
// Command: if {$lec_version >= $lec_version_required} {
//              set_naming_rule -ungroup_separator {_} -golden
//          }
// Command: set_naming_rule -ungroup_separator _ -golden
0
// Command: set lec_version_required "17.20301"
17.20301
// Command: if {$lec_version >= $lec_version_required} {
//              set_hdl_options -const_port_extend
//          }
// Command: set_hdl_options -const_port_extend
0
// Command: set lec_version_required "19.20138"
19.20138
// Command: if {$lec_version >= $lec_version_required} {
//              set_hdl_options -nolibext_def on
//          }
// Command: set_hdl_options -nolibext_def on
0
// Command: set lec_version_required "19.20138"
19.20138
// Command: if {$lec_version >= $lec_version_required} {
//              set_hdl_options -VERILOG_INCLUDE_DIR "cwd:incdir:src:yyd:sep"
//          } else {
//              set_hdl_options -VERILOG_INCLUDE_DIR "cwd:incdir:src:yd:y:sep"
//          }
// Command: set_hdl_options -VERILOG_INCLUDE_DIR cwd:incdir:src:yyd:sep
0
// Command: add_search_path /home/scl_shuttle_8_3/tapeout/Crypto_Accelerator_Pad_Synthesis/rtl /home/scl_shuttle_8_3/tapeout/Crypto_Accelerator_Pad_Synthesis/rtl/common -design -golden
// Command: add_search_path /home/scl_shuttle_8_3/tapeout/Crypto_Accelerator_Pad_Synthesis/rtl /home/scl_shuttle_8_3/tapeout/Crypto_Accelerator_Pad_Synthesis/rtl/common -design -golden
0
// Command: read_design  -define SYNTHESIS  -merge bbox -golden -lastmod -noelab -verilog2k -f  rtl_files_top.f
// Command: read_design -define SYNTHESIS -merge bbox -golden -lastmod -noelab -verilog2k -f rtl_files_top.f
// Note: Process verilog command file rtl_files_top.f
// Parsing file rtl/top/crypto_pad_top.v ...
// Warning: (VLG4.3a) Implicit declared net in port declaration was converted to wire type.
// Warning: Implicit net 'main_clk_pad' not allowed due to directive (`default_nettype none) on line 29 at column 7 in file 'rtl/top/crypto_pad_top.v'
// Warning: (VLG4.3a) Implicit declared net in port declaration was converted to wire type.
// Warning: Implicit net 'PRESETn_pad' not allowed due to directive (`default_nettype none) on line 31 at column 7 in file 'rtl/top/crypto_pad_top.v'
// Warning: (VLG4.3a) Implicit declared net in port declaration was converted to wire type.
// Warning: Implicit net 'PSEL_pad' not allowed due to directive (`default_nettype none) on line 33 at column 7 in file 'rtl/top/crypto_pad_top.v'
// Warning: (VLG4.3a) Implicit declared net in port declaration was converted to wire type.
// Warning: Implicit net 'PENABLE_pad' not allowed due to directive (`default_nettype none) on line 34 at column 7 in file 'rtl/top/crypto_pad_top.v'
// Warning: (VLG4.3a) Implicit declared net in port declaration was converted to wire type.
// Warning: Implicit net 'PWRITE_pad' not allowed due to directive (`default_nettype none) on line 35 at column 7 in file 'rtl/top/crypto_pad_top.v'
// Warning: (VLG4.3a) Implicit declared net in port declaration was converted to wire type.
// Warning: Implicit net 'PADDR_pad' not allowed due to directive (`default_nettype none) on line 37 at column 13 in file 'rtl/top/crypto_pad_top.v'
// Warning: (VLG4.3a) Implicit declared net in port declaration was converted to wire type.
// Warning: Implicit net 'SER_DATA_pad' not allowed due to directive (`default_nettype none) on line 39 at column 7 in file 'rtl/top/crypto_pad_top.v'
// Warning: (VLG4.3a) Implicit declared net in port declaration was converted to wire type.
// Warning: Implicit net 'SHIFT_EN_pad' not allowed due to directive (`default_nettype none) on line 40 at column 7 in file 'rtl/top/crypto_pad_top.v'
// Warning: (VLG4.3a) Implicit declared net in port declaration was converted to wire type.
// Warning: Implicit net 'PREADY_pad' not allowed due to directive (`default_nettype none) on line 42 at column 8 in file 'rtl/top/crypto_pad_top.v'
// Warning: (VLG4.3a) Implicit declared net in port declaration was converted to wire type.
// Warning: Implicit net 'PSLVERR_pad' not allowed due to directive (`default_nettype none) on line 43 at column 8 in file 'rtl/top/crypto_pad_top.v'
// Warning: (VLG4.3a) Implicit declared net in port declaration was converted to wire type.
// Warning: Implicit net 'SER_OUT_pad' not allowed due to directive (`default_nettype none) on line 44 at column 8 in file 'rtl/top/crypto_pad_top.v'
// Warning: (VLG4.3a) Implicit declared net in port declaration was converted to wire type.
// Warning: Implicit net 'SHIFT_OUT_EN_pad' not allowed due to directive (`default_nettype none) on line 45 at column 8 in file 'rtl/top/crypto_pad_top.v'
// Parsing file rtl/top/crypto_synth_top.v ...
// Parsing file rtl/top/sipo32.v ...
// Parsing file rtl/top/piso32.v ...
// Parsing file rtl/common/register_bank.v ...
// Parsing file rtl/common/crypto_defines.vh ...
// Parsing file rtl/common/crypto_scheduler.v ...
// Parsing file rtl/common/crypto_defines.vh ...
// Parsing file rtl/apb/apb_slave.v ...
// Parsing file rtl/top/apb_to_secworks_aes.v ...
// Parsing file rtl/top/apb_to_secworks_sha256.v ...
// Parsing file rtl/top/apb_to_secworks_rsa.v ...
// Parsing file rtl/top/crypto_decoder.v ...
// Parsing file rtl/top/crypto_accelerator_top.v ...
// Parsing file rtl/third_party/secworks_aes/aes.v ...
// Parsing file rtl/third_party/secworks_aes/aes_core.v ...
// Parsing file rtl/third_party/secworks_aes/aes_key_mem.v ...
// Parsing file rtl/third_party/secworks_aes/aes_encipher_block.v ...
// Parsing file rtl/third_party/secworks_aes/aes_decipher_block.v ...
// Parsing file rtl/third_party/secworks_aes/aes_sbox.v ...
// Parsing file rtl/third_party/secworks_aes/aes_inv_sbox.v ...
// Parsing file rtl/third_party/secworks_sha256/src/rtl/sha256.v ...
// Parsing file rtl/third_party/secworks_sha256/src/rtl/sha256_core.v ...
// Parsing file rtl/third_party/secworks_sha256/src/rtl/sha256_k_constants.v ...
// Parsing file rtl/third_party/secworks_sha256/src/rtl/sha256_w_mem.v ...
// Parsing file rtl/third_party/secworks_rsa/src/rtl/adder32.v ...
// Warning: (VLG4.3a) Implicit declared net in port declaration was converted to wire type.
// Warning: Implicit net 'a' not allowed due to directive (`default_nettype none) on line 45 at column 24 in file 'rtl/third_party/secworks_rsa/src/rtl/adder32.v'
// Warning: (VLG4.3a) Implicit declared net in port declaration was converted to wire type.
// Warning: Implicit net 'b' not allowed due to directive (`default_nettype none) on line 46 at column 24 in file 'rtl/third_party/secworks_rsa/src/rtl/adder32.v'
// Warning: (VLG4.3a) Implicit declared net in port declaration was converted to wire type.
// Warning: Implicit net 'carry_in' not allowed due to directive (`default_nettype none) on line 47 at column 24 in file 'rtl/third_party/secworks_rsa/src/rtl/adder32.v'
// Parsing file rtl/third_party/secworks_rsa/src/rtl/blockmem1r1w.v ...
// Parsing file rtl/third_party/secworks_rsa/src/rtl/blockmem2r1w.v ...
// Parsing file rtl/third_party/secworks_rsa/src/rtl/blockmem2r1wptr.v ...
// Parsing file rtl/third_party/secworks_rsa/src/rtl/blockmem2rptr1w.v ...
// Parsing file rtl/third_party/secworks_rsa/src/rtl/blockmem_rw32_r64.v ...
// Parsing file rtl/third_party/secworks_rsa/src/rtl/blockmem_rw32_r128.v ...
// Parsing file rtl/third_party/secworks_rsa/src/rtl/blockmem_rw32_r256.v ...
// Parsing file rtl/third_party/secworks_rsa/src/rtl/modexp.v ...
// Parsing file rtl/third_party/secworks_rsa/src/rtl/modexp_core.v ...
// Parsing file rtl/third_party/secworks_rsa/src/rtl/montprod.v ...
// Warning: (VLG4.3a) Implicit declared net in port declaration was converted to wire type.
// Warning: Implicit net 'length' not allowed due to directive (`default_nettype none) on line 48 at column 38 in file 'rtl/third_party/secworks_rsa/src/rtl/montprod.v'
// Parsing file rtl/third_party/secworks_rsa/src/rtl/residue.v ...
// Parsing file rtl/third_party/secworks_rsa/src/rtl/shl32.v ...
// Parsing file rtl/third_party/secworks_rsa/src/rtl/shr32.v ...
0
CPU time     : 1.98    seconds
Elapse time  : 272     seconds
Memory usage : 140.16  M bytes
// Command: elaborate_design -golden -root {C2S0306} -rootonly 
// Command: elaborate_design -golden -root C2S0306 -rootonly
// Golden root module is set to 'C2S0306'
// Warning: (RTL1.1) Variable/signal is assigned by more than one concurrent statement (occurrence:2)
// Warning: (RTL1.2) Variable/signal is assigned by multiple non-blocking assignments (occurrence:2)
// Warning: (RTL1.5b) Potential loss of RHS msb or carry-out bit (occurrence:40)
// Warning: (RTL2.2) Variable is referenced but never assigned (occurrence:2)
// Warning: (RTL2.5) Net is referenced without an assignment. Design verification will be based on set_undriven_signal setting (occurrence:2)
// Warning: (RTL5.3) Case expressions/items are resized (occurrence:2)
// Note: (RTL5.5a) Default case item with non-X assignment(s) (occurrence:10)
// Note: (RTL5.6) Case statement with no default (occurrence:5)
// Note: (RTL5.7) Default case item with inconsistent assignment(s). (occurrence:16)
// Warning: (RTL7.3) Array index in RHS might be out of range (occurrence:8)
// Warning: (RTL7.4) Array index in LHS might be out of range (occurrence:4)
// Warning: (RTL14) Signal has input but it has no output (occurrence:8)
// Warning: (VLG4.3a) Implicit declared net in port declaration was converted to wire type. (occurrence:16)
// Note: (VLG9.2) The `define macro is used (occurrence:31)
// Warning: (DIR6.1) Ignored compiler directive is detected (occurrence:26)
// Warning: (DIR6.2) Supported compiler directive is detected (occurrence:35)
// Note: (DIR6.3) Conditional compiler directive clause is effective (occurrence:1)
// Warning: (IGN1.1) Initial construct is not supported. The entire initial construct will be ignored (occurrence:1)
// Note: (HRC3.5b) Open output port connection is detected (occurrence:1)
// Warning: (HRC3.10a) An input port is declared, but it is not completely used in the module (occurrence:86)
// Warning: (HRC3.16) A wire is declared, but not used in the module (occurrence:4)
// Warning: There are 2 undriven nets in Golden
// Warning: There are 2 undriven nets in Golden
0
CPU time     : 2.64    seconds
Elapse time  : 299     seconds
Memory usage : 211.19  M bytes
// Command: read_design -verilog95   -revised -lastmod -noelab fv/C2S0306/fv_map.v.gz
// Command: read_design -verilog95 -revised -lastmod -noelab fv/C2S0306/fv_map.v.gz
// Parsing file fv/C2S0306/fv_map.v.gz ...
0
CPU time     : 4.14    seconds
Elapse time  : 310     seconds
Memory usage : 302.30  M bytes
// Command: elaborate_design -revised -root {C2S0306}
// Command: elaborate_design -revised -root C2S0306
// Revised root module is set to 'C2S0306'
// Warning: (RTL14) Signal has input but it has no output (occurrence:271)
// Warning: (RTL14.1) Fanout load of the signal is removed (occurrence:6)
// Warning: (HRC3.10a) An input port is declared, but it is not completely used in the module (occurrence:442)
0
CPU time     : 5.11    seconds
Elapse time  : 318     seconds
Memory usage : 275.32  M bytes
// Command: uniquify -all -nolib -golden
// Command: uniquify -all -nolib -golden
Uniquified 2 instance(s) referring to module 'blockmem2r1wptr' in Golden
Uniquified 1 instance(s) referring to module 'blockmem2r1w' in Golden
Uniquified 2 instance(s) referring to module 'adder32' in Golden
Uniquified 9 instance(s) referring to module 'VDW_ADD_32_1_0' in Golden
Uniquified 4 module(s)
0
CPU time     : 5.63    seconds
Elapse time  : 328     seconds
Memory usage : 280.04  M bytes
// Command: report_design_data
// Command: report_design_data
============================================
Summary           Golden         Revised
============================================
Design-modules        56              51
Library-cells       4431           78299
============================================
Primitives      Golden              Revised
============================================
INPUT               15                   15
OUTPUT               4                    4
--------------------------------------------
AND        *     23250                88635
BUF        *       873                   95
DFF        *     19969                19892
INV        *       439                33689
MUX        *     74087                    0
NAND       *         0                10384
NOR        *       571                22707
OR         *      2485                37890
WIRE       *      3328                    0
XNOR       *        67                    3
XOR        *      5312                  779
------ word-level --------------------------
ADD        *        40                    0
EQ         *         7                    0
GE         *         7                    0
GT         *        16                    0
LE         *         5                    0
LT         *         6                    0
SUBTRACT   *        16                    0
WAND       *        70                    0
WINV       *         2                    0
WMUX       *      3811                    0
WSEL       *       136                    0
WXOR       *       314                    0
------ don't care --------------------------
X-assignments      544                    0
--------------------------------------------
Total           130925               214074

0
// Command: report_black_box
// Command: report_black_box
0
// Command: set_flatten_model -seq_constant
// Command: set_flatten_model -seq_constant
0
// Command: set_flatten_model -seq_constant_x_to 0
// Command: set_flatten_model -seq_constant_x_to 0
0
// Command: set_flatten_model -nodff_to_dlat_zero
// Command: set_flatten_model -nodff_to_dlat_zero
0
// Command: set_flatten_model -nodff_to_dlat_feedback
// Command: set_flatten_model -nodff_to_dlat_feedback
0
// Command: set_flatten_model -hier_seq_merge
// Command: set_flatten_model -hier_seq_merge
0
// Command: set_flatten_model -balanced_modeling
// Command: set_flatten_model -balanced_modeling
0
// Command: set lec_version_required "20.10100"
20.10100
// Command: if {$lec_version >= $lec_version_required} {
//              check_verification_information
//          }
// Command: check_verification_information
Checking Sequential constant...
Checking Sequential merge...
Checking Synthesis equation...
================================================================================
Implementation Information Check Summary: 
--------------------------------------------------------------------------------
Total Sequential Constants:     73
  Name Collision:               0
  Name Ambiguous:               0
  Name not Found:               0
--------------------------------------------------------------------------------
Total Sequential Merges:        1
  Name Collision:               0
  Name Ambiguous:               0
  Name not Found:               0
  Merge Target:
    Name Ambiguous:             0
    Name not Found:             0
--------------------------------------------------------------------------------
Total Synthesis Equations:      17
  Module not Found:             0
  Equation Conflict:            0
  Empty Equation:               0
================================================================================
0
CPU time     : 6.10    seconds
Elapse time  : 349     seconds
Memory usage : 285.57  M bytes
// Command: set_analyze_option -auto -report_map
// Command: set_analyze_option -auto -report_map
0
// Command: write_hier_compare_dofile hier_tmp3.lec.do -verbose -noexact_pin_match -constraint -usage \
//          -replace -balanced_extraction -input_output_pin_equivalence \
//          -prepend_string "report_design_data; report_unmapped_points -summary; report_unmapped_points -notmapped; analyze_datapath -module -verbose; eval analyze_datapath $DATAPATH_SOLVER_OPTION -verbose"
// Command: write_hier_compare_dofile hier_tmp3.lec.do -verbose -noexact_pin_match -constraint -usage -replace -balanced_extraction -input_output_pin_equivalence -prepend_string {report_design_data; report_unmapped_points -summary; report_unmapped_points -notmapped; analyze_datapath -module -verbose; eval analyze_datapath -flowgraph -verbose}
// The following settings are used for hierarchical dofile generation:
// Modeling Options:
    Auto setup disabled
    GATED_Clock modeling enabled
// Mapping Method:
    Name Only
--------------------------------------------------------------------------------
// Flattening Golden and Revised designs ...
--------------------------------------------------------------------------------
// Read in 1 merge group(s) from verification information.
// Processing Golden ...
// Modeling Golden ...
// Warning: (F34) Converted 544 X assignment(s) as don't care(s)
// (F21) Merged 1 DFF/DLAT(s) due to added instance equivalences (flatten)
// Processing Revised ...
// Modeling Revised ...
// Balanced modeling mapped 39784 out of 39861 DFF/DLATs
// Collected 73 sequential constant(s) via setup info for Golden
// (F18) Converted 72 DFF/DLAT(s) in (G) to ZERO/ONE
// Converted 1 DFF/DLAT(s) in (G) to ZERO/ONE
// Warning: Undriven signals are tied to ZERO
// (F65.1) Tied 2 undriven signal(s) to ZERO
// Warning: Golden and Revised have different numbers of key points:
// Golden  key points = 19988
// Revised key points = 19911
// Warning: Automatic key point mapping is skipped
// Note: Comparing instance equivalent points ...
// Command: compare -nowriteuvi
Compare results of instance/output/pin equivalences and/or sequential merge      
================================================================================
Compared points      DFF       Total   
--------------------------------------------------------------------------------
Equivalent           1         1       
================================================================================
CPU time     : 21.44   seconds
Elapse time  : 384     seconds
Memory usage : 432.46  M bytes
// Command: MAP KEy Points
// Mapping key points ...
================================================================================
Mapped points: SYSTEM class
--------------------------------------------------------------------------------
Mapped points     PI     PO     DFF       Total   
--------------------------------------------------------------------------------
Golden            15     4      19892     19911   
--------------------------------------------------------------------------------
Revised           15     4      19892     19911   
================================================================================
// Note: A key point group is counted as one key point
// Golden has 1 key point groups
Unmapped points:
================================================================================
Golden:
--------------------------------------------------------------------------------
Unmapped points   DFF       Total   
--------------------------------------------------------------------------------
Unreachable       76        76      
================================================================================
CPU time     : 28.28   seconds
Elapse time  : 392     seconds
Memory usage : 474.79  M bytes
--------------------------------------------------------------------------------
// Starting hierarchical dofile generation ...
--------------------------------------------------------------------------------
// Total Matching Module Instance Pairs =  34
// Module Instantiation Ratio in Golden = 1.00
// Module Instantiation Ratio in Revised = 1.00
// Gathering Instance Boundary Information ...
// Extracting Constraints in Golden ...
// Extracting Constraints in Revised ...
// Extracting logic-cone properties of pins ...
// Balancing Constraints ...
// Golden module 'apb_to_secworks_rsa' has input-output equivalent pins: reg_rdata[31] rsa_read_data[31]
// Golden module 'apb_to_secworks_rsa' has input-output equivalent pins: reg_rdata[30] rsa_read_data[30]
// Golden module 'apb_to_secworks_rsa' has input-output equivalent pins: reg_rdata[29] rsa_read_data[29]
// Golden module 'apb_to_secworks_rsa' has input-output equivalent pins: reg_rdata[28] rsa_read_data[28]
// Golden module 'apb_to_secworks_rsa' has input-output equivalent pins: reg_rdata[27] rsa_read_data[27]
// Golden module 'apb_to_secworks_rsa' has input-output equivalent pins: reg_rdata[26] rsa_read_data[26]
// Golden module 'apb_to_secworks_rsa' has input-output equivalent pins: reg_rdata[25] rsa_read_data[25]
// Golden module 'apb_to_secworks_rsa' has input-output equivalent pins: reg_rdata[24] rsa_read_data[24]
// Golden module 'apb_to_secworks_rsa' has input-output equivalent pins: reg_rdata[23] rsa_read_data[23]
// Golden module 'apb_to_secworks_rsa' has input-output equivalent pins: reg_rdata[22] rsa_read_data[22]
// Golden module 'apb_to_secworks_rsa' has input-output equivalent pins: reg_rdata[21] rsa_read_data[21]
// Golden module 'apb_to_secworks_rsa' has input-output equivalent pins: reg_rdata[20] rsa_read_data[20]
// Golden module 'apb_to_secworks_rsa' has input-output equivalent pins: reg_rdata[19] rsa_read_data[19]
// Golden module 'apb_to_secworks_rsa' has input-output equivalent pins: reg_rdata[18] rsa_read_data[18]
// Golden module 'apb_to_secworks_rsa' has input-output equivalent pins: reg_rdata[17] rsa_read_data[17]
// Golden module 'apb_to_secworks_rsa' has input-output equivalent pins: reg_rdata[16] rsa_read_data[16]
// Golden module 'apb_to_secworks_rsa' has input-output equivalent pins: reg_rdata[15] rsa_read_data[15]
// Golden module 'apb_to_secworks_rsa' has input-output equivalent pins: reg_rdata[14] rsa_read_data[14]
// Golden module 'apb_to_secworks_rsa' has input-output equivalent pins: reg_rdata[13] rsa_read_data[13]
// Golden module 'apb_to_secworks_rsa' has input-output equivalent pins: reg_rdata[12] rsa_read_data[12]
// Golden module 'apb_to_secworks_rsa' has input-output equivalent pins: reg_rdata[11] rsa_read_data[11]
// Golden module 'apb_to_secworks_rsa' has input-output equivalent pins: reg_rdata[10] rsa_read_data[10]
// Golden module 'apb_to_secworks_rsa' has input-output equivalent pins: reg_rdata[9] rsa_read_data[9]
// Golden module 'apb_to_secworks_rsa' has input-output equivalent pins: reg_rdata[8] rsa_read_data[8]
// Golden module 'apb_to_secworks_rsa' has input-output equivalent pins: reg_rdata[7] rsa_read_data[7]
// Golden module 'apb_to_secworks_rsa' has input-output equivalent pins: reg_rdata[6] rsa_read_data[6]
// Golden module 'apb_to_secworks_rsa' has input-output equivalent pins: reg_rdata[5] rsa_read_data[5]
// Golden module 'apb_to_secworks_rsa' has input-output equivalent pins: reg_rdata[4] rsa_read_data[4]
// Golden module 'apb_to_secworks_rsa' has input-output equivalent pins: reg_rdata[3] rsa_read_data[3]
// Golden module 'apb_to_secworks_rsa' has input-output equivalent pins: reg_rdata[2] rsa_read_data[2]
// Golden module 'apb_to_secworks_rsa' has input-output equivalent pins: reg_rdata[1] rsa_read_data[1]
// Golden module 'apb_to_secworks_rsa' has input-output equivalent pins: reg_rdata[0] rsa_read_data[0]
// Golden module 'apb_to_secworks_rsa' has input-output equivalent pins: rsa_address[11] reg_addr[7]
// Golden module 'apb_to_secworks_rsa' has input-output equivalent pins: rsa_address[6] reg_addr[6]
// Golden module 'apb_to_secworks_rsa' has input-output equivalent pins: rsa_address[5] reg_addr[5]
// Golden module 'apb_to_secworks_rsa' has input-output equivalent pins: rsa_address[4] reg_addr[4]
// Golden module 'apb_to_secworks_rsa' has input-output equivalent pins: rsa_address[3] reg_addr[3]
// Golden module 'apb_to_secworks_rsa' has input-output equivalent pins: rsa_address[2] reg_addr[2]
// Golden module 'apb_to_secworks_rsa' has input-output equivalent pins: rsa_address[1] reg_addr[1]
// Golden module 'apb_to_secworks_rsa' has input-output equivalent pins: rsa_address[0] reg_addr[0]
// Golden module 'apb_to_secworks_rsa' has input-output equivalent pins: rsa_write_data[31] reg_wdata[31]
// Golden module 'apb_to_secworks_rsa' has input-output equivalent pins: rsa_write_data[30] reg_wdata[30]
// Golden module 'apb_to_secworks_rsa' has input-output equivalent pins: rsa_write_data[29] reg_wdata[29]
// Golden module 'apb_to_secworks_rsa' has input-output equivalent pins: rsa_write_data[28] reg_wdata[28]
// Golden module 'apb_to_secworks_rsa' has input-output equivalent pins: rsa_write_data[27] reg_wdata[27]
// Golden module 'apb_to_secworks_rsa' has input-output equivalent pins: rsa_write_data[26] reg_wdata[26]
// Golden module 'apb_to_secworks_rsa' has input-output equivalent pins: rsa_write_data[25] reg_wdata[25]
// Golden module 'apb_to_secworks_rsa' has input-output equivalent pins: rsa_write_data[24] reg_wdata[24]
// Golden module 'apb_to_secworks_rsa' has input-output equivalent pins: rsa_write_data[23] reg_wdata[23]
// Golden module 'apb_to_secworks_rsa' has input-output equivalent pins: rsa_write_data[22] reg_wdata[22]
// Golden module 'apb_to_secworks_rsa' has input-output equivalent pins: rsa_write_data[21] reg_wdata[21]
// Golden module 'apb_to_secworks_rsa' has input-output equivalent pins: rsa_write_data[20] reg_wdata[20]
// Golden module 'apb_to_secworks_rsa' has input-output equivalent pins: rsa_write_data[19] reg_wdata[19]
// Golden module 'apb_to_secworks_rsa' has input-output equivalent pins: rsa_write_data[18] reg_wdata[18]
// Golden module 'apb_to_secworks_rsa' has input-output equivalent pins: rsa_write_data[17] reg_wdata[17]
// Golden module 'apb_to_secworks_rsa' has input-output equivalent pins: rsa_write_data[16] reg_wdata[16]
// Golden module 'apb_to_secworks_rsa' has input-output equivalent pins: rsa_write_data[15] reg_wdata[15]
// Golden module 'apb_to_secworks_rsa' has input-output equivalent pins: rsa_write_data[14] reg_wdata[14]
// Golden module 'apb_to_secworks_rsa' has input-output equivalent pins: rsa_write_data[13] reg_wdata[13]
// Golden module 'apb_to_secworks_rsa' has input-output equivalent pins: rsa_write_data[12] reg_wdata[12]
// Golden module 'apb_to_secworks_rsa' has input-output equivalent pins: rsa_write_data[11] reg_wdata[11]
// Golden module 'apb_to_secworks_rsa' has input-output equivalent pins: rsa_write_data[10] reg_wdata[10]
// Golden module 'apb_to_secworks_rsa' has input-output equivalent pins: rsa_write_data[9] reg_wdata[9]
// Golden module 'apb_to_secworks_rsa' has input-output equivalent pins: rsa_write_data[8] reg_wdata[8]
// Golden module 'apb_to_secworks_rsa' has input-output equivalent pins: rsa_write_data[7] reg_wdata[7]
// Golden module 'apb_to_secworks_rsa' has input-output equivalent pins: rsa_write_data[6] reg_wdata[6]
// Golden module 'apb_to_secworks_rsa' has input-output equivalent pins: rsa_write_data[5] reg_wdata[5]
// Golden module 'apb_to_secworks_rsa' has input-output equivalent pins: rsa_write_data[4] reg_wdata[4]
// Golden module 'apb_to_secworks_rsa' has input-output equivalent pins: rsa_write_data[3] reg_wdata[3]
// Golden module 'apb_to_secworks_rsa' has input-output equivalent pins: rsa_write_data[2] reg_wdata[2]
// Golden module 'apb_to_secworks_rsa' has input-output equivalent pins: rsa_write_data[1] reg_wdata[1]
// Golden module 'apb_to_secworks_rsa' has input-output equivalent pins: rsa_write_data[0] reg_wdata[0]
// Golden module 'apb_slave' has input-output equivalent pins: PRDATA[31] reg_rdata[31]
// Golden module 'apb_slave' has input-output equivalent pins: PRDATA[30] reg_rdata[30]
// Golden module 'apb_slave' has input-output equivalent pins: PRDATA[29] reg_rdata[29]
// Golden module 'apb_slave' has input-output equivalent pins: PRDATA[28] reg_rdata[28]
// Golden module 'apb_slave' has input-output equivalent pins: PRDATA[27] reg_rdata[27]
// Golden module 'apb_slave' has input-output equivalent pins: PRDATA[26] reg_rdata[26]
// Golden module 'apb_slave' has input-output equivalent pins: PRDATA[25] reg_rdata[25]
// Golden module 'apb_slave' has input-output equivalent pins: PRDATA[24] reg_rdata[24]
// Golden module 'apb_slave' has input-output equivalent pins: PRDATA[23] reg_rdata[23]
// Golden module 'apb_slave' has input-output equivalent pins: PRDATA[22] reg_rdata[22]
// Golden module 'apb_slave' has input-output equivalent pins: PRDATA[21] reg_rdata[21]
// Golden module 'apb_slave' has input-output equivalent pins: PRDATA[20] reg_rdata[20]
// Golden module 'apb_slave' has input-output equivalent pins: PRDATA[19] reg_rdata[19]
// Golden module 'apb_slave' has input-output equivalent pins: PRDATA[18] reg_rdata[18]
// Golden module 'apb_slave' has input-output equivalent pins: PRDATA[17] reg_rdata[17]
// Golden module 'apb_slave' has input-output equivalent pins: PRDATA[16] reg_rdata[16]
// Golden module 'apb_slave' has input-output equivalent pins: PRDATA[15] reg_rdata[15]
// Golden module 'apb_slave' has input-output equivalent pins: PRDATA[14] reg_rdata[14]
// Golden module 'apb_slave' has input-output equivalent pins: PRDATA[13] reg_rdata[13]
// Golden module 'apb_slave' has input-output equivalent pins: PRDATA[12] reg_rdata[12]
// Golden module 'apb_slave' has input-output equivalent pins: PRDATA[11] reg_rdata[11]
// Golden module 'apb_slave' has input-output equivalent pins: PRDATA[10] reg_rdata[10]
// Golden module 'apb_slave' has input-output equivalent pins: PRDATA[9] reg_rdata[9]
// Golden module 'apb_slave' has input-output equivalent pins: PRDATA[8] reg_rdata[8]
// Golden module 'apb_slave' has input-output equivalent pins: PRDATA[7] reg_rdata[7]
// Golden module 'apb_slave' has input-output equivalent pins: PRDATA[6] reg_rdata[6]
// Golden module 'apb_slave' has input-output equivalent pins: PRDATA[5] reg_rdata[5]
// Golden module 'apb_slave' has input-output equivalent pins: PRDATA[4] reg_rdata[4]
// Golden module 'apb_slave' has input-output equivalent pins: PRDATA[3] reg_rdata[3]
// Golden module 'apb_slave' has input-output equivalent pins: PRDATA[2] reg_rdata[2]
// Golden module 'apb_slave' has input-output equivalent pins: PRDATA[1] reg_rdata[1]
// Golden module 'apb_slave' has input-output equivalent pins: PRDATA[0] reg_rdata[0]
// Golden module 'apb_slave' has input-output equivalent pins: reg_addr[7] PADDR[7]
// Golden module 'apb_slave' has input-output equivalent pins: reg_addr[6] PADDR[6]
// Golden module 'apb_slave' has input-output equivalent pins: reg_addr[5] PADDR[5]
// Golden module 'apb_slave' has input-output equivalent pins: reg_addr[4] PADDR[4]
// Golden module 'apb_slave' has input-output equivalent pins: reg_addr[3] PADDR[3]
// Golden module 'apb_slave' has input-output equivalent pins: reg_addr[2] PADDR[2]
// Golden module 'apb_slave' has input-output equivalent pins: reg_addr[1] PADDR[1]
// Golden module 'apb_slave' has input-output equivalent pins: reg_addr[0] PADDR[0]
// Golden module 'apb_slave' has input-output equivalent pins: reg_wdata[31] PWDATA[31]
// Golden module 'apb_slave' has input-output equivalent pins: reg_wdata[30] PWDATA[30]
// Golden module 'apb_slave' has input-output equivalent pins: reg_wdata[29] PWDATA[29]
// Golden module 'apb_slave' has input-output equivalent pins: reg_wdata[28] PWDATA[28]
// Golden module 'apb_slave' has input-output equivalent pins: reg_wdata[27] PWDATA[27]
// Golden module 'apb_slave' has input-output equivalent pins: reg_wdata[26] PWDATA[26]
// Golden module 'apb_slave' has input-output equivalent pins: reg_wdata[25] PWDATA[25]
// Golden module 'apb_slave' has input-output equivalent pins: reg_wdata[24] PWDATA[24]
// Golden module 'apb_slave' has input-output equivalent pins: reg_wdata[23] PWDATA[23]
// Golden module 'apb_slave' has input-output equivalent pins: reg_wdata[22] PWDATA[22]
// Golden module 'apb_slave' has input-output equivalent pins: reg_wdata[21] PWDATA[21]
// Golden module 'apb_slave' has input-output equivalent pins: reg_wdata[20] PWDATA[20]
// Golden module 'apb_slave' has input-output equivalent pins: reg_wdata[19] PWDATA[19]
// Golden module 'apb_slave' has input-output equivalent pins: reg_wdata[18] PWDATA[18]
// Golden module 'apb_slave' has input-output equivalent pins: reg_wdata[17] PWDATA[17]
// Golden module 'apb_slave' has input-output equivalent pins: reg_wdata[16] PWDATA[16]
// Golden module 'apb_slave' has input-output equivalent pins: reg_wdata[15] PWDATA[15]
// Golden module 'apb_slave' has input-output equivalent pins: reg_wdata[14] PWDATA[14]
// Golden module 'apb_slave' has input-output equivalent pins: reg_wdata[13] PWDATA[13]
// Golden module 'apb_slave' has input-output equivalent pins: reg_wdata[12] PWDATA[12]
// Golden module 'apb_slave' has input-output equivalent pins: reg_wdata[11] PWDATA[11]
// Golden module 'apb_slave' has input-output equivalent pins: reg_wdata[10] PWDATA[10]
// Golden module 'apb_slave' has input-output equivalent pins: reg_wdata[9] PWDATA[9]
// Golden module 'apb_slave' has input-output equivalent pins: reg_wdata[8] PWDATA[8]
// Golden module 'apb_slave' has input-output equivalent pins: reg_wdata[7] PWDATA[7]
// Golden module 'apb_slave' has input-output equivalent pins: reg_wdata[6] PWDATA[6]
// Golden module 'apb_slave' has input-output equivalent pins: reg_wdata[5] PWDATA[5]
// Golden module 'apb_slave' has input-output equivalent pins: reg_wdata[4] PWDATA[4]
// Golden module 'apb_slave' has input-output equivalent pins: reg_wdata[3] PWDATA[3]
// Golden module 'apb_slave' has input-output equivalent pins: reg_wdata[2] PWDATA[2]
// Golden module 'apb_slave' has input-output equivalent pins: reg_wdata[1] PWDATA[1]
// Golden module 'apb_slave' has input-output equivalent pins: reg_wdata[0] PWDATA[0]
// Golden module 'apb_to_secworks_sha256' has input-output equivalent pins: reg_rdata[31] sha_read_data[31]
// Golden module 'apb_to_secworks_sha256' has input-output equivalent pins: reg_rdata[30] sha_read_data[30]
// Golden module 'apb_to_secworks_sha256' has input-output equivalent pins: reg_rdata[29] sha_read_data[29]
// Golden module 'apb_to_secworks_sha256' has input-output equivalent pins: reg_rdata[28] sha_read_data[28]
// Golden module 'apb_to_secworks_sha256' has input-output equivalent pins: reg_rdata[27] sha_read_data[27]
// Golden module 'apb_to_secworks_sha256' has input-output equivalent pins: reg_rdata[26] sha_read_data[26]
// Golden module 'apb_to_secworks_sha256' has input-output equivalent pins: reg_rdata[25] sha_read_data[25]
// Golden module 'apb_to_secworks_sha256' has input-output equivalent pins: reg_rdata[24] sha_read_data[24]
// Golden module 'apb_to_secworks_sha256' has input-output equivalent pins: reg_rdata[23] sha_read_data[23]
// Golden module 'apb_to_secworks_sha256' has input-output equivalent pins: reg_rdata[22] sha_read_data[22]
// Golden module 'apb_to_secworks_sha256' has input-output equivalent pins: reg_rdata[21] sha_read_data[21]
// Golden module 'apb_to_secworks_sha256' has input-output equivalent pins: reg_rdata[20] sha_read_data[20]
// Golden module 'apb_to_secworks_sha256' has input-output equivalent pins: reg_rdata[19] sha_read_data[19]
// Golden module 'apb_to_secworks_sha256' has input-output equivalent pins: reg_rdata[18] sha_read_data[18]
// Golden module 'apb_to_secworks_sha256' has input-output equivalent pins: reg_rdata[17] sha_read_data[17]
// Golden module 'apb_to_secworks_sha256' has input-output equivalent pins: reg_rdata[16] sha_read_data[16]
// Golden module 'apb_to_secworks_sha256' has input-output equivalent pins: reg_rdata[15] sha_read_data[15]
// Golden module 'apb_to_secworks_sha256' has input-output equivalent pins: reg_rdata[14] sha_read_data[14]
// Golden module 'apb_to_secworks_sha256' has input-output equivalent pins: reg_rdata[13] sha_read_data[13]
// Golden module 'apb_to_secworks_sha256' has input-output equivalent pins: reg_rdata[12] sha_read_data[12]
// Golden module 'apb_to_secworks_sha256' has input-output equivalent pins: reg_rdata[11] sha_read_data[11]
// Golden module 'apb_to_secworks_sha256' has input-output equivalent pins: reg_rdata[10] sha_read_data[10]
// Golden module 'apb_to_secworks_sha256' has input-output equivalent pins: reg_rdata[9] sha_read_data[9]
// Golden module 'apb_to_secworks_sha256' has input-output equivalent pins: reg_rdata[8] sha_read_data[8]
// Golden module 'apb_to_secworks_sha256' has input-output equivalent pins: reg_rdata[7] sha_read_data[7]
// Golden module 'apb_to_secworks_sha256' has input-output equivalent pins: reg_rdata[6] sha_read_data[6]
// Golden module 'apb_to_secworks_sha256' has input-output equivalent pins: reg_rdata[5] sha_read_data[5]
// Golden module 'apb_to_secworks_sha256' has input-output equivalent pins: reg_rdata[4] sha_read_data[4]
// Golden module 'apb_to_secworks_sha256' has input-output equivalent pins: reg_rdata[3] sha_read_data[3]
// Golden module 'apb_to_secworks_sha256' has input-output equivalent pins: reg_rdata[2] sha_read_data[2]
// Golden module 'apb_to_secworks_sha256' has input-output equivalent pins: reg_rdata[1] sha_read_data[1]
// Golden module 'apb_to_secworks_sha256' has input-output equivalent pins: reg_rdata[0] sha_read_data[0]
// Golden module 'apb_to_secworks_sha256' has input-output equivalent pins: sha_we reg_write
// Golden module 'apb_to_secworks_sha256' has input-output equivalent pins: sha_address[6] reg_addr[6]
// Golden module 'apb_to_secworks_sha256' has input-output equivalent pins: sha_address[5] reg_addr[5]
// Golden module 'apb_to_secworks_sha256' has input-output equivalent pins: sha_address[4] reg_addr[4]
// Golden module 'apb_to_secworks_sha256' has input-output equivalent pins: sha_address[3] reg_addr[3]
// Golden module 'apb_to_secworks_sha256' has input-output equivalent pins: sha_address[2] reg_addr[2]
// Golden module 'apb_to_secworks_sha256' has input-output equivalent pins: sha_address[1] reg_addr[1]
// Golden module 'apb_to_secworks_sha256' has input-output equivalent pins: sha_address[0] reg_addr[0]
// Golden module 'apb_to_secworks_sha256' has input-output equivalent pins: sha_write_data[31] reg_wdata[31]
// Golden module 'apb_to_secworks_sha256' has input-output equivalent pins: sha_write_data[30] reg_wdata[30]
// Golden module 'apb_to_secworks_sha256' has input-output equivalent pins: sha_write_data[29] reg_wdata[29]
// Golden module 'apb_to_secworks_sha256' has input-output equivalent pins: sha_write_data[28] reg_wdata[28]
// Golden module 'apb_to_secworks_sha256' has input-output equivalent pins: sha_write_data[27] reg_wdata[27]
// Golden module 'apb_to_secworks_sha256' has input-output equivalent pins: sha_write_data[26] reg_wdata[26]
// Golden module 'apb_to_secworks_sha256' has input-output equivalent pins: sha_write_data[25] reg_wdata[25]
// Golden module 'apb_to_secworks_sha256' has input-output equivalent pins: sha_write_data[24] reg_wdata[24]
// Golden module 'apb_to_secworks_sha256' has input-output equivalent pins: sha_write_data[23] reg_wdata[23]
// Golden module 'apb_to_secworks_sha256' has input-output equivalent pins: sha_write_data[22] reg_wdata[22]
// Golden module 'apb_to_secworks_sha256' has input-output equivalent pins: sha_write_data[21] reg_wdata[21]
// Golden module 'apb_to_secworks_sha256' has input-output equivalent pins: sha_write_data[20] reg_wdata[20]
// Golden module 'apb_to_secworks_sha256' has input-output equivalent pins: sha_write_data[19] reg_wdata[19]
// Golden module 'apb_to_secworks_sha256' has input-output equivalent pins: sha_write_data[18] reg_wdata[18]
// Golden module 'apb_to_secworks_sha256' has input-output equivalent pins: sha_write_data[17] reg_wdata[17]
// Golden module 'apb_to_secworks_sha256' has input-output equivalent pins: sha_write_data[16] reg_wdata[16]
// Golden module 'apb_to_secworks_sha256' has input-output equivalent pins: sha_write_data[15] reg_wdata[15]
// Golden module 'apb_to_secworks_sha256' has input-output equivalent pins: sha_write_data[14] reg_wdata[14]
// Golden module 'apb_to_secworks_sha256' has input-output equivalent pins: sha_write_data[13] reg_wdata[13]
// Golden module 'apb_to_secworks_sha256' has input-output equivalent pins: sha_write_data[12] reg_wdata[12]
// Golden module 'apb_to_secworks_sha256' has input-output equivalent pins: sha_write_data[11] reg_wdata[11]
// Golden module 'apb_to_secworks_sha256' has input-output equivalent pins: sha_write_data[10] reg_wdata[10]
// Golden module 'apb_to_secworks_sha256' has input-output equivalent pins: sha_write_data[9] reg_wdata[9]
// Golden module 'apb_to_secworks_sha256' has input-output equivalent pins: sha_write_data[8] reg_wdata[8]
// Golden module 'apb_to_secworks_sha256' has input-output equivalent pins: sha_write_data[7] reg_wdata[7]
// Golden module 'apb_to_secworks_sha256' has input-output equivalent pins: sha_write_data[6] reg_wdata[6]
// Golden module 'apb_to_secworks_sha256' has input-output equivalent pins: sha_write_data[5] reg_wdata[5]
// Golden module 'apb_to_secworks_sha256' has input-output equivalent pins: sha_write_data[4] reg_wdata[4]
// Golden module 'apb_to_secworks_sha256' has input-output equivalent pins: sha_write_data[3] reg_wdata[3]
// Golden module 'apb_to_secworks_sha256' has input-output equivalent pins: sha_write_data[2] reg_wdata[2]
// Golden module 'apb_to_secworks_sha256' has input-output equivalent pins: sha_write_data[1] reg_wdata[1]
// Golden module 'apb_to_secworks_sha256' has input-output equivalent pins: sha_write_data[0] reg_wdata[0]
// Extracted 216 input-output pin equivalences
// Extracted equivalences (Input-Output) using medium effort
// Resolved EQ and IOEQ representative
// Checking constraints with verification information ...
Module: sipo32
    Instance u_crypto_synth_top/u_sipo
// Checking constraints with verification information ...
Module: blockmem2rptr1w
    Instance u_crypto_synth_top/u_top/u_rsa/core_inst/result_mem
// Checking constraints with verification information ...
Module: adder32
    Instance u_crypto_synth_top/u_top/u_rsa/core_inst/montprod_inst/s_adder_sa
// Checking constraints with verification information ...
Module: montprod
    Instance u_crypto_synth_top/u_top/u_rsa/core_inst/montprod_inst
opm_addr[7]  (KP<--)(REP)  UVI: U
  label pin opm_addr[7] as unreachable by uvi.
opm_addr[6]  (KP<--)(REP)  UVI: U
  label pin opm_addr[6] as unreachable by uvi.
opm_addr[5]  (KP<--)(REP)  UVI: U
  label pin opm_addr[5] as unreachable by uvi.
// Checking constraints with verification information ...
Module: adder32_1744
    Instance u_crypto_synth_top/u_top/u_rsa/core_inst/montprod_inst/s_adder_sm
// Checking constraints with verification information ...
Module: modexp_core
    Instance u_crypto_synth_top/u_top/u_rsa/core_inst
// Checking constraints with verification information ...
Module: sha256
    Instance u_crypto_synth_top/u_top/u_sha256
// Checking constraints with verification information ...
Module: sha256_w_mem
    Instance u_crypto_synth_top/u_top/u_sha256/core/w_mem_inst
// Checking constraints with verification information ...
Module: aes_key_mem
    Instance u_crypto_synth_top/u_top/u_aes/core/keymem
// Checking constraints with verification information ...
Module: aes_core
    Instance u_crypto_synth_top/u_top/u_aes/core
// Checking constraints with verification information ...
Module: apb_to_secworks_rsa
    Instance u_crypto_synth_top/u_top/u_rsa_adapter
reg_addr[7]  (KP<--)(REP)  UVI: U
  label pin reg_addr[7] as unreachable by uvi.
reg_addr[6]  (KP<--)(REP)  UVI: U
  label pin reg_addr[6] as unreachable by uvi.
reg_addr[5]  (KP<--)(REP)  UVI: U
  label pin reg_addr[5] as unreachable by uvi.
reg_addr[4]  (KP<--)(REP)  UVI: U
  label pin reg_addr[4] as unreachable by uvi.
reg_addr[3]  (KP<--)(REP)  UVI: U
  label pin reg_addr[3] as unreachable by uvi.
reg_addr[2]  (KP<--)(REP)  UVI: U
  label pin reg_addr[2] as unreachable by uvi.
reg_addr[1]  (KP<--)(REP)  UVI: U
  label pin reg_addr[1] as unreachable by uvi.
reg_addr[0]  (KP<--)(REP)  UVI: U
  label pin reg_addr[0] as unreachable by uvi.
reg_wdata[31]  (KP<--)(REP)  UVI: U
  label pin reg_wdata[31] as unreachable by uvi.
reg_wdata[30]  (KP<--)(REP)  UVI: U
  label pin reg_wdata[30] as unreachable by uvi.
reg_wdata[29]  (KP<--)(REP)  UVI: U
  label pin reg_wdata[29] as unreachable by uvi.
reg_wdata[28]  (KP<--)(REP)  UVI: U
  label pin reg_wdata[28] as unreachable by uvi.
reg_wdata[27]  (KP<--)(REP)  UVI: U
  label pin reg_wdata[27] as unreachable by uvi.
reg_wdata[26]  (KP<--)(REP)  UVI: U
  label pin reg_wdata[26] as unreachable by uvi.
reg_wdata[25]  (KP<--)(REP)  UVI: U
  label pin reg_wdata[25] as unreachable by uvi.
reg_wdata[24]  (KP<--)(REP)  UVI: U
  label pin reg_wdata[24] as unreachable by uvi.
reg_wdata[23]  (KP<--)(REP)  UVI: U
  label pin reg_wdata[23] as unreachable by uvi.
reg_wdata[22]  (KP<--)(REP)  UVI: U
  label pin reg_wdata[22] as unreachable by uvi.
reg_wdata[21]  (KP<--)(REP)  UVI: U
  label pin reg_wdata[21] as unreachable by uvi.
reg_wdata[20]  (KP<--)(REP)  UVI: U
  label pin reg_wdata[20] as unreachable by uvi.
reg_wdata[19]  (KP<--)(REP)  UVI: U
  label pin reg_wdata[19] as unreachable by uvi.
reg_wdata[18]  (KP<--)(REP)  UVI: U
  label pin reg_wdata[18] as unreachable by uvi.
reg_wdata[17]  (KP<--)(REP)  UVI: U
  label pin reg_wdata[17] as unreachable by uvi.
reg_wdata[16]  (KP<--)(REP)  UVI: U
  label pin reg_wdata[16] as unreachable by uvi.
reg_wdata[15]  (KP<--)(REP)  UVI: U
  label pin reg_wdata[15] as unreachable by uvi.
reg_wdata[14]  (KP<--)(REP)  UVI: U
  label pin reg_wdata[14] as unreachable by uvi.
reg_wdata[13]  (KP<--)(REP)  UVI: U
  label pin reg_wdata[13] as unreachable by uvi.
reg_wdata[12]  (KP<--)(REP)  UVI: U
  label pin reg_wdata[12] as unreachable by uvi.
reg_wdata[11]  (KP<--)(REP)  UVI: U
  label pin reg_wdata[11] as unreachable by uvi.
reg_wdata[10]  (KP<--)(REP)  UVI: U
  label pin reg_wdata[10] as unreachable by uvi.
reg_wdata[9]  (KP<--)(REP)  UVI: U
  label pin reg_wdata[9] as unreachable by uvi.
reg_wdata[8]  (KP<--)(REP)  UVI: U
  label pin reg_wdata[8] as unreachable by uvi.
reg_wdata[7]  (KP<--)(REP)  UVI: U
  label pin reg_wdata[7] as unreachable by uvi.
reg_wdata[6]  (KP<--)(REP)  UVI: U
  label pin reg_wdata[6] as unreachable by uvi.
reg_wdata[5]  (KP<--)(REP)  UVI: U
  label pin reg_wdata[5] as unreachable by uvi.
reg_wdata[4]  (KP<--)(REP)  UVI: U
  label pin reg_wdata[4] as unreachable by uvi.
reg_wdata[3]  (KP<--)(REP)  UVI: U
  label pin reg_wdata[3] as unreachable by uvi.
reg_wdata[2]  (KP<--)(REP)  UVI: U
  label pin reg_wdata[2] as unreachable by uvi.
reg_wdata[1]  (KP<--)(REP)  UVI: U
  label pin reg_wdata[1] as unreachable by uvi.
reg_wdata[0]  (KP<--)(REP)  UVI: U
  label pin reg_wdata[0] as unreachable by uvi.
rsa_read_data[31] (REP)  UVI: U
  label pin rsa_read_data[31] as unreachable by uvi.
rsa_read_data[30] (REP)  UVI: U
  label pin rsa_read_data[30] as unreachable by uvi.
rsa_read_data[29] (REP)  UVI: U
  label pin rsa_read_data[29] as unreachable by uvi.
rsa_read_data[28] (REP)  UVI: U
  label pin rsa_read_data[28] as unreachable by uvi.
rsa_read_data[27] (REP)  UVI: U
  label pin rsa_read_data[27] as unreachable by uvi.
rsa_read_data[26] (REP)  UVI: U
  label pin rsa_read_data[26] as unreachable by uvi.
rsa_read_data[25] (REP)  UVI: U
  label pin rsa_read_data[25] as unreachable by uvi.
rsa_read_data[24] (REP)  UVI: U
  label pin rsa_read_data[24] as unreachable by uvi.
rsa_read_data[23] (REP)  UVI: U
  label pin rsa_read_data[23] as unreachable by uvi.
rsa_read_data[22] (REP)  UVI: U
  label pin rsa_read_data[22] as unreachable by uvi.
rsa_read_data[21] (REP)  UVI: U
  label pin rsa_read_data[21] as unreachable by uvi.
rsa_read_data[20] (REP)  UVI: U
  label pin rsa_read_data[20] as unreachable by uvi.
rsa_read_data[19] (REP)  UVI: U
  label pin rsa_read_data[19] as unreachable by uvi.
rsa_read_data[18] (REP)  UVI: U
  label pin rsa_read_data[18] as unreachable by uvi.
rsa_read_data[17] (REP)  UVI: U
  label pin rsa_read_data[17] as unreachable by uvi.
rsa_read_data[16] (REP)  UVI: U
  label pin rsa_read_data[16] as unreachable by uvi.
rsa_read_data[15] (REP)  UVI: U
  label pin rsa_read_data[15] as unreachable by uvi.
rsa_read_data[14] (REP)  UVI: U
  label pin rsa_read_data[14] as unreachable by uvi.
rsa_read_data[13] (REP)  UVI: U
  label pin rsa_read_data[13] as unreachable by uvi.
rsa_read_data[12] (REP)  UVI: U
  label pin rsa_read_data[12] as unreachable by uvi.
rsa_read_data[11] (REP)  UVI: U
  label pin rsa_read_data[11] as unreachable by uvi.
rsa_read_data[10] (REP)  UVI: U
  label pin rsa_read_data[10] as unreachable by uvi.
rsa_read_data[9] (REP)  UVI: U
  label pin rsa_read_data[9] as unreachable by uvi.
rsa_read_data[8] (REP)  UVI: U
  label pin rsa_read_data[8] as unreachable by uvi.
rsa_read_data[7] (REP)  UVI: U
  label pin rsa_read_data[7] as unreachable by uvi.
rsa_read_data[6] (REP)  UVI: U
  label pin rsa_read_data[6] as unreachable by uvi.
rsa_read_data[5] (REP)  UVI: U
  label pin rsa_read_data[5] as unreachable by uvi.
rsa_read_data[4] (REP)  UVI: U
  label pin rsa_read_data[4] as unreachable by uvi.
rsa_read_data[3] (REP)  UVI: U
  label pin rsa_read_data[3] as unreachable by uvi.
rsa_read_data[2] (REP)  UVI: U
  label pin rsa_read_data[2] as unreachable by uvi.
rsa_read_data[1] (REP)  UVI: U
  label pin rsa_read_data[1] as unreachable by uvi.
rsa_read_data[0] (REP)  UVI: U
  label pin rsa_read_data[0] as unreachable by uvi.
rsa_address[10] (REP)  IOEQ: -reg_addr[7] UVI: IOEQ: +reg_addr[7]
rsa_address[9] (REP)  IOEQ: -reg_addr[7] UVI: IOEQ: +reg_addr[7]
rsa_address[8] (REP)  IOEQ: -reg_addr[7] UVI: IOEQ: +reg_addr[7]
rsa_address[7]  (KP<--)(REP)  IOEQ: -reg_addr[7] UVI: IOEQ: +reg_addr[7]
// Warning:   lec cannot prove io equivalence or invert for pins rsa_address[10] and reg_addr[7]
// Warning:   lec cannot prove io equivalence or invert for pins rsa_address[9] and reg_addr[7]
// Warning:   lec cannot prove io equivalence or invert for pins rsa_address[8] and reg_addr[7]
// Warning:   lec cannot prove io equivalence or invert for pins rsa_address[7] and reg_addr[7]
// Checking constraints with verification information ...
Module: crypto_synth_top
    Instance u_crypto_synth_top
// Checking constraints with verification information ...
Module: adder32_1743
    Instance u_crypto_synth_top/u_top/u_rsa/core_inst/residue_inst/subcmp
// Checking constraints with verification information ...
Module: modexp
    Instance u_crypto_synth_top/u_top/u_rsa
// Checking constraints with verification information ...
Module: aes_encipher_block
    Instance u_crypto_synth_top/u_top/u_aes/core/enc_block
// Checking constraints with verification information ...
Module: aes
    Instance u_crypto_synth_top/u_top/u_aes
// Checking constraints with verification information ...
Module: sha256_k_constants
    Instance u_crypto_synth_top/u_top/u_sha256/core/k_constants_inst
// Checking constraints with verification information ...
Module: aes_inv_sbox
    Instance u_crypto_synth_top/u_top/u_aes/core/dec_block/inv_sbox_inst
// Checking constraints with verification information ...
Module: aes_decipher_block
    Instance u_crypto_synth_top/u_top/u_aes/core/dec_block
// Checking constraints with verification information ...
Module: apb_slave
    Instance u_crypto_synth_top/u_top/u_apb_slave
PADDR[7]  (KP<--)(REP)  UVI: U
  label pin PADDR[7] as unreachable by uvi.
PADDR[6]  (KP<--)(REP)  UVI: U
  label pin PADDR[6] as unreachable by uvi.
PADDR[5]  (KP<--)(REP)  UVI: U
  label pin PADDR[5] as unreachable by uvi.
PADDR[4]  (KP<--)(REP)  UVI: U
  label pin PADDR[4] as unreachable by uvi.
PADDR[3]  (KP<--)(REP)  UVI: U
  label pin PADDR[3] as unreachable by uvi.
PADDR[2]  (KP<--)(REP)  UVI: U
  label pin PADDR[2] as unreachable by uvi.
PADDR[1]  (KP<--)(REP)  UVI: U
  label pin PADDR[1] as unreachable by uvi.
PADDR[0]  (KP<--)(REP)  UVI: U
  label pin PADDR[0] as unreachable by uvi.
PWDATA[31]  (KP<--)(REP)  UVI: U
  label pin PWDATA[31] as unreachable by uvi.
PWDATA[30]  (KP<--)(REP)  UVI: U
  label pin PWDATA[30] as unreachable by uvi.
PWDATA[29]  (KP<--)(REP)  UVI: U
  label pin PWDATA[29] as unreachable by uvi.
PWDATA[28]  (KP<--)(REP)  UVI: U
  label pin PWDATA[28] as unreachable by uvi.
PWDATA[27]  (KP<--)(REP)  UVI: U
  label pin PWDATA[27] as unreachable by uvi.
PWDATA[26]  (KP<--)(REP)  UVI: U
  label pin PWDATA[26] as unreachable by uvi.
PWDATA[25]  (KP<--)(REP)  UVI: U
  label pin PWDATA[25] as unreachable by uvi.
PWDATA[24]  (KP<--)(REP)  UVI: U
  label pin PWDATA[24] as unreachable by uvi.
PWDATA[23]  (KP<--)(REP)  UVI: U
  label pin PWDATA[23] as unreachable by uvi.
PWDATA[22]  (KP<--)(REP)  UVI: U
  label pin PWDATA[22] as unreachable by uvi.
PWDATA[21]  (KP<--)(REP)  UVI: U
  label pin PWDATA[21] as unreachable by uvi.
PWDATA[20]  (KP<--)(REP)  UVI: U
  label pin PWDATA[20] as unreachable by uvi.
PWDATA[19]  (KP<--)(REP)  UVI: U
  label pin PWDATA[19] as unreachable by uvi.
PWDATA[18]  (KP<--)(REP)  UVI: U
  label pin PWDATA[18] as unreachable by uvi.
PWDATA[17]  (KP<--)(REP)  UVI: U
  label pin PWDATA[17] as unreachable by uvi.
PWDATA[16]  (KP<--)(REP)  UVI: U
  label pin PWDATA[16] as unreachable by uvi.
PWDATA[15]  (KP<--)(REP)  UVI: U
  label pin PWDATA[15] as unreachable by uvi.
PWDATA[14]  (KP<--)(REP)  UVI: U
  label pin PWDATA[14] as unreachable by uvi.
PWDATA[13]  (KP<--)(REP)  UVI: U
  label pin PWDATA[13] as unreachable by uvi.
PWDATA[12]  (KP<--)(REP)  UVI: U
  label pin PWDATA[12] as unreachable by uvi.
PWDATA[11]  (KP<--)(REP)  UVI: U
  label pin PWDATA[11] as unreachable by uvi.
PWDATA[10]  (KP<--)(REP)  UVI: U
  label pin PWDATA[10] as unreachable by uvi.
PWDATA[9]  (KP<--)(REP)  UVI: U
  label pin PWDATA[9] as unreachable by uvi.
PWDATA[8]  (KP<--)(REP)  UVI: U
  label pin PWDATA[8] as unreachable by uvi.
PWDATA[7]  (KP<--)(REP)  UVI: U
  label pin PWDATA[7] as unreachable by uvi.
PWDATA[6]  (KP<--)(REP)  UVI: U
  label pin PWDATA[6] as unreachable by uvi.
PWDATA[5]  (KP<--)(REP)  UVI: U
  label pin PWDATA[5] as unreachable by uvi.
PWDATA[4]  (KP<--)(REP)  UVI: U
  label pin PWDATA[4] as unreachable by uvi.
PWDATA[3]  (KP<--)(REP)  UVI: U
  label pin PWDATA[3] as unreachable by uvi.
PWDATA[2]  (KP<--)(REP)  UVI: U
  label pin PWDATA[2] as unreachable by uvi.
PWDATA[1]  (KP<--)(REP)  UVI: U
  label pin PWDATA[1] as unreachable by uvi.
PWDATA[0]  (KP<--)(REP)  UVI: U
  label pin PWDATA[0] as unreachable by uvi.
reg_rdata[31] (REP)  UVI: U
  label pin reg_rdata[31] as unreachable by uvi.
reg_rdata[30] (REP)  UVI: U
  label pin reg_rdata[30] as unreachable by uvi.
reg_rdata[29] (REP)  UVI: U
  label pin reg_rdata[29] as unreachable by uvi.
reg_rdata[28] (REP)  UVI: U
  label pin reg_rdata[28] as unreachable by uvi.
reg_rdata[27] (REP)  UVI: U
  label pin reg_rdata[27] as unreachable by uvi.
reg_rdata[26] (REP)  UVI: U
  label pin reg_rdata[26] as unreachable by uvi.
reg_rdata[25] (REP)  UVI: U
  label pin reg_rdata[25] as unreachable by uvi.
reg_rdata[24] (REP)  UVI: U
  label pin reg_rdata[24] as unreachable by uvi.
reg_rdata[23] (REP)  UVI: U
  label pin reg_rdata[23] as unreachable by uvi.
reg_rdata[22] (REP)  UVI: U
  label pin reg_rdata[22] as unreachable by uvi.
reg_rdata[21] (REP)  UVI: U
  label pin reg_rdata[21] as unreachable by uvi.
reg_rdata[20] (REP)  UVI: U
  label pin reg_rdata[20] as unreachable by uvi.
reg_rdata[19] (REP)  UVI: U
  label pin reg_rdata[19] as unreachable by uvi.
reg_rdata[18] (REP)  UVI: U
  label pin reg_rdata[18] as unreachable by uvi.
reg_rdata[17] (REP)  UVI: U
  label pin reg_rdata[17] as unreachable by uvi.
reg_rdata[16] (REP)  UVI: U
  label pin reg_rdata[16] as unreachable by uvi.
reg_rdata[15] (REP)  UVI: U
  label pin reg_rdata[15] as unreachable by uvi.
reg_rdata[14] (REP)  UVI: U
  label pin reg_rdata[14] as unreachable by uvi.
reg_rdata[13] (REP)  UVI: U
  label pin reg_rdata[13] as unreachable by uvi.
reg_rdata[12] (REP)  UVI: U
  label pin reg_rdata[12] as unreachable by uvi.
reg_rdata[11] (REP)  UVI: U
  label pin reg_rdata[11] as unreachable by uvi.
reg_rdata[10] (REP)  UVI: U
  label pin reg_rdata[10] as unreachable by uvi.
reg_rdata[9] (REP)  UVI: U
  label pin reg_rdata[9] as unreachable by uvi.
reg_rdata[8] (REP)  UVI: U
  label pin reg_rdata[8] as unreachable by uvi.
reg_rdata[7] (REP)  UVI: U
  label pin reg_rdata[7] as unreachable by uvi.
reg_rdata[6] (REP)  UVI: U
  label pin reg_rdata[6] as unreachable by uvi.
reg_rdata[5] (REP)  UVI: U
  label pin reg_rdata[5] as unreachable by uvi.
reg_rdata[4] (REP)  UVI: U
  label pin reg_rdata[4] as unreachable by uvi.
reg_rdata[3] (REP)  UVI: U
  label pin reg_rdata[3] as unreachable by uvi.
reg_rdata[2] (REP)  UVI: U
  label pin reg_rdata[2] as unreachable by uvi.
reg_rdata[1] (REP)  UVI: U
  label pin reg_rdata[1] as unreachable by uvi.
reg_rdata[0] (REP)  UVI: U
  label pin reg_rdata[0] as unreachable by uvi.
// Checking constraints with verification information ...
Module: blockmem2r1w_1745
    Instance u_crypto_synth_top/u_top/u_rsa/core_inst/p_mem
read_addr0[7] (REP)  UVI: U
  label pin read_addr0[7] as unreachable by uvi.
read_addr0[6] (REP)  UVI: U
  label pin read_addr0[6] as unreachable by uvi.
read_addr0[5] (REP)  UVI: U
  label pin read_addr0[5] as unreachable by uvi.
read_addr1[7] (REP)  UVI: U
  label pin read_addr1[7] as unreachable by uvi.
read_addr1[6] (REP)  UVI: U
  label pin read_addr1[6] as unreachable by uvi.
read_addr1[5] (REP)  UVI: U
  label pin read_addr1[5] as unreachable by uvi.
// Checking constraints with verification information ...
Module: blockmem2r1w
    Instance u_crypto_synth_top/u_top/u_rsa/core_inst/residue_mem
read_addr0[7] (REP)  UVI: U
  label pin read_addr0[7] as unreachable by uvi.
read_addr0[6] (REP)  UVI: U
  label pin read_addr0[6] as unreachable by uvi.
read_addr0[5] (REP)  UVI: U
  label pin read_addr0[5] as unreachable by uvi.
read_addr1[7] (REP)  UVI: U
  label pin read_addr1[7] as unreachable by uvi.
read_addr1[6] (REP)  UVI: U
  label pin read_addr1[6] as unreachable by uvi.
read_addr1[5] (REP)  UVI: U
  label pin read_addr1[5] as unreachable by uvi.
// Checking constraints with verification information ...
Module: sha256_core
    Instance u_crypto_synth_top/u_top/u_sha256/core
// Checking constraints with verification information ...
Module: piso32
    Instance u_crypto_synth_top/u_piso
// Checking constraints with verification information ...
Module: blockmem2r1wptr
    Instance u_crypto_synth_top/u_top/u_rsa/core_inst/exponent_mem
read_addr0[7] (REP)  UVI: U
  label pin read_addr0[7] as unreachable by uvi.
read_addr0[6] (REP)  UVI: U
  label pin read_addr0[6] as unreachable by uvi.
read_addr0[5] (REP)  UVI: U
  label pin read_addr0[5] as unreachable by uvi.
// Checking constraints with verification information ...
Module: blockmem1r1w
    Instance u_crypto_synth_top/u_top/u_rsa/core_inst/montprod_inst/s_mem
read_addr[7] (REP)  UVI: U
  label pin read_addr[7] as unreachable by uvi.
read_addr[6] (REP)  UVI: U
  label pin read_addr[6] as unreachable by uvi.
read_addr[5] (REP)  UVI: U
  label pin read_addr[5] as unreachable by uvi.
// Checking constraints with verification information ...
Module: apb_to_secworks_sha256
    Instance u_crypto_synth_top/u_top/u_sha_adapter
reg_write (REP)  UVI: U
  label pin reg_write as unreachable by uvi.
reg_addr[5]  (KP<--)(REP)  UVI: U
  label pin reg_addr[5] as unreachable by uvi.
reg_addr[4]  (KP<--)(REP)  UVI: U
  label pin reg_addr[4] as unreachable by uvi.
reg_addr[3]  (KP<--)(REP)  UVI: U
  label pin reg_addr[3] as unreachable by uvi.
reg_addr[2]  (KP<--)(REP)  UVI: U
  label pin reg_addr[2] as unreachable by uvi.
reg_addr[1]  (KP<--)(REP)  UVI: U
  label pin reg_addr[1] as unreachable by uvi.
reg_addr[0]  (KP<--)(REP)  UVI: U
  label pin reg_addr[0] as unreachable by uvi.
reg_wdata[31]  (KP<--)(REP)  UVI: U
  label pin reg_wdata[31] as unreachable by uvi.
reg_wdata[30]  (KP<--)(REP)  UVI: U
  label pin reg_wdata[30] as unreachable by uvi.
reg_wdata[29]  (KP<--)(REP)  UVI: U
  label pin reg_wdata[29] as unreachable by uvi.
reg_wdata[28]  (KP<--)(REP)  UVI: U
  label pin reg_wdata[28] as unreachable by uvi.
reg_wdata[27]  (KP<--)(REP)  UVI: U
  label pin reg_wdata[27] as unreachable by uvi.
reg_wdata[26]  (KP<--)(REP)  UVI: U
  label pin reg_wdata[26] as unreachable by uvi.
reg_wdata[25]  (KP<--)(REP)  UVI: U
  label pin reg_wdata[25] as unreachable by uvi.
reg_wdata[24]  (KP<--)(REP)  UVI: U
  label pin reg_wdata[24] as unreachable by uvi.
reg_wdata[23]  (KP<--)(REP)  UVI: U
  label pin reg_wdata[23] as unreachable by uvi.
reg_wdata[22]  (KP<--)(REP)  UVI: U
  label pin reg_wdata[22] as unreachable by uvi.
reg_wdata[21]  (KP<--)(REP)  UVI: U
  label pin reg_wdata[21] as unreachable by uvi.
reg_wdata[20]  (KP<--)(REP)  UVI: U
  label pin reg_wdata[20] as unreachable by uvi.
reg_wdata[19]  (KP<--)(REP)  UVI: U
  label pin reg_wdata[19] as unreachable by uvi.
reg_wdata[18]  (KP<--)(REP)  UVI: U
  label pin reg_wdata[18] as unreachable by uvi.
reg_wdata[17]  (KP<--)(REP)  UVI: U
  label pin reg_wdata[17] as unreachable by uvi.
reg_wdata[16]  (KP<--)(REP)  UVI: U
  label pin reg_wdata[16] as unreachable by uvi.
reg_wdata[15]  (KP<--)(REP)  UVI: U
  label pin reg_wdata[15] as unreachable by uvi.
reg_wdata[14]  (KP<--)(REP)  UVI: U
  label pin reg_wdata[14] as unreachable by uvi.
reg_wdata[13]  (KP<--)(REP)  UVI: U
  label pin reg_wdata[13] as unreachable by uvi.
reg_wdata[12]  (KP<--)(REP)  UVI: U
  label pin reg_wdata[12] as unreachable by uvi.
reg_wdata[11]  (KP<--)(REP)  UVI: U
  label pin reg_wdata[11] as unreachable by uvi.
reg_wdata[10]  (KP<--)(REP)  UVI: U
  label pin reg_wdata[10] as unreachable by uvi.
reg_wdata[9]  (KP<--)(REP)  UVI: U
  label pin reg_wdata[9] as unreachable by uvi.
reg_wdata[8]  (KP<--)(REP)  UVI: U
  label pin reg_wdata[8] as unreachable by uvi.
reg_wdata[7]  (KP<--)(REP)  UVI: U
  label pin reg_wdata[7] as unreachable by uvi.
reg_wdata[6]  (KP<--)(REP)  UVI: U
  label pin reg_wdata[6] as unreachable by uvi.
reg_wdata[5]  (KP<--)(REP)  UVI: U
  label pin reg_wdata[5] as unreachable by uvi.
reg_wdata[4]  (KP<--)(REP)  UVI: U
  label pin reg_wdata[4] as unreachable by uvi.
reg_wdata[3]  (KP<--)(REP)  UVI: U
  label pin reg_wdata[3] as unreachable by uvi.
reg_wdata[2]  (KP<--)(REP)  UVI: U
  label pin reg_wdata[2] as unreachable by uvi.
reg_wdata[1]  (KP<--)(REP)  UVI: U
  label pin reg_wdata[1] as unreachable by uvi.
reg_wdata[0]  (KP<--)(REP)  UVI: U
  label pin reg_wdata[0] as unreachable by uvi.
sha_read_data[31] (REP)  UVI: U
  label pin sha_read_data[31] as unreachable by uvi.
sha_read_data[30] (REP)  UVI: U
  label pin sha_read_data[30] as unreachable by uvi.
sha_read_data[29] (REP)  UVI: U
  label pin sha_read_data[29] as unreachable by uvi.
sha_read_data[28] (REP)  UVI: U
  label pin sha_read_data[28] as unreachable by uvi.
sha_read_data[27] (REP)  UVI: U
  label pin sha_read_data[27] as unreachable by uvi.
sha_read_data[26] (REP)  UVI: U
  label pin sha_read_data[26] as unreachable by uvi.
sha_read_data[25] (REP)  UVI: U
  label pin sha_read_data[25] as unreachable by uvi.
sha_read_data[24] (REP)  UVI: U
  label pin sha_read_data[24] as unreachable by uvi.
sha_read_data[23] (REP)  UVI: U
  label pin sha_read_data[23] as unreachable by uvi.
sha_read_data[22] (REP)  UVI: U
  label pin sha_read_data[22] as unreachable by uvi.
sha_read_data[21] (REP)  UVI: U
  label pin sha_read_data[21] as unreachable by uvi.
sha_read_data[20] (REP)  UVI: U
  label pin sha_read_data[20] as unreachable by uvi.
sha_read_data[19] (REP)  UVI: U
  label pin sha_read_data[19] as unreachable by uvi.
sha_read_data[18] (REP)  UVI: U
  label pin sha_read_data[18] as unreachable by uvi.
sha_read_data[17] (REP)  UVI: U
  label pin sha_read_data[17] as unreachable by uvi.
sha_read_data[16] (REP)  UVI: U
  label pin sha_read_data[16] as unreachable by uvi.
sha_read_data[15] (REP)  UVI: U
  label pin sha_read_data[15] as unreachable by uvi.
sha_read_data[14] (REP)  UVI: U
  label pin sha_read_data[14] as unreachable by uvi.
sha_read_data[13] (REP)  UVI: U
  label pin sha_read_data[13] as unreachable by uvi.
sha_read_data[12] (REP)  UVI: U
  label pin sha_read_data[12] as unreachable by uvi.
sha_read_data[11] (REP)  UVI: U
  label pin sha_read_data[11] as unreachable by uvi.
sha_read_data[10] (REP)  UVI: U
  label pin sha_read_data[10] as unreachable by uvi.
sha_read_data[9] (REP)  UVI: U
  label pin sha_read_data[9] as unreachable by uvi.
sha_read_data[8] (REP)  UVI: U
  label pin sha_read_data[8] as unreachable by uvi.
sha_read_data[7] (REP)  UVI: U
  label pin sha_read_data[7] as unreachable by uvi.
sha_read_data[6] (REP)  UVI: U
  label pin sha_read_data[6] as unreachable by uvi.
sha_read_data[5] (REP)  UVI: U
  label pin sha_read_data[5] as unreachable by uvi.
sha_read_data[4] (REP)  UVI: U
  label pin sha_read_data[4] as unreachable by uvi.
sha_read_data[3] (REP)  UVI: U
  label pin sha_read_data[3] as unreachable by uvi.
sha_read_data[2] (REP)  UVI: U
  label pin sha_read_data[2] as unreachable by uvi.
sha_read_data[1] (REP)  UVI: U
  label pin sha_read_data[1] as unreachable by uvi.
sha_read_data[0] (REP)  UVI: U
  label pin sha_read_data[0] as unreachable by uvi.
// Checking constraints with verification information ...
Module: crypto_accelerator_top
    Instance u_crypto_synth_top/u_top
// Checking constraints with verification information ...
Module: blockmem2r1wptr_1746
    Instance u_crypto_synth_top/u_top/u_rsa/core_inst/message_mem
read_addr0[7] (REP)  UVI: U
  label pin read_addr0[7] as unreachable by uvi.
read_addr0[6] (REP)  UVI: U
  label pin read_addr0[6] as unreachable by uvi.
read_addr0[5] (REP)  UVI: U
  label pin read_addr0[5] as unreachable by uvi.
// Checking constraints with verification information ...
Module: blockmem2r1wptr_1747
    Instance u_crypto_synth_top/u_top/u_rsa/core_inst/modulus_mem
read_addr0[7] (REP)  UVI: U
  label pin read_addr0[7] as unreachable by uvi.
read_addr0[6] (REP)  UVI: U
  label pin read_addr0[6] as unreachable by uvi.
read_addr0[5] (REP)  UVI: U
  label pin read_addr0[5] as unreachable by uvi.
// Checking constraints with verification information ...
Module: residue
    Instance u_crypto_synth_top/u_top/u_rsa/core_inst/residue_inst
opa_rd_addr[7] (REP)  UVI: U
  label pin opa_rd_addr[7] as unreachable by uvi.
opa_rd_addr[6] (REP)  UVI: U
  label pin opa_rd_addr[6] as unreachable by uvi.
opa_rd_addr[5] (REP)  UVI: U
  label pin opa_rd_addr[5] as unreachable by uvi.
// Checking constraints with verification information ...
Module: aes_sbox
    Instance u_crypto_synth_top/u_top/u_aes/core/sbox_inst
// Checking 249 constraints in verification information.
//   Extracted 245 constraints successfully.
// Resolving Constraints ...
// Writing hierarchical dofile ...
# The following Golden modules are not written because of non-matching
# instance names in Revised:
# apb_to_secworks_aes (Instance: u_crypto_synth_top/u_top/u_aes_adapter) (G)
# The following Revised modules are not written because of non-matching
# instance names in Golden:
# add_unsigned_315_17 (Instance: u_crypto_synth_top/u_top/u_sha256/core/add_316_27) (R)
# csa_tree_add_341_39_group_5 (Instance: u_crypto_synth_top/u_top/u_sha256/core/csa_tree_add_341_39_groupi) (R)
# increment_unsigned_6267_6400 (Instance: u_crypto_synth_top/u_top/u_rsa/core_inst/inc_add_478_49) (R)
# add_unsigned_315_17_2919 (Instance: u_crypto_synth_top/u_top/u_sha256/core/add_430_26) (R)
# add_unsigned_carry_7797_2778 (Instance: u_crypto_synth_top/u_top/u_rsa/core_inst/residue_inst/subcmp/addinc_add_57_43) (R)
# add_unsigned_carry_7797_2777 (Instance: u_crypto_synth_top/u_top/u_rsa/core_inst/montprod_inst/s_adder_sm/addinc_add_57_43) (R)
# add_unsigned_carry_7797 (Instance: u_crypto_synth_top/u_top/u_rsa/core_inst/montprod_inst/s_adder_sa/addinc_add_57_43) (R)
# csa_tree_add_193_29_group_2 (Instance: u_crypto_synth_top/u_top/u_sha256/core/w_mem_inst/csa_tree_add_193_29_groupi) (R)
# csa_tree_add_426_23_group_3504 (Instance: u_crypto_synth_top/u_top/u_sha256/core/csa_tree_add_426_23_groupi) (R)
# increment_unsigned_6267_6400_2900 (Instance: u_crypto_synth_top/u_top/u_rsa/core_inst/inc_add_483_56) (R)
# The following module pairs are not written because of number of primitive
# instances less than 50:
# crypto_decoder, prim-cnt = 8 (G) and crypto_decoder, prim-cnt = 8 (R)
1 module pairs are not written because of primitive instances less than 50
// Note: Use the option '-threshold' to allow writing out modules with primitive instances less than 50
33 module pairs are written for hierarchical comparison
0
CPU time     : 29.44   seconds
Elapse time  : 441     seconds
Memory usage : 475.57  M bytes
// Command: run_hier_compare hier_tmp3.lec.do -dynamic_hierarchy
// Command: run_hier_compare hier_tmp3.lec.do -dynamic_hierarchy
// Command: vpxmode
// Command: delete set_seq_merge
// Command: set_seq_merge /u_crypto_synth_top/u_top/u_rsa/core_inst/montprod_select_reg_reg[0]  /u_crypto_synth_top/u_top/u_rsa/core_inst/montprod_dest_reg_reg[0] -Golden
// Command: tclmode
// Running Module sipo32 and sipo32
// Command: set_root_module sipo32 -Golden
0
// Command: set_root_module sipo32 -Revised
0
// Command: set_module_property -instance /u_crypto_synth_top/u_sipo -Golden
0
// Command: set_module_property -instance /u_crypto_synth_top/u_sipo -Revised
0
// Command: report_black_box -NOHidden
0
// Applying constraints to module boundaries ...
// 1 Golden and 7 Revised pins constrained to constant value
// 7 Golden and 7 Revised pins marked as unreachable
// Command: set_system_mode lec
// Processing Golden ...
// Modeling Golden ...
// Processing Revised ...
// Modeling Revised ...
// Balanced modeling mapped 136 out of 139 DFF/DLATs
// Collected 1 sequential constant(s) via setup info for Golden
// (F18) Converted 1 DFF/DLAT(s) in (G) to ZERO/ONE
// Warning: Golden and Revised have different numbers of key points:
// Golden  key points = 107
// Revised key points = 104
// Mapping key points ...
================================================================================
Mapped points: SYSTEM class
--------------------------------------------------------------------------------
Mapped points     PI     PO     DFF       Total   
--------------------------------------------------------------------------------
Golden            4      32     68        104     
--------------------------------------------------------------------------------
Revised           4      32     68        104     
================================================================================
Unmapped points:
================================================================================
Golden:
--------------------------------------------------------------------------------
Unmapped points   DFF       Total   
--------------------------------------------------------------------------------
Unreachable       3         3       
================================================================================
// Running automatic setup...
================================================================================
Mapped points: SYSTEM class
--------------------------------------------------------------------------------
Mapped points     PI     PO     DFF       Total   
--------------------------------------------------------------------------------
Golden            4      32     68        104     
--------------------------------------------------------------------------------
Revised           4      32     68        104     
================================================================================
Unmapped points:
================================================================================
Golden:
--------------------------------------------------------------------------------
Unmapped points   DFF       Total   
--------------------------------------------------------------------------------
Unreachable       3         3       
================================================================================
// Automatic setup finished.
0
// Command: report_design_data
============================================
Summary           Golden         Revised
============================================
Design-modules         1               1
Library-cells          5             108
============================================
Primitives      Golden              Revised
============================================
INPUT                4                    4
OUTPUT              39                   39
--------------------------------------------
AND        *         7                  131
BUF        *         0                   32
DFF        *        71                   68
INV        *         4                  133
MUX        *        76                    0
NAND       *         0                    1
OR         *         0                   64
XOR        *         5                    4
------ word-level --------------------------
ADD        *         1                    0
WMUX       *         4                    0
--------------------------------------------
Total              163                  433

// Command: report_unmapped_points -summary
================================================================================
Golden:
--------------------------------------------------------------------------------
Unmapped points   DFF       Total   
--------------------------------------------------------------------------------
Unreachable       3         3       
================================================================================
// Command: report_unmapped_points -notmapped

0 unmapped points reported
// Command: analyze_datapath -module -verbose
// Note: Multithreaded module datapath analysis (MDP) is enabled
// Warning: No eligible datapath module in the design. Skip ...
// Command: analyze_datapath -flowgraph -verbose
0
// Command: add_compared_points -all
// 100 compared points added to compare list
0
// Command: compare -noneq_stop 1  -threads 1,4
// Compare will stop on the 1st non-equivalent point
================================================================================
Compared points      PO     DFF       Total   
--------------------------------------------------------------------------------
Equivalent           32     68        100     
================================================================================
CPU time     : 33.03   seconds
Elapse time  : 477     seconds
Memory usage : 479.20  M bytes
// Command: analyze abort -compare
There is no abort/specified point to be analyzed.
// Command: save_hier_compare_result
0
// Command: set_system_mode setup
0
// Command: add_black_box sipo32 -module -hier -Golden
0
// Command: add_black_box sipo32 -module -hier -Revised
0
// Command: usage
CPU time     : 33.09   seconds
Memory usage : 479.33  M bytes
0
Processed 1 out of 33 module pairs	EQ: 1	NEQ: 0	ABORT: 0
// Running Module piso32 and piso32
// Command: set_root_module piso32 -Golden
0
// Command: set_root_module piso32 -Revised
0
// Command: set_module_property -instance /u_crypto_synth_top/u_piso -Golden
0
// Command: set_module_property -instance /u_crypto_synth_top/u_piso -Revised
0
// Command: report_black_box -NOHidden
0
// Applying constraints to module boundaries ...
// 0 Golden and 1 Revised pins constrained to constant value
// 1 Golden and 1 Revised pins marked as unreachable
// Command: set_system_mode lec
// Processing Golden ...
// Modeling Golden ...
// Processing Revised ...
// Modeling Revised ...
// Balanced modeling mapped 76 out of 78 DFF/DLATs
// Collected 1 sequential constant(s) via setup info for Golden
// Converted 1 DFF/DLAT(s) in (G) to ZERO/ONE
// Warning: Golden and Revised have different numbers of key points:
// Golden  key points = 78
// Revised key points = 76
// Mapping key points ...
================================================================================
Mapped points: SYSTEM class
--------------------------------------------------------------------------------
Mapped points     PI     PO     DFF       Total   
--------------------------------------------------------------------------------
Golden            36     2      38        76      
--------------------------------------------------------------------------------
Revised           36     2      38        76      
================================================================================
Unmapped points:
================================================================================
Golden:
--------------------------------------------------------------------------------
Unmapped points   DFF       Total   
--------------------------------------------------------------------------------
Unreachable       2         2       
================================================================================
// Running automatic setup...
================================================================================
Mapped points: SYSTEM class
--------------------------------------------------------------------------------
Mapped points     PI     PO     DFF       Total   
--------------------------------------------------------------------------------
Golden            36     2      38        76      
--------------------------------------------------------------------------------
Revised           36     2      38        76      
================================================================================
Unmapped points:
================================================================================
Golden:
--------------------------------------------------------------------------------
Unmapped points   DFF       Total   
--------------------------------------------------------------------------------
Unreachable       2         2       
================================================================================
// Automatic setup finished.
0
// Command: report_design_data
============================================
Summary           Golden         Revised
============================================
Design-modules         1               1
Library-cells          6              90
============================================
Primitives      Golden              Revised
============================================
INPUT               36                   36
OUTPUT               3                    3
--------------------------------------------
AND        *         9                  111
DFF        *        40                   38
INV        *         7                   48
MUX        *        83                    0
NAND       *         0                    3
NOR        *         0                    1
OR         *         1                   39
WIRE       *         1                    0
XOR        *         5                    3
------ word-level --------------------------
ADD        *         1                    0
WMUX       *         5                    0
--------------------------------------------
Total              146                  243

// Command: report_unmapped_points -summary
================================================================================
Golden:
--------------------------------------------------------------------------------
Unmapped points   DFF       Total   
--------------------------------------------------------------------------------
Unreachable       2         2       
================================================================================
// Command: report_unmapped_points -notmapped

0 unmapped points reported
// Command: analyze_datapath -module -verbose
// Note: Multithreaded module datapath analysis (MDP) is enabled
// Warning: No eligible datapath module in the design. Skip ...
// Command: analyze_datapath -flowgraph -verbose
0
// Command: add_compared_points -all
// 40 compared points added to compare list
0
// Command: compare -noneq_stop 1  -threads 1,4
// Compare will stop on the 1st non-equivalent point
================================================================================
Compared points      PO     DFF       Total   
--------------------------------------------------------------------------------
Equivalent           2      38        40      
================================================================================
CPU time     : 33.83   seconds
Elapse time  : 508     seconds
Memory usage : 479.37  M bytes
// Command: analyze abort -compare
There is no abort/specified point to be analyzed.
// Command: save_hier_compare_result
0
// Command: set_system_mode setup
0
// Command: add_black_box piso32 -module -hier -Golden
0
// Command: add_black_box piso32 -module -hier -Revised
0
// Command: usage
CPU time     : 33.88   seconds
Memory usage : 479.37  M bytes
0
Processed 2 out of 33 module pairs	EQ: 2	NEQ: 0	ABORT: 0
// Running Module apb_slave and apb_slave
// Command: set_root_module apb_slave -Golden
0
// Command: set_root_module apb_slave -Revised
0
// Command: set_module_property -instance /u_crypto_synth_top/u_top/u_apb_slave -Golden
0
// Command: set_module_property -instance /u_crypto_synth_top/u_top/u_apb_slave -Revised
0
// Command: report_black_box -NOHidden
0
// Applying constraints to module boundaries ...
// 50 Golden and 196 Revised pins constrained to constant value
// 196 Golden and 196 Revised pins marked as unreachable
// 72 Golden and 0 Revised pin equivalences applied
// Command: set_system_mode lec
// Processing Golden ...
// Modeling Golden ...
// Processing Revised ...
// Modeling Revised ...
// Warning: Golden and Revised have different numbers of key points:
// Golden  key points = 79
// Revised key points = 5
// Mapping key points ...
================================================================================
Mapped points: SYSTEM class
--------------------------------------------------------------------------------
Mapped points     PI     PO        Total   
--------------------------------------------------------------------------------
Golden            3      2         5       
--------------------------------------------------------------------------------
Revised           3      2         5       
================================================================================
Unmapped points:
================================================================================
Golden:
--------------------------------------------------------------------------------
Unmapped points   PI        Total   
--------------------------------------------------------------------------------
Unreachable       74        74      
================================================================================
// Running automatic setup...
================================================================================
Mapped points: SYSTEM class
--------------------------------------------------------------------------------
Mapped points     PI     PO        Total   
--------------------------------------------------------------------------------
Golden            3      2         5       
--------------------------------------------------------------------------------
Revised           3      2         5       
================================================================================
Unmapped points:
================================================================================
Golden:
--------------------------------------------------------------------------------
Unmapped points   PI        Total   
--------------------------------------------------------------------------------
Unreachable       74        74      
================================================================================
// Automatic setup finished.
0
// Command: report_design_data
============================================
Summary           Golden         Revised
============================================
Design-modules         1               1
Library-cells          0               2
============================================
Primitives      Golden              Revised
============================================
INPUT              101                  101
OUTPUT             100                  100
--------------------------------------------
AND        *         3                    2
INV                  1                    1
WIRE       *        96                    0
--------------------------------------------
Total              100                    3

// Command: report_unmapped_points -summary
================================================================================
Golden:
--------------------------------------------------------------------------------
Unmapped points   PI        Total   
--------------------------------------------------------------------------------
Unreachable       74        74      
================================================================================
// Command: report_unmapped_points -notmapped

0 unmapped points reported
// Command: analyze_datapath -module -verbose
// Note: Multithreaded module datapath analysis (MDP) is enabled
// Warning: No eligible datapath module in the design. Skip ...
// Command: analyze_datapath -flowgraph -verbose
0
// Command: add_compared_points -all
// 2 compared points added to compare list
0
// Command: compare -noneq_stop 1  -threads 1,4
// Compare will stop on the 1st non-equivalent point
================================================================================
Compared points      PO        Total   
--------------------------------------------------------------------------------
Equivalent           2         2       
================================================================================
CPU time     : 36.05   seconds
Elapse time  : 541     seconds
Memory usage : 479.39  M bytes
// Command: analyze abort -compare
There is no abort/specified point to be analyzed.
// Command: save_hier_compare_result
0
// Command: set_system_mode setup
0
// Command: add_black_box apb_slave -module -hier -Golden
0
// Command: add_black_box apb_slave -module -hier -Revised
0
// Command: usage
CPU time     : 36.09   seconds
Memory usage : 479.39  M bytes
0
Processed 3 out of 33 module pairs	EQ: 3	NEQ: 0	ABORT: 0
// Running Module apb_to_secworks_sha256 and apb_to_secworks_sha256
// Command: set_root_module apb_to_secworks_sha256 -Golden
0
// Command: set_root_module apb_to_secworks_sha256 -Revised
0
// Command: set_module_property -instance /u_crypto_synth_top/u_top/u_sha_adapter -Golden
0
// Command: set_module_property -instance /u_crypto_synth_top/u_top/u_sha_adapter -Revised
0
// Command: report_black_box -NOHidden
0
// Applying constraints to module boundaries ...
// 24 Golden and 169 Revised pins constrained to constant value
// 169 Golden and 169 Revised pins marked as unreachable
// 72 Golden and 0 Revised pin equivalences applied
// Command: set_system_mode lec
// Processing Golden ...
// Modeling Golden ...
// Processing Revised ...
// Modeling Revised ...
// Warning: Golden and Revised have different numbers of key points:
// Golden  key points = 76
// Revised key points = 3
// Mapping key points ...
================================================================================
Mapped points: SYSTEM class
--------------------------------------------------------------------------------
Mapped points     PI     PO        Total   
--------------------------------------------------------------------------------
Golden            2      1         3       
--------------------------------------------------------------------------------
Revised           2      1         3       
================================================================================
Unmapped points:
================================================================================
Golden:
--------------------------------------------------------------------------------
Unmapped points   PI        Total   
--------------------------------------------------------------------------------
Unreachable       73        73      
================================================================================
// Running automatic setup...
================================================================================
Mapped points: SYSTEM class
--------------------------------------------------------------------------------
Mapped points     PI     PO        Total   
--------------------------------------------------------------------------------
Golden            2      1         3       
--------------------------------------------------------------------------------
Revised           2      1         3       
================================================================================
Unmapped points:
================================================================================
Golden:
--------------------------------------------------------------------------------
Unmapped points   PI        Total   
--------------------------------------------------------------------------------
Unreachable       73        73      
================================================================================
// Automatic setup finished.
0
// Command: report_design_data
============================================
Summary           Golden         Revised
============================================
Design-modules         1               1
Library-cells          1               3
============================================
Primitives      Golden              Revised
============================================
INPUT               99                   99
OUTPUT              73                   73
--------------------------------------------
AND        *         0                    2
BUF        *         6                    0
INV        *         1                    4
OR         *         0                    1
WIRE       *        65                    0
XNOR       *         1                    0
------ word-level --------------------------
SUBTRACT   *         1                    0
--------------------------------------------
Total               73                    7

// Command: report_unmapped_points -summary
================================================================================
Golden:
--------------------------------------------------------------------------------
Unmapped points   PI        Total   
--------------------------------------------------------------------------------
Unreachable       73        73      
================================================================================
// Command: report_unmapped_points -notmapped

0 unmapped points reported
// Command: analyze_datapath -module -verbose
// Note: Multithreaded module datapath analysis (MDP) is enabled
// Warning: No eligible datapath module in the design. Skip ...
// Command: analyze_datapath -flowgraph -verbose
0
// Command: add_compared_points -all
// 1 compared points added to compare list
0
// Command: compare -noneq_stop 1  -threads 1,4
// Compare will stop on the 1st non-equivalent point
================================================================================
Compared points      PO        Total   
--------------------------------------------------------------------------------
Equivalent           1         1       
================================================================================
CPU time     : 36.41   seconds
Elapse time  : 567     seconds
Memory usage : 479.39  M bytes
// Command: analyze abort -compare
There is no abort/specified point to be analyzed.
// Command: save_hier_compare_result
0
// Command: set_system_mode setup
0
// Command: add_black_box apb_to_secworks_sha256 -module -hier -Golden
0
// Command: add_black_box apb_to_secworks_sha256 -module -hier -Revised
0
// Command: usage
CPU time     : 36.46   seconds
Memory usage : 479.39  M bytes
0
Processed 4 out of 33 module pairs	EQ: 4	NEQ: 0	ABORT: 0
// Running Module apb_to_secworks_rsa and apb_to_secworks_rsa
// Command: set_root_module apb_to_secworks_rsa -Golden
0
// Command: set_root_module apb_to_secworks_rsa -Revised
0
// Command: set_module_property -instance /u_crypto_synth_top/u_top/u_rsa_adapter -Golden
0
// Command: set_module_property -instance /u_crypto_synth_top/u_top/u_rsa_adapter -Revised
0
// Command: report_black_box -NOHidden
0
// Applying constraints to module boundaries ...
// 24 Golden and 175 Revised pins constrained to constant value
// 175 Golden and 175 Revised pins marked as unreachable
// 76 Golden and 0 Revised pin equivalences applied
// Command: set_system_mode lec
// Processing Golden ...
// Modeling Golden ...
// Processing Revised ...
// Modeling Revised ...
// Warning: Golden and Revised have different numbers of key points:
// Golden  key points = 78
// Revised key points = 3
// Mapping key points ...
================================================================================
Mapped points: SYSTEM class
--------------------------------------------------------------------------------
Mapped points     PI     PO        Total   
--------------------------------------------------------------------------------
Golden            2      1         3       
--------------------------------------------------------------------------------
Revised           2      1         3       
================================================================================
Unmapped points:
================================================================================
Golden:
--------------------------------------------------------------------------------
Unmapped points   PI        Total   
--------------------------------------------------------------------------------
Unreachable       75        75      
================================================================================
// Running automatic setup...
================================================================================
Mapped points: SYSTEM class
--------------------------------------------------------------------------------
Mapped points     PI     PO        Total   
--------------------------------------------------------------------------------
Golden            2      1         3       
--------------------------------------------------------------------------------
Revised           2      1         3       
================================================================================
Unmapped points:
================================================================================
Golden:
--------------------------------------------------------------------------------
Unmapped points   PI        Total   
--------------------------------------------------------------------------------
Unreachable       75        75      
================================================================================
// Automatic setup finished.
0
// Command: report_design_data
============================================
Summary           Golden         Revised
============================================
Design-modules         1               1
Library-cells          1               1
============================================
Primitives      Golden              Revised
============================================
INPUT              101                  101
OUTPUT              77                   77
--------------------------------------------
AND                  1                    1
BUF        *         7                    0
INV        *         1                    0
OR         *         3                    0
WIRE       *        64                    0
XNOR       *         4                    0
------ word-level --------------------------
SUBTRACT   *         1                    0
--------------------------------------------
Total               80                    1

// Command: report_unmapped_points -summary
================================================================================
Golden:
--------------------------------------------------------------------------------
Unmapped points   PI        Total   
--------------------------------------------------------------------------------
Unreachable       75        75      
================================================================================
// Command: report_unmapped_points -notmapped

0 unmapped points reported
// Command: analyze_datapath -module -verbose
// Note: Multithreaded module datapath analysis (MDP) is enabled
// Warning: No eligible datapath module in the design. Skip ...
// Command: analyze_datapath -flowgraph -verbose
0
// Command: add_compared_points -all
// 1 compared points added to compare list
0
// Command: compare -noneq_stop 1  -threads 1,4
// Compare will stop on the 1st non-equivalent point
================================================================================
Compared points      PO        Total   
--------------------------------------------------------------------------------
Equivalent           1         1       
================================================================================
CPU time     : 36.77   seconds
Elapse time  : 595     seconds
Memory usage : 479.39  M bytes
// Command: analyze abort -compare
There is no abort/specified point to be analyzed.
// Command: save_hier_compare_result
0
// Command: set_system_mode setup
0
// Command: add_black_box apb_to_secworks_rsa -module -hier -Golden
0
// Command: add_black_box apb_to_secworks_rsa -module -hier -Revised
0
// Command: usage
CPU time     : 36.81   seconds
Memory usage : 479.39  M bytes
0
Processed 5 out of 33 module pairs	EQ: 5	NEQ: 0	ABORT: 0
// Running Module aes_encipher_block and aes_encipher_block
// Command: set_root_module aes_encipher_block -Golden
0
// Command: set_root_module aes_encipher_block -Revised
0
// Command: set_module_property -instance /u_crypto_synth_top/u_top/u_aes/core/enc_block -Golden
0
// Command: set_module_property -instance /u_crypto_synth_top/u_top/u_aes/core/enc_block -Revised
0
// Command: report_black_box -NOHidden
0
// Command: set_system_mode lec
// Processing Golden ...
// Modeling Golden ...
// Processing Revised ...
// Modeling Revised ...
// Balanced modeling mapped 274 out of 274 DFF/DLATs
CPU time     : 37.05   seconds
Elapse time  : 607     seconds
Memory usage : 479.39  M bytes
// Mapping key points ...
================================================================================
Mapped points: SYSTEM class
--------------------------------------------------------------------------------
Mapped points     PI     PO     DFF       Total   
--------------------------------------------------------------------------------
Golden            292    165    137       594     
--------------------------------------------------------------------------------
Revised           292    165    137       594     
================================================================================
// Running automatic setup...
================================================================================
Mapped points: SYSTEM class
--------------------------------------------------------------------------------
Mapped points     PI     PO     DFF       Total   
--------------------------------------------------------------------------------
Golden            292    165    137       594     
--------------------------------------------------------------------------------
Revised           292    165    137       594     
================================================================================
// Automatic setup finished.
0
CPU time     : 37.26   seconds
Elapse time  : 612     seconds
Memory usage : 479.39  M bytes
// Command: report_design_data
============================================
Summary           Golden         Revised
============================================
Design-modules         1               1
Library-cells        135            1602
============================================
Primitives      Golden              Revised
============================================
INPUT              292                  292
OUTPUT             165                  165
--------------------------------------------
AND        *       897                 1780
BUF        *       151                    1
DFF                137                  137
INV        *        15                 1278
MUX        *       145                    0
NAND       *         0                  367
NOR        *         7                  684
OR         *       232                  933
WIRE       *       166                    0
XNOR       *         1                    0
XOR        *       948                    0
------ word-level --------------------------
ADD        *         2                    0
LT         *         1                    0
WAND       *        16                    0
WMUX       *        14                    0
WSEL       *        19                    0
WXOR       *        83                    0
--------------------------------------------
Total             2699                 5180

// Command: report_unmapped_points -summary
There is no unmapped point
// Command: report_unmapped_points -notmapped
There is no unmapped point
// Command: analyze_datapath -module -verbose
// Note: Multithreaded module datapath analysis (MDP) is enabled
// Warning: No eligible datapath module in the design. Skip ...
// Command: analyze_datapath -flowgraph -verbose
0
// Command: add_compared_points -all
// 302 compared points added to compare list
0
// Command: compare -noneq_stop 1  -threads 1,4
// Compare will stop on the 1st non-equivalent point
================================================================================
Compared points      PO     DFF       Total   
--------------------------------------------------------------------------------
Equivalent           165    137       302     
================================================================================
CPU time     : 41.62   seconds
Elapse time  : 629     seconds
Memory usage : 479.41  M bytes
// Command: analyze abort -compare
There is no abort/specified point to be analyzed.
// Command: save_hier_compare_result
0
// Command: set_system_mode setup
0
// Command: add_black_box aes_encipher_block -module -hier -Golden
0
// Command: add_black_box aes_encipher_block -module -hier -Revised
0
// Command: usage
CPU time     : 41.71   seconds
Memory usage : 479.41  M bytes
0
Processed 6 out of 33 module pairs	EQ: 6	NEQ: 0	ABORT: 0
// Running Module aes_inv_sbox and aes_inv_sbox
// Command: set_root_module aes_inv_sbox -Golden
0
// Command: set_root_module aes_inv_sbox -Revised
0
// Command: set_module_property -instance /u_crypto_synth_top/u_top/u_aes/core/dec_block/inv_sbox_inst -Golden
0
// Command: set_module_property -instance /u_crypto_synth_top/u_top/u_aes/core/dec_block/inv_sbox_inst -Revised
0
// Command: report_black_box -NOHidden
0
// Command: set_system_mode lec
// Processing Golden ...
// Modeling Golden ...
// Processing Revised ...
// Modeling Revised ...
CPU time     : 41.96   seconds
Elapse time  : 641     seconds
Memory usage : 479.41  M bytes
// Mapping key points ...
================================================================================
Mapped points: SYSTEM class
--------------------------------------------------------------------------------
Mapped points     PI     PO        Total   
--------------------------------------------------------------------------------
Golden            32     32        64      
--------------------------------------------------------------------------------
Revised           32     32        64      
================================================================================
// Running automatic setup...
================================================================================
Mapped points: SYSTEM class
--------------------------------------------------------------------------------
Mapped points     PI     PO        Total   
--------------------------------------------------------------------------------
Golden            32     32        64      
--------------------------------------------------------------------------------
Revised           32     32        64      
================================================================================
// Automatic setup finished.
0
CPU time     : 42.14   seconds
Elapse time  : 643     seconds
Memory usage : 479.41  M bytes
// Command: report_design_data
============================================
Summary           Golden         Revised
============================================
Design-modules         1               1
Library-cells       1020            1750
============================================
Primitives      Golden              Revised
============================================
INPUT               32                   32
OUTPUT              32                   32
--------------------------------------------
AND        *         0                  589
INV        *         0                  398
MUX        *      8160                    0
NAND       *         0                  641
NOR        *         0                  651
OR         *         0                  561
------ word-level --------------------------
WMUX       *      1020                    0
--------------------------------------------
Total             8160                 2840

// Command: report_unmapped_points -summary
There is no unmapped point
// Command: report_unmapped_points -notmapped
There is no unmapped point
// Command: analyze_datapath -module -verbose
// Note: Multithreaded module datapath analysis (MDP) is enabled
// Warning: No eligible datapath module in the design. Skip ...
// Command: analyze_datapath -flowgraph -verbose
0
CPU time     : 42.25   seconds
Elapse time  : 648     seconds
Memory usage : 479.41  M bytes
// Command: add_compared_points -all
// 32 compared points added to compare list
0
// Command: compare -noneq_stop 1  -threads 1,4
// Compare will stop on the 1st non-equivalent point
================================================================================
Compared points      PO        Total   
--------------------------------------------------------------------------------
Equivalent           32        32      
================================================================================
CPU time     : 43.13   seconds
Elapse time  : 655     seconds
Memory usage : 479.41  M bytes
// Command: analyze abort -compare
There is no abort/specified point to be analyzed.
// Command: save_hier_compare_result
0
// Command: set_system_mode setup
0
// Command: add_black_box aes_inv_sbox -module -hier -Golden
0
// Command: add_black_box aes_inv_sbox -module -hier -Revised
0
// Command: usage
CPU time     : 43.17   seconds
Memory usage : 479.41  M bytes
0
Processed 7 out of 33 module pairs	EQ: 7	NEQ: 0	ABORT: 0
// Running Module aes_decipher_block and aes_decipher_block
// Command: set_root_module aes_decipher_block -Golden
// Warning: Total black box modules referenced in Golden = 1
0
// Command: set_root_module aes_decipher_block -Revised
// Warning: Total black box modules referenced in Revised = 1
0
// Command: set_module_property -instance /u_crypto_synth_top/u_top/u_aes/core/dec_block -Golden
0
// Command: set_module_property -instance /u_crypto_synth_top/u_top/u_aes/core/dec_block -Revised
0
// Command: report_black_box -NOHidden
HIER: (G R) aes_inv_sbox
0
// Command: set_system_mode lec
// Processing Golden ...
// Modeling Golden ...
// Processing Revised ...
// Modeling Revised ...
// Balanced modeling mapped 274 out of 274 DFF/DLATs
CPU time     : 43.54   seconds
Elapse time  : 669     seconds
Memory usage : 479.78  M bytes
// Mapping key points ...
================================================================================
Mapped points: SYSTEM class
--------------------------------------------------------------------------------
Mapped points     PI     PO     DFF    BBOX      Total   
--------------------------------------------------------------------------------
Golden            260    133    137    1         531     
--------------------------------------------------------------------------------
Revised           260    133    137    1         531     
================================================================================
// Running automatic setup...
================================================================================
Mapped points: SYSTEM class
--------------------------------------------------------------------------------
Mapped points     PI     PO     DFF    BBOX      Total   
--------------------------------------------------------------------------------
Golden            260    133    137    1         531     
--------------------------------------------------------------------------------
Revised           260    133    137    1         531     
================================================================================
// Automatic setup finished.
0
CPU time     : 43.77   seconds
Elapse time  : 672     seconds
Memory usage : 479.82  M bytes
// Command: report_design_data
============================================
Summary           Golden         Revised
============================================
Design-modules         2               2
Library-cells        280            2123
============================================
Primitives      Golden              Revised
============================================
INPUT              260                  260
OUTPUT             133                  133
--------------------------------------------
AND        *       894                 1813
BUF        *       439                    0
DFF                137                  137
INV        *        11                 1972
MUX        *       149                    0
NAND       *         0                  574
NOR        *         7                  901
OR         *       233                  784
WIRE       *       133                    0
XNOR       *         3                    2
XOR        *      1553                    9
------ word-level --------------------------
ADD        *         1                    0
GT         *         1                    0
SUBTRACT   *         1                    0
WAND       *        48                    0
WMUX       *        15                    0
WSEL       *        20                    0
WXOR       *       194                    0
BBOX                 1                    1
--------------------------------------------
Total             3560                 6193

// Command: report_unmapped_points -summary
There is no unmapped point
// Command: report_unmapped_points -notmapped
There is no unmapped point
// Command: analyze_datapath -module -verbose
// Note: Multithreaded module datapath analysis (MDP) is enabled
// Warning: No eligible datapath module in the design. Skip ...
// Command: analyze_datapath -flowgraph -verbose
0
CPU time     : 43.87   seconds
Elapse time  : 677     seconds
Memory usage : 479.82  M bytes
// Command: add_compared_points -all
// 271 compared points added to compare list
0
// Command: compare -noneq_stop 1  -threads 1,4
// Compare will stop on the 1st non-equivalent point
================================================================================
Compared points      PO     DFF    BBOX      Total   
--------------------------------------------------------------------------------
Equivalent           133    137    1         271     
================================================================================
CPU time     : 47.40   seconds
Elapse time  : 688     seconds
Memory usage : 479.82  M bytes
// Command: analyze abort -compare
There is no abort/specified point to be analyzed.
// Command: save_hier_compare_result
0
// Command: set_system_mode setup
0
// Command: add_black_box aes_decipher_block -module -hier -Golden
0
// Command: add_black_box aes_decipher_block -module -hier -Revised
0
// Command: usage
CPU time     : 47.52   seconds
Memory usage : 479.82  M bytes
0
Processed 8 out of 33 module pairs	EQ: 8	NEQ: 0	ABORT: 0
// Running Module aes_key_mem and aes_key_mem
// Command: set_root_module aes_key_mem -Golden
0
// Command: set_root_module aes_key_mem -Revised
0
// Command: set_module_property -instance /u_crypto_synth_top/u_top/u_aes/core/keymem -Golden
0
// Command: set_module_property -instance /u_crypto_synth_top/u_top/u_aes/core/keymem -Revised
0
// Command: report_black_box -NOHidden
0
// Command: set_system_mode lec
// Processing Golden ...
// Modeling Golden ...
// Warning: (F34) Converted 128 X assignment(s) as don't care(s)
// Processing Revised ...
// Modeling Revised ...
// Balanced modeling mapped 4382 out of 4383 DFF/DLATs
// Collected 1 sequential constant(s) via setup info for Golden
// (F18) Converted 1 DFF/DLAT(s) in (G) to ZERO/ONE
CPU time     : 48.93   seconds
Elapse time  : 700     seconds
Memory usage : 479.82  M bytes
// Warning: Golden and Revised have different numbers of key points:
// Golden  key points = 2649
// Revised key points = 2648
// Mapping key points ...
================================================================================
Mapped points: SYSTEM class
--------------------------------------------------------------------------------
Mapped points     PI     PO     DFF       Total   
--------------------------------------------------------------------------------
Golden            296    161    2191      2648    
--------------------------------------------------------------------------------
Revised           296    161    2191      2648    
================================================================================
Unmapped points:
================================================================================
Golden:
--------------------------------------------------------------------------------
Unmapped points   DFF       Total   
--------------------------------------------------------------------------------
Unreachable       1         1       
================================================================================
CPU time     : 49.62   seconds
Elapse time  : 702     seconds
Memory usage : 479.82  M bytes
// Running automatic setup...
================================================================================
Mapped points: SYSTEM class
--------------------------------------------------------------------------------
Mapped points     PI     PO     DFF       Total   
--------------------------------------------------------------------------------
Golden            296    161    2191      2648    
--------------------------------------------------------------------------------
Revised           296    161    2191      2648    
================================================================================
Unmapped points:
================================================================================
Golden:
--------------------------------------------------------------------------------
Unmapped points   DFF       Total   
--------------------------------------------------------------------------------
Unreachable       1         1       
================================================================================
// Automatic setup finished.
0
CPU time     : 50.35   seconds
Elapse time  : 709     seconds
Memory usage : 479.83  M bytes
// Command: report_design_data
============================================
Summary           Golden         Revised
============================================
Design-modules         1               1
Library-cells         94            5666
============================================
Primitives      Golden              Revised
============================================
INPUT              296                  296
OUTPUT             161                  161
--------------------------------------------
AND        *      1969                 7678
BUF        *        42                    1
DFF        *      2192                 2191
INV        *        22                 5313
MUX        *      5794                    0
NAND       *         0                 1058
NOR        *        21                 1691
OR         *       152                 3318
WIRE       *       195                    0
XOR        *       783                    0
------ word-level --------------------------
ADD        *         1                    0
EQ         *         1                    0
GT         *         1                    0
WAND       *         1                    0
WMUX       *        57                    0
WSEL       *         7                    0
WXOR       *        26                    0
------ don't care --------------------------
X-assignments      128                    0
--------------------------------------------
Total            11298                21250

// Command: report_unmapped_points -summary
================================================================================
Golden:
--------------------------------------------------------------------------------
Unmapped points   DFF       Total   
--------------------------------------------------------------------------------
Unreachable       1         1       
================================================================================
// Command: report_unmapped_points -notmapped

0 unmapped points reported
// Command: analyze_datapath -module -verbose
// Note: Multithreaded module datapath analysis (MDP) is enabled
// Warning: No eligible datapath module in the design. Skip ...
// Command: analyze_datapath -flowgraph -verbose
0
CPU time     : 50.71   seconds
Elapse time  : 717     seconds
Memory usage : 479.84  M bytes
// Command: add_compared_points -all
// 2352 compared points added to compare list
0
// Command: compare -noneq_stop 1  -threads 1,4
// Compare will stop on the 1st non-equivalent point
================================================================================
Compared points      PO     DFF       Total   
--------------------------------------------------------------------------------
Equivalent           161    2191      2352    
================================================================================
CPU time     : 56.93   seconds
Elapse time  : 732     seconds
Memory usage : 479.84  M bytes
// Command: analyze abort -compare
There is no abort/specified point to be analyzed.
// Command: save_hier_compare_result
0
CPU time     : 57.15   seconds
Elapse time  : 733     seconds
Memory usage : 479.84  M bytes
// Command: set_system_mode setup
0
// Command: add_black_box aes_key_mem -module -hier -Golden
0
// Command: add_black_box aes_key_mem -module -hier -Revised
0
// Command: usage
CPU time     : 57.18   seconds
Memory usage : 479.84  M bytes
0
Processed 9 out of 33 module pairs	EQ: 9	NEQ: 0	ABORT: 0
// Running Module aes_sbox and aes_sbox
// Command: set_root_module aes_sbox -Golden
0
// Command: set_root_module aes_sbox -Revised
0
// Command: set_module_property -instance /u_crypto_synth_top/u_top/u_aes/core/sbox_inst -Golden
0
// Command: set_module_property -instance /u_crypto_synth_top/u_top/u_aes/core/sbox_inst -Revised
0
// Command: report_black_box -NOHidden
0
// Command: set_system_mode lec
// Processing Golden ...
// Modeling Golden ...
// Processing Revised ...
// Modeling Revised ...
CPU time     : 57.42   seconds
Elapse time  : 743     seconds
Memory usage : 479.84  M bytes
// Mapping key points ...
================================================================================
Mapped points: SYSTEM class
--------------------------------------------------------------------------------
Mapped points     PI     PO        Total   
--------------------------------------------------------------------------------
Golden            32     32        64      
--------------------------------------------------------------------------------
Revised           32     32        64      
================================================================================
// Running automatic setup...
================================================================================
Mapped points: SYSTEM class
--------------------------------------------------------------------------------
Mapped points     PI     PO        Total   
--------------------------------------------------------------------------------
Golden            32     32        64      
--------------------------------------------------------------------------------
Revised           32     32        64      
================================================================================
// Automatic setup finished.
0
CPU time     : 57.60   seconds
Elapse time  : 746     seconds
Memory usage : 479.84  M bytes
// Command: report_design_data
============================================
Summary           Golden         Revised
============================================
Design-modules         1               1
Library-cells       1020            1771
============================================
Primitives      Golden              Revised
============================================
INPUT               32                   32
OUTPUT              32                   32
--------------------------------------------
AND        *         0                  644
INV        *         0                  365
MUX        *      8160                    0
NAND       *         0                  653
NOR        *         0                  656
OR         *         0                  525
------ word-level --------------------------
WMUX       *      1020                    0
--------------------------------------------
Total             8160                 2843

// Command: report_unmapped_points -summary
There is no unmapped point
// Command: report_unmapped_points -notmapped
There is no unmapped point
// Command: analyze_datapath -module -verbose
// Note: Multithreaded module datapath analysis (MDP) is enabled
// Warning: No eligible datapath module in the design. Skip ...
// Command: analyze_datapath -flowgraph -verbose
0
CPU time     : 57.71   seconds
Elapse time  : 750     seconds
Memory usage : 479.84  M bytes
// Command: add_compared_points -all
// 32 compared points added to compare list
0
// Command: compare -noneq_stop 1  -threads 1,4
// Compare will stop on the 1st non-equivalent point
================================================================================
Compared points      PO        Total   
--------------------------------------------------------------------------------
Equivalent           32        32      
================================================================================
CPU time     : 60.23   seconds
Elapse time  : 758     seconds
Memory usage : 479.84  M bytes
// Command: analyze abort -compare
There is no abort/specified point to be analyzed.
// Command: save_hier_compare_result
0
// Command: set_system_mode setup
0
// Command: add_black_box aes_sbox -module -hier -Golden
0
// Command: add_black_box aes_sbox -module -hier -Revised
0
// Command: usage
CPU time     : 60.28   seconds
Memory usage : 479.84  M bytes
0
Processed 10 out of 33 module pairs	EQ: 10	NEQ: 0	ABORT: 0
// Running Module aes_core and aes_core
// Command: set_root_module aes_core -Golden
// Warning: Total black box modules referenced in Golden = 5
0
// Command: set_root_module aes_core -Revised
// Warning: Total black box modules referenced in Revised = 5
0
// Command: set_module_property -instance /u_crypto_synth_top/u_top/u_aes/core -Golden
0
// Command: set_module_property -instance /u_crypto_synth_top/u_top/u_aes/core -Revised
0
// Command: report_black_box -NOHidden
HIER: (G R) aes_decipher_block
HIER: (G R) aes_encipher_block
HIER: (G R) aes_key_mem
HIER: (G R) aes_sbox
0
// Command: set_system_mode lec
// Processing Golden ...
// Modeling Golden ...
// Processing Revised ...
// Modeling Revised ...
// Balanced modeling mapped 8 out of 8 DFF/DLATs
// Mapping key points ...
================================================================================
Mapped points: SYSTEM class
--------------------------------------------------------------------------------
Mapped points     PI     PO     DFF    BBOX      Total   
--------------------------------------------------------------------------------
Golden            390    130    4      4         528     
--------------------------------------------------------------------------------
Revised           390    130    4      4         528     
================================================================================
// Running automatic setup...
================================================================================
Mapped points: SYSTEM class
--------------------------------------------------------------------------------
Mapped points     PI     PO     DFF    BBOX      Total   
--------------------------------------------------------------------------------
Golden            390    130    4      4         528     
--------------------------------------------------------------------------------
Revised           390    130    4      4         528     
================================================================================
// Automatic setup finished.
0
// Command: report_design_data
============================================
Summary           Golden         Revised
============================================
Design-modules         5               5
Library-cells         12             194
============================================
Primitives      Golden              Revised
============================================
INPUT              390                  390
OUTPUT             130                  130
--------------------------------------------
AND        *        22                  334
BUF        *         2                    1
DFF                  4                    4
INV        *         4                  176
MUX        *       171                    0
NAND       *         0                    7
NOR        *         3                    2
OR         *        14                  172
WIRE       *       131                    0
------ word-level --------------------------
WMUX       *         6                    0
WSEL       *         6                    0
BBOX                 4                    4
--------------------------------------------
Total              355                  700

// Command: report_unmapped_points -summary
There is no unmapped point
// Command: report_unmapped_points -notmapped
There is no unmapped point
// Command: analyze_datapath -module -verbose
// Note: Multithreaded module datapath analysis (MDP) is enabled
// Warning: No eligible datapath module in the design. Skip ...
// Command: analyze_datapath -flowgraph -verbose
0
// Command: add_compared_points -all
// 138 compared points added to compare list
0
// Command: compare -noneq_stop 1  -threads 1,4
// Compare will stop on the 1st non-equivalent point
================================================================================
Compared points      PO     DFF    BBOX      Total   
--------------------------------------------------------------------------------
Equivalent           130    4      4         138     
================================================================================
CPU time     : 61.33   seconds
Elapse time  : 790     seconds
Memory usage : 479.84  M bytes
// Command: analyze abort -compare
There is no abort/specified point to be analyzed.
// Command: save_hier_compare_result
0
// Command: set_system_mode setup
0
// Command: add_black_box aes_core -module -hier -Golden
0
// Command: add_black_box aes_core -module -hier -Revised
0
// Command: usage
CPU time     : 61.40   seconds
Memory usage : 479.84  M bytes
0
Processed 11 out of 33 module pairs	EQ: 11	NEQ: 0	ABORT: 0
// Running Module aes and aes
// Command: set_root_module aes -Golden
// Warning: Total black box modules referenced in Golden = 6
0
// Command: set_root_module aes -Revised
// Warning: Total black box modules referenced in Revised = 6
0
// Command: set_module_property -instance /u_crypto_synth_top/u_top/u_aes -Golden
0
// Command: set_module_property -instance /u_crypto_synth_top/u_top/u_aes -Revised
0
// Command: report_black_box -NOHidden
HIER: (G R) aes_core
0
// Command: set_system_mode lec
// Processing Golden ...
// Modeling Golden ...
// Warning: (F34) Converted 32 X assignment(s) as don't care(s)
// Processing Revised ...
// Modeling Revised ...
// Balanced modeling mapped 1036 out of 1036 DFF/DLATs
CPU time     : 61.84   seconds
Elapse time  : 804     seconds
Memory usage : 479.84  M bytes
// Mapping key points ...
================================================================================
Mapped points: SYSTEM class
--------------------------------------------------------------------------------
Mapped points     PI     PO     DFF    BBOX      Total   
--------------------------------------------------------------------------------
Golden            44     32     518    1         595     
--------------------------------------------------------------------------------
Revised           44     32     518    1         595     
================================================================================
CPU time     : 61.99   seconds
Elapse time  : 806     seconds
Memory usage : 479.84  M bytes
// Running automatic setup...
================================================================================
Mapped points: SYSTEM class
--------------------------------------------------------------------------------
Mapped points     PI     PO     DFF    BBOX      Total   
--------------------------------------------------------------------------------
Golden            44     32     518    1         595     
--------------------------------------------------------------------------------
Revised           44     32     518    1         595     
================================================================================
// Automatic setup finished.
0
CPU time     : 62.13   seconds
Elapse time  : 809     seconds
Memory usage : 479.84  M bytes
// Command: report_design_data
============================================
Summary           Golden         Revised
============================================
Design-modules         2               2
Library-cells         38             664
============================================
Primitives      Golden              Revised
============================================
INPUT               44                   44
OUTPUT              32                   32
--------------------------------------------
AND        *       371                  887
BUF        *         5                    2
DFF                518                  518
INV        *        42                  927
MUX        *       866                    0
NAND       *         0                   40
NOR        *        20                   61
OR         *        72                  435
WIRE       *       420                    0
XNOR       *         2                    0
XOR        *        30                    0
------ word-level --------------------------
GE         *         3                    0
GT         *         1                    0
LE         *         3                    0
SUBTRACT   *         2                    0
WMUX       *        27                    0
WSEL       *         2                    0
BBOX                 1                    1
------ don't care --------------------------
X-assignments       32                    0
--------------------------------------------
Total             2379                 2871

// Command: report_unmapped_points -summary
There is no unmapped point
// Command: report_unmapped_points -notmapped
There is no unmapped point
// Command: analyze_datapath -module -verbose
// Note: Multithreaded module datapath analysis (MDP) is enabled
// Warning: No eligible datapath module in the design. Skip ...
// Command: analyze_datapath -flowgraph -verbose
// Note: Remodeled 32 index-out-of-range logic (Total: 32)
0
CPU time     : 62.28   seconds
Elapse time  : 815     seconds
Memory usage : 480.00  M bytes
// Command: add_compared_points -all
// 551 compared points added to compare list
0
// Command: compare -noneq_stop 1  -threads 1,4
// Compare will stop on the 1st non-equivalent point
================================================================================
Compared points      PO     DFF    BBOX      Total   
--------------------------------------------------------------------------------
Equivalent           32     518    1         551     
================================================================================
CPU time     : 62.85   seconds
Elapse time  : 822     seconds
Memory usage : 480.00  M bytes
// Command: analyze abort -compare
There is no abort/specified point to be analyzed.
// Command: save_hier_compare_result
0
// Command: set_system_mode setup
0
// Command: add_black_box aes -module -hier -Golden
0
// Command: add_black_box aes -module -hier -Revised
0
// Command: usage
CPU time     : 62.94   seconds
Memory usage : 480.00  M bytes
0
Processed 12 out of 33 module pairs	EQ: 12	NEQ: 0	ABORT: 0
// Running Module sha256_k_constants and sha256_k_constants
// Command: set_root_module sha256_k_constants -Golden
0
// Command: set_root_module sha256_k_constants -Revised
0
// Command: set_module_property -instance /u_crypto_synth_top/u_top/u_sha256/core/k_constants_inst -Golden
0
// Command: set_module_property -instance /u_crypto_synth_top/u_top/u_sha256/core/k_constants_inst -Revised
0
// Command: report_black_box -NOHidden
0
// Command: set_system_mode lec
// Processing Golden ...
// Modeling Golden ...
// Processing Revised ...
// Modeling Revised ...
// Mapping key points ...
================================================================================
Mapped points: SYSTEM class
--------------------------------------------------------------------------------
Mapped points     PI     PO        Total   
--------------------------------------------------------------------------------
Golden            6      32        38      
--------------------------------------------------------------------------------
Revised           6      32        38      
================================================================================
// Running automatic setup...
================================================================================
Mapped points: SYSTEM class
--------------------------------------------------------------------------------
Mapped points     PI     PO        Total   
--------------------------------------------------------------------------------
Golden            6      32        38      
--------------------------------------------------------------------------------
Revised           6      32        38      
================================================================================
// Automatic setup finished.
0
// Command: report_design_data
============================================
Summary           Golden         Revised
============================================
Design-modules         1               1
Library-cells          1             385
============================================
Primitives      Golden              Revised
============================================
INPUT                6                    6
OUTPUT              32                   32
--------------------------------------------
AND        *      2080                  137
INV        *         5                   82
NAND       *         0                  142
NOR        *        32                  151
OR         *        32                  101
WIRE       *        32                    0
------ word-level --------------------------
WSEL       *         1                    0
--------------------------------------------
Total             2181                  613

// Command: report_unmapped_points -summary
There is no unmapped point
// Command: report_unmapped_points -notmapped
There is no unmapped point
// Command: analyze_datapath -module -verbose
// Note: Multithreaded module datapath analysis (MDP) is enabled
// Warning: No eligible datapath module in the design. Skip ...
// Command: analyze_datapath -flowgraph -verbose
0
// Command: add_compared_points -all
// 32 compared points added to compare list
0
// Command: compare -noneq_stop 1  -threads 1,4
// Compare will stop on the 1st non-equivalent point
================================================================================
Compared points      PO        Total   
--------------------------------------------------------------------------------
Equivalent           32        32      
================================================================================
CPU time     : 63.72   seconds
Elapse time  : 847     seconds
Memory usage : 480.00  M bytes
// Command: analyze abort -compare
There is no abort/specified point to be analyzed.
// Command: save_hier_compare_result
0
// Command: set_system_mode setup
0
// Command: add_black_box sha256_k_constants -module -hier -Golden
0
// Command: add_black_box sha256_k_constants -module -hier -Revised
0
// Command: usage
CPU time     : 63.76   seconds
Memory usage : 480.00  M bytes
0
Processed 13 out of 33 module pairs	EQ: 13	NEQ: 0	ABORT: 0
// Running Module sha256_w_mem and sha256_w_mem
// Command: set_root_module sha256_w_mem -Golden
0
// Command: set_root_module sha256_w_mem -Revised
0
// Command: set_module_property -instance /u_crypto_synth_top/u_top/u_sha256/core/w_mem_inst -Golden
0
// Command: set_module_property -instance /u_crypto_synth_top/u_top/u_sha256/core/w_mem_inst -Revised
0
// Command: report_black_box -NOHidden
0
// Command: set_system_mode lec
// Processing Golden ...
// Modeling Golden ...
// Processing Revised ...
// Modeling Revised ...
// Balanced modeling mapped 1024 out of 1024 DFF/DLATs
CPU time     : 64.16   seconds
Elapse time  : 858     seconds
Memory usage : 480.00  M bytes
// Mapping key points ...
================================================================================
Mapped points: SYSTEM class
--------------------------------------------------------------------------------
Mapped points     PI     PO     DFF       Total   
--------------------------------------------------------------------------------
Golden            522    32     512       1066    
--------------------------------------------------------------------------------
Revised           522    32     512       1066    
================================================================================
CPU time     : 64.35   seconds
Elapse time  : 860     seconds
Memory usage : 480.00  M bytes
// Running automatic setup...
================================================================================
Mapped points: SYSTEM class
--------------------------------------------------------------------------------
Mapped points     PI     PO     DFF       Total   
--------------------------------------------------------------------------------
Golden            522    32     512       1066    
--------------------------------------------------------------------------------
Revised           522    32     512       1066    
================================================================================
// Automatic setup finished.
0
CPU time     : 64.55   seconds
Elapse time  : 863     seconds
Memory usage : 480.00  M bytes
// Command: report_design_data
============================================
Summary           Golden         Revised
============================================
Design-modules         4               2
Library-cells         56            1679
============================================
Primitives      Golden              Revised
============================================
INPUT              522                  522
OUTPUT              32                   32
--------------------------------------------
AND        *       794                 2564
BUF        *        13                    0
DFF                512                  512
INV        *         4                  719
MUX        *      1569                    0
NAND       *         0                   74
NOR        *         9                  310
OR         *       123                  704
WIRE       *        32                    0
XOR        *       304                  100
------ word-level --------------------------
ADD        *         3                    0
GT         *         1                    0
LT         *         1                    0
WMUX       *        49                    0
WSEL       *         1                    0
WXOR       *         4                    0
--------------------------------------------
Total             3360                 4983

// Command: report_unmapped_points -summary
There is no unmapped point
// Command: report_unmapped_points -notmapped
There is no unmapped point
// Command: analyze_datapath -module -verbose
// Note: Multithreaded module datapath analysis (MDP) is enabled
// 1 datapath module is detected based on verification information.
// Note: csa_tree_add_193_29_groupi : quality evaluated 100% success 
// Command: analyze_datapath -flowgraph -verbose
0
CPU time     : 72.20   seconds
Elapse time  : 884     seconds
Memory usage : 480.30  M bytes
// Command: add_compared_points -all
// 544 compared points added to compare list
0
// Command: compare -noneq_stop 1  -threads 1,4
// Compare will stop on the 1st non-equivalent point
================================================================================
Compared points      PO     DFF       Total   
--------------------------------------------------------------------------------
Equivalent           32     512       544     
================================================================================
CPU time     : 73.34   seconds
Elapse time  : 896     seconds
Memory usage : 480.42  M bytes
// Command: analyze abort -compare
There is no abort/specified point to be analyzed.
// Command: save_hier_compare_result
0
// Command: set_system_mode setup
0
// Command: add_black_box sha256_w_mem -module -hier -Golden
0
// Command: add_black_box sha256_w_mem -module -hier -Revised
0
// Command: usage
CPU time     : 73.46   seconds
Memory usage : 480.42  M bytes
0
Processed 14 out of 33 module pairs	EQ: 14	NEQ: 0	ABORT: 0
// Running Module sha256_core and sha256_core
// Command: set_root_module sha256_core -Golden
// Warning: Total black box modules referenced in Golden = 2
0
// Command: set_root_module sha256_core -Revised
// Warning: Total black box modules referenced in Revised = 2
0
// Command: set_module_property -instance /u_crypto_synth_top/u_top/u_sha256/core -Golden
0
// Command: set_module_property -instance /u_crypto_synth_top/u_top/u_sha256/core -Revised
0
// Command: report_black_box -NOHidden
HIER: (G R) sha256_k_constants
HIER: (G R) sha256_w_mem
0
// Command: set_system_mode lec
// Processing Golden ...
// Modeling Golden ...
// Processing Revised ...
// Modeling Revised ...
// Balanced modeling mapped 1042 out of 1042 DFF/DLATs
CPU time     : 73.97   seconds
Elapse time  : 910     seconds
Memory usage : 480.42  M bytes
// Mapping key points ...
================================================================================
Mapped points: SYSTEM class
--------------------------------------------------------------------------------
Mapped points     PI     PO     DFF    BBOX      Total   
--------------------------------------------------------------------------------
Golden            517    258    521    2         1298    
--------------------------------------------------------------------------------
Revised           517    258    521    2         1298    
================================================================================
CPU time     : 74.18   seconds
Elapse time  : 912     seconds
Memory usage : 480.42  M bytes
// Running automatic setup...
================================================================================
Mapped points: SYSTEM class
--------------------------------------------------------------------------------
Mapped points     PI     PO     DFF    BBOX      Total   
--------------------------------------------------------------------------------
Golden            517    258    521    2         1298    
--------------------------------------------------------------------------------
Revised           517    258    521    2         1298    
================================================================================
// Automatic setup finished.
0
CPU time     : 74.47   seconds
Elapse time  : 916     seconds
Memory usage : 480.42  M bytes
// Command: report_design_data
============================================
Summary           Golden         Revised
============================================
Design-modules        18              14
Library-cells         91            2096
============================================
Primitives      Golden              Revised
============================================
INPUT              517                  517
OUTPUT             258                  258
--------------------------------------------
AND        *      1554                 3142
BUF        *       138                    1
DFF                521                  521
INV        *        44                  903
MUX        *      1687                    0
NAND       *         0                  205
NOR        *         3                  277
OR         *       468                  929
WIRE       *       264                    0
XNOR       *         0                    1
XOR        *      1174                  464
------ word-level --------------------------
ADD        *        16                    0
WAND       *         5                    0
WINV       *         1                    0
WMUX       *        69                    0
WSEL       *         8                    0
WXOR       *         7                    0
BBOX                 2                    2
--------------------------------------------
Total             5855                 6445

// Command: report_unmapped_points -summary
There is no unmapped point
// Command: report_unmapped_points -notmapped
There is no unmapped point
// Command: analyze_datapath -module -verbose
// Note: Multithreaded module datapath analysis (MDP) is enabled
// 11 datapath modules are detected based on verification information.
// Note: csa_tree_add_426_23_groupi : quality evaluated 100% success 
// Note: add_430_26 : quality evaluated 100% success 
// Note: add_313_27 : quality evaluated 100% success 
// Note: add_315_27 : quality evaluated 100% success 
// Note: add_314_27 : quality evaluated 100% success 
// Note: add_316_27 : quality evaluated 100% success 
// Note: add_318_27 : quality evaluated 100% success 
// Note: add_319_27 : quality evaluated 100% success 
// Note: add_317_27 : quality evaluated 100% success 
// Note: csa_tree_add_341_39_groupi : quality evaluated 100% success 
// Note: add_312_27 : quality evaluated 100% success 
// Command: analyze_datapath -flowgraph -verbose
0
CPU time     : 104.85  seconds
Elapse time  : 1024    seconds
Memory usage : 480.46  M bytes
// Command: add_compared_points -all
// 781 compared points added to compare list
0
// Command: compare -noneq_stop 1  -threads 1,4
// Compare will stop on the 1st non-equivalent point
================================================================================
Compared points      PO     DFF    BBOX      Total   
--------------------------------------------------------------------------------
Equivalent           258    521    2         781     
================================================================================
CPU time     : 106.14  seconds
Elapse time  : 1036    seconds
Memory usage : 480.46  M bytes
// Command: analyze abort -compare
There is no abort/specified point to be analyzed.
// Command: save_hier_compare_result
0
// Command: set_system_mode setup
0
// Command: add_black_box sha256_core -module -hier -Golden
0
// Command: add_black_box sha256_core -module -hier -Revised
0
// Command: usage
CPU time     : 106.28  seconds
Memory usage : 480.46  M bytes
0
Processed 15 out of 33 module pairs	EQ: 15	NEQ: 0	ABORT: 0
// Running Module sha256 and sha256
// Command: set_root_module sha256 -Golden
// Warning: Total black box modules referenced in Golden = 3
0
// Command: set_root_module sha256 -Revised
// Warning: Total black box modules referenced in Revised = 3
0
// Command: set_module_property -instance /u_crypto_synth_top/u_top/u_sha256 -Golden
0
// Command: set_module_property -instance /u_crypto_synth_top/u_top/u_sha256 -Revised
0
// Command: report_black_box -NOHidden
HIER: (G R) sha256_core
0
// Applying constraints to module boundaries ...
// 1 Golden and 1 Revised pins constrained to constant value
// 1 Golden and 1 Revised pins marked as unreachable
// Command: set_system_mode lec
// Processing Golden ...
// Modeling Golden ...
// Warning: (F34) Converted 32 X assignment(s) as don't care(s)
// Processing Revised ...
// Modeling Revised ...
// Balanced modeling mapped 1546 out of 1546 DFF/DLATs
CPU time     : 106.89  seconds
Elapse time  : 1051    seconds
Memory usage : 480.46  M bytes
// Mapping key points ...
================================================================================
Mapped points: SYSTEM class
--------------------------------------------------------------------------------
Mapped points     PI     PO     DFF    BBOX      Total   
--------------------------------------------------------------------------------
Golden            44     32     773    1         850     
--------------------------------------------------------------------------------
Revised           44     32     773    1         850     
================================================================================
CPU time     : 107.12  seconds
Elapse time  : 1055    seconds
Memory usage : 480.46  M bytes
// Running automatic setup...
================================================================================
Mapped points: SYSTEM class
--------------------------------------------------------------------------------
Mapped points     PI     PO     DFF    BBOX      Total   
--------------------------------------------------------------------------------
Golden            44     32     773    1         850     
--------------------------------------------------------------------------------
Revised           44     32     773    1         850     
================================================================================
// Automatic setup finished.
0
CPU time     : 107.37  seconds
Elapse time  : 1058    seconds
Memory usage : 480.46  M bytes
// Command: report_design_data
============================================
Summary           Golden         Revised
============================================
Design-modules         2               2
Library-cells         47            1403
============================================
Primitives      Golden              Revised
============================================
INPUT               44                   44
OUTPUT              33                   33
--------------------------------------------
AND        *      1007                 2325
BUF        *         6                    0
DFF                773                  773
INV        *        43                 1609
MUX        *      1409                    0
NAND       *         0                  148
NOR        *        24                  386
OR         *       102                  826
WIRE       *       545                    0
XNOR       *         2                    0
XOR        *        28                    0
------ word-level --------------------------
GE         *         2                    0
GT         *         1                    0
LE         *         2                    0
SUBTRACT   *         2                    0
WMUX       *        37                    0
WSEL       *         3                    0
BBOX                 1                    1
------ don't care --------------------------
X-assignments       32                    0
--------------------------------------------
Total             3972                 6068

// Command: report_unmapped_points -summary
There is no unmapped point
// Command: report_unmapped_points -notmapped
There is no unmapped point
// Command: analyze_datapath -module -verbose
// Note: Multithreaded module datapath analysis (MDP) is enabled
// Warning: No eligible datapath module in the design. Skip ...
// Command: analyze_datapath -flowgraph -verbose
// Note: Remodeled 32 index-out-of-range logic (Total: 32)
0
CPU time     : 107.57  seconds
Elapse time  : 1065    seconds
Memory usage : 480.46  M bytes
// Command: add_compared_points -all
// 806 compared points added to compare list
0
// Command: compare -noneq_stop 1  -threads 1,4
// Compare will stop on the 1st non-equivalent point
================================================================================
Compared points      PO     DFF    BBOX      Total   
--------------------------------------------------------------------------------
Equivalent           32     773    1         806     
================================================================================
CPU time     : 108.64  seconds
Elapse time  : 1077    seconds
Memory usage : 480.46  M bytes
// Command: analyze abort -compare
There is no abort/specified point to be analyzed.
// Command: save_hier_compare_result
0
// Command: set_system_mode setup
0
// Command: add_black_box sha256 -module -hier -Golden
0
// Command: add_black_box sha256 -module -hier -Revised
0
// Command: usage
CPU time     : 108.75  seconds
Memory usage : 480.46  M bytes
0
Processed 16 out of 33 module pairs	EQ: 16	NEQ: 0	ABORT: 0
// Running Module blockmem1r1w and blockmem1r1w
// Command: set_root_module blockmem1r1w -Golden
0
// Command: set_root_module blockmem1r1w -Revised
0
// Command: set_module_property -instance /u_crypto_synth_top/u_top/u_rsa/core_inst/montprod_inst/s_mem -Golden
0
// Command: set_module_property -instance /u_crypto_synth_top/u_top/u_rsa/core_inst/montprod_inst/s_mem -Revised
0
// Command: report_black_box -NOHidden
0
// Applying constraints to module boundaries ...
// 0 Golden and 3 Revised pins constrained to constant value
// 3 Golden and 3 Revised pins marked as unreachable
// Command: set_system_mode lec
// Processing Golden ...
// Modeling Golden ...
// Warning: (F34) Converted 32 X assignment(s) as don't care(s)
// Processing Revised ...
// Modeling Revised ...
// Balanced modeling mapped 2112 out of 2112 DFF/DLATs
CPU time     : 109.45  seconds
Elapse time  : 1088    seconds
Memory usage : 480.46  M bytes
// Warning: Golden and Revised have different numbers of key points:
// Golden  key points = 1138
// Revised key points = 1135
// Mapping key points ...
================================================================================
Mapped points: SYSTEM class
--------------------------------------------------------------------------------
Mapped points     PI     PO     DFF       Total   
--------------------------------------------------------------------------------
Golden            47     32     1056      1135    
--------------------------------------------------------------------------------
Revised           47     32     1056      1135    
================================================================================
Unmapped points:
================================================================================
Golden:
--------------------------------------------------------------------------------
Unmapped points   PI        Total   
--------------------------------------------------------------------------------
Unreachable       3         3       
================================================================================
CPU time     : 109.76  seconds
Elapse time  : 1091    seconds
Memory usage : 480.46  M bytes
// Running automatic setup...
================================================================================
Mapped points: SYSTEM class
--------------------------------------------------------------------------------
Mapped points     PI     PO     DFF       Total   
--------------------------------------------------------------------------------
Golden            47     32     1056      1135    
--------------------------------------------------------------------------------
Revised           47     32     1056      1135    
================================================================================
Unmapped points:
================================================================================
Golden:
--------------------------------------------------------------------------------
Unmapped points   PI        Total   
--------------------------------------------------------------------------------
Unreachable       3         3       
================================================================================
// Automatic setup finished.
0
CPU time     : 110.09  seconds
Elapse time  : 1097    seconds
Memory usage : 480.46  M bytes
// Command: report_design_data
============================================
Summary           Golden         Revised
============================================
Design-modules         1               1
Library-cells         67            2904
============================================
Primitives      Golden              Revised
============================================
INPUT               50                   50
OUTPUT              32                   32
--------------------------------------------
AND        *      1056                 3118
DFF               1056                 1056
INV        *        14                 1080
MUX        *      2080                    0
NAND       *         0                  135
NOR        *        32                  533
OR         *        33                 1086
WIRE       *        32                    0
------ word-level --------------------------
GT         *         1                    0
WMUX       *        65                    0
WSEL       *         1                    0
------ don't care --------------------------
X-assignments       32                    0
--------------------------------------------
Total             4335                 7008

// Command: report_unmapped_points -summary
================================================================================
Golden:
--------------------------------------------------------------------------------
Unmapped points   PI        Total   
--------------------------------------------------------------------------------
Unreachable       3         3       
================================================================================
// Command: report_unmapped_points -notmapped

0 unmapped points reported
// Command: analyze_datapath -module -verbose
// Note: Multithreaded module datapath analysis (MDP) is enabled
// Warning: No eligible datapath module in the design. Skip ...
// Command: analyze_datapath -flowgraph -verbose
// Note: Remodeled 32 index-out-of-range logic (Total: 32)
0
CPU time     : 110.30  seconds
Elapse time  : 1106    seconds
Memory usage : 480.46  M bytes
// Command: add_compared_points -all
// 1088 compared points added to compare list
0
// Command: compare -noneq_stop 1  -threads 1,4
// Compare will stop on the 1st non-equivalent point
================================================================================
Compared points      PO     DFF       Total   
--------------------------------------------------------------------------------
Equivalent           32     1056      1088    
================================================================================
CPU time     : 111.18  seconds
Elapse time  : 1116    seconds
Memory usage : 480.46  M bytes
// Command: analyze abort -compare
There is no abort/specified point to be analyzed.
// Command: save_hier_compare_result
0
// Command: set_system_mode setup
0
// Command: add_black_box blockmem1r1w -module -hier -Golden
0
// Command: add_black_box blockmem1r1w -module -hier -Revised
0
// Command: usage
CPU time     : 111.31  seconds
Memory usage : 480.46  M bytes
0
Processed 17 out of 33 module pairs	EQ: 17	NEQ: 0	ABORT: 0
// Running Module adder32 and adder32
// Command: set_root_module adder32 -Golden
0
// Command: set_root_module adder32 -Revised
0
// Command: set_module_property -instance /u_crypto_synth_top/u_top/u_rsa/core_inst/montprod_inst/s_adder_sa -Golden
0
// Command: set_module_property -instance /u_crypto_synth_top/u_top/u_rsa/core_inst/montprod_inst/s_adder_sa -Revised
0
// Command: report_black_box -NOHidden
0
// Command: set_system_mode lec
// Processing Golden ...
// Modeling Golden ...
// Processing Revised ...
// Modeling Revised ...
// Mapping key points ...
================================================================================
Mapped points: SYSTEM class
--------------------------------------------------------------------------------
Mapped points     PI     PO        Total   
--------------------------------------------------------------------------------
Golden            65     33        98      
--------------------------------------------------------------------------------
Revised           65     33        98      
================================================================================
// Running automatic setup...
================================================================================
Mapped points: SYSTEM class
--------------------------------------------------------------------------------
Mapped points     PI     PO        Total   
--------------------------------------------------------------------------------
Golden            65     33        98      
--------------------------------------------------------------------------------
Revised           65     33        98      
================================================================================
// Automatic setup finished.
0
// Command: report_design_data
============================================
Summary           Golden         Revised
============================================
Design-modules         1               2
Library-cells          2              32
============================================
Primitives      Golden              Revised
============================================
INPUT               65                   65
OUTPUT              33                   33
--------------------------------------------
AND        *       126                   96
OR         *        31                   32
WIRE       *        33                    0
XOR        *        96                   32
------ word-level --------------------------
ADD        *         2                    0
--------------------------------------------
Total              286                  160

// Command: report_unmapped_points -summary
There is no unmapped point
// Command: report_unmapped_points -notmapped
There is no unmapped point
// Command: analyze_datapath -module -verbose
// Note: Multithreaded module datapath analysis (MDP) is enabled
// 1 datapath module is detected based on verification information.
// Note: addinc_add_57_43 : quality evaluated 100% success 
// Command: analyze_datapath -flowgraph -verbose
0
CPU time     : 113.40  seconds
Elapse time  : 1143    seconds
Memory usage : 480.46  M bytes
// Command: add_compared_points -all
// 33 compared points added to compare list
0
// Command: compare -noneq_stop 1  -threads 1,4
// Compare will stop on the 1st non-equivalent point
================================================================================
Compared points      PO        Total   
--------------------------------------------------------------------------------
Equivalent           33        33      
================================================================================
CPU time     : 115.29  seconds
Elapse time  : 1153    seconds
Memory usage : 480.46  M bytes
// Command: analyze abort -compare
There is no abort/specified point to be analyzed.
// Command: save_hier_compare_result
0
// Command: set_system_mode setup
0
// Command: add_black_box adder32 -module -hier -Golden
0
// Command: add_black_box adder32 -module -hier -Revised
0
// Command: usage
CPU time     : 115.33  seconds
Memory usage : 480.46  M bytes
0
Processed 18 out of 33 module pairs	EQ: 18	NEQ: 0	ABORT: 0
// Running Module adder32_1744 and adder32_1744
// Command: set_root_module adder32_1744 -Golden
0
// Command: set_root_module adder32_1744 -Revised
0
// Command: set_module_property -instance /u_crypto_synth_top/u_top/u_rsa/core_inst/montprod_inst/s_adder_sm -Golden
0
// Command: set_module_property -instance /u_crypto_synth_top/u_top/u_rsa/core_inst/montprod_inst/s_adder_sm -Revised
0
// Command: report_black_box -NOHidden
0
// Command: set_system_mode lec
// Processing Golden ...
// Modeling Golden ...
// Processing Revised ...
// Modeling Revised ...
// Mapping key points ...
================================================================================
Mapped points: SYSTEM class
--------------------------------------------------------------------------------
Mapped points     PI     PO        Total   
--------------------------------------------------------------------------------
Golden            65     33        98      
--------------------------------------------------------------------------------
Revised           65     33        98      
================================================================================
// Running automatic setup...
================================================================================
Mapped points: SYSTEM class
--------------------------------------------------------------------------------
Mapped points     PI     PO        Total   
--------------------------------------------------------------------------------
Golden            65     33        98      
--------------------------------------------------------------------------------
Revised           65     33        98      
================================================================================
// Automatic setup finished.
0
// Command: report_design_data
============================================
Summary           Golden         Revised
============================================
Design-modules         1               2
Library-cells          2              32
============================================
Primitives      Golden              Revised
============================================
INPUT               65                   65
OUTPUT              33                   33
--------------------------------------------
AND        *       126                   96
OR         *        31                   32
WIRE       *        33                    0
XOR        *        96                   32
------ word-level --------------------------
ADD        *         2                    0
--------------------------------------------
Total              286                  160

// Command: report_unmapped_points -summary
There is no unmapped point
// Command: report_unmapped_points -notmapped
There is no unmapped point
// Command: analyze_datapath -module -verbose
// Note: Multithreaded module datapath analysis (MDP) is enabled
// 1 datapath module is detected based on verification information.
// Note: addinc_add_57_43 : quality evaluated 100% success 
// Command: analyze_datapath -flowgraph -verbose
0
CPU time     : 117.79  seconds
Elapse time  : 1185    seconds
Memory usage : 480.46  M bytes
// Command: add_compared_points -all
// 33 compared points added to compare list
0
// Command: compare -noneq_stop 1  -threads 1,4
// Compare will stop on the 1st non-equivalent point
================================================================================
Compared points      PO        Total   
--------------------------------------------------------------------------------
Equivalent           33        33      
================================================================================
CPU time     : 118.53  seconds
Elapse time  : 1198    seconds
Memory usage : 480.46  M bytes
// Command: analyze abort -compare
There is no abort/specified point to be analyzed.
// Command: save_hier_compare_result
0
// Command: set_system_mode setup
0
// Command: add_black_box adder32_1744 -module -hier -Golden
0
// Command: add_black_box adder32_1744 -module -hier -Revised
0
// Command: usage
CPU time     : 118.57  seconds
Memory usage : 480.46  M bytes
0
Processed 19 out of 33 module pairs	EQ: 19	NEQ: 0	ABORT: 0
// Running Module montprod and montprod
// Command: set_root_module montprod -Golden
// Warning: Total black box modules referenced in Golden = 3
0
// Command: set_root_module montprod -Revised
// Warning: Total black box modules referenced in Revised = 3
0
// Command: set_module_property -instance /u_crypto_synth_top/u_top/u_rsa/core_inst/montprod_inst -Golden
0
// Command: set_module_property -instance /u_crypto_synth_top/u_top/u_rsa/core_inst/montprod_inst -Revised
0
// Command: report_black_box -NOHidden
HIER: (G R) adder32
HIER: (G R) adder32_1744
HIER: (G R) blockmem1r1w
0
// Applying constraints to module boundaries ...
// 0 Golden and 3 Revised pins constrained to constant value
// 3 Golden and 3 Revised pins marked as unreachable
// Command: set_system_mode lec
// Processing Golden ...
// Modeling Golden ...
// Processing Revised ...
// Modeling Revised ...
// Balanced modeling mapped 110 out of 110 DFF/DLATs
// Mapping key points ...
================================================================================
Mapped points: SYSTEM class
--------------------------------------------------------------------------------
Mapped points     PI     PO     DFF    BBOX      Total   
--------------------------------------------------------------------------------
Golden            107    63     55     3         228     
--------------------------------------------------------------------------------
Revised           107    63     55     3         228     
================================================================================
// Running automatic setup...
================================================================================
Mapped points: SYSTEM class
--------------------------------------------------------------------------------
Mapped points     PI     PO     DFF    BBOX      Total   
--------------------------------------------------------------------------------
Golden            107    63     55     3         228     
--------------------------------------------------------------------------------
Revised           107    63     55     3         228     
================================================================================
// Automatic setup finished.
0
// Command: report_design_data
============================================
Summary           Golden         Revised
============================================
Design-modules         5               4
Library-cells         35             344
============================================
Primitives      Golden              Revised
============================================
INPUT              107                  107
OUTPUT              66                   66
--------------------------------------------
AND        *       340                  262
BUF        *        11                    4
DFF                 55                   55
INV        *        22                  171
MUX        *        39                    0
NAND       *         0                   68
NOR        *        32                   82
OR         *       161                  137
WIRE       *       163                    0
XNOR       *        33                    0
XOR        *        16                    5
------ word-level --------------------------
ADD        *         1                    0
EQ         *         1                    0
SUBTRACT   *         5                    0
WMUX       *        12                    0
WSEL       *        16                    0
BBOX                 3                    3
--------------------------------------------
Total              875                  787

// Command: report_unmapped_points -summary
There is no unmapped point
// Command: report_unmapped_points -notmapped
There is no unmapped point
// Command: analyze_datapath -module -verbose
// Note: Multithreaded module datapath analysis (MDP) is enabled
// Warning: No eligible datapath module in the design. Skip ...
// Command: analyze_datapath -flowgraph -verbose
0
// Command: add_compared_points -all
// 121 compared points added to compare list
0
// Command: compare -noneq_stop 1  -threads 1,4
// Compare will stop on the 1st non-equivalent point
================================================================================
Compared points      PO     DFF    BBOX      Total   
--------------------------------------------------------------------------------
Equivalent           63     55     3         121     
================================================================================
CPU time     : 119.69  seconds
Elapse time  : 1236    seconds
Memory usage : 480.48  M bytes
// Command: analyze abort -compare
There is no abort/specified point to be analyzed.
// Command: save_hier_compare_result
0
// Command: set_system_mode setup
0
// Command: add_black_box montprod -module -hier -Golden
0
// Command: add_black_box montprod -module -hier -Revised
0
// Command: usage
CPU time     : 119.75  seconds
Memory usage : 480.48  M bytes
0
Processed 20 out of 33 module pairs	EQ: 20	NEQ: 0	ABORT: 0
// Running Module adder32_1743 and adder32_1743
// Command: set_root_module adder32_1743 -Golden
0
// Command: set_root_module adder32_1743 -Revised
0
// Command: set_module_property -instance /u_crypto_synth_top/u_top/u_rsa/core_inst/residue_inst/subcmp -Golden
0
// Command: set_module_property -instance /u_crypto_synth_top/u_top/u_rsa/core_inst/residue_inst/subcmp -Revised
0
// Command: report_black_box -NOHidden
0
// Command: set_system_mode lec
// Processing Golden ...
// Modeling Golden ...
// Processing Revised ...
// Modeling Revised ...
// Mapping key points ...
================================================================================
Mapped points: SYSTEM class
--------------------------------------------------------------------------------
Mapped points     PI     PO        Total   
--------------------------------------------------------------------------------
Golden            65     33        98      
--------------------------------------------------------------------------------
Revised           65     33        98      
================================================================================
// Running automatic setup...
================================================================================
Mapped points: SYSTEM class
--------------------------------------------------------------------------------
Mapped points     PI     PO        Total   
--------------------------------------------------------------------------------
Golden            65     33        98      
--------------------------------------------------------------------------------
Revised           65     33        98      
================================================================================
// Automatic setup finished.
0
// Command: report_design_data
============================================
Summary           Golden         Revised
============================================
Design-modules         1               2
Library-cells          2              32
============================================
Primitives      Golden              Revised
============================================
INPUT               65                   65
OUTPUT              33                   33
--------------------------------------------
AND        *       126                   96
OR         *        31                   32
WIRE       *        33                    0
XOR        *        96                   32
------ word-level --------------------------
ADD        *         2                    0
--------------------------------------------
Total              286                  160

// Command: report_unmapped_points -summary
There is no unmapped point
// Command: report_unmapped_points -notmapped
There is no unmapped point
// Command: analyze_datapath -module -verbose
// Note: Multithreaded module datapath analysis (MDP) is enabled
// 1 datapath module is detected based on verification information.
// Note: addinc_add_57_43 : quality evaluated 100% success 
// Command: analyze_datapath -flowgraph -verbose
0
CPU time     : 123.24  seconds
Elapse time  : 1263    seconds
Memory usage : 480.48  M bytes
// Command: add_compared_points -all
// 33 compared points added to compare list
0
// Command: compare -noneq_stop 1  -threads 1,4
// Compare will stop on the 1st non-equivalent point
================================================================================
Compared points      PO        Total   
--------------------------------------------------------------------------------
Equivalent           33        33      
================================================================================
CPU time     : 124.01  seconds
Elapse time  : 1276    seconds
Memory usage : 480.48  M bytes
// Command: analyze abort -compare
There is no abort/specified point to be analyzed.
// Command: save_hier_compare_result
0
// Command: set_system_mode setup
0
// Command: add_black_box adder32_1743 -module -hier -Golden
0
// Command: add_black_box adder32_1743 -module -hier -Revised
0
// Command: usage
CPU time     : 124.06  seconds
Memory usage : 480.48  M bytes
0
Processed 21 out of 33 module pairs	EQ: 21	NEQ: 0	ABORT: 0
// Running Module residue and residue
// Command: set_root_module residue -Golden
// Warning: Total black box modules referenced in Golden = 1
0
// Command: set_root_module residue -Revised
// Warning: Total black box modules referenced in Revised = 1
0
// Command: set_module_property -instance /u_crypto_synth_top/u_top/u_rsa/core_inst/residue_inst -Golden
0
// Command: set_module_property -instance /u_crypto_synth_top/u_top/u_rsa/core_inst/residue_inst -Revised
0
// Command: report_black_box -NOHidden
HIER: (G R) adder32_1743
0
// Applying constraints to module boundaries ...
// 7 Golden and 26 Revised pins constrained to constant value
// 18 Golden and 26 Revised pins marked as unreachable
// 16 Golden and 0 Revised pin equivalences applied
// Command: set_system_mode lec
// Processing Golden ...
// Modeling Golden ...
// Processing Revised ...
// Modeling Revised ...
// Balanced modeling mapped 92 out of 99 DFF/DLATs
// Collected 7 sequential constant(s) via setup info for Golden
// (F18) Converted 7 DFF/DLAT(s) in (G) to ZERO/ONE
// Warning: Golden and Revised have different numbers of key points:
// Golden  key points = 176
// Revised key points = 169
// Mapping key points ...
================================================================================
Mapped points: SYSTEM class
--------------------------------------------------------------------------------
Mapped points     PI     PO     DFF    BBOX      Total   
--------------------------------------------------------------------------------
Golden            75     47     46     1         169     
--------------------------------------------------------------------------------
Revised           75     47     46     1         169     
================================================================================
Unmapped points:
================================================================================
Golden:
--------------------------------------------------------------------------------
Unmapped points   DFF       Total   
--------------------------------------------------------------------------------
Unreachable       7         7       
================================================================================
// Running automatic setup...
================================================================================
Mapped points: SYSTEM class
--------------------------------------------------------------------------------
Mapped points     PI     PO     DFF    BBOX      Total   
--------------------------------------------------------------------------------
Golden            75     47     46     1         169     
--------------------------------------------------------------------------------
Revised           75     47     46     1         169     
================================================================================
Unmapped points:
================================================================================
Golden:
--------------------------------------------------------------------------------
Unmapped points   DFF       Total   
--------------------------------------------------------------------------------
Unreachable       7         7       
================================================================================
// Automatic setup finished.
0
// Command: report_design_data
============================================
Summary           Golden         Revised
============================================
Design-modules         3               2
Library-cells         32             320
============================================
Primitives      Golden              Revised
============================================
INPUT               90                   90
OUTPUT              58                   58
--------------------------------------------
AND        *       213                  195
BUF        *         9                   32
DFF        *        53                   46
INV        *        45                  188
MUX        *        83                    0
NAND       *         0                   29
NOR        *         9                   48
OR         *       116                  115
WIRE       *       116                    0
XNOR       *        14                    0
XOR        *        37                   17
------ word-level --------------------------
ADD        *         1                    0
EQ         *         2                    0
SUBTRACT   *         2                    0
WINV       *         1                    0
WMUX       *        16                    0
WSEL       *        10                    0
BBOX                 1                    1
--------------------------------------------
Total              696                  671

// Command: report_unmapped_points -summary
================================================================================
Golden:
--------------------------------------------------------------------------------
Unmapped points   DFF       Total   
--------------------------------------------------------------------------------
Unreachable       7         7       
================================================================================
// Command: report_unmapped_points -notmapped

0 unmapped points reported
// Command: analyze_datapath -module -verbose
// Note: Multithreaded module datapath analysis (MDP) is enabled
// Warning: No eligible datapath module in the design. Skip ...
// Command: analyze_datapath -flowgraph -verbose
0
// Command: add_compared_points -all
// 94 compared points added to compare list
0
// Command: compare -noneq_stop 1  -threads 1,4
// Compare will stop on the 1st non-equivalent point
================================================================================
Compared points      PO     DFF    BBOX      Total   
--------------------------------------------------------------------------------
Equivalent           47     46     1         94      
================================================================================
CPU time     : 125.13  seconds
Elapse time  : 1311    seconds
Memory usage : 480.48  M bytes
// Command: analyze abort -compare
There is no abort/specified point to be analyzed.
// Command: save_hier_compare_result
0
// Command: set_system_mode setup
0
// Command: add_black_box residue -module -hier -Golden
0
// Command: add_black_box residue -module -hier -Revised
0
// Command: usage
CPU time     : 125.19  seconds
Memory usage : 480.48  M bytes
0
Processed 22 out of 33 module pairs	EQ: 22	NEQ: 0	ABORT: 0
// Running Module blockmem2r1w and blockmem2r1w
// Command: set_root_module blockmem2r1w -Golden
0
// Command: set_root_module blockmem2r1w -Revised
0
// Command: set_module_property -instance /u_crypto_synth_top/u_top/u_rsa/core_inst/residue_mem -Golden
0
// Command: set_module_property -instance /u_crypto_synth_top/u_top/u_rsa/core_inst/residue_mem -Revised
0
// Command: report_black_box -NOHidden
0
// Applying constraints to module boundaries ...
// 0 Golden and 6 Revised pins constrained to constant value
// 6 Golden and 6 Revised pins marked as unreachable
// Command: set_system_mode lec
// Processing Golden ...
// Modeling Golden ...
// Warning: (F34) Converted 64 X assignment(s) as don't care(s)
// Processing Revised ...
// Modeling Revised ...
// Balanced modeling mapped 2176 out of 2176 DFF/DLATs
CPU time     : 125.94  seconds
Elapse time  : 1322    seconds
Memory usage : 480.48  M bytes
// Warning: Golden and Revised have different numbers of key points:
// Golden  key points = 1210
// Revised key points = 1204
// Mapping key points ...
================================================================================
Mapped points: SYSTEM class
--------------------------------------------------------------------------------
Mapped points     PI     PO     DFF       Total   
--------------------------------------------------------------------------------
Golden            52     64     1088      1204    
--------------------------------------------------------------------------------
Revised           52     64     1088      1204    
================================================================================
Unmapped points:
================================================================================
Golden:
--------------------------------------------------------------------------------
Unmapped points   PI        Total   
--------------------------------------------------------------------------------
Unreachable       6         6       
================================================================================
CPU time     : 126.27  seconds
Elapse time  : 1326    seconds
Memory usage : 480.48  M bytes
// Running automatic setup...
================================================================================
Mapped points: SYSTEM class
--------------------------------------------------------------------------------
Mapped points     PI     PO     DFF       Total   
--------------------------------------------------------------------------------
Golden            52     64     1088      1204    
--------------------------------------------------------------------------------
Revised           52     64     1088      1204    
================================================================================
Unmapped points:
================================================================================
Golden:
--------------------------------------------------------------------------------
Unmapped points   PI        Total   
--------------------------------------------------------------------------------
Unreachable       6         6       
================================================================================
// Automatic setup finished.
0
CPU time     : 126.65  seconds
Elapse time  : 1331    seconds
Memory usage : 480.48  M bytes
// Command: report_design_data
============================================
Summary           Golden         Revised
============================================
Design-modules         1               1
Library-cells         70            4003
============================================
Primitives      Golden              Revised
============================================
INPUT               58                   58
OUTPUT              64                   64
--------------------------------------------
AND        *      2096                 4714
DFF               1088                 1088
INV        *        21                 1283
MUX        *      2112                    0
NAND       *         0                  320
NOR        *        48                 1244
OR         *        66                 1709
WIRE       *        64                    0
------ word-level --------------------------
GT         *         2                    0
WMUX       *        66                    0
WSEL       *         2                    0
------ don't care --------------------------
X-assignments       64                    0
--------------------------------------------
Total             5559                10358

// Command: report_unmapped_points -summary
================================================================================
Golden:
--------------------------------------------------------------------------------
Unmapped points   PI        Total   
--------------------------------------------------------------------------------
Unreachable       6         6       
================================================================================
// Command: report_unmapped_points -notmapped

0 unmapped points reported
// Command: analyze_datapath -module -verbose
// Note: Multithreaded module datapath analysis (MDP) is enabled
// Warning: No eligible datapath module in the design. Skip ...
// Command: analyze_datapath -flowgraph -verbose
// Note: Remodeled 64 index-out-of-range logic (Total: 64)
0
CPU time     : 126.91  seconds
Elapse time  : 1341    seconds
Memory usage : 480.48  M bytes
// Command: add_compared_points -all
// 1152 compared points added to compare list
0
// Command: compare -noneq_stop 1  -threads 1,4
// Compare will stop on the 1st non-equivalent point
================================================================================
Compared points      PO     DFF       Total   
--------------------------------------------------------------------------------
Equivalent           64     1088      1152    
================================================================================
CPU time     : 128.08  seconds
Elapse time  : 1347    seconds
Memory usage : 480.48  M bytes
// Command: analyze abort -compare
There is no abort/specified point to be analyzed.
// Command: save_hier_compare_result
0
// Command: set_system_mode setup
0
// Command: add_black_box blockmem2r1w -module -hier -Golden
0
// Command: add_black_box blockmem2r1w -module -hier -Revised
0
// Command: usage
CPU time     : 128.22  seconds
Memory usage : 480.48  M bytes
0
Processed 23 out of 33 module pairs	EQ: 23	NEQ: 0	ABORT: 0
// Running Module blockmem2r1w_1745 and blockmem2r1w_1745
// Command: set_root_module blockmem2r1w_1745 -Golden
0
// Command: set_root_module blockmem2r1w_1745 -Revised
0
// Command: set_module_property -instance /u_crypto_synth_top/u_top/u_rsa/core_inst/p_mem -Golden
0
// Command: set_module_property -instance /u_crypto_synth_top/u_top/u_rsa/core_inst/p_mem -Revised
0
// Command: report_black_box -NOHidden
0
// Applying constraints to module boundaries ...
// 0 Golden and 6 Revised pins constrained to constant value
// 6 Golden and 6 Revised pins marked as unreachable
// Command: set_system_mode lec
// Processing Golden ...
// Modeling Golden ...
// Warning: (F34) Converted 64 X assignment(s) as don't care(s)
// Processing Revised ...
// Modeling Revised ...
// Balanced modeling mapped 2176 out of 2176 DFF/DLATs
CPU time     : 128.97  seconds
Elapse time  : 1358    seconds
Memory usage : 480.49  M bytes
// Warning: Golden and Revised have different numbers of key points:
// Golden  key points = 1210
// Revised key points = 1204
// Mapping key points ...
================================================================================
Mapped points: SYSTEM class
--------------------------------------------------------------------------------
Mapped points     PI     PO     DFF       Total   
--------------------------------------------------------------------------------
Golden            52     64     1088      1204    
--------------------------------------------------------------------------------
Revised           52     64     1088      1204    
================================================================================
Unmapped points:
================================================================================
Golden:
--------------------------------------------------------------------------------
Unmapped points   PI        Total   
--------------------------------------------------------------------------------
Unreachable       6         6       
================================================================================
CPU time     : 129.28  seconds
Elapse time  : 1361    seconds
Memory usage : 480.49  M bytes
// Running automatic setup...
================================================================================
Mapped points: SYSTEM class
--------------------------------------------------------------------------------
Mapped points     PI     PO     DFF       Total   
--------------------------------------------------------------------------------
Golden            52     64     1088      1204    
--------------------------------------------------------------------------------
Revised           52     64     1088      1204    
================================================================================
Unmapped points:
================================================================================
Golden:
--------------------------------------------------------------------------------
Unmapped points   PI        Total   
--------------------------------------------------------------------------------
Unreachable       6         6       
================================================================================
// Automatic setup finished.
0
CPU time     : 129.67  seconds
Elapse time  : 1364    seconds
Memory usage : 480.49  M bytes
// Command: report_design_data
============================================
Summary           Golden         Revised
============================================
Design-modules         1               1
Library-cells         70            4156
============================================
Primitives      Golden              Revised
============================================
INPUT               58                   58
OUTPUT              64                   64
--------------------------------------------
AND        *      2096                 4712
DFF               1088                 1088
INV        *        21                 1195
MUX        *      2112                    0
NAND       *         0                  545
NOR        *        48                 1250
OR         *        66                 2155
WIRE       *        64                    0
------ word-level --------------------------
GT         *         2                    0
WMUX       *        66                    0
WSEL       *         2                    0
------ don't care --------------------------
X-assignments       64                    0
--------------------------------------------
Total             5559                10945

// Command: report_unmapped_points -summary
================================================================================
Golden:
--------------------------------------------------------------------------------
Unmapped points   PI        Total   
--------------------------------------------------------------------------------
Unreachable       6         6       
================================================================================
// Command: report_unmapped_points -notmapped

0 unmapped points reported
// Command: analyze_datapath -module -verbose
// Note: Multithreaded module datapath analysis (MDP) is enabled
// Warning: No eligible datapath module in the design. Skip ...
// Command: analyze_datapath -flowgraph -verbose
// Note: Remodeled 64 index-out-of-range logic (Total: 64)
0
CPU time     : 129.94  seconds
Elapse time  : 1374    seconds
Memory usage : 480.49  M bytes
// Command: add_compared_points -all
// 1152 compared points added to compare list
0
// Command: compare -noneq_stop 1  -threads 1,4
// Compare will stop on the 1st non-equivalent point
================================================================================
Compared points      PO     DFF       Total   
--------------------------------------------------------------------------------
Equivalent           64     1088      1152    
================================================================================
CPU time     : 131.09  seconds
Elapse time  : 1381    seconds
Memory usage : 480.49  M bytes
// Command: analyze abort -compare
There is no abort/specified point to be analyzed.
// Command: save_hier_compare_result
0
// Command: set_system_mode setup
0
// Command: add_black_box blockmem2r1w_1745 -module -hier -Golden
0
// Command: add_black_box blockmem2r1w_1745 -module -hier -Revised
0
// Command: usage
CPU time     : 131.23  seconds
Memory usage : 480.49  M bytes
0
Processed 24 out of 33 module pairs	EQ: 24	NEQ: 0	ABORT: 0
// Running Module blockmem2r1wptr and blockmem2r1wptr
// Command: set_root_module blockmem2r1wptr -Golden
0
// Command: set_root_module blockmem2r1wptr -Revised
0
// Command: set_module_property -instance /u_crypto_synth_top/u_top/u_rsa/core_inst/exponent_mem -Golden
0
// Command: set_module_property -instance /u_crypto_synth_top/u_top/u_rsa/core_inst/exponent_mem -Revised
0
// Command: report_black_box -NOHidden
0
// Applying constraints to module boundaries ...
// 0 Golden and 3 Revised pins constrained to constant value
// 3 Golden and 3 Revised pins marked as unreachable
// Command: set_system_mode lec
// Processing Golden ...
// Modeling Golden ...
// Warning: (F34) Converted 64 X assignment(s) as don't care(s)
// Processing Revised ...
// Modeling Revised ...
// Balanced modeling mapped 2192 out of 2192 DFF/DLATs
CPU time     : 131.97  seconds
Elapse time  : 1393    seconds
Memory usage : 480.49  M bytes
// Warning: Golden and Revised have different numbers of key points:
// Golden  key points = 1205
// Revised key points = 1202
// Mapping key points ...
================================================================================
Mapped points: SYSTEM class
--------------------------------------------------------------------------------
Mapped points     PI     PO     DFF       Total   
--------------------------------------------------------------------------------
Golden            42     64     1096      1202    
--------------------------------------------------------------------------------
Revised           42     64     1096      1202    
================================================================================
Unmapped points:
================================================================================
Golden:
--------------------------------------------------------------------------------
Unmapped points   PI        Total   
--------------------------------------------------------------------------------
Unreachable       3         3       
================================================================================
CPU time     : 132.28  seconds
Elapse time  : 1397    seconds
Memory usage : 480.49  M bytes
// Running automatic setup...
================================================================================
Mapped points: SYSTEM class
--------------------------------------------------------------------------------
Mapped points     PI     PO     DFF       Total   
--------------------------------------------------------------------------------
Golden            42     64     1096      1202    
--------------------------------------------------------------------------------
Revised           42     64     1096      1202    
================================================================================
Unmapped points:
================================================================================
Golden:
--------------------------------------------------------------------------------
Unmapped points   PI        Total   
--------------------------------------------------------------------------------
Unreachable       3         3       
================================================================================
// Automatic setup finished.
0
CPU time     : 132.66  seconds
Elapse time  : 1401    seconds
Memory usage : 480.49  M bytes
// Command: report_design_data
============================================
Summary           Golden         Revised
============================================
Design-modules         1               1
Library-cells         73            4064
============================================
Primitives      Golden              Revised
============================================
INPUT               45                   45
OUTPUT              64                   64
--------------------------------------------
AND        *      2086                 4744
DFF               1096                 1096
INV        *        16                 1334
MUX        *      2129                    0
NAND       *         0                  327
NOR        *        32                 1298
OR         *        66                 1674
WIRE       *        64                    0
XOR        *         7                    0
------ word-level --------------------------
ADD        *         1                    0
GT         *         2                    0
WMUX       *        68                    0
WSEL       *         2                    0
------ don't care --------------------------
X-assignments       64                    0
--------------------------------------------
Total             5560                10473

// Command: report_unmapped_points -summary
================================================================================
Golden:
--------------------------------------------------------------------------------
Unmapped points   PI        Total   
--------------------------------------------------------------------------------
Unreachable       3         3       
================================================================================
// Command: report_unmapped_points -notmapped

0 unmapped points reported
// Command: analyze_datapath -module -verbose
// Note: Multithreaded module datapath analysis (MDP) is enabled
// Warning: No eligible datapath module in the design. Skip ...
// Command: analyze_datapath -flowgraph -verbose
// Note: Remodeled 64 index-out-of-range logic (Total: 64)
0
CPU time     : 132.97  seconds
Elapse time  : 1411    seconds
Memory usage : 480.49  M bytes
// Command: add_compared_points -all
// 1160 compared points added to compare list
0
// Command: compare -noneq_stop 1  -threads 1,4
// Compare will stop on the 1st non-equivalent point
================================================================================
Compared points      PO     DFF       Total   
--------------------------------------------------------------------------------
Equivalent           64     1096      1160    
================================================================================
CPU time     : 134.30  seconds
Elapse time  : 1425    seconds
Memory usage : 480.49  M bytes
// Command: analyze abort -compare
There is no abort/specified point to be analyzed.
// Command: save_hier_compare_result
0
CPU time     : 134.41  seconds
Elapse time  : 1426    seconds
Memory usage : 480.49  M bytes
// Command: set_system_mode setup
0
// Command: add_black_box blockmem2r1wptr -module -hier -Golden
0
// Command: add_black_box blockmem2r1wptr -module -hier -Revised
0
// Command: usage
CPU time     : 134.44  seconds
Memory usage : 480.49  M bytes
0
Processed 25 out of 33 module pairs	EQ: 25	NEQ: 0	ABORT: 0
// Running Module blockmem2r1wptr_1747 and blockmem2r1wptr_1747
// Command: set_root_module blockmem2r1wptr_1747 -Golden
0
// Command: set_root_module blockmem2r1wptr_1747 -Revised
0
// Command: set_module_property -instance /u_crypto_synth_top/u_top/u_rsa/core_inst/modulus_mem -Golden
0
// Command: set_module_property -instance /u_crypto_synth_top/u_top/u_rsa/core_inst/modulus_mem -Revised
0
// Command: report_black_box -NOHidden
0
// Applying constraints to module boundaries ...
// 0 Golden and 3 Revised pins constrained to constant value
// 3 Golden and 3 Revised pins marked as unreachable
// Command: set_system_mode lec
// Processing Golden ...
// Modeling Golden ...
// Warning: (F34) Converted 64 X assignment(s) as don't care(s)
// Processing Revised ...
// Modeling Revised ...
// Balanced modeling mapped 2192 out of 2192 DFF/DLATs
CPU time     : 135.20  seconds
Elapse time  : 1436    seconds
Memory usage : 480.49  M bytes
// Warning: Golden and Revised have different numbers of key points:
// Golden  key points = 1205
// Revised key points = 1202
// Mapping key points ...
================================================================================
Mapped points: SYSTEM class
--------------------------------------------------------------------------------
Mapped points     PI     PO     DFF       Total   
--------------------------------------------------------------------------------
Golden            42     64     1096      1202    
--------------------------------------------------------------------------------
Revised           42     64     1096      1202    
================================================================================
Unmapped points:
================================================================================
Golden:
--------------------------------------------------------------------------------
Unmapped points   PI        Total   
--------------------------------------------------------------------------------
Unreachable       3         3       
================================================================================
CPU time     : 135.53  seconds
Elapse time  : 1439    seconds
Memory usage : 480.49  M bytes
// Running automatic setup...
================================================================================
Mapped points: SYSTEM class
--------------------------------------------------------------------------------
Mapped points     PI     PO     DFF       Total   
--------------------------------------------------------------------------------
Golden            42     64     1096      1202    
--------------------------------------------------------------------------------
Revised           42     64     1096      1202    
================================================================================
Unmapped points:
================================================================================
Golden:
--------------------------------------------------------------------------------
Unmapped points   PI        Total   
--------------------------------------------------------------------------------
Unreachable       3         3       
================================================================================
// Automatic setup finished.
0
CPU time     : 135.91  seconds
Elapse time  : 1443    seconds
Memory usage : 480.49  M bytes
// Command: report_design_data
============================================
Summary           Golden         Revised
============================================
Design-modules         1               1
Library-cells         73            4050
============================================
Primitives      Golden              Revised
============================================
INPUT               45                   45
OUTPUT              64                   64
--------------------------------------------
AND        *      2086                 4728
DFF               1096                 1096
INV        *        16                 1355
MUX        *      2129                    0
NAND       *         0                  326
NOR        *        32                 1249
OR         *        66                 1709
WIRE       *        64                    0
XOR        *         7                    0
------ word-level --------------------------
ADD        *         1                    0
GT         *         2                    0
WMUX       *        68                    0
WSEL       *         2                    0
------ don't care --------------------------
X-assignments       64                    0
--------------------------------------------
Total             5560                10463

// Command: report_unmapped_points -summary
================================================================================
Golden:
--------------------------------------------------------------------------------
Unmapped points   PI        Total   
--------------------------------------------------------------------------------
Unreachable       3         3       
================================================================================
// Command: report_unmapped_points -notmapped

0 unmapped points reported
// Command: analyze_datapath -module -verbose
// Note: Multithreaded module datapath analysis (MDP) is enabled
// Warning: No eligible datapath module in the design. Skip ...
// Command: analyze_datapath -flowgraph -verbose
// Note: Remodeled 64 index-out-of-range logic (Total: 64)
0
CPU time     : 136.20  seconds
Elapse time  : 1452    seconds
Memory usage : 480.49  M bytes
// Command: add_compared_points -all
// 1160 compared points added to compare list
0
// Command: compare -noneq_stop 1  -threads 1,4
// Compare will stop on the 1st non-equivalent point
================================================================================
Compared points      PO     DFF       Total   
--------------------------------------------------------------------------------
Equivalent           64     1096      1160    
================================================================================
CPU time     : 141.36  seconds
Elapse time  : 1469    seconds
Memory usage : 480.49  M bytes
// Command: analyze abort -compare
There is no abort/specified point to be analyzed.
// Command: save_hier_compare_result
0
CPU time     : 141.49  seconds
Elapse time  : 1470    seconds
Memory usage : 480.49  M bytes
// Command: set_system_mode setup
0
// Command: add_black_box blockmem2r1wptr_1747 -module -hier -Golden
0
// Command: add_black_box blockmem2r1wptr_1747 -module -hier -Revised
0
// Command: usage
CPU time     : 141.52  seconds
Memory usage : 480.49  M bytes
0
Processed 26 out of 33 module pairs	EQ: 26	NEQ: 0	ABORT: 0
// Running Module blockmem2r1wptr_1746 and blockmem2r1wptr_1746
// Command: set_root_module blockmem2r1wptr_1746 -Golden
0
// Command: set_root_module blockmem2r1wptr_1746 -Revised
0
// Command: set_module_property -instance /u_crypto_synth_top/u_top/u_rsa/core_inst/message_mem -Golden
0
// Command: set_module_property -instance /u_crypto_synth_top/u_top/u_rsa/core_inst/message_mem -Revised
0
// Command: report_black_box -NOHidden
0
// Applying constraints to module boundaries ...
// 0 Golden and 3 Revised pins constrained to constant value
// 3 Golden and 3 Revised pins marked as unreachable
// Command: set_system_mode lec
// Processing Golden ...
// Modeling Golden ...
// Warning: (F34) Converted 64 X assignment(s) as don't care(s)
// Processing Revised ...
// Modeling Revised ...
// Balanced modeling mapped 2192 out of 2192 DFF/DLATs
CPU time     : 142.30  seconds
Elapse time  : 1481    seconds
Memory usage : 480.49  M bytes
// Warning: Golden and Revised have different numbers of key points:
// Golden  key points = 1205
// Revised key points = 1202
// Mapping key points ...
================================================================================
Mapped points: SYSTEM class
--------------------------------------------------------------------------------
Mapped points     PI     PO     DFF       Total   
--------------------------------------------------------------------------------
Golden            42     64     1096      1202    
--------------------------------------------------------------------------------
Revised           42     64     1096      1202    
================================================================================
Unmapped points:
================================================================================
Golden:
--------------------------------------------------------------------------------
Unmapped points   PI        Total   
--------------------------------------------------------------------------------
Unreachable       3         3       
================================================================================
CPU time     : 142.62  seconds
Elapse time  : 1483    seconds
Memory usage : 480.49  M bytes
// Running automatic setup...
================================================================================
Mapped points: SYSTEM class
--------------------------------------------------------------------------------
Mapped points     PI     PO     DFF       Total   
--------------------------------------------------------------------------------
Golden            42     64     1096      1202    
--------------------------------------------------------------------------------
Revised           42     64     1096      1202    
================================================================================
Unmapped points:
================================================================================
Golden:
--------------------------------------------------------------------------------
Unmapped points   PI        Total   
--------------------------------------------------------------------------------
Unreachable       3         3       
================================================================================
// Automatic setup finished.
0
CPU time     : 143.00  seconds
Elapse time  : 1487    seconds
Memory usage : 480.49  M bytes
// Command: report_design_data
============================================
Summary           Golden         Revised
============================================
Design-modules         1               1
Library-cells         73            4193
============================================
Primitives      Golden              Revised
============================================
INPUT               45                   45
OUTPUT              64                   64
--------------------------------------------
AND        *      2086                 4722
DFF               1096                 1096
INV        *        16                 1259
MUX        *      2129                    0
NAND       *         0                  533
NOR        *        32                 1240
OR         *        66                 2159
WIRE       *        64                    0
XOR        *         7                    6
------ word-level --------------------------
ADD        *         1                    0
GT         *         2                    0
WMUX       *        68                    0
WSEL       *         2                    0
------ don't care --------------------------
X-assignments       64                    0
--------------------------------------------
Total             5560                11015

// Command: report_unmapped_points -summary
================================================================================
Golden:
--------------------------------------------------------------------------------
Unmapped points   PI        Total   
--------------------------------------------------------------------------------
Unreachable       3         3       
================================================================================
// Command: report_unmapped_points -notmapped

0 unmapped points reported
// Command: analyze_datapath -module -verbose
// Note: Multithreaded module datapath analysis (MDP) is enabled
// Warning: No eligible datapath module in the design. Skip ...
// Command: analyze_datapath -flowgraph -verbose
// Note: Remodeled 64 index-out-of-range logic (Total: 64)
0
CPU time     : 143.30  seconds
Elapse time  : 1497    seconds
Memory usage : 480.49  M bytes
// Command: add_compared_points -all
// 1160 compared points added to compare list
0
// Command: compare -noneq_stop 1  -threads 1,4
// Compare will stop on the 1st non-equivalent point
================================================================================
Compared points      PO     DFF       Total   
--------------------------------------------------------------------------------
Equivalent           64     1096      1160    
================================================================================
CPU time     : 144.68  seconds
Elapse time  : 1509    seconds
Memory usage : 480.49  M bytes
// Command: analyze abort -compare
There is no abort/specified point to be analyzed.
// Command: save_hier_compare_result
0
// Command: set_system_mode setup
0
// Command: add_black_box blockmem2r1wptr_1746 -module -hier -Golden
0
// Command: add_black_box blockmem2r1wptr_1746 -module -hier -Revised
0
// Command: usage
CPU time     : 144.81  seconds
Memory usage : 480.49  M bytes
0
Processed 27 out of 33 module pairs	EQ: 27	NEQ: 0	ABORT: 0
// Running Module blockmem2rptr1w and blockmem2rptr1w
// Command: set_root_module blockmem2rptr1w -Golden
0
// Command: set_root_module blockmem2rptr1w -Revised
0
// Command: set_module_property -instance /u_crypto_synth_top/u_top/u_rsa/core_inst/result_mem -Golden
0
// Command: set_module_property -instance /u_crypto_synth_top/u_top/u_rsa/core_inst/result_mem -Revised
0
// Command: report_black_box -NOHidden
0
// Command: set_system_mode lec
// Processing Golden ...
// Modeling Golden ...
// Processing Revised ...
// Modeling Revised ...
// Balanced modeling mapped 16528 out of 16528 DFF/DLATs
CPU time     : 149.90  seconds
Elapse time  : 1525    seconds
Memory usage : 484.13  M bytes
// Mapping key points ...
================================================================================
Mapped points: SYSTEM class
--------------------------------------------------------------------------------
Mapped points     PI     PO     DFF       Total   
--------------------------------------------------------------------------------
Golden            53     64     8264      8381    
--------------------------------------------------------------------------------
Revised           53     64     8264      8381    
================================================================================
CPU time     : 152.26  seconds
Elapse time  : 1531    seconds
Memory usage : 484.13  M bytes
// Running automatic setup...
================================================================================
Mapped points: SYSTEM class
--------------------------------------------------------------------------------
Mapped points     PI     PO     DFF       Total   
--------------------------------------------------------------------------------
Golden            53     64     8264      8381    
--------------------------------------------------------------------------------
Revised           53     64     8264      8381    
================================================================================
// Automatic setup finished.
0
CPU time     : 155.61  seconds
Elapse time  : 1540    seconds
Memory usage : 484.13  M bytes
// Command: report_design_data
============================================
Summary           Golden         Revised
============================================
Design-modules         1               1
Library-cells       1025           33672
============================================
Primitives      Golden              Revised
============================================
INPUT               53                   53
OUTPUT              64                   64
--------------------------------------------
AND        *       134                38190
BUF        *         0                    1
DFF               8264                 8264
INV        *         9                11475
MUX        *     32721                    0
NAND       *         0                 4054
NOR        *       128                 9812
OR         *         0                17363
WIRE       *        64                    0
XOR        *         7                    6
------ word-level --------------------------
ADD        *         1                    0
WMUX       *      1024                    0
--------------------------------------------
Total            41327                89165

// Command: report_unmapped_points -summary
There is no unmapped point
// Command: report_unmapped_points -notmapped
There is no unmapped point
// Command: analyze_datapath -module -verbose
// Note: Multithreaded module datapath analysis (MDP) is enabled
// Warning: No eligible datapath module in the design. Skip ...
// Command: analyze_datapath -flowgraph -verbose
0
CPU time     : 157.14  seconds
Elapse time  : 1548    seconds
Memory usage : 525.82  M bytes
// Command: add_compared_points -all
// 8328 compared points added to compare list
0
// Command: compare -noneq_stop 1  -threads 1,4
// Compare will stop on the 1st non-equivalent point
================================================================================
Compared points      PO     DFF       Total   
--------------------------------------------------------------------------------
Equivalent           64     8264      8328    
================================================================================
CPU time     : 186.85  seconds
Elapse time  : 1590    seconds
Memory usage : 525.90  M bytes
// Command: analyze abort -compare
There is no abort/specified point to be analyzed.
// Command: save_hier_compare_result
0
CPU time     : 187.57  seconds
Elapse time  : 1591    seconds
Memory usage : 525.90  M bytes
// Command: set_system_mode setup
0
// Command: add_black_box blockmem2rptr1w -module -hier -Golden
0
// Command: add_black_box blockmem2rptr1w -module -hier -Revised
0
// Command: usage
CPU time     : 187.60  seconds
Memory usage : 525.90  M bytes
0
Processed 28 out of 33 module pairs	EQ: 28	NEQ: 0	ABORT: 0
// Running Module modexp_core and modexp_core
// Command: set_root_module modexp_core -Golden
// Warning: Total black box modules referenced in Golden = 12
// Warning: There are 2 undriven nets in Golden
0
CPU time     : 187.71  seconds
Elapse time  : 1599    seconds
Memory usage : 525.90  M bytes
// Command: set_root_module modexp_core -Revised
// Warning: Total black box modules referenced in Revised = 12
0
CPU time     : 187.82  seconds
Elapse time  : 1603    seconds
Memory usage : 525.90  M bytes
// Command: set_module_property -instance /u_crypto_synth_top/u_top/u_rsa/core_inst -Golden
0
// Command: set_module_property -instance /u_crypto_synth_top/u_top/u_rsa/core_inst -Revised
0
// Command: report_black_box -NOHidden
HIER: (G R) blockmem2r1w
HIER: (G R) blockmem2r1wptr
HIER: (G R) blockmem2r1wptr_1746
HIER: (G R) blockmem2r1wptr_1747
HIER: (G R) blockmem2r1w_1745
HIER: (G R) blockmem2rptr1w
HIER: (G R) montprod
HIER: (G R) residue
0
// Applying constraints to module boundaries ...
// 0 Golden and 72 Revised pins constrained to constant value
// 8 Golden and 72 Revised pins marked as unreachable
// 64 Golden and 0 Revised pin equivalences applied
// Command: set_system_mode lec
// Processing Golden ...
// Modeling Golden ...
// (F21) Merged 1 DFF/DLAT(s) due to added instance equivalences (flatten)
// Processing Revised ...
// Modeling Revised ...
// Balanced modeling mapped 182 out of 246 DFF/DLATs
// Collected 63 sequential constant(s) via setup info for Golden
// (F18) Converted 63 DFF/DLAT(s) in (G) to ZERO/ONE
// Warning: Undriven signals are tied to ZERO
// (F65.1) Tied 2 undriven signal(s) to ZERO
CPU time     : 187.99  seconds
Elapse time  : 1606    seconds
Memory usage : 525.90  M bytes
// Warning: Golden and Revised have different numbers of key points:
// Golden  key points = 418
// Revised key points = 346
// Mapping key points ...
================================================================================
Mapped points: SYSTEM class
--------------------------------------------------------------------------------
Mapped points     PI     PO     DFF    BBOX      Total   
--------------------------------------------------------------------------------
Golden            54     193    91     8         346     
--------------------------------------------------------------------------------
Revised           54     193    91     8         346     
================================================================================
// Note: A key point group is counted as one key point
// Golden has 1 key point groups
Unmapped points:
================================================================================
Golden:
--------------------------------------------------------------------------------
Unmapped points   PI     DFF       Total   
--------------------------------------------------------------------------------
Unreachable       8      63        71      
================================================================================
// Running automatic setup...
================================================================================
Mapped points: SYSTEM class
--------------------------------------------------------------------------------
Mapped points     PI     PO     DFF    BBOX      Total   
--------------------------------------------------------------------------------
Golden            54     193    91     8         346     
--------------------------------------------------------------------------------
Revised           54     193    91     8         346     
================================================================================
// Note: A key point group is counted as one key point
// Golden has 1 key point groups
Unmapped points:
================================================================================
Golden:
--------------------------------------------------------------------------------
Unmapped points   PI     DFF       Total   
--------------------------------------------------------------------------------
Unreachable       8      63        71      
================================================================================
// Automatic setup finished.
0
CPU time     : 188.18  seconds
Elapse time  : 1611    seconds
Memory usage : 525.90  M bytes
// Command: report_design_data
============================================
Summary           Golden         Revised
============================================
Design-modules        10              11
Library-cells         54             554
============================================
Primitives      Golden              Revised
============================================
INPUT              126                  126
OUTPUT             193                  193
--------------------------------------------
AND        *       563                  490
BUF        *        23                    0
DFF        *       155                   91
INV        *        43                  221
MUX        *       169                    0
NAND       *         0                   70
NOR        *        30                   84
OR         *       189                  223
WIRE       *       284                    0
XNOR       *         7                    0
XOR        *       113                   69
------ word-level --------------------------
ADD        *         3                    0
EQ         *         3                    0
SUBTRACT   *         2                    0
WMUX       *        30                    0
WSEL       *        17                    0
BBOX                 8                    8
--------------------------------------------
Total             1584                 1256

// Command: report_unmapped_points -summary
================================================================================
Golden:
--------------------------------------------------------------------------------
Unmapped points   PI     DFF       Total   
--------------------------------------------------------------------------------
Unreachable       8      63        71      
================================================================================
// Command: report_unmapped_points -notmapped

0 unmapped points reported
// Command: analyze_datapath -module -verbose
// Note: Multithreaded module datapath analysis (MDP) is enabled
// 2 datapath modules are detected based on verification information.
// Note: inc_add_478_49 : quality evaluated 100% success 
// Note: inc_add_483_56 : quality evaluated 100% success 
// Command: analyze_datapath -flowgraph -verbose
0
CPU time     : 191.87  seconds
Elapse time  : 1648    seconds
Memory usage : 525.95  M bytes
// Command: add_compared_points -all
// 292 compared points added to compare list
0
// Command: compare -noneq_stop 1  -threads 1,4
// Compare will stop on the 1st non-equivalent point
================================================================================
Compared points      PO     DFF    BBOX      Total   
--------------------------------------------------------------------------------
Equivalent           193    91     8         292     
================================================================================
Compare results of instance/output/pin equivalences and/or sequential merge      
================================================================================
Compared points      DFF       Total   
--------------------------------------------------------------------------------
Equivalent           1         1       
================================================================================
CPU time     : 192.66  seconds
Elapse time  : 1662    seconds
Memory usage : 525.95  M bytes
// Command: analyze abort -compare
There is no abort/specified point to be analyzed.
// Command: save_hier_compare_result
0
// Command: set_system_mode setup
0
// Command: add_black_box modexp_core -module -hier -Golden
0
// Command: add_black_box modexp_core -module -hier -Revised
0
// Command: usage
CPU time     : 192.74  seconds
Memory usage : 525.95  M bytes
0
Processed 29 out of 33 module pairs	EQ: 29	NEQ: 0	ABORT: 0
// Running Module modexp and modexp
// Command: set_root_module modexp -Golden
// Warning: Total black box modules referenced in Golden = 13
0
// Command: set_root_module modexp -Revised
// Warning: Total black box modules referenced in Revised = 13
0
CPU time     : 192.96  seconds
Elapse time  : 1674    seconds
Memory usage : 525.95  M bytes
// Command: set_module_property -instance /u_crypto_synth_top/u_top/u_rsa -Golden
0
// Command: set_module_property -instance /u_crypto_synth_top/u_top/u_rsa -Revised
0
// Command: report_black_box -NOHidden
HIER: (G R) modexp_core
0
// Applying constraints to module boundaries ...
// 0 Golden and 4 Revised pins constrained to constant value
// 0 Golden and 4 Revised pins marked as unreachable
// 4 Golden and 0 Revised pin equivalences applied
// Command: set_system_mode lec
// Processing Golden ...
// Modeling Golden ...
// Processing Revised ...
// Modeling Revised ...
// Balanced modeling mapped 34 out of 34 DFF/DLATs
// Mapping key points ...
================================================================================
Mapped points: SYSTEM class
--------------------------------------------------------------------------------
Mapped points     PI     PO     DFF    BBOX      Total   
--------------------------------------------------------------------------------
Golden            44     32     17     1         94      
--------------------------------------------------------------------------------
Revised           44     32     17     1         94      
================================================================================
// Running automatic setup...
================================================================================
Mapped points: SYSTEM class
--------------------------------------------------------------------------------
Mapped points     PI     PO     DFF    BBOX      Total   
--------------------------------------------------------------------------------
Golden            44     32     17     1         94      
--------------------------------------------------------------------------------
Revised           44     32     17     1         94      
================================================================================
// Automatic setup finished.
0
// Command: report_design_data
============================================
Summary           Golden         Revised
============================================
Design-modules         2               2
Library-cells         18             209
============================================
Primitives      Golden              Revised
============================================
INPUT               48                   48
OUTPUT              32                   32
--------------------------------------------
AND        *       495                  228
DFF                 17                   17
INV        *         9                   60
MUX        *        51                    0
NAND       *         0                   64
NOR        *        20                   95
OR         *       129                   39
WIRE       *        32                    0
------ word-level --------------------------
WMUX       *         3                    0
WSEL       *        15                    0
BBOX                 1                    1
--------------------------------------------
Total              754                  504

// Command: report_unmapped_points -summary
There is no unmapped point
// Command: report_unmapped_points -notmapped
There is no unmapped point
// Command: analyze_datapath -module -verbose
// Note: Multithreaded module datapath analysis (MDP) is enabled
// Warning: No eligible datapath module in the design. Skip ...
// Command: analyze_datapath -flowgraph -verbose
0
// Command: add_compared_points -all
// 50 compared points added to compare list
0
// Command: compare -noneq_stop 1  -threads 1,4
// Compare will stop on the 1st non-equivalent point
================================================================================
Compared points      PO     DFF    BBOX      Total   
--------------------------------------------------------------------------------
Equivalent           32     17     1         50      
================================================================================
CPU time     : 193.70  seconds
Elapse time  : 1692    seconds
Memory usage : 525.95  M bytes
// Command: analyze abort -compare
There is no abort/specified point to be analyzed.
// Command: save_hier_compare_result
0
// Command: set_system_mode setup
0
// Command: add_black_box modexp -module -hier -Golden
0
// Command: add_black_box modexp -module -hier -Revised
0
// Command: usage
CPU time     : 193.76  seconds
Memory usage : 525.95  M bytes
0
Processed 30 out of 33 module pairs	EQ: 30	NEQ: 0	ABORT: 0
// Running Module crypto_accelerator_top and crypto_accelerator_top
// Command: set_root_module crypto_accelerator_top -Golden
// Warning: Total black box modules referenced in Golden = 28
0
CPU time     : 193.90  seconds
Elapse time  : 1699    seconds
Memory usage : 525.95  M bytes
// Command: set_root_module crypto_accelerator_top -Revised
// Warning: Total black box modules referenced in Revised = 28
0
CPU time     : 194.12  seconds
Elapse time  : 1703    seconds
Memory usage : 525.95  M bytes
// Command: set_module_property -instance /u_crypto_synth_top/u_top -Golden
0
// Command: set_module_property -instance /u_crypto_synth_top/u_top -Revised
0
// Command: report_black_box -NOHidden
HIER: (G R) aes
HIER: (G R) apb_slave
HIER: (G R) apb_to_secworks_rsa
HIER: (G R) apb_to_secworks_sha256
HIER: (G R) modexp
HIER: (G R) sha256
0
// Applying constraints to module boundaries ...
// 26 Golden and 26 Revised pins constrained to constant value
// 26 Golden and 26 Revised pins marked as unreachable
// Command: set_system_mode lec
// Processing Golden ...
// Modeling Golden ...
// Processing Revised ...
// Modeling Revised ...
CPU time     : 194.22  seconds
Elapse time  : 1706    seconds
Memory usage : 525.95  M bytes
// Mapping key points ...
================================================================================
Mapped points: SYSTEM class
--------------------------------------------------------------------------------
Mapped points     PI     PO     BBOX      Total   
--------------------------------------------------------------------------------
Golden            45     32     6         83      
--------------------------------------------------------------------------------
Revised           45     32     6         83      
================================================================================
// Running automatic setup...
================================================================================
Mapped points: SYSTEM class
--------------------------------------------------------------------------------
Mapped points     PI     PO     BBOX      Total   
--------------------------------------------------------------------------------
Golden            45     32     6         83      
--------------------------------------------------------------------------------
Revised           45     32     6         83      
================================================================================
// Automatic setup finished.
0
// Command: report_design_data
============================================
Summary           Golden         Revised
============================================
Design-modules         9               8
Library-cells          8             176
============================================
Primitives      Golden              Revised
============================================
INPUT               69                   69
OUTPUT              34                   34
--------------------------------------------
AND        *        10                  103
BUF        *         1                    0
INV        *         2                  139
MUX        *        64                    0
NOR        *         2                    1
OR         *         2                   33
WIRE       *        73                    0
------ word-level --------------------------
GE         *         2                    0
LT         *         4                    0
WMUX       *         2                    0
BBOX                 6                    6
--------------------------------------------
Total              160                  282

// Command: report_unmapped_points -summary
There is no unmapped point
// Command: report_unmapped_points -notmapped
There is no unmapped point
// Command: analyze_datapath -module -verbose
// Note: Multithreaded module datapath analysis (MDP) is enabled
// Warning: No eligible datapath module in the design. Skip ...
// Command: analyze_datapath -flowgraph -verbose
0
// Command: add_compared_points -all
// 38 compared points added to compare list
0
// Command: compare -noneq_stop 1  -threads 1,4
// Compare will stop on the 1st non-equivalent point
================================================================================
Compared points      PO     BBOX      Total   
--------------------------------------------------------------------------------
Equivalent           32     6         38      
================================================================================
CPU time     : 194.86  seconds
Elapse time  : 1722    seconds
Memory usage : 525.95  M bytes
// Command: analyze abort -compare
There is no abort/specified point to be analyzed.
// Command: save_hier_compare_result
0
// Command: set_system_mode setup
0
// Command: add_black_box crypto_accelerator_top -module -hier -Golden
0
// Command: add_black_box crypto_accelerator_top -module -hier -Revised
0
// Command: usage
CPU time     : 194.91  seconds
Memory usage : 525.95  M bytes
0
Processed 31 out of 33 module pairs	EQ: 31	NEQ: 0	ABORT: 0
// Running Module crypto_synth_top and crypto_synth_top
// Command: set_root_module crypto_synth_top -Golden
// Warning: Total black box modules referenced in Golden = 31
0
CPU time     : 195.03  seconds
Elapse time  : 1730    seconds
Memory usage : 525.95  M bytes
// Command: set_root_module crypto_synth_top -Revised
// Warning: Total black box modules referenced in Revised = 31
0
CPU time     : 195.21  seconds
Elapse time  : 1734    seconds
Memory usage : 525.95  M bytes
// Command: set_module_property -instance /u_crypto_synth_top -Golden
0
// Command: set_module_property -instance /u_crypto_synth_top -Revised
0
// Command: report_black_box -NOHidden
HIER: (G R) crypto_accelerator_top
HIER: (G R) piso32
HIER: (G R) sipo32
0
// Applying constraints to module boundaries ...
// 2 Golden and 2 Revised pins constrained to constant value
// 2 Golden and 2 Revised pins marked as unreachable
// Command: set_system_mode lec
// Processing Golden ...
// Modeling Golden ...
// Processing Revised ...
// Modeling Revised ...
// Mapping key points ...
================================================================================
Mapped points: SYSTEM class
--------------------------------------------------------------------------------
Mapped points     PI     PO     BBOX      Total   
--------------------------------------------------------------------------------
Golden            15     2      3         20      
--------------------------------------------------------------------------------
Revised           15     2      3         20      
================================================================================
// Running automatic setup...
================================================================================
Mapped points: SYSTEM class
--------------------------------------------------------------------------------
Mapped points     PI     PO     BBOX      Total   
--------------------------------------------------------------------------------
Golden            15     2      3         20      
--------------------------------------------------------------------------------
Revised           15     2      3         20      
================================================================================
// Automatic setup finished.
0
// Command: report_design_data
============================================
Summary           Golden         Revised
============================================
Design-modules         4               4
Library-cells          0               1
============================================
Primitives      Golden              Revised
============================================
INPUT               15                   15
OUTPUT               4                    4
--------------------------------------------
AND        *         3                    1
INV                  1                    1
WIRE       *         1                    0
------ word-level --------------------------
BBOX                 3                    3
--------------------------------------------
Total                8                    5

// Command: report_unmapped_points -summary
There is no unmapped point
// Command: report_unmapped_points -notmapped
There is no unmapped point
// Command: analyze_datapath -module -verbose
// Note: Multithreaded module datapath analysis (MDP) is enabled
// Warning: No eligible datapath module in the design. Skip ...
// Command: analyze_datapath -flowgraph -verbose
0
// Command: add_compared_points -all
// 5 compared points added to compare list
0
// Command: compare -noneq_stop 1  -threads 1,4
// Compare will stop on the 1st non-equivalent point
================================================================================
Compared points      PO     BBOX      Total   
--------------------------------------------------------------------------------
Equivalent           2      3         5       
================================================================================
CPU time     : 195.82  seconds
Elapse time  : 1752    seconds
Memory usage : 525.95  M bytes
// Command: analyze abort -compare
There is no abort/specified point to be analyzed.
// Command: save_hier_compare_result
0
// Command: set_system_mode setup
0
// Command: add_black_box crypto_synth_top -module -hier -Golden
0
// Command: add_black_box crypto_synth_top -module -hier -Revised
0
// Command: usage
CPU time     : 195.86  seconds
Memory usage : 525.95  M bytes
0
Processed 32 out of 33 module pairs	EQ: 32	NEQ: 0	ABORT: 0
// Running Module C2S0306 and C2S0306
// Command: set_root_module C2S0306 -Golden
// Warning: Total black box modules referenced in Golden = 32
0
CPU time     : 195.99  seconds
Elapse time  : 1759    seconds
Memory usage : 525.95  M bytes
// Command: set_root_module C2S0306 -Revised
// Warning: Total black box modules referenced in Revised = 32
0
CPU time     : 196.19  seconds
Elapse time  : 1763    seconds
Memory usage : 525.95  M bytes
// Command: set_module_property -instance / -Golden
0
// Command: set_module_property -instance / -Revised
0
// Command: report_black_box -NOHidden
HIER: (G R) crypto_synth_top
0
// Applying constraints to module boundaries ...
// 2 Golden and 2 Revised pins constrained to constant value
// Command: set_system_mode lec
// Processing Golden ...
// Modeling Golden ...
// Processing Revised ...
// Modeling Revised ...
// Mapping key points ...
================================================================================
Mapped points: SYSTEM class
--------------------------------------------------------------------------------
Mapped points     PI     PO     BBOX      Total   
--------------------------------------------------------------------------------
Golden            15     4      1         20      
--------------------------------------------------------------------------------
Revised           15     4      1         20      
================================================================================
// Running automatic setup...
================================================================================
Mapped points: SYSTEM class
--------------------------------------------------------------------------------
Mapped points     PI     PO     BBOX      Total   
--------------------------------------------------------------------------------
Golden            15     4      1         20      
--------------------------------------------------------------------------------
Revised           15     4      1         20      
================================================================================
// Automatic setup finished.
0
// Command: report_design_data
============================================
Summary           Golden         Revised
============================================
Design-modules         2               2
Library-cells         20              20
============================================
Primitives      Golden              Revised
============================================
INPUT               15                   15
OUTPUT               4                    4
--------------------------------------------
BUF                 20                   20
------ word-level --------------------------
BBOX                 1                    1
--------------------------------------------
Total               21                   21

// Command: report_unmapped_points -summary
There is no unmapped point
// Command: report_unmapped_points -notmapped
There is no unmapped point
// Command: analyze_datapath -module -verbose
// Note: Multithreaded module datapath analysis (MDP) is enabled
// Warning: No eligible datapath module in the design. Skip ...
// Command: analyze_datapath -flowgraph -verbose
0
// Command: add_compared_points -all
// 5 compared points added to compare list
0
// Command: compare -noneq_stop 1  -threads 1,4
// Compare will stop on the 1st non-equivalent point
================================================================================
Compared points      PO     BBOX      Total   
--------------------------------------------------------------------------------
Equivalent           4      1         5       
================================================================================
// Command: analyze abort -compare
There is no abort/specified point to be analyzed.
// Command: save_hier_compare_result
0
// Command: set_system_mode setup
0
// Command: usage
CPU time     : 196.36  seconds
Memory usage : 525.96  M bytes
0
Processed 33 out of 33 module pairs	EQ: 33	NEQ: 0	ABORT: 0

================================================================================
Module Comparison Results
--------------------------------------------------------------------------------
Equivalent                     33
--------------------------------------------------------------------------------
Total                          33
--------------------------------------------------------------------------------
Hierarchical compare : Equivalent 
================================================================================
0
CPU time     : 196.82  seconds
Elapse time  : 1777    seconds
Memory usage : 590.41  M bytes
// Command: report_hier_compare_result -dynamicflattened
// Command: report_hier_compare_result -dynamicflattened
0
// Command: report_verification -hier -verbose
// Command: report_verification -hier -verbose
================================================================================
                            Verification Report
--------------------------------------------------------------------------------
Category                                                                  Count
--------------------------------------------------------------------------------
1. Non-standard modeling options used:                                      1
     Tri-stated output:                                        checked
     Revised X signals set to E:                               yes
     Floating signals tied to Z:                               no *
     Command "add clock" for clock-gating:                     not used
--------------------------------------------------------------------------------
2. Incomplete verification:                                                 1
     All primary outputs are mapped:                           yes
     Not-mapped DFF/DLAT is detected:                          no
     All mapped points are added as compare points:            yes
     All compared points are compared:                         yes
     User added black box:                                     no
     Black box mapped with different module name:              no
     Empty module is not black boxed:                          no
     Command "add ignore outputs" used:                        yes *
     Always false constraints detected:                        no
     Verified pin-equivalent outputs are unmapped:             no
--------------------------------------------------------------------------------
3. User modification to design:                                             0
     Change gate type:                                         no
     Change wire:                                              no
     Primary input added by user:                              no
--------------------------------------------------------------------------------
4. Conformal Constraint Designer clock domain crossing checks recommended:  0
     Multiple clocks in the design:                            no
--------------------------------------------------------------------------------
5. Design ambiguity:                                                        0
     Duplicate module definition:                              no
     Black box due to undefined cells:                         no
     Golden design has abnormal ratio of unreachable gates:    no
     Ratio of golden unreachable gates:                        0%
     Revised design has abnormal ratio of unreachable gates:   no
     Ratio of revised unreachable gates:                       0%
     All primary input bus ordering is consistent:             yes
     All primary output bus ordering is consistent:            yes
     DFF/DLAT not compared due to disabled clock port(s):        0
--------------------------------------------------------------------------------
6. Compare Results:                                                        PASS
     Total Equivalent modules  = 33
================================================================================
pass
// Command: write_verification_information
// Command: write_verification_information
// Verification information is written to rtl_fv_map_db.
0
CPU time     : 197.42  seconds
Elapse time  : 1782    seconds
Memory usage : 590.59  M bytes
// Command: report_verification_information
// Command: report_verification_information
// Generating reports on verification information at /home/scl_shuttle_8_3/tapeout/lec/rtl_fv_map_db...
LEC run scores:
================================================================================
Step                Score     Range          
--------------------------------------------------------------------------------
result_status       10        10             
runtime             10        10             
mapping             10        10             
sequential_constant 10        10             
sequential_merge    10        10             
sequential_phase    10        10             
datapath_analysis   10        10             
combinational_loop  5         10             
mismatch_detection  5         10             
overall             80        90             
================================================================================
LEC results versus attributes:
================================================================================
Attribute           Total     Inconsistency  Combined Table                
--------------------------------------------------------------------------------
sequential_constant 73        0              sequential_constant.json      
sequential_merge    1         0              sequential_merge.json         
sequential_phase    19892     0              sequential_phase.json         
================================================================================
The tables can be viewed directly using web interface.
// Done with reporting verification information.
0
CPU time     : 197.62  seconds
Elapse time  : 1790    seconds
Memory usage : 590.66  M bytes
// Command: set lec_version_required "18.20330"
18.20330
// Command: if {$lec_version >= $lec_version_required} {
//              report_implementation_information
//          }
// Command: report_implementation_information
// Reporting implementation information...
// Information summary:
================================================================================
        Information Category     Total      Used    Unused  Rejected     Abort
--------------------------------------------------------------------------------
   Sequential instance phase     19892     19892         0         0         0
               Phase mapping         0         0         0         0         0
         Sequential constant        73        73         0         0         0
            Sequential merge         1         1         0         0         0
      Sequential unreachable         3         0         3         0         0
      Sequential duplication         0         0         0         0         0
       Boundary optimization       716       703         9         4         0
          Synthesis equation        17        10         7         0         0
  Combinational loop breaker         0         0         0         0         0
 HDL indexed expression info         5         0         5         0         0
================================================================================
0
// Command: set_system_mode lec
// Command: set_system_mode lec
0
// Command: puts "No of compare points = [get_compare_points -count]"
// Command: get_compare_points -count
No of compare points = 5
// Command: puts "No of diff points    = [get_compare_points -NONequivalent -count]"
// Command: get_compare_points -NONequivalent -count
No of diff points    = 0
// Command: puts "No of abort points   = [get_compare_points -abort -count]"
// Command: get_compare_points -abort -count
No of abort points   = 0
// Command: puts "No of unknown points = [get_compare_points -unknown -count]"
// Command: get_compare_points -unknown -count
No of unknown points = 0
// Command: if {[get_compare_points -count] == 0} {
//              puts "---------------------------------"
//              puts "ERROR: No compare points detected"
//              puts "---------------------------------"
//          }
// Command: get_compare_points -count
// Command: if {[get_compare_points -NONequivalent -count] > 0} {
//              puts "------------------------------------"
//              puts "ERROR: Different Key Points detected"
//              puts "------------------------------------"
//          }
// Command: get_compare_points -NONequivalent -count
// Command: if {[get_compare_points -abort -count] > 0} {
//              puts "-----------------------------"
//              puts "ERROR: Abort Points detected "
//              puts "-----------------------------"
//          }
// Command: get_compare_points -abort -count
// Command: if {[get_compare_points -unknown -count] > 0} {
//              puts "----------------------------------"
//              puts "ERROR: Unknown Key Points detected"
//              puts "----------------------------------"
//          }
// Command: get_compare_points -unknown -count
// Command: set lec_version_required "19.10100"
19.10100
// Command: if {$lec_version >= $lec_version_required} {
//          analyze_results -logfiles rtl2intermediate.lec.log
//          }
// Command: analyze_results -logfiles rtl2intermediate.lec.log
// Analyzing logfile 'rtl2intermediate.lec.log'
Report Verification Error: no result.
// Warning: Analyze results collects information from the log file but does not
//          qualify the execution or completeness of the run.
// Logfile Results
================================================================================
|                  Conformal Version |20.20-s200 
|                        Root Module |C2S0306 
|                           CPU Time |197.0 sec
|                       Elapsed Time |1790.0 sec
|                             Memory |590.66 MB
|              Power Grid Comparison |N/A 
|               Power Intent Compare |N/A 
|           Supply Power Consistency |N/A 
|        Retention Power Consistency |N/A 
|             Compare Power Crossing |N/A 
|                     LEC Comparison |PASS 
|                 Flatten Comparison |N/A 
|            Hierarchical Comparison |PASS 
|    Hierarchical Comparison Modules |33 
|                      Logfile Lines |5656 
|                       Logfile Name |rtl2intermediate.lec.log 
|              Logfile Modified Time |Thu Jul 23 23:15:29 2026 
|         Implementation Information |fv/C2S0306 
|       Set Verification Information |/home/scl_shuttle_8_3/tapeout/lec/rtl_fv_map_db 
|      Read Verification Information |N/A 
|                   Analysis Elapsed |0.1 sec
|                    Dynamic Flatten |0 
|                    Runtime / #Gate |0.01 sec. 
|    Low-power Rule Check Occurrence |N/A
|Matched back-to-back isolation cell |N/A 
|            Time-consuming commands | 1. compare: 311.0s(31.57%) (execute 33 time(s))
|                                    | 2. analyze_datapath: 267.0s(27.11%) (execute 66 time(s))
|                                    | 3. usage: 139.0s(14.11%) (execute 2 time(s))
================================================================================
               
// Critical Warnings
================================================================================
|Count     |Warning
--------------------------------------------------------------------------------
|8         |(RTL7.3) Array index in RHS might be out of range
|4         |(RTL7.4) Array index in LHS might be out of range
|2         |(RTL5.3) Case expressions/items are resized
================================================================================
               
               
// Hierarchical Comparison Information
             
#1
// Write Dofile Command          : write_hier_compare_dofile hier_tmp3.lec.do -verbose -noexact_pin_match -constraint -usage  -replace -balanced_extraction -input_output_pin_equivalence  -prepend_string "report_design_data; report_unmapped_points -summary; report_unmapped_points -notmapped; analyze_datapath -module -verbose; eval analyze_datapath $DATAPATH_SOLVER_OPTION -verbose" (line: 377)
// Run Dofile Command            : run_hier_compare hier_tmp3.lec.do -dynamic_hierarchy (line: 1295)
// Hierarchical Compare Result   : PASS
           
// Hierarchical Comparison Statistics
================================================================================
|     Modules|       Total|         Max|         Min|         Avg
--------------------------------------------------------------------------------
|          33|         714|         126|           0|          22
================================================================================
  Modules: Total number of modules.
  Total: Sum of all module runtimes(sec).
  Max: Runtime of module with longest runtime.
  Min: Runtime of module with shortest runtime.
  Avg: Average runtime of all modules.
// Bottleneck Modules: 
================================================================================
|#  |Total               |Modeling/Mapping    |Datapath            |Compare             |Analyze Abort       |Dynamic Flatten     
|   |(sec, % all-module) |(sec, % module)     |(sec, % module)     |(sec, % module)     |(sec, % module)     |(sec, % module)     
--------------------------------------------------------------------------------
|1  |126.0 (17.65%)      |0 (0.00%)           |108.0 (85.71%)      |12.0 (9.52%)        |0 (0.00%)           |0 (0.00%)           
|2  |66.0 (9.24%)        |0 (0.00%)           |8.0 (12.12%)        |42.0 (63.64%)       |0 (0.00%)           |0 (0.00%)           
|3  |63.0 (8.82%)        |8.0 (12.70%)        |37.0 (58.73%)       |14.0 (22.22%)       |0 (0.00%)           |0 (0.00%)           
|4  |38.0 (5.32%)        |0 (0.00%)           |21.0 (55.26%)       |12.0 (31.58%)       |0 (0.00%)           |0 (0.00%)           
|5  |34.0 (4.76%)        |0 (0.00%)           |9.0 (26.47%)        |17.0 (50.00%)       |0 (0.00%)           |0 (0.00%)           
|6  |33.0 (4.62%)        |0 (0.00%)           |8.0 (24.24%)        |15.0 (45.45%)       |0 (0.00%)           |0 (0.00%)           
|7  |33.0 (4.62%)        |0 (0.00%)           |10.0 (30.30%)       |14.0 (42.42%)       |0 (0.00%)           |0 (0.00%)           
|8  |28.0 (3.92%)        |0 (0.00%)           |9.0 (32.14%)        |10.0 (35.71%)       |0 (0.00%)           |0 (0.00%)           
|9  |28.0 (3.92%)        |0 (0.00%)           |10.0 (35.71%)       |12.0 (42.86%)       |0 (0.00%)           |0 (0.00%)           
|10 |26.0 (3.64%)        |0 (0.00%)           |7.0 (26.92%)        |12.0 (46.15%)       |0 (0.00%)           |0 (0.00%)           
================================================================================
 Module Name:
 #1  (G)sha256_core / (R)sha256_core
 #2  (G)blockmem2rptr1w / (R)blockmem2rptr1w
 #3  (G)modexp_core / (R)modexp_core
 #4  (G)sha256_w_mem / (R)sha256_w_mem
 #5  (G)blockmem2r1wptr_1747 / (R)blockmem2r1wptr_1747
 #6  (G)aes_key_mem / (R)aes_key_mem
 #7  (G)blockmem2r1wptr / (R)blockmem2r1wptr
 #8  (G)blockmem1r1w / (R)blockmem1r1w
 #9  (G)blockmem2r1wptr_1746 / (R)blockmem2r1wptr_1746
 #10 (G)sha256 / (R)sha256
--------------------------------------------------------------------------------
 *Dynamic flatten runtime is calculated the process from the beginning of the module until the last black box module are deleted.
================================================================================
 
// Smart LEC Parallel Hierarchical Comparison Analysis
================================================================================
| Workers|     Max|     Min|  Eff(%)|   Speedup|     Saved|   Delta|   Total||
--------------------------------------------------------------------------------
|       1|     714|     714|     100|      1.00|         0|       0|    1790| (*)
|       2|     359|     355|      99|      1.99|       355|     355|    1435| 
|       3|     249|     232|      96|      2.87|       465|     110|    1325| 
|       4|     187|     173|      95|      3.82|       527|      62|    1263| 
|       5|     156|     133|      92|      4.58|       558|      31|    1232| 
|       6|     141|     101|      84|      5.06|       573|      15|    1217| 
|       7|     140|      76|      73|      5.10|       574|       1|    1216| 
|       8|     126|      69|      71|      5.67|       588|      14|    1202| 
================================================================================
  Workers: Number of workers
  Max: Cumulated runtime of the longest running worker
  Min: Cumulated runtime of the shortest running worker
  Efficiency(%): Percentage time workers are utilized
  Speedup: Speedup over a serial run
  Saved: Time saved with the # workers over a serial run
  Delta: Incremental time savings with an additional workers
  Total: Total runtime (including for example read design)
  Row with (*) is number of workers actually used
--------------------------------------------------------------------------------
    Module parallelization is not recommended
               
// Resource usages of analysis: Cpu=0.23s Mem=576MB
0
// Command: vpxmode
// Command: vpxmode
