###############################################################
#  Generated by:      Cadence Innovus 20.14-s095_1
#  OS:                Linux x86_64(Host ID c2sgpr065.Cambridge.edu.in)
#  Generated on:      Tue Jul 28 15:28:22 2026
#  Design:            C2S0306
#  Command:           checkDesign -io -netlist -physicalLibrary -powerGround -tieHilo -timingLibrary -spef -floorplan -place -outdir checkDesign
###############################################################
Design: C2S0306

------ Design Summary:
Total Standard Cell Number   (cells) : 238051
Total Block Cell Number      (cells) : 0
Total I/O Pad Cell Number    (cells) : 304
Total Standard Cell Area     ( um^2) : 4795574.34
Total Block Cell Area        ( um^2) : 0.00
Total I/O Pad Cell Area      ( um^2) : 2690000.00

------ Design Statistics:

Number of Instances            : 238355
Number of Non-uniquified Insts : 238329
Number of Nets                 : 113105
Average number of Pins per Net : 3.47
Maximum number of Pins in Net  : 101

------ I/O Port summary

Number of Primary I/O Ports    : 19
Number of Input Ports          : 15
Number of Output Ports         : 4
Number of Bidirectional Ports  : 0
Number of Power/Ground Ports   : 0



------------------------------------------------------------
Detail report:


------ I/O Pad/Port Checking


------ Primitive Pins DRC Checking

**WARN: Instance 'u_crypto_synth_top/u_piso/g1623__8428' has multiple input pins tied together to net 'u_crypto_synth_top/u_piso/n_48'.
**WARN: Instance 'u_crypto_synth_top/u_piso/g1623__8428' has multiple input pins tied together to net 'u_crypto_synth_top/u_piso/n_0'.
**WARN: Instance 'u_crypto_synth_top/u_top/u_aes/core/dec_block/g34127' has multiple input pins tied together to net 'u_crypto_synth_top/u_top/u_aes/core/dec_block/n_1689'.
**WARN: Instance 'u_crypto_synth_top/u_top/u_aes/core/dec_block/g34127' has multiple input pins tied together to net 'u_crypto_synth_top/u_top/u_aes/core/dec_block/n_749'.
**WARN: Instance 'u_crypto_synth_top/u_top/u_aes/core/dec_block/g34133' has multiple input pins tied together to net 'u_crypto_synth_top/u_top/u_aes/core/dec_block/n_1733'.
**WARN: Instance 'u_crypto_synth_top/u_top/u_aes/core/dec_block/g34133' has multiple input pins tied together to net 'u_crypto_synth_top/u_top/u_aes/core/dec_block/n_750'.
**WARN: Instance 'u_crypto_synth_top/u_top/u_aes/core/dec_block/g34134' has multiple input pins tied together to net 'u_crypto_synth_top/u_top/u_aes/core/dec_block/n_1692'.
**WARN: Instance 'u_crypto_synth_top/u_top/u_aes/core/dec_block/g34134' has multiple input pins tied together to net 'u_crypto_synth_top/u_top/u_aes/core/dec_block/n_754'.
**WARN: Instance 'u_crypto_synth_top/u_top/u_aes/core/dec_block/g34135' has multiple input pins tied together to net 'u_crypto_synth_top/u_top/u_aes/core/dec_block/n_1680'.
**WARN: Instance 'u_crypto_synth_top/u_top/u_aes/core/dec_block/g34135' has multiple input pins tied together to net 'u_crypto_synth_top/u_top/u_aes/core/dec_block/n_755'.
**WARN: Instance 'u_crypto_synth_top/u_top/u_aes/core/dec_block/g34136' has multiple input pins tied together to net 'u_crypto_synth_top/u_top/u_aes/core/dec_block/n_1693'.
**WARN: Instance 'u_crypto_synth_top/u_top/u_aes/core/dec_block/g34136' has multiple input pins tied together to net 'u_crypto_synth_top/u_top/u_aes/core/dec_block/n_842'.
**WARN: Instance 'u_crypto_synth_top/u_top/u_aes/core/dec_block/g34137' has multiple input pins tied together to net 'u_crypto_synth_top/u_top/u_aes/core/dec_block/n_1683'.
**WARN: Instance 'u_crypto_synth_top/u_top/u_aes/core/dec_block/g34137' has multiple input pins tied together to net 'u_crypto_synth_top/u_top/u_aes/core/dec_block/n_851'.
**WARN: Instance 'u_crypto_synth_top/u_top/u_aes/core/dec_block/g34138' has multiple input pins tied together to net 'u_crypto_synth_top/u_top/u_aes/core/dec_block/n_1685'.
**WARN: Instance 'u_crypto_synth_top/u_top/u_aes/core/dec_block/g34138' has multiple input pins tied together to net 'u_crypto_synth_top/u_top/u_aes/core/dec_block/n_870'.
**WARN: Instance 'u_crypto_synth_top/u_top/u_aes/core/dec_block/g34139' has multiple input pins tied together to net 'u_crypto_synth_top/u_top/u_aes/core/dec_block/n_1691'.
**WARN: Instance 'u_crypto_synth_top/u_top/u_aes/core/dec_block/g34139' has multiple input pins tied together to net 'u_crypto_synth_top/u_top/u_aes/core/dec_block/n_784'.
**WARN: Instance 'u_crypto_synth_top/u_top/u_aes/core/dec_block/g34140' has multiple input pins tied together to net 'u_crypto_synth_top/u_top/u_aes/core/dec_block/n_1688'.
**WARN: Instance 'u_crypto_synth_top/u_top/u_aes/core/dec_block/g34140' has multiple input pins tied together to net 'u_crypto_synth_top/u_top/u_aes/core/dec_block/n_765'.
**WARN: Instance 'u_crypto_synth_top/u_top/u_aes/core/dec_block/g34142' has multiple input pins tied together to net 'u_crypto_synth_top/u_top/u_aes/core/dec_block/n_1732'.
**WARN: Instance 'u_crypto_synth_top/u_top/u_aes/core/dec_block/g34142' has multiple input pins tied together to net 'u_crypto_synth_top/u_top/u_aes/core/dec_block/n_350'.
**WARN: Instance 'u_crypto_synth_top/u_top/u_aes/core/dec_block/g34143' has multiple input pins tied together to net 'u_crypto_synth_top/u_top/u_aes/core/dec_block/n_1687'.
**WARN: Instance 'u_crypto_synth_top/u_top/u_aes/core/dec_block/g34143' has multiple input pins tied together to net 'u_crypto_synth_top/u_top/u_aes/core/dec_block/n_1127'.
**WARN: Instance 'u_crypto_synth_top/u_top/u_aes/core/dec_block/g34144' has multiple input pins tied together to net 'u_crypto_synth_top/u_top/u_aes/core/dec_block/n_1734'.
**WARN: Instance 'u_crypto_synth_top/u_top/u_aes/core/dec_block/g34144' has multiple input pins tied together to net 'u_crypto_synth_top/u_top/u_aes/core/dec_block/n_990'.
**WARN: Instance 'u_crypto_synth_top/u_top/u_aes/core/dec_block/g34151' has multiple input pins tied together to net 'u_crypto_synth_top/u_top/u_aes/core/dec_block/n_1682'.
**WARN: Instance 'u_crypto_synth_top/u_top/u_aes/core/dec_block/g34151' has multiple input pins tied together to net 'u_crypto_synth_top/u_top/u_aes/core/dec_block/n_1098'.
**WARN: Instance 'u_crypto_synth_top/u_top/u_aes/core/dec_block/g34152' has multiple input pins tied together to net 'u_crypto_synth_top/u_top/u_aes/core/dec_block/n_1684'.
**WARN: Instance 'u_crypto_synth_top/u_top/u_aes/core/dec_block/g34152' has multiple input pins tied together to net 'u_crypto_synth_top/u_top/u_aes/core/dec_block/n_1101'.
**WARN: Instance 'u_crypto_synth_top/u_top/u_aes/core/dec_block/g34153' has multiple input pins tied together to net 'u_crypto_synth_top/u_top/u_aes/core/dec_block/n_1686'.
**WARN: Instance 'u_crypto_synth_top/u_top/u_aes/core/dec_block/g34153' has multiple input pins tied together to net 'u_crypto_synth_top/u_top/u_aes/core/dec_block/n_1106'.
**WARN: Instance 'u_crypto_synth_top/u_top/u_aes/core/dec_block/g34154' has multiple input pins tied together to net 'u_crypto_synth_top/u_top/u_aes/core/dec_block/n_1690'.
**WARN: Instance 'u_crypto_synth_top/u_top/u_aes/core/dec_block/g34154' has multiple input pins tied together to net 'u_crypto_synth_top/u_top/u_aes/core/dec_block/n_1075'.
**WARN: Instance 'u_crypto_synth_top/u_top/u_aes/core/dec_block/g34155' has multiple input pins tied together to net 'u_crypto_synth_top/u_top/u_aes/core/dec_block/n_1681'.
**WARN: Instance 'u_crypto_synth_top/u_top/u_aes/core/dec_block/g34155' has multiple input pins tied together to net 'u_crypto_synth_top/u_top/u_aes/core/dec_block/n_1168'.
**WARN: Instance 'u_crypto_synth_top/u_top/u_aes/core/dec_block/g34228' has multiple input pins tied together to net 'u_crypto_synth_top/u_top/u_aes/core/dec_block/n_1553'.
**WARN: Instance 'u_crypto_synth_top/u_top/u_aes/core/dec_block/g34228' has multiple input pins tied together to net 'u_crypto_synth_top/u_top/u_aes/core/dec_block/n_760'.
**WARN: Instance 'u_crypto_synth_top/u_top/u_aes/core/dec_block/g34229' has multiple input pins tied together to net 'u_crypto_synth_top/u_top/u_aes/core/dec_block/n_1569'.
**WARN: Instance 'u_crypto_synth_top/u_top/u_aes/core/dec_block/g34229' has multiple input pins tied together to net 'u_crypto_synth_top/u_top/u_aes/core/dec_block/n_746'.
**WARN: Instance 'u_crypto_synth_top/u_top/u_aes/core/dec_block/g34230' has multiple input pins tied together to net 'u_crypto_synth_top/u_top/u_aes/core/dec_block/n_1564'.
**WARN: Instance 'u_crypto_synth_top/u_top/u_aes/core/dec_block/g34230' has multiple input pins tied together to net 'u_crypto_synth_top/u_top/u_aes/core/dec_block/n_743'.
**WARN: Instance 'u_crypto_synth_top/u_top/u_aes/core/dec_block/g34231' has multiple input pins tied together to net 'u_crypto_synth_top/u_top/u_aes/core/dec_block/n_1540'.
**WARN: Instance 'u_crypto_synth_top/u_top/u_aes/core/dec_block/g34231' has multiple input pins tied together to net 'u_crypto_synth_top/u_top/u_aes/core/dec_block/n_579'.
**WARN: Instance 'u_crypto_synth_top/u_top/u_aes/core/dec_block/g34232' has multiple input pins tied together to net 'u_crypto_synth_top/u_top/u_aes/core/dec_block/n_1541'.
**WARN: Instance 'u_crypto_synth_top/u_top/u_aes/core/dec_block/g34232' has multiple input pins tied together to net 'u_crypto_synth_top/u_top/u_aes/core/dec_block/n_1084'.
**WARN: Instance 'u_crypto_synth_top/u_top/u_aes/core/dec_block/g34233' has multiple input pins tied together to net 'u_crypto_synth_top/u_top/u_aes/core/dec_block/n_1540'.
**WARN: Instance 'u_crypto_synth_top/u_top/u_aes/core/dec_block/g34233' has multiple input pins tied together to net 'u_crypto_synth_top/u_top/u_aes/core/dec_block/n_997'.
**WARN: Instance 'u_crypto_synth_top/u_top/u_aes/core/dec_block/g34234' has multiple input pins tied together to net 'u_crypto_synth_top/u_top/u_aes/core/dec_block/n_1557'.
**WARN: Instance 'u_crypto_synth_top/u_top/u_aes/core/dec_block/g34234' has multiple input pins tied together to net 'u_crypto_synth_top/u_top/u_aes/core/dec_block/n_1130'.
**WARN: Instance 'u_crypto_synth_top/u_top/u_aes/core/dec_block/g34235' has multiple input pins tied together to net 'u_crypto_synth_top/u_top/u_aes/core/dec_block/n_1563'.
**WARN: Instance 'u_crypto_synth_top/u_top/u_aes/core/dec_block/g34235' has multiple input pins tied together to net 'u_crypto_synth_top/u_top/u_aes/core/dec_block/n_850'.
**WARN: Instance 'u_crypto_synth_top/u_top/u_aes/core/dec_block/g34236' has multiple input pins tied together to net 'u_crypto_synth_top/u_top/u_aes/core/dec_block/n_1571'.
**WARN: Instance 'u_crypto_synth_top/u_top/u_aes/core/dec_block/g34236' has multiple input pins tied together to net 'u_crypto_synth_top/u_top/u_aes/core/dec_block/n_848'.
**WARN: Instance 'u_crypto_synth_top/u_top/u_aes/core/dec_block/g34237' has multiple input pins tied together to net 'u_crypto_synth_top/u_top/u_aes/core/dec_block/n_1560'.
**WARN: Instance 'u_crypto_synth_top/u_top/u_aes/core/dec_block/g34237' has multiple input pins tied together to net 'u_crypto_synth_top/u_top/u_aes/core/dec_block/n_846'.
**WARN: Instance 'u_crypto_synth_top/u_top/u_aes/core/dec_block/g34238' has multiple input pins tied together to net 'u_crypto_synth_top/u_top/u_aes/core/dec_block/n_1559'.
**WARN: Instance 'u_crypto_synth_top/u_top/u_aes/core/dec_block/g34238' has multiple input pins tied together to net 'u_crypto_synth_top/u_top/u_aes/core/dec_block/n_864'.
**WARN: Instance 'u_crypto_synth_top/u_top/u_aes/core/dec_block/g34239' has multiple input pins tied together to net 'u_crypto_synth_top/u_top/u_aes/core/dec_block/n_1549'.
**WARN: Instance 'u_crypto_synth_top/u_top/u_aes/core/dec_block/g34239' has multiple input pins tied together to net 'u_crypto_synth_top/u_top/u_aes/core/dec_block/n_781'.
**WARN: Instance 'u_crypto_synth_top/u_top/u_aes/core/dec_block/g34240' has multiple input pins tied together to net 'u_crypto_synth_top/u_top/u_aes/core/dec_block/n_1572'.
**WARN: Instance 'u_crypto_synth_top/u_top/u_aes/core/dec_block/g34240' has multiple input pins tied together to net 'u_crypto_synth_top/u_top/u_aes/core/dec_block/n_774'.
**WARN: Instance 'u_crypto_synth_top/u_top/u_aes/core/dec_block/g34241' has multiple input pins tied together to net 'u_crypto_synth_top/u_top/u_aes/core/dec_block/n_1558'.
**WARN: Instance 'u_crypto_synth_top/u_top/u_aes/core/dec_block/g34241' has multiple input pins tied together to net 'u_crypto_synth_top/u_top/u_aes/core/dec_block/n_771'.
**WARN: Instance 'u_crypto_synth_top/u_top/u_aes/core/dec_block/g34242' has multiple input pins tied together to net 'u_crypto_synth_top/u_top/u_aes/core/dec_block/n_1565'.
**WARN: Instance 'u_crypto_synth_top/u_top/u_aes/core/dec_block/g34242' has multiple input pins tied together to net 'u_crypto_synth_top/u_top/u_aes/core/dec_block/n_858'.
**WARN: Instance 'u_crypto_synth_top/u_top/u_aes/core/dec_block/g34243' has multiple input pins tied together to net 'u_crypto_synth_top/u_top/u_aes/core/dec_block/n_1556'.
**WARN: Instance 'u_crypto_synth_top/u_top/u_aes/core/dec_block/g34243' has multiple input pins tied together to net 'u_crypto_synth_top/u_top/u_aes/core/dec_block/n_764'.
**WARN: Instance 'u_crypto_synth_top/u_top/u_aes/core/dec_block/g34244' has multiple input pins tied together to net 'u_crypto_synth_top/u_top/u_aes/core/dec_block/n_1566'.
**WARN: Instance 'u_crypto_synth_top/u_top/u_aes/core/dec_block/g34244' has multiple input pins tied together to net 'u_crypto_synth_top/u_top/u_aes/core/dec_block/n_841'.
**WARN: Instance 'u_crypto_synth_top/u_top/u_aes/core/dec_block/g34245' has multiple input pins tied together to net 'u_crypto_synth_top/u_top/u_aes/core/dec_block/n_1555'.
**WARN: Instance 'u_crypto_synth_top/u_top/u_aes/core/dec_block/g34245' has multiple input pins tied together to net 'u_crypto_synth_top/u_top/u_aes/core/dec_block/n_759'.
**WARN: Instance 'u_crypto_synth_top/u_top/u_aes/core/dec_block/g34246' has multiple input pins tied together to net 'u_crypto_synth_top/u_top/u_aes/core/dec_block/n_1554'.
**WARN: Instance 'u_crypto_synth_top/u_top/u_aes/core/dec_block/g34246' has multiple input pins tied together to net 'u_crypto_synth_top/u_top/u_aes/core/dec_block/n_748'.
**WARN: Instance 'u_crypto_synth_top/u_top/u_aes/core/dec_block/g34247' has multiple input pins tied together to net 'u_crypto_synth_top/u_top/u_aes/core/dec_block/n_1547'.
**WARN: Instance 'u_crypto_synth_top/u_top/u_aes/core/dec_block/g34247' has multiple input pins tied together to net 'u_crypto_synth_top/u_top/u_aes/core/dec_block/n_589'.
**WARN: Instance 'u_crypto_synth_top/u_top/u_aes/core/dec_block/g34248' has multiple input pins tied together to net 'u_crypto_synth_top/u_top/u_aes/core/dec_block/n_1548'.
**WARN: Instance 'u_crypto_synth_top/u_top/u_aes/core/dec_block/g34248' has multiple input pins tied together to net 'u_crypto_synth_top/u_top/u_aes/core/dec_block/n_1072'.
**WARN: Instance 'u_crypto_synth_top/u_top/u_aes/core/dec_block/g34249' has multiple input pins tied together to net 'u_crypto_synth_top/u_top/u_aes/core/dec_block/n_1561'.
**WARN: Instance 'u_crypto_synth_top/u_top/u_aes/core/dec_block/g34249' has multiple input pins tied together to net 'u_crypto_synth_top/u_top/u_aes/core/dec_block/n_1136'.
**WARN: Instance 'u_crypto_synth_top/u_top/u_aes/core/dec_block/g34250' has multiple input pins tied together to net 'u_crypto_synth_top/u_top/u_aes/core/dec_block/n_1562'.
**WARN: Instance 'u_crypto_synth_top/u_top/u_aes/core/dec_block/g34250' has multiple input pins tied together to net 'u_crypto_synth_top/u_top/u_aes/core/dec_block/n_1021'.
**WARN: Instance 'u_crypto_synth_top/u_top/u_aes/core/dec_block/g34251' has multiple input pins tied together to net 'u_crypto_synth_top/u_top/u_aes/core/dec_block/n_1539'.
**WARN: Instance 'u_crypto_synth_top/u_top/u_aes/core/dec_block/g34251' has multiple input pins tied together to net 'u_crypto_synth_top/u_top/u_aes/core/dec_block/n_1209'.
**WARN: Instance 'u_crypto_synth_top/u_top/u_aes/core/dec_block/g34252' has multiple input pins tied together to net 'u_crypto_synth_top/u_top/u_aes/core/dec_block/n_1988'.
**WARN: Instance 'u_crypto_synth_top/u_top/u_aes/core/dec_block/g34252' has multiple input pins tied together to net 'u_crypto_synth_top/u_top/u_aes/core/dec_block/n_1243'.
**WARN: Instance 'u_crypto_synth_top/u_top/u_aes/core/dec_block/g34253' has multiple input pins tied together to net 'u_crypto_synth_top/u_top/u_aes/core/dec_block/n_1543'.
**WARN: Instance 'u_crypto_synth_top/u_top/u_aes/core/dec_block/g34253' has multiple input pins tied together to net 'u_crypto_synth_top/u_top/u_aes/core/dec_block/n_1024'.
**WARN: Instance 'u_crypto_synth_top/u_top/u_aes/core/dec_block/g34254' has multiple input pins tied together to net 'u_crypto_synth_top/u_top/u_aes/core/dec_block/n_1550'.
**WARN: Instance 'u_crypto_synth_top/u_top/u_aes/core/dec_block/g34254' has multiple input pins tied together to net 'u_crypto_synth_top/u_top/u_aes/core/dec_block/n_577'.
**WARN: Instance 'u_crypto_synth_top/u_top/u_aes/core/dec_block/g34255' has multiple input pins tied together to net 'u_crypto_synth_top/u_top/u_aes/core/dec_block/n_1568'.
**WARN: Instance 'u_crypto_synth_top/u_top/u_aes/core/dec_block/g34255' has multiple input pins tied together to net 'u_crypto_synth_top/u_top/u_aes/core/dec_block/n_1070'.
**WARN: Instance 'u_crypto_synth_top/u_top/u_aes/core/dec_block/g34257' has multiple input pins tied together to net 'u_crypto_synth_top/u_top/u_aes/core/dec_block/n_1546'.
**WARN: Instance 'u_crypto_synth_top/u_top/u_aes/core/dec_block/g34257' has multiple input pins tied together to net 'u_crypto_synth_top/u_top/u_aes/core/dec_block/n_1066'.
**WARN: Instance 'u_crypto_synth_top/u_top/u_aes/core/dec_block/g34258' has multiple input pins tied together to net 'u_crypto_synth_top/u_top/u_aes/core/dec_block/n_1567'.
**WARN: Instance 'u_crypto_synth_top/u_top/u_aes/core/dec_block/g34258' has multiple input pins tied together to net 'u_crypto_synth_top/u_top/u_aes/core/dec_block/n_859'.
**WARN: Instance 'u_crypto_synth_top/u_top/u_aes/core/dec_block/g34259' has multiple input pins tied together to net 'u_crypto_synth_top/u_top/u_aes/core/dec_block/n_1545'.
**WARN: Instance 'u_crypto_synth_top/u_top/u_aes/core/dec_block/g34259' has multiple input pins tied together to net 'u_crypto_synth_top/u_top/u_aes/core/dec_block/n_854'.
**WARN: Instance 'u_crypto_synth_top/u_top/u_aes/core/dec_block/g34262' has multiple input pins tied together to net 'u_crypto_synth_top/u_top/u_aes/core/dec_block/n_1537'.
**WARN: Instance 'u_crypto_synth_top/u_top/u_aes/core/dec_block/g34262' has multiple input pins tied together to net 'u_crypto_synth_top/u_top/u_aes/core/dec_block/n_583'.
**WARN: Instance 'u_crypto_synth_top/u_top/u_aes/core/dec_block/g34263' has multiple input pins tied together to net 'u_crypto_synth_top/u_top/u_aes/core/dec_block/n_1542'.
**WARN: Instance 'u_crypto_synth_top/u_top/u_aes/core/dec_block/g34263' has multiple input pins tied together to net 'u_crypto_synth_top/u_top/u_aes/core/dec_block/n_1080'.
**WARN: Instance 'u_crypto_synth_top/u_top/u_aes/core/dec_block/g34264' has multiple input pins tied together to net 'u_crypto_synth_top/u_top/u_aes/core/dec_block/n_1552'.
**WARN: Instance 'u_crypto_synth_top/u_top/u_aes/core/dec_block/g34264' has multiple input pins tied together to net 'u_crypto_synth_top/u_top/u_aes/core/dec_block/n_997'.
**WARN: Instance 'u_crypto_synth_top/u_top/u_aes/core/dec_block/g34266' has multiple input pins tied together to net 'u_crypto_synth_top/u_top/u_aes/core/dec_block/n_1538'.
**WARN: Instance 'u_crypto_synth_top/u_top/u_aes/core/dec_block/g34266' has multiple input pins tied together to net 'u_crypto_synth_top/u_top/u_aes/core/dec_block/n_371'.
**WARN: Instance 'u_crypto_synth_top/u_top/u_aes/core/dec_block/g34267' has multiple input pins tied together to net 'u_crypto_synth_top/u_top/u_aes/core/dec_block/n_1541'.
**WARN: Instance 'u_crypto_synth_top/u_top/u_aes/core/dec_block/g34267' has multiple input pins tied together to net 'u_crypto_synth_top/u_top/u_aes/core/dec_block/n_1118'.
**WARN: Instance 'u_crypto_synth_top/u_top/u_aes/core/dec_block/g34268' has multiple input pins tied together to net 'u_crypto_synth_top/u_top/u_aes/core/dec_block/n_1539'.
**WARN: Instance 'u_crypto_synth_top/u_top/u_aes/core/dec_block/g34268' has multiple input pins tied together to net 'u_crypto_synth_top/u_top/u_aes/core/dec_block/n_1017'.
**WARN: Instance 'u_crypto_synth_top/u_top/u_aes/core/dec_block/g34270' has multiple input pins tied together to net 'u_crypto_synth_top/u_top/u_aes/core/dec_block/n_1538'.
**WARN: Instance 'u_crypto_synth_top/u_top/u_aes/core/dec_block/g34270' has multiple input pins tied together to net 'u_crypto_synth_top/u_top/u_aes/core/dec_block/n_407'.
**WARN: Instance 'u_crypto_synth_top/u_top/u_aes/core/dec_block/g34272' has multiple input pins tied together to net 'u_crypto_synth_top/u_top/u_aes/core/dec_block/n_1537'.
**WARN: Instance 'u_crypto_synth_top/u_top/u_aes/core/dec_block/g34272' has multiple input pins tied together to net 'u_crypto_synth_top/u_top/u_aes/core/dec_block/n_346'.
**WARN: Instance 'u_crypto_synth_top/u_top/u_aes/core/dec_block/g34274' has multiple input pins tied together to net 'u_crypto_synth_top/u_top/u_aes/core/dec_block/n_1570'.
**WARN: Instance 'u_crypto_synth_top/u_top/u_aes/core/dec_block/g34274' has multiple input pins tied together to net 'u_crypto_synth_top/u_top/u_aes/core/dec_block/n_312'.
**WARN: Instance 'u_crypto_synth_top/u_top/u_aes/core/dec_block/g34275' has multiple input pins tied together to net 'u_crypto_synth_top/u_top/u_aes/core/dec_block/n_1535'.
**WARN: Instance 'u_crypto_synth_top/u_top/u_aes/core/dec_block/g34275' has multiple input pins tied together to net 'u_crypto_synth_top/u_top/u_aes/core/dec_block/n_1080'.
**WARN: Instance 'u_crypto_synth_top/u_top/u_aes/core/dec_block/g34392' has multiple input pins tied together to net 'u_crypto_synth_top/u_top/u_aes/core/dec_block/n_1416'.
**WARN: Instance 'u_crypto_synth_top/u_top/u_aes/core/dec_block/g34392' has multiple input pins tied together to net 'u_crypto_synth_top/u_top/u_aes/core/dec_block/n_1342'.
**WARN: Instance 'u_crypto_synth_top/u_top/u_aes/core/dec_block/g34393' has multiple input pins tied together to net 'u_crypto_synth_top/u_top/u_aes/core/dec_block/n_1424'.
**WARN: Instance 'u_crypto_synth_top/u_top/u_aes/core/dec_block/g34393' has multiple input pins tied together to net 'u_crypto_synth_top/u_top/u_aes/core/dec_block/n_1012'.
**WARN: Instance 'u_crypto_synth_top/u_top/u_aes/core/dec_block/g34394' has multiple input pins tied together to net 'u_crypto_synth_top/u_top/u_aes/core/dec_block/n_1413'.
**WARN: Instance 'u_crypto_synth_top/u_top/u_aes/core/dec_block/g34394' has multiple input pins tied together to net 'u_crypto_synth_top/u_top/u_aes/core/dec_block/n_975'.
**WARN: Instance 'u_crypto_synth_top/u_top/u_aes/core/dec_block/g34395' has multiple input pins tied together to net 'u_crypto_synth_top/u_top/u_aes/core/dec_block/n_1425'.
**WARN: Instance 'u_crypto_synth_top/u_top/u_aes/core/dec_block/g34395' has multiple input pins tied together to net 'u_crypto_synth_top/u_top/u_aes/core/dec_block/n_857'.
**WARN: Instance 'u_crypto_synth_top/u_top/u_aes/core/dec_block/g34398' has multiple input pins tied together to net 'u_crypto_synth_top/u_top/u_aes/core/dec_block/n_1421'.
**WARN: Instance 'u_crypto_synth_top/u_top/u_aes/core/dec_block/g34398' has multiple input pins tied together to net 'u_crypto_synth_top/u_top/u_aes/core/dec_block/n_852'.
**WARN: Instance 'u_crypto_synth_top/u_top/u_aes/core/dec_block/g34399' has multiple input pins tied together to net 'u_crypto_synth_top/u_top/u_aes/core/dec_block/n_1418'.
**WARN: Instance 'u_crypto_synth_top/u_top/u_aes/core/dec_block/g34399' has multiple input pins tied together to net 'u_crypto_synth_top/u_top/u_aes/core/dec_block/n_553'.
**WARN: Instance 'u_crypto_synth_top/u_top/u_aes/core/dec_block/g34400' has multiple input pins tied together to net 'u_crypto_synth_top/u_top/u_aes/core/dec_block/n_1420'.
**WARN: Instance 'u_crypto_synth_top/u_top/u_aes/core/dec_block/g34400' has multiple input pins tied together to net 'u_crypto_synth_top/u_top/u_aes/core/dec_block/n_762'.
**WARN: Instance 'u_crypto_synth_top/u_top/u_aes/core/dec_block/g34401' has multiple input pins tied together to net 'u_crypto_synth_top/u_top/u_aes/core/dec_block/n_1426'.
**WARN: Instance 'u_crypto_synth_top/u_top/u_aes/core/dec_block/g34401' has multiple input pins tied together to net 'u_crypto_synth_top/u_top/u_aes/core/dec_block/n_849'.
**WARN: Instance 'u_crypto_synth_top/u_top/u_aes/core/dec_block/g34402' has multiple input pins tied together to net 'u_crypto_synth_top/u_top/u_aes/core/dec_block/n_1429'.
**WARN: Instance 'u_crypto_synth_top/u_top/u_aes/core/dec_block/g34402' has multiple input pins tied together to net 'u_crypto_synth_top/u_top/u_aes/core/dec_block/n_840'.
**WARN: Instance 'u_crypto_synth_top/u_top/u_aes/core/dec_block/g34403' has multiple input pins tied together to net 'u_crypto_synth_top/u_top/u_aes/core/dec_block/n_1428'.
**WARN: Instance 'u_crypto_synth_top/u_top/u_aes/core/dec_block/g34403' has multiple input pins tied together to net 'u_crypto_synth_top/u_top/u_aes/core/dec_block/n_773'.
**WARN: Instance 'u_crypto_synth_top/u_top/u_aes/core/dec_block/g34404' has multiple input pins tied together to net 'u_crypto_synth_top/u_top/u_aes/core/dec_block/n_1411'.
**WARN: Instance 'u_crypto_synth_top/u_top/u_aes/core/dec_block/g34404' has multiple input pins tied together to net 'u_crypto_synth_top/u_top/u_aes/core/dec_block/n_873'.
**WARN: Instance 'u_crypto_synth_top/u_top/u_aes/core/dec_block/g34405' has multiple input pins tied together to net 'u_crypto_synth_top/u_top/u_aes/core/dec_block/n_1414'.
**WARN: Instance 'u_crypto_synth_top/u_top/u_aes/core/dec_block/g34405' has multiple input pins tied together to net 'u_crypto_synth_top/u_top/u_aes/core/dec_block/n_847'.
**WARN: Instance 'u_crypto_synth_top/u_top/u_aes/core/dec_block/g34406' has multiple input pins tied together to net 'u_crypto_synth_top/u_top/u_aes/core/dec_block/n_1408'.
**WARN: Instance 'u_crypto_synth_top/u_top/u_aes/core/dec_block/g34406' has multiple input pins tied together to net 'u_crypto_synth_top/u_top/u_aes/core/dec_block/n_318'.
**WARN: Instance 'u_crypto_synth_top/u_top/u_aes/core/dec_block/g34407' has multiple input pins tied together to net 'u_crypto_synth_top/u_top/u_aes/core/dec_block/n_1478'.
**WARN: Instance 'u_crypto_synth_top/u_top/u_aes/core/dec_block/g34407' has multiple input pins tied together to net 'u_crypto_synth_top/u_top/u_aes/core/dec_block/n_575'.
**WARN: Instance 'u_crypto_synth_top/u_top/u_aes/core/dec_block/g34408' has multiple input pins tied together to net 'u_crypto_synth_top/u_top/u_aes/core/dec_block/n_1409'.
**WARN: Instance 'u_crypto_synth_top/u_top/u_aes/core/dec_block/g34408' has multiple input pins tied together to net 'u_crypto_synth_top/u_top/u_aes/core/dec_block/n_318'.
**WARN: Instance 'u_crypto_synth_top/u_top/u_aes/core/dec_block/g34409' has multiple input pins tied together to net 'u_crypto_synth_top/u_top/u_aes/core/dec_block/n_1410'.
**WARN: Instance 'u_crypto_synth_top/u_top/u_aes/core/dec_block/g34409' has multiple input pins tied together to net 'u_crypto_synth_top/u_top/u_aes/core/dec_block/n_698'.
**WARN: Instance 'u_crypto_synth_top/u_top/u_aes/core/dec_block/g34410' has multiple input pins tied together to net 'u_crypto_synth_top/u_top/u_aes/core/dec_block/n_1415'.
**WARN: Instance 'u_crypto_synth_top/u_top/u_aes/core/dec_block/g34410' has multiple input pins tied together to net 'u_crypto_synth_top/u_top/u_aes/core/dec_block/n_1043'.
**WARN: Instance 'u_crypto_synth_top/u_top/u_aes/core/dec_block/g34411' has multiple input pins tied together to net 'u_crypto_synth_top/u_top/u_aes/core/dec_block/n_1476'.
**WARN: Instance 'u_crypto_synth_top/u_top/u_aes/core/dec_block/g34411' has multiple input pins tied together to net 'u_crypto_synth_top/u_top/u_aes/core/dec_block/n_395'.
**WARN: Instance 'u_crypto_synth_top/u_top/u_aes/core/dec_block/g34412' has multiple input pins tied together to net 'u_crypto_synth_top/u_top/u_aes/core/dec_block/n_1405'.
**WARN: Instance 'u_crypto_synth_top/u_top/u_aes/core/dec_block/g34412' has multiple input pins tied together to net 'u_crypto_synth_top/u_top/u_aes/core/dec_block/n_393'.
**WARN: Instance 'u_crypto_synth_top/u_top/u_aes/core/dec_block/g34413' has multiple input pins tied together to net 'u_crypto_synth_top/u_top/u_aes/core/dec_block/n_1476'.
**WARN: Instance 'u_crypto_synth_top/u_top/u_aes/core/dec_block/g34413' has multiple input pins tied together to net 'u_crypto_synth_top/u_top/u_aes/core/dec_block/n_608'.
**WARN: Instance 'u_crypto_synth_top/u_top/u_aes/core/dec_block/g34414' has multiple input pins tied together to net 'u_crypto_synth_top/u_top/u_aes/core/dec_block/n_1481'.
**WARN: Instance 'u_crypto_synth_top/u_top/u_aes/core/dec_block/g34414' has multiple input pins tied together to net 'u_crypto_synth_top/u_top/u_aes/core/dec_block/n_700'.
**WARN: Instance 'u_crypto_synth_top/u_top/u_aes/core/dec_block/g34415' has multiple input pins tied together to net 'u_crypto_synth_top/u_top/u_aes/core/dec_block/n_1474'.
**WARN: Instance 'u_crypto_synth_top/u_top/u_aes/core/dec_block/g34415' has multiple input pins tied together to net 'u_crypto_synth_top/u_top/u_aes/core/dec_block/n_539'.
**WARN: Instance 'u_crypto_synth_top/u_top/u_aes/core/dec_block/g34418' has multiple input pins tied together to net 'u_crypto_synth_top/u_top/u_aes/core/dec_block/n_1406'.
**WARN: Instance 'u_crypto_synth_top/u_top/u_aes/core/dec_block/g34418' has multiple input pins tied together to net 'u_crypto_synth_top/u_top/u_aes/core/dec_block/n_559'.
**WARN: Instance 'u_crypto_synth_top/u_top/u_aes/core/dec_block/g34419' has multiple input pins tied together to net 'u_crypto_synth_top/u_top/u_aes/core/dec_block/n_1475'.
**WARN: Instance 'u_crypto_synth_top/u_top/u_aes/core/dec_block/g34419' has multiple input pins tied together to net 'u_crypto_synth_top/u_top/u_aes/core/dec_block/n_523'.
**WARN: Instance 'u_crypto_synth_top/u_top/u_aes/core/dec_block/g34420' has multiple input pins tied together to net 'u_crypto_synth_top/u_top/u_aes/core/dec_block/n_1405'.
**WARN: Instance 'u_crypto_synth_top/u_top/u_aes/core/dec_block/g34420' has multiple input pins tied together to net 'u_crypto_synth_top/u_top/u_aes/core/dec_block/n_415'.
**WARN: Instance 'u_crypto_synth_top/u_top/u_aes/core/dec_block/g34422' has multiple input pins tied together to net 'u_crypto_synth_top/u_top/u_aes/core/dec_block/n_1474'.
**WARN: Instance 'u_crypto_synth_top/u_top/u_aes/core/dec_block/g34422' has multiple input pins tied together to net 'u_crypto_synth_top/u_top/u_aes/core/dec_block/n_549'.
**WARN: Instance 'u_crypto_synth_top/u_top/u_aes/core/dec_block/g34423' has multiple input pins tied together to net 'u_crypto_synth_top/u_top/u_aes/core/dec_block/n_1407'.
**WARN: Instance 'u_crypto_synth_top/u_top/u_aes/core/dec_block/g34423' has multiple input pins tied together to net 'u_crypto_synth_top/u_top/u_aes/core/dec_block/n_387'.
**WARN: Instance 'u_crypto_synth_top/u_top/u_aes/core/dec_block/g34424' has multiple input pins tied together to net 'u_crypto_synth_top/u_top/u_aes/core/dec_block/n_1406'.
**WARN: Instance 'u_crypto_synth_top/u_top/u_aes/core/dec_block/g34424' has multiple input pins tied together to net 'u_crypto_synth_top/u_top/u_aes/core/dec_block/n_336'.
**WARN: Instance 'u_crypto_synth_top/u_top/u_aes/core/dec_block/g34425' has multiple input pins tied together to net 'u_crypto_synth_top/u_top/u_aes/core/dec_block/n_1475'.
**WARN: Instance 'u_crypto_synth_top/u_top/u_aes/core/dec_block/g34425' has multiple input pins tied together to net 'u_crypto_synth_top/u_top/u_aes/core/dec_block/n_385'.
**WARN: Instance 'u_crypto_synth_top/u_top/u_aes/core/dec_block/g34426' has multiple input pins tied together to net 'u_crypto_synth_top/u_top/u_aes/core/dec_block/n_1404'.
**WARN: Instance 'u_crypto_synth_top/u_top/u_aes/core/dec_block/g34426' has multiple input pins tied together to net 'u_crypto_synth_top/u_top/u_aes/core/dec_block/n_833'.
**WARN: Instance 'u_crypto_synth_top/u_top/u_aes/core/dec_block/g34428' has multiple input pins tied together to net 'u_crypto_synth_top/u_top/u_aes/core/dec_block/n_1479'.
**WARN: Instance 'u_crypto_synth_top/u_top/u_aes/core/dec_block/g34428' has multiple input pins tied together to net 'u_crypto_synth_top/u_top/u_aes/core/dec_block/n_1150'.
**WARN: Instance 'u_crypto_synth_top/u_top/u_aes/core/dec_block/g34429' has multiple input pins tied together to net 'u_crypto_synth_top/u_top/u_aes/core/dec_block/n_1478'.
**WARN: Instance 'u_crypto_synth_top/u_top/u_aes/core/dec_block/g34429' has multiple input pins tied together to net 'u_crypto_synth_top/u_top/u_aes/core/dec_block/n_571'.
**WARN: Instance 'u_crypto_synth_top/u_top/u_aes/core/dec_block/g34430' has multiple input pins tied together to net 'u_crypto_synth_top/u_top/u_aes/core/dec_block/n_1409'.
**WARN: Instance 'u_crypto_synth_top/u_top/u_aes/core/dec_block/g34430' has multiple input pins tied together to net 'u_crypto_synth_top/u_top/u_aes/core/dec_block/n_735'.
**WARN: Instance 'u_crypto_synth_top/u_top/u_aes/core/dec_block/g34431' has multiple input pins tied together to net 'u_crypto_synth_top/u_top/u_aes/core/dec_block/n_1477'.
**WARN: Instance 'u_crypto_synth_top/u_top/u_aes/core/dec_block/g34431' has multiple input pins tied together to net 'u_crypto_synth_top/u_top/u_aes/core/dec_block/n_1001'.
**WARN: Instance 'u_crypto_synth_top/u_top/u_aes/core/dec_block/g34432' has multiple input pins tied together to net 'u_crypto_synth_top/u_top/u_aes/core/dec_block/n_1412'.
**WARN: Instance 'u_crypto_synth_top/u_top/u_aes/core/dec_block/g34432' has multiple input pins tied together to net 'u_crypto_synth_top/u_top/u_aes/core/dec_block/n_1083'.
**WARN: Instance 'u_crypto_synth_top/u_top/u_aes/core/dec_block/g34433' has multiple input pins tied together to net 'u_crypto_synth_top/u_top/u_aes/core/dec_block/n_1404'.
**WARN: Instance 'u_crypto_synth_top/u_top/u_aes/core/dec_block/g34433' has multiple input pins tied together to net 'u_crypto_synth_top/u_top/u_aes/core/dec_block/n_1097'.
**WARN: Instance 'u_crypto_synth_top/u_top/u_aes/core/dec_block/g34435' has multiple input pins tied together to net 'u_crypto_synth_top/u_top/u_aes/core/dec_block/n_1427'.
**WARN: Instance 'u_crypto_synth_top/u_top/u_aes/core/dec_block/g34435' has multiple input pins tied together to net 'u_crypto_synth_top/u_top/u_aes/core/dec_block/n_1053'.
**WARN: Instance 'u_crypto_synth_top/u_top/u_aes/core/dec_block/g34436' has multiple input pins tied together to net 'u_crypto_synth_top/u_top/u_aes/core/dec_block/n_1483'.
**WARN: Instance 'u_crypto_synth_top/u_top/u_aes/core/dec_block/g34436' has multiple input pins tied together to net 'u_crypto_synth_top/u_top/u_aes/core/dec_block/n_963'.
**WARN: Instance 'u_crypto_synth_top/u_top/u_aes/core/dec_block/g34437' has multiple input pins tied together to net 'u_crypto_synth_top/u_top/u_aes/core/dec_block/n_1422'.
**WARN: Instance 'u_crypto_synth_top/u_top/u_aes/core/dec_block/g34437' has multiple input pins tied together to net 'u_crypto_synth_top/u_top/u_aes/core/dec_block/n_839'.
**WARN: Instance 'u_crypto_synth_top/u_top/u_aes/core/dec_block/g34438' has multiple input pins tied together to net 'u_crypto_synth_top/u_top/u_aes/core/dec_block/n_1482'.
**WARN: Instance 'u_crypto_synth_top/u_top/u_aes/core/dec_block/g34438' has multiple input pins tied together to net 'u_crypto_synth_top/u_top/u_aes/core/dec_block/n_796'.
**WARN: Instance 'u_crypto_synth_top/u_top/u_aes/core/dec_block/g34439' has multiple input pins tied together to net 'u_crypto_synth_top/u_top/u_aes/core/dec_block/n_1419'.
**WARN: Instance 'u_crypto_synth_top/u_top/u_aes/core/dec_block/g34439' has multiple input pins tied together to net 'u_crypto_synth_top/u_top/u_aes/core/dec_block/n_821'.
**WARN: Instance 'u_crypto_synth_top/u_top/u_aes/core/dec_block/g34440' has multiple input pins tied together to net 'u_crypto_synth_top/u_top/u_aes/core/dec_block/n_1430'.
**WARN: Instance 'u_crypto_synth_top/u_top/u_aes/core/dec_block/g34440' has multiple input pins tied together to net 'u_crypto_synth_top/u_top/u_aes/core/dec_block/n_869'.
**WARN: Instance 'u_crypto_synth_top/u_top/u_aes/core/dec_block/g34442' has multiple input pins tied together to net 'u_crypto_synth_top/u_top/u_aes/core/dec_block/n_1480'.
**WARN: Instance 'u_crypto_synth_top/u_top/u_aes/core/dec_block/g34442' has multiple input pins tied together to net 'u_crypto_synth_top/u_top/u_aes/core/dec_block/n_792'.
**WARN: Instance 'u_crypto_synth_top/u_top/u_aes/core/dec_block/g34443' has multiple input pins tied together to net 'u_crypto_synth_top/u_top/u_aes/core/dec_block/n_1423'.
**WARN: Instance 'u_crypto_synth_top/u_top/u_aes/core/dec_block/g34443' has multiple input pins tied together to net 'u_crypto_synth_top/u_top/u_aes/core/dec_block/n_325'.
**WARN: Instance 'u_crypto_synth_top/u_top/u_aes/core/dec_block/g34531' has multiple input pins tied together to net 'u_crypto_synth_top/u_top/u_aes/core/dec_block/n_1350'.
**WARN: Instance 'u_crypto_synth_top/u_top/u_aes/core/dec_block/g34531' has multiple input pins tied together to net 'u_crypto_synth_top/u_top/u_aes/core/dec_block/n_767'.
**WARN: Instance 'u_crypto_synth_top/u_top/u_aes/core/dec_block/g34532' has multiple input pins tied together to net 'u_crypto_synth_top/u_top/u_aes/core/dec_block/n_1363'.
**WARN: Instance 'u_crypto_synth_top/u_top/u_aes/core/dec_block/g34532' has multiple input pins tied together to net 'u_crypto_synth_top/u_top/u_aes/core/dec_block/n_432'.
**WARN: Instance 'u_crypto_synth_top/u_top/u_aes/core/dec_block/g34533' has multiple input pins tied together to net 'u_crypto_synth_top/u_top/u_aes/core/dec_block/n_1340'.
**WARN: Instance 'u_crypto_synth_top/u_top/u_aes/core/dec_block/g34533' has multiple input pins tied together to net 'u_crypto_synth_top/u_top/u_aes/core/dec_block/n_823'.
**WARN: Instance 'u_crypto_synth_top/u_top/u_aes/core/dec_block/g34534' has multiple input pins tied together to net 'u_crypto_synth_top/u_top/u_aes/core/dec_block/n_1296'.
**WARN: Instance 'u_crypto_synth_top/u_top/u_aes/core/dec_block/g34534' has multiple input pins tied together to net 'u_crypto_synth_top/u_top/u_aes/core/dec_block/n_403'.
**WARN: Instance 'u_crypto_synth_top/u_top/u_aes/core/dec_block/g34535' has multiple input pins tied together to net 'u_crypto_synth_top/u_top/u_aes/core/dec_block/n_1361'.
**WARN: Instance 'u_crypto_synth_top/u_top/u_aes/core/dec_block/g34535' has multiple input pins tied together to net 'u_crypto_synth_top/u_top/u_aes/core/dec_block/n_726'.
**WARN: Instance 'u_crypto_synth_top/u_top/u_aes/core/dec_block/g34536' has multiple input pins tied together to net 'u_crypto_synth_top/u_top/u_aes/core/dec_block/n_1349'.
**WARN: Instance 'u_crypto_synth_top/u_top/u_aes/core/dec_block/g34536' has multiple input pins tied together to net 'u_crypto_synth_top/u_top/u_aes/core/dec_block/n_826'.
**WARN: Instance 'u_crypto_synth_top/u_top/u_aes/core/dec_block/g34537' has multiple input pins tied together to net 'u_crypto_synth_top/u_top/u_aes/core/dec_block/n_1339'.
**WARN: Instance 'u_crypto_synth_top/u_top/u_aes/core/dec_block/g34537' has multiple input pins tied together to net 'u_crypto_synth_top/u_top/u_aes/core/dec_block/n_405'.
**WARN: Instance 'u_crypto_synth_top/u_top/u_aes/core/dec_block/g34538' has multiple input pins tied together to net 'u_crypto_synth_top/u_top/u_aes/core/dec_block/n_1351'.
**WARN: Instance 'u_crypto_synth_top/u_top/u_aes/core/dec_block/g34538' has multiple input pins tied together to net 'u_crypto_synth_top/u_top/u_aes/core/dec_block/n_1029'.
**WARN: Instance 'u_crypto_synth_top/u_top/u_aes/core/dec_block/g34539' has multiple input pins tied together to net 'u_crypto_synth_top/u_top/u_aes/core/dec_block/n_1353'.
**WARN: Instance 'u_crypto_synth_top/u_top/u_aes/core/dec_block/g34539' has multiple input pins tied together to net 'u_crypto_synth_top/u_top/u_aes/core/dec_block/n_317'.
**WARN: Instance 'u_crypto_synth_top/u_top/u_aes/core/dec_block/g34540' has multiple input pins tied together to net 'u_crypto_synth_top/u_top/u_aes/core/dec_block/n_1347'.
**WARN: Instance 'u_crypto_synth_top/u_top/u_aes/core/dec_block/g34540' has multiple input pins tied together to net 'u_crypto_synth_top/u_top/u_aes/core/dec_block/n_316'.
**WARN: Instance 'u_crypto_synth_top/u_top/u_aes/core/dec_block/g34541' has multiple input pins tied together to net 'u_crypto_synth_top/u_top/u_aes/core/dec_block/n_1357'.
**WARN: Instance 'u_crypto_synth_top/u_top/u_aes/core/dec_block/g34541' has multiple input pins tied together to net 'u_crypto_synth_top/u_top/u_aes/core/dec_block/n_324'.
**WARN: Instance 'u_crypto_synth_top/u_top/u_aes/core/dec_block/g34543' has multiple input pins tied together to net 'u_crypto_synth_top/u_top/u_aes/core/dec_block/n_1305'.
**WARN: Instance 'u_crypto_synth_top/u_top/u_aes/core/dec_block/g34543' has multiple input pins tied together to net 'u_crypto_synth_top/u_top/u_aes/core/dec_block/n_863'.
**WARN: Instance 'u_crypto_synth_top/u_top/u_aes/core/dec_block/g34544' has multiple input pins tied together to net 'u_crypto_synth_top/u_top/u_aes/core/dec_block/n_1358'.
**WARN: Instance 'u_crypto_synth_top/u_top/u_aes/core/dec_block/g34544' has multiple input pins tied together to net 'u_crypto_synth_top/u_top/u_aes/core/dec_block/n_1129'.
**WARN: Instance 'u_crypto_synth_top/u_top/u_aes/core/dec_block/g34545' has multiple input pins tied together to net 'u_crypto_synth_top/u_top/u_aes/core/dec_block/n_1314'.
**WARN: Instance 'u_crypto_synth_top/u_top/u_aes/core/dec_block/g34545' has multiple input pins tied together to net 'u_crypto_synth_top/u_top/u_aes/core/dec_block/n_744'.
**WARN: Instance 'u_crypto_synth_top/u_top/u_aes/core/dec_block/g34546' has multiple input pins tied together to net 'u_crypto_synth_top/u_top/u_aes/core/dec_block/n_1346'.
**WARN: Instance 'u_crypto_synth_top/u_top/u_aes/core/dec_block/g34546' has multiple input pins tied together to net 'u_crypto_synth_top/u_top/u_aes/core/dec_block/n_753'.
**WARN: Instance 'u_crypto_synth_top/u_top/u_aes/core/dec_block/g34547' has multiple input pins tied together to net 'u_crypto_synth_top/u_top/u_aes/core/dec_block/n_1308'.
**WARN: Instance 'u_crypto_synth_top/u_top/u_aes/core/dec_block/g34547' has multiple input pins tied together to net 'u_crypto_synth_top/u_top/u_aes/core/dec_block/n_747'.
**WARN: Instance 'u_crypto_synth_top/u_top/u_aes/core/dec_block/g34550' has multiple input pins tied together to net 'u_crypto_synth_top/u_top/u_aes/core/dec_block/n_1345'.
**WARN: Instance 'u_crypto_synth_top/u_top/u_aes/core/dec_block/g34550' has multiple input pins tied together to net 'u_crypto_synth_top/u_top/u_aes/core/dec_block/n_1167'.
**WARN: Instance 'u_crypto_synth_top/u_top/u_aes/core/dec_block/g34551' has multiple input pins tied together to net 'u_crypto_synth_top/u_top/u_aes/core/dec_block/n_1348'.
**WARN: Instance 'u_crypto_synth_top/u_top/u_aes/core/dec_block/g34551' has multiple input pins tied together to net 'u_crypto_synth_top/u_top/u_aes/core/dec_block/n_782'.
**WARN: Instance 'u_crypto_synth_top/u_top/u_aes/core/dec_block/g34552' has multiple input pins tied together to net 'u_crypto_synth_top/u_top/u_aes/core/dec_block/n_1310'.
**WARN: Instance 'u_crypto_synth_top/u_top/u_aes/core/dec_block/g34552' has multiple input pins tied together to net 'u_crypto_synth_top/u_top/u_aes/core/dec_block/n_751'.
**WARN: Instance 'u_crypto_synth_top/u_top/u_aes/core/dec_block/g34553' has multiple input pins tied together to net 'u_crypto_synth_top/u_top/u_aes/core/dec_block/n_1300'.
**WARN: Instance 'u_crypto_synth_top/u_top/u_aes/core/dec_block/g34553' has multiple input pins tied together to net 'u_crypto_synth_top/u_top/u_aes/core/dec_block/n_769'.
**WARN: Instance 'u_crypto_synth_top/u_top/u_aes/core/dec_block/g34554' has multiple input pins tied together to net 'u_crypto_synth_top/u_top/u_aes/core/dec_block/n_1302'.
**WARN: Instance 'u_crypto_synth_top/u_top/u_aes/core/dec_block/g34554' has multiple input pins tied together to net 'u_crypto_synth_top/u_top/u_aes/core/dec_block/n_843'.
**WARN: Instance 'u_crypto_synth_top/u_top/u_aes/core/dec_block/g34555' has multiple input pins tied together to net 'u_crypto_synth_top/u_top/u_aes/core/dec_block/n_1304'.
**WARN: Instance 'u_crypto_synth_top/u_top/u_aes/core/dec_block/g34555' has multiple input pins tied together to net 'u_crypto_synth_top/u_top/u_aes/core/dec_block/n_862'.
**WARN: Instance 'u_crypto_synth_top/u_top/u_aes/core/dec_block/g34556' has multiple input pins tied together to net 'u_crypto_synth_top/u_top/u_aes/core/dec_block/n_1359'.
**WARN: Instance 'u_crypto_synth_top/u_top/u_aes/core/dec_block/g34556' has multiple input pins tied together to net 'u_crypto_synth_top/u_top/u_aes/core/dec_block/n_770'.
**WARN: Instance 'u_crypto_synth_top/u_top/u_aes/core/dec_block/g34557' has multiple input pins tied together to net 'u_crypto_synth_top/u_top/u_aes/core/dec_block/n_1311'.
**WARN: Instance 'u_crypto_synth_top/u_top/u_aes/core/dec_block/g34557' has multiple input pins tied together to net 'u_crypto_synth_top/u_top/u_aes/core/dec_block/n_871'.
**WARN: Instance 'u_crypto_synth_top/u_top/u_aes/core/dec_block/g34558' has multiple input pins tied together to net 'u_crypto_synth_top/u_top/u_aes/core/dec_block/n_1338'.
**WARN: Instance 'u_crypto_synth_top/u_top/u_aes/core/dec_block/g34558' has multiple input pins tied together to net 'u_crypto_synth_top/u_top/u_aes/core/dec_block/n_779'.
**WARN: Instance 'u_crypto_synth_top/u_top/u_aes/core/dec_block/g34559' has multiple input pins tied together to net 'u_crypto_synth_top/u_top/u_aes/core/dec_block/n_1364'.
**WARN: Instance 'u_crypto_synth_top/u_top/u_aes/core/dec_block/g34559' has multiple input pins tied together to net 'u_crypto_synth_top/u_top/u_aes/core/dec_block/n_776'.
**WARN: Instance 'u_crypto_synth_top/u_top/u_aes/core/dec_block/g34560' has multiple input pins tied together to net 'u_crypto_synth_top/u_top/u_aes/core/dec_block/n_1312'.
**WARN: Instance 'u_crypto_synth_top/u_top/u_aes/core/dec_block/g34560' has multiple input pins tied together to net 'u_crypto_synth_top/u_top/u_aes/core/dec_block/n_768'.
**WARN: Instance 'u_crypto_synth_top/u_top/u_aes/core/dec_block/g34561' has multiple input pins tied together to net 'u_crypto_synth_top/u_top/u_aes/core/dec_block/n_1306'.
**WARN: Instance 'u_crypto_synth_top/u_top/u_aes/core/dec_block/g34561' has multiple input pins tied together to net 'u_crypto_synth_top/u_top/u_aes/core/dec_block/n_763'.
**WARN: Instance 'u_crypto_synth_top/u_top/u_aes/core/dec_block/g34562' has multiple input pins tied together to net 'u_crypto_synth_top/u_top/u_aes/core/dec_block/n_1307'.
**WARN: Instance 'u_crypto_synth_top/u_top/u_aes/core/dec_block/g34562' has multiple input pins tied together to net 'u_crypto_synth_top/u_top/u_aes/core/dec_block/n_761'.
**WARN: Instance 'u_crypto_synth_top/u_top/u_aes/core/dec_block/g34563' has multiple input pins tied together to net 'u_crypto_synth_top/u_top/u_aes/core/dec_block/n_1341'.
**WARN: Instance 'u_crypto_synth_top/u_top/u_aes/core/dec_block/g34563' has multiple input pins tied together to net 'u_crypto_synth_top/u_top/u_aes/core/dec_block/n_832'.
**WARN: Instance 'u_crypto_synth_top/u_top/u_aes/core/dec_block/g34564' has multiple input pins tied together to net 'u_crypto_synth_top/u_top/u_aes/core/dec_block/n_1301'.
**WARN: Instance 'u_crypto_synth_top/u_top/u_aes/core/dec_block/g34564' has multiple input pins tied together to net 'u_crypto_synth_top/u_top/u_aes/core/dec_block/n_860'.
**WARN: Instance 'u_crypto_synth_top/u_top/u_aes/core/dec_block/g34565' has multiple input pins tied together to net 'u_crypto_synth_top/u_top/u_aes/core/dec_block/n_1309'.
**WARN: Instance 'u_crypto_synth_top/u_top/u_aes/core/dec_block/g34565' has multiple input pins tied together to net 'u_crypto_synth_top/u_top/u_aes/core/dec_block/n_861'.
**WARN: Instance 'u_crypto_synth_top/u_top/u_aes/core/dec_block/g34566' has multiple input pins tied together to net 'u_crypto_synth_top/u_top/u_aes/core/dec_block/n_1343'.
**WARN: Instance 'u_crypto_synth_top/u_top/u_aes/core/dec_block/g34566' has multiple input pins tied together to net 'u_crypto_synth_top/u_top/u_aes/core/dec_block/n_856'.
**WARN: Instance 'u_crypto_synth_top/u_top/u_aes/core/dec_block/g34567' has multiple input pins tied together to net 'u_crypto_synth_top/u_top/u_aes/core/dec_block/n_1315'.
**WARN: Instance 'u_crypto_synth_top/u_top/u_aes/core/dec_block/g34567' has multiple input pins tied together to net 'u_crypto_synth_top/u_top/u_aes/core/dec_block/n_1128'.
**WARN: Instance 'u_crypto_synth_top/u_top/u_aes/core/dec_block/g34568' has multiple input pins tied together to net 'u_crypto_synth_top/u_top/u_aes/core/dec_block/n_1356'.
**WARN: Instance 'u_crypto_synth_top/u_top/u_aes/core/dec_block/g34568' has multiple input pins tied together to net 'u_crypto_synth_top/u_top/u_aes/core/dec_block/n_985'.
**WARN: Instance 'u_crypto_synth_top/u_top/u_aes/core/dec_block/g34569' has multiple input pins tied together to net 'u_crypto_synth_top/u_top/u_aes/core/dec_block/n_1354'.
**WARN: Instance 'u_crypto_synth_top/u_top/u_aes/core/dec_block/g34569' has multiple input pins tied together to net 'u_crypto_synth_top/u_top/u_aes/core/dec_block/n_729'.
**WARN: Instance 'u_crypto_synth_top/u_top/u_aes/core/dec_block/g34570' has multiple input pins tied together to net 'u_crypto_synth_top/u_top/u_aes/core/dec_block/n_1335'.
**WARN: Instance 'u_crypto_synth_top/u_top/u_aes/core/dec_block/g34570' has multiple input pins tied together to net 'u_crypto_synth_top/u_top/u_aes/core/dec_block/n_835'.
**WARN: Instance 'u_crypto_synth_top/u_top/u_aes/core/dec_block/g34571' has multiple input pins tied together to net 'u_crypto_synth_top/u_top/u_aes/core/dec_block/n_1337'.
**WARN: Instance 'u_crypto_synth_top/u_top/u_aes/core/dec_block/g34571' has multiple input pins tied together to net 'u_crypto_synth_top/u_top/u_aes/core/dec_block/n_399'.
**WARN: Instance 'u_crypto_synth_top/u_top/u_aes/core/dec_block/g34572' has multiple input pins tied together to net 'u_crypto_synth_top/u_top/u_aes/core/dec_block/n_1352'.
**WARN: Instance 'u_crypto_synth_top/u_top/u_aes/core/dec_block/g34572' has multiple input pins tied together to net 'u_crypto_synth_top/u_top/u_aes/core/dec_block/n_535'.
**WARN: Instance 'u_crypto_synth_top/u_top/u_aes/core/dec_block/g34574' has multiple input pins tied together to net 'u_crypto_synth_top/u_top/u_aes/core/dec_block/n_1337'.
**WARN: Instance 'u_crypto_synth_top/u_top/u_aes/core/dec_block/g34574' has multiple input pins tied together to net 'u_crypto_synth_top/u_top/u_aes/core/dec_block/n_397'.
**WARN: Instance 'u_crypto_synth_top/u_top/u_aes/core/dec_block/g34575' has multiple input pins tied together to net 'u_crypto_synth_top/u_top/u_aes/core/dec_block/n_1336'.
**WARN: Instance 'u_crypto_synth_top/u_top/u_aes/core/dec_block/g34575' has multiple input pins tied together to net 'u_crypto_synth_top/u_top/u_aes/core/dec_block/n_393'.
**WARN: Instance 'u_crypto_synth_top/u_top/u_aes/core/dec_block/g34577' has multiple input pins tied together to net 'u_crypto_synth_top/u_top/u_aes/core/dec_block/n_1362'.
**WARN: Instance 'u_crypto_synth_top/u_top/u_aes/core/dec_block/g34577' has multiple input pins tied together to net 'u_crypto_synth_top/u_top/u_aes/core/dec_block/n_314'.
**WARN: Instance 'u_crypto_synth_top/u_top/u_aes/core/dec_block/g34579' has multiple input pins tied together to net 'u_crypto_synth_top/u_top/u_aes/core/dec_block/n_1335'.
**WARN: Instance 'u_crypto_synth_top/u_top/u_aes/core/dec_block/g34579' has multiple input pins tied together to net 'u_crypto_synth_top/u_top/u_aes/core/dec_block/n_832'.
**WARN: Instance 'u_crypto_synth_top/u_top/u_aes/core/dec_block/g34580' has multiple input pins tied together to net 'u_crypto_synth_top/u_top/u_aes/core/dec_block/n_1336'.
**WARN: Instance 'u_crypto_synth_top/u_top/u_aes/core/dec_block/g34580' has multiple input pins tied together to net 'u_crypto_synth_top/u_top/u_aes/core/dec_block/n_429'.
**WARN: Instance 'u_crypto_synth_top/u_top/u_aes/core/dec_block/g34581' has multiple input pins tied together to net 'u_crypto_synth_top/u_top/u_aes/core/dec_block/n_1292'.
**WARN: Instance 'u_crypto_synth_top/u_top/u_aes/core/dec_block/g34581' has multiple input pins tied together to net 'u_crypto_synth_top/u_top/u_aes/core/dec_block/n_591'.
**WARN: Instance 'u_crypto_synth_top/u_top/u_aes/core/dec_block/g34582' has multiple input pins tied together to net 'u_crypto_synth_top/u_top/u_aes/core/dec_block/n_1299'.
**WARN: Instance 'u_crypto_synth_top/u_top/u_aes/core/dec_block/g34582' has multiple input pins tied together to net 'u_crypto_synth_top/u_top/u_aes/core/dec_block/n_1003'.
**WARN: Instance 'u_crypto_synth_top/u_top/u_aes/core/dec_block/g34585' has multiple input pins tied together to net 'u_crypto_synth_top/u_top/u_aes/core/dec_block/n_1294'.
**WARN: Instance 'u_crypto_synth_top/u_top/u_aes/core/dec_block/g34585' has multiple input pins tied together to net 'u_crypto_synth_top/u_top/u_aes/core/dec_block/n_836'.
**WARN: Instance 'u_crypto_synth_top/u_top/u_aes/core/dec_block/g34586' has multiple input pins tied together to net 'u_crypto_synth_top/u_top/u_aes/core/dec_block/n_1297'.
**WARN: Instance 'u_crypto_synth_top/u_top/u_aes/core/dec_block/g34586' has multiple input pins tied together to net 'u_crypto_synth_top/u_top/u_aes/core/dec_block/n_587'.
**WARN: Instance 'u_crypto_synth_top/u_top/u_aes/core/dec_block/g34587' has multiple input pins tied together to net 'u_crypto_synth_top/u_top/u_aes/core/dec_block/n_1295'.
**WARN: Instance 'u_crypto_synth_top/u_top/u_aes/core/dec_block/g34587' has multiple input pins tied together to net 'u_crypto_synth_top/u_top/u_aes/core/dec_block/n_1201'.
**WARN: Instance 'u_crypto_synth_top/u_top/u_aes/core/dec_block/g34588' has multiple input pins tied together to net 'u_crypto_synth_top/u_top/u_aes/core/dec_block/n_1292'.
**WARN: Instance 'u_crypto_synth_top/u_top/u_aes/core/dec_block/g34588' has multiple input pins tied together to net 'u_crypto_synth_top/u_top/u_aes/core/dec_block/n_829'.
**WARN: Instance 'u_crypto_synth_top/u_top/u_aes/core/dec_block/g34589' has multiple input pins tied together to net 'u_crypto_synth_top/u_top/u_aes/core/dec_block/n_1298'.
**WARN: Instance 'u_crypto_synth_top/u_top/u_aes/core/dec_block/g34589' has multiple input pins tied together to net 'u_crypto_synth_top/u_top/u_aes/core/dec_block/n_517'.
**WARN: Instance 'u_crypto_synth_top/u_top/u_aes/core/dec_block/g34590' has multiple input pins tied together to net 'u_crypto_synth_top/u_top/u_aes/core/dec_block/n_1296'.
**WARN: Instance 'u_crypto_synth_top/u_top/u_aes/core/dec_block/g34590' has multiple input pins tied together to net 'u_crypto_synth_top/u_top/u_aes/core/dec_block/n_325'.
**WARN: Instance 'u_crypto_synth_top/u_top/u_aes/core/dec_block/g34591' has multiple input pins tied together to net 'u_crypto_synth_top/u_top/u_aes/core/dec_block/n_1313'.
**WARN: Instance 'u_crypto_synth_top/u_top/u_aes/core/dec_block/g34591' has multiple input pins tied together to net 'u_crypto_synth_top/u_top/u_aes/core/dec_block/n_828'.
**WARN: Instance 'u_crypto_synth_top/u_top/u_aes/core/dec_block/g34592' has multiple input pins tied together to net 'u_crypto_synth_top/u_top/u_aes/core/dec_block/n_1303'.
**WARN: Instance 'u_crypto_synth_top/u_top/u_aes/core/dec_block/g34592' has multiple input pins tied together to net 'u_crypto_synth_top/u_top/u_aes/core/dec_block/n_833'.
**WARN: Instance 'u_crypto_synth_top/u_top/u_aes/core/dec_block/g34594' has multiple input pins tied together to net 'u_crypto_synth_top/u_top/u_aes/core/dec_block/n_1360'.
**WARN: Instance 'u_crypto_synth_top/u_top/u_aes/core/dec_block/g34594' has multiple input pins tied together to net 'u_crypto_synth_top/u_top/u_aes/core/dec_block/n_820'.
**WARN: Instance 'u_crypto_synth_top/u_top/u_aes/core/dec_block/g34595' has multiple input pins tied together to net 'u_crypto_synth_top/u_top/u_aes/core/dec_block/n_1344'.
**WARN: Instance 'u_crypto_synth_top/u_top/u_aes/core/dec_block/g34595' has multiple input pins tied together to net 'u_crypto_synth_top/u_top/u_aes/core/dec_block/n_515'.
**WARN: Instance 'u_crypto_synth_top/u_top/u_aes/core/dec_block/g34596' has multiple input pins tied together to net 'u_crypto_synth_top/u_top/u_aes/core/dec_block/n_1355'.
**WARN: Instance 'u_crypto_synth_top/u_top/u_aes/core/dec_block/g34596' has multiple input pins tied together to net 'u_crypto_synth_top/u_top/u_aes/core/dec_block/n_728'.
**WARN: Instance 'u_crypto_synth_top/u_top/u_aes/core/dec_block/g34608' has multiple input pins tied together to net 'u_crypto_synth_top/u_top/u_aes/core/dec_block/n_1242'.
**WARN: Instance 'u_crypto_synth_top/u_top/u_aes/core/dec_block/g34608' has multiple input pins tied together to net 'u_crypto_synth_top/u_top/u_aes/core/dec_block/n_758'.
**WARN: Instance 'u_crypto_synth_top/u_top/u_aes/core/dec_block/g34616' has multiple input pins tied together to net 'u_crypto_synth_top/u_top/u_aes/core/dec_block/n_1240'.
**WARN: Instance 'u_crypto_synth_top/u_top/u_aes/core/dec_block/g34616' has multiple input pins tied together to net 'u_crypto_synth_top/u_top/u_aes/core/dec_block/n_772'.
**WARN: Instance 'u_crypto_synth_top/u_top/u_aes/core/dec_block/g34618' has multiple input pins tied together to net 'u_crypto_synth_top/u_top/u_aes/core/dec_block/n_1263'.
**WARN: Instance 'u_crypto_synth_top/u_top/u_aes/core/dec_block/g34618' has multiple input pins tied together to net 'u_crypto_synth_top/u_top/u_aes/core/dec_block/n_741'.
**WARN: Instance 'u_crypto_synth_top/u_top/u_aes/core/dec_block/g34619' has multiple input pins tied together to net 'u_crypto_synth_top/u_top/u_aes/core/dec_block/n_1262'.
**WARN: Instance 'u_crypto_synth_top/u_top/u_aes/core/dec_block/g34619' has multiple input pins tied together to net 'u_crypto_synth_top/u_top/u_aes/core/dec_block/n_739'.
**WARN: Instance 'u_crypto_synth_top/u_top/u_aes/core/dec_block/g34620' has multiple input pins tied together to net 'u_crypto_synth_top/u_top/u_aes/core/dec_block/n_1249'.
**WARN: Instance 'u_crypto_synth_top/u_top/u_aes/core/dec_block/g34620' has multiple input pins tied together to net 'u_crypto_synth_top/u_top/u_aes/core/dec_block/n_756'.
**WARN: Instance 'u_crypto_synth_top/u_top/u_aes/core/dec_block/g34621' has multiple input pins tied together to net 'u_crypto_synth_top/u_top/u_aes/core/dec_block/n_1219'.
**WARN: Instance 'u_crypto_synth_top/u_top/u_aes/core/dec_block/g34621' has multiple input pins tied together to net 'u_crypto_synth_top/u_top/u_aes/core/dec_block/n_745'.
**WARN: Instance 'u_crypto_synth_top/u_top/u_aes/core/dec_block/g34622' has multiple input pins tied together to net 'u_crypto_synth_top/u_top/u_aes/core/dec_block/n_1247'.
**WARN: Instance 'u_crypto_synth_top/u_top/u_aes/core/dec_block/g34622' has multiple input pins tied together to net 'u_crypto_synth_top/u_top/u_aes/core/dec_block/n_845'.
**WARN: Instance 'u_crypto_synth_top/u_top/u_aes/core/dec_block/g34623' has multiple input pins tied together to net 'u_crypto_synth_top/u_top/u_aes/core/dec_block/n_1216'.
**WARN: Instance 'u_crypto_synth_top/u_top/u_aes/core/dec_block/g34623' has multiple input pins tied together to net 'u_crypto_synth_top/u_top/u_aes/core/dec_block/n_844'.
**WARN: Instance 'u_crypto_synth_top/u_top/u_aes/core/dec_block/g34624' has multiple input pins tied together to net 'u_crypto_synth_top/u_top/u_aes/core/dec_block/n_1258'.
**WARN: Instance 'u_crypto_synth_top/u_top/u_aes/core/dec_block/g34624' has multiple input pins tied together to net 'u_crypto_synth_top/u_top/u_aes/core/dec_block/n_865'.
**WARN: Instance 'u_crypto_synth_top/u_top/u_aes/core/dec_block/g34625' has multiple input pins tied together to net 'u_crypto_synth_top/u_top/u_aes/core/dec_block/n_1255'.
**WARN: Instance 'u_crypto_synth_top/u_top/u_aes/core/dec_block/g34625' has multiple input pins tied together to net 'u_crypto_synth_top/u_top/u_aes/core/dec_block/n_872'.
**WARN: Instance 'u_crypto_synth_top/u_top/u_aes/core/dec_block/g34626' has multiple input pins tied together to net 'u_crypto_synth_top/u_top/u_aes/core/dec_block/n_1252'.
**WARN: Instance 'u_crypto_synth_top/u_top/u_aes/core/dec_block/g34626' has multiple input pins tied together to net 'u_crypto_synth_top/u_top/u_aes/core/dec_block/n_777'.
**WARN: Instance 'u_crypto_synth_top/u_top/u_aes/core/dec_block/g34627' has multiple input pins tied together to net 'u_crypto_synth_top/u_top/u_aes/core/dec_block/n_1229'.
**WARN: Instance 'u_crypto_synth_top/u_top/u_aes/core/dec_block/g34627' has multiple input pins tied together to net 'u_crypto_synth_top/u_top/u_aes/core/dec_block/n_403'.
**WARN: Instance 'u_crypto_synth_top/u_top/u_aes/core/dec_block/g34628' has multiple input pins tied together to net 'u_crypto_synth_top/u_top/u_aes/core/dec_block/n_1194'.
**WARN: Instance 'u_crypto_synth_top/u_top/u_aes/core/dec_block/g34628' has multiple input pins tied together to net 'u_crypto_synth_top/u_top/u_aes/core/dec_block/n_867'.
**WARN: Instance 'u_crypto_synth_top/u_top/u_aes/core/dec_block/g34629' has multiple input pins tied together to net 'u_crypto_synth_top/u_top/u_aes/core/dec_block/n_1227'.
**WARN: Instance 'u_crypto_synth_top/u_top/u_aes/core/dec_block/g34629' has multiple input pins tied together to net 'u_crypto_synth_top/u_top/u_aes/core/dec_block/n_427'.
**WARN: Instance 'u_crypto_synth_top/u_top/u_aes/core/dec_block/g34630' has multiple input pins tied together to net 'u_crypto_synth_top/u_top/u_aes/core/dec_block/n_1248'.
**WARN: Instance 'u_crypto_synth_top/u_top/u_aes/core/dec_block/g34630' has multiple input pins tied together to net 'u_crypto_synth_top/u_top/u_aes/core/dec_block/n_701'.
**WARN: Instance 'u_crypto_synth_top/u_top/u_aes/core/dec_block/g34631' has multiple input pins tied together to net 'u_crypto_synth_top/u_top/u_aes/core/dec_block/n_1246'.
**WARN: Instance 'u_crypto_synth_top/u_top/u_aes/core/dec_block/g34631' has multiple input pins tied together to net 'u_crypto_synth_top/u_top/u_aes/core/dec_block/n_798'.
**WARN: Instance 'u_crypto_synth_top/u_top/u_aes/core/dec_block/g34632' has multiple input pins tied together to net 'u_crypto_synth_top/u_top/u_aes/core/dec_block/n_1197'.
**WARN: Instance 'u_crypto_synth_top/u_top/u_aes/core/dec_block/g34632' has multiple input pins tied together to net 'u_crypto_synth_top/u_top/u_aes/core/dec_block/n_718'.
**WARN: Instance 'u_crypto_synth_top/u_top/u_aes/core/dec_block/g34634' has multiple input pins tied together to net 'u_crypto_synth_top/u_top/u_aes/core/dec_block/n_1251'.
**WARN: Instance 'u_crypto_synth_top/u_top/u_aes/core/dec_block/g34634' has multiple input pins tied together to net 'u_crypto_synth_top/u_top/u_aes/core/dec_block/n_1015'.
**WARN: Instance 'u_crypto_synth_top/u_top/u_aes/core/dec_block/g34635' has multiple input pins tied together to net 'u_crypto_synth_top/u_top/u_aes/core/dec_block/n_1193'.
**WARN: Instance 'u_crypto_synth_top/u_top/u_aes/core/dec_block/g34635' has multiple input pins tied together to net 'u_crypto_synth_top/u_top/u_aes/core/dec_block/n_375'.
**WARN: Instance 'u_crypto_synth_top/u_top/u_aes/core/dec_block/g34636' has multiple input pins tied together to net 'u_crypto_synth_top/u_top/u_aes/core/dec_block/n_1189'.
**WARN: Instance 'u_crypto_synth_top/u_top/u_aes/core/dec_block/g34636' has multiple input pins tied together to net 'u_crypto_synth_top/u_top/u_aes/core/dec_block/n_531'.
**WARN: Instance 'u_crypto_synth_top/u_top/u_aes/core/dec_block/g34637' has multiple input pins tied together to net 'u_crypto_synth_top/u_top/u_aes/core/dec_block/n_1191'.
**WARN: Instance 'u_crypto_synth_top/u_top/u_aes/core/dec_block/g34637' has multiple input pins tied together to net 'u_crypto_synth_top/u_top/u_aes/core/dec_block/n_708'.
**WARN: Instance 'u_crypto_synth_top/u_top/u_aes/core/dec_block/g34638' has multiple input pins tied together to net 'u_crypto_synth_top/u_top/u_aes/core/dec_block/n_1221'.
**WARN: Instance 'u_crypto_synth_top/u_top/u_aes/core/dec_block/g34638' has multiple input pins tied together to net 'u_crypto_synth_top/u_top/u_aes/core/dec_block/n_812'.
**WARN: Instance 'u_crypto_synth_top/u_top/u_aes/core/dec_block/g34639' has multiple input pins tied together to net 'u_crypto_synth_top/u_top/u_aes/core/dec_block/n_1237'.
**WARN: Instance 'u_crypto_synth_top/u_top/u_aes/core/dec_block/g34639' has multiple input pins tied together to net 'u_crypto_synth_top/u_top/u_aes/core/dec_block/n_816'.
**WARN: Instance 'u_crypto_synth_top/u_top/u_aes/core/dec_block/g34640' has multiple input pins tied together to net 'u_crypto_synth_top/u_top/u_aes/core/dec_block/n_1190'.
**WARN: Instance 'u_crypto_synth_top/u_top/u_aes/core/dec_block/g34640' has multiple input pins tied together to net 'u_crypto_synth_top/u_top/u_aes/core/dec_block/n_696'.
**WARN: Instance 'u_crypto_synth_top/u_top/u_aes/core/dec_block/g34641' has multiple input pins tied together to net 'u_crypto_synth_top/u_top/u_aes/core/dec_block/n_1227'.
**WARN: Instance 'u_crypto_synth_top/u_top/u_aes/core/dec_block/g34641' has multiple input pins tied together to net 'u_crypto_synth_top/u_top/u_aes/core/dec_block/n_344'.
**WARN: Instance 'u_crypto_synth_top/u_top/u_aes/core/dec_block/g34642' has multiple input pins tied together to net 'u_crypto_synth_top/u_top/u_aes/core/dec_block/n_1190'.
**WARN: Instance 'u_crypto_synth_top/u_top/u_aes/core/dec_block/g34642' has multiple input pins tied together to net 'u_crypto_synth_top/u_top/u_aes/core/dec_block/n_561'.
**WARN: Instance 'u_crypto_synth_top/u_top/u_aes/core/dec_block/g34643' has multiple input pins tied together to net 'u_crypto_synth_top/u_top/u_aes/core/dec_block/n_1226'.
**WARN: Instance 'u_crypto_synth_top/u_top/u_aes/core/dec_block/g34643' has multiple input pins tied together to net 'u_crypto_synth_top/u_top/u_aes/core/dec_block/n_356'.
**WARN: Instance 'u_crypto_synth_top/u_top/u_aes/core/dec_block/g34644' has multiple input pins tied together to net 'u_crypto_synth_top/u_top/u_aes/core/dec_block/n_1191'.
**WARN: Instance 'u_crypto_synth_top/u_top/u_aes/core/dec_block/g34644' has multiple input pins tied together to net 'u_crypto_synth_top/u_top/u_aes/core/dec_block/n_529'.
**WARN: Instance 'u_crypto_synth_top/u_top/u_aes/core/dec_block/g34645' has multiple input pins tied together to net 'u_crypto_synth_top/u_top/u_aes/core/dec_block/n_1202'.
**WARN: Instance 'u_crypto_synth_top/u_top/u_aes/core/dec_block/g34645' has multiple input pins tied together to net 'u_crypto_synth_top/u_top/u_aes/core/dec_block/n_515'.
**WARN: Instance 'u_crypto_synth_top/u_top/u_aes/core/dec_block/g34647' has multiple input pins tied together to net 'u_crypto_synth_top/u_top/u_aes/core/dec_block/n_1254'.
**WARN: Instance 'u_crypto_synth_top/u_top/u_aes/core/dec_block/g34647' has multiple input pins tied together to net 'u_crypto_synth_top/u_top/u_aes/core/dec_block/n_519'.
**WARN: Instance 'u_crypto_synth_top/u_top/u_aes/core/dec_block/g34648' has multiple input pins tied together to net 'u_crypto_synth_top/u_top/u_aes/core/dec_block/n_1202'.
**WARN: Instance 'u_crypto_synth_top/u_top/u_aes/core/dec_block/g34648' has multiple input pins tied together to net 'u_crypto_synth_top/u_top/u_aes/core/dec_block/n_519'.
**WARN: Instance 'u_crypto_synth_top/u_top/u_aes/core/dec_block/g34649' has multiple input pins tied together to net 'u_crypto_synth_top/u_top/u_aes/core/dec_block/n_1214'.
**WARN: Instance 'u_crypto_synth_top/u_top/u_aes/core/dec_block/g34649' has multiple input pins tied together to net 'u_crypto_synth_top/u_top/u_aes/core/dec_block/n_551'.
**WARN: Instance 'u_crypto_synth_top/u_top/u_aes/core/dec_block/g34650' has multiple input pins tied together to net 'u_crypto_synth_top/u_top/u_aes/core/dec_block/n_1201'.
**WARN: Instance 'u_crypto_synth_top/u_top/u_aes/core/dec_block/g34650' has multiple input pins tied together to net 'u_crypto_synth_top/u_top/u_aes/core/dec_block/n_855'.
**WARN: Instance 'u_crypto_synth_top/u_top/u_aes/core/dec_block/g34651' has multiple input pins tied together to net 'u_crypto_synth_top/u_top/u_aes/core/dec_block/n_1192'.
**WARN: Instance 'u_crypto_synth_top/u_top/u_aes/core/dec_block/g34651' has multiple input pins tied together to net 'u_crypto_synth_top/u_top/u_aes/core/dec_block/n_304'.
**WARN: Instance 'u_crypto_synth_top/u_top/u_aes/core/dec_block/g34652' has multiple input pins tied together to net 'u_crypto_synth_top/u_top/u_aes/core/dec_block/n_1253'.
**WARN: Instance 'u_crypto_synth_top/u_top/u_aes/core/dec_block/g34652' has multiple input pins tied together to net 'u_crypto_synth_top/u_top/u_aes/core/dec_block/n_381'.
**WARN: Instance 'u_crypto_synth_top/u_top/u_aes/core/dec_block/g34653' has multiple input pins tied together to net 'u_crypto_synth_top/u_top/u_aes/core/dec_block/n_1229'.
**WARN: Instance 'u_crypto_synth_top/u_top/u_aes/core/dec_block/g34653' has multiple input pins tied together to net 'u_crypto_synth_top/u_top/u_aes/core/dec_block/n_373'.
**WARN: Instance 'u_crypto_synth_top/u_top/u_aes/core/dec_block/g34655' has multiple input pins tied together to net 'u_crypto_synth_top/u_top/u_aes/core/dec_block/n_1236'.
**WARN: Instance 'u_crypto_synth_top/u_top/u_aes/core/dec_block/g34655' has multiple input pins tied together to net 'u_crypto_synth_top/u_top/u_aes/core/dec_block/n_702'.
**WARN: Instance 'u_crypto_synth_top/u_top/u_aes/core/dec_block/g34656' has multiple input pins tied together to net 'u_crypto_synth_top/u_top/u_aes/core/dec_block/n_1261'.
**WARN: Instance 'u_crypto_synth_top/u_top/u_aes/core/dec_block/g34656' has multiple input pins tied together to net 'u_crypto_synth_top/u_top/u_aes/core/dec_block/n_710'.
**WARN: Instance 'u_crypto_synth_top/u_top/u_aes/core/dec_block/g34661' has multiple input pins tied together to net 'u_crypto_synth_top/u_top/u_aes/core/dec_block/n_1208'.
**WARN: Instance 'u_crypto_synth_top/u_top/u_aes/core/dec_block/g34661' has multiple input pins tied together to net 'u_crypto_synth_top/u_top/u_aes/core/dec_block/n_1135'.
**WARN: Instance 'u_crypto_synth_top/u_top/u_aes/core/dec_block/g34662' has multiple input pins tied together to net 'u_crypto_synth_top/u_top/u_aes/core/dec_block/n_1244'.
**WARN: Instance 'u_crypto_synth_top/u_top/u_aes/core/dec_block/g34662' has multiple input pins tied together to net 'u_crypto_synth_top/u_top/u_aes/core/dec_block/n_565'.
**WARN: Instance 'u_crypto_synth_top/u_top/u_aes/core/dec_block/g34663' has multiple input pins tied together to net 'u_crypto_synth_top/u_top/u_aes/core/dec_block/n_1210'.
**WARN: Instance 'u_crypto_synth_top/u_top/u_aes/core/dec_block/g34663' has multiple input pins tied together to net 'u_crypto_synth_top/u_top/u_aes/core/dec_block/n_1032'.
**WARN: Instance 'u_crypto_synth_top/u_top/u_aes/core/dec_block/g34664' has multiple input pins tied together to net 'u_crypto_synth_top/u_top/u_aes/core/dec_block/n_1239'.
**WARN: Instance 'u_crypto_synth_top/u_top/u_aes/core/dec_block/g34664' has multiple input pins tied together to net 'u_crypto_synth_top/u_top/u_aes/core/dec_block/n_986'.
**WARN: Instance 'u_crypto_synth_top/u_top/u_aes/core/dec_block/g34665' has multiple input pins tied together to net 'u_crypto_synth_top/u_top/u_aes/core/dec_block/n_1207'.
**WARN: Instance 'u_crypto_synth_top/u_top/u_aes/core/dec_block/g34665' has multiple input pins tied together to net 'u_crypto_synth_top/u_top/u_aes/core/dec_block/n_1138'.
**WARN: Instance 'u_crypto_synth_top/u_top/u_aes/core/dec_block/g34666' has multiple input pins tied together to net 'u_crypto_synth_top/u_top/u_aes/core/dec_block/n_1241'.
**WARN: Instance 'u_crypto_synth_top/u_top/u_aes/core/dec_block/g34666' has multiple input pins tied together to net 'u_crypto_synth_top/u_top/u_aes/core/dec_block/n_983'.
**WARN: Instance 'u_crypto_synth_top/u_top/u_aes/core/dec_block/g34667' has multiple input pins tied together to net 'u_crypto_synth_top/u_top/u_aes/core/dec_block/n_1257'.
**WARN: Instance 'u_crypto_synth_top/u_top/u_aes/core/dec_block/g34667' has multiple input pins tied together to net 'u_crypto_synth_top/u_top/u_aes/core/dec_block/n_980'.
**WARN: Instance 'u_crypto_synth_top/u_top/u_aes/core/dec_block/g34669' has multiple input pins tied together to net 'u_crypto_synth_top/u_top/u_aes/core/dec_block/n_1259'.
**WARN: Instance 'u_crypto_synth_top/u_top/u_aes/core/dec_block/g34669' has multiple input pins tied together to net 'u_crypto_synth_top/u_top/u_aes/core/dec_block/n_981'.
**WARN: Instance 'u_crypto_synth_top/u_top/u_aes/core/dec_block/g34670' has multiple input pins tied together to net 'u_crypto_synth_top/u_top/u_aes/core/dec_block/n_1212'.
**WARN: Instance 'u_crypto_synth_top/u_top/u_aes/core/dec_block/g34670' has multiple input pins tied together to net 'u_crypto_synth_top/u_top/u_aes/core/dec_block/n_365'.
**WARN: Instance 'u_crypto_synth_top/u_top/u_aes/core/dec_block/g34671' has multiple input pins tied together to net 'u_crypto_synth_top/u_top/u_aes/core/dec_block/n_1245'.
**WARN: Instance 'u_crypto_synth_top/u_top/u_aes/core/dec_block/g34671' has multiple input pins tied together to net 'u_crypto_synth_top/u_top/u_aes/core/dec_block/n_984'.
**WARN: Instance 'u_crypto_synth_top/u_top/u_aes/core/dec_block/g34672' has multiple input pins tied together to net 'u_crypto_synth_top/u_top/u_aes/core/dec_block/n_1250'.
**WARN: Instance 'u_crypto_synth_top/u_top/u_aes/core/dec_block/g34672' has multiple input pins tied together to net 'u_crypto_synth_top/u_top/u_aes/core/dec_block/n_982'.
**WARN: Instance 'u_crypto_synth_top/u_top/u_aes/core/dec_block/g34673' has multiple input pins tied together to net 'u_crypto_synth_top/u_top/u_aes/core/dec_block/n_1217'.
**WARN: Instance 'u_crypto_synth_top/u_top/u_aes/core/dec_block/g34673' has multiple input pins tied together to net 'u_crypto_synth_top/u_top/u_aes/core/dec_block/n_1118'.
**WARN: Instance 'u_crypto_synth_top/u_top/u_aes/core/dec_block/g34674' has multiple input pins tied together to net 'u_crypto_synth_top/u_top/u_aes/core/dec_block/n_1235'.
**WARN: Instance 'u_crypto_synth_top/u_top/u_aes/core/dec_block/g34674' has multiple input pins tied together to net 'u_crypto_synth_top/u_top/u_aes/core/dec_block/n_1126'.
**WARN: Instance 'u_crypto_synth_top/u_top/u_aes/core/dec_block/g34675' has multiple input pins tied together to net 'u_crypto_synth_top/u_top/u_aes/core/dec_block/n_1204'.
**WARN: Instance 'u_crypto_synth_top/u_top/u_aes/core/dec_block/g34675' has multiple input pins tied together to net 'u_crypto_synth_top/u_top/u_aes/core/dec_block/n_1137'.
**WARN: Instance 'u_crypto_synth_top/u_top/u_aes/core/dec_block/g34676' has multiple input pins tied together to net 'u_crypto_synth_top/u_top/u_aes/core/dec_block/n_1203'.
**WARN: Instance 'u_crypto_synth_top/u_top/u_aes/core/dec_block/g34676' has multiple input pins tied together to net 'u_crypto_synth_top/u_top/u_aes/core/dec_block/n_971'.
**WARN: Instance 'u_crypto_synth_top/u_top/u_aes/core/dec_block/g34677' has multiple input pins tied together to net 'u_crypto_synth_top/u_top/u_aes/core/dec_block/n_1218'.
**WARN: Instance 'u_crypto_synth_top/u_top/u_aes/core/dec_block/g34677' has multiple input pins tied together to net 'u_crypto_synth_top/u_top/u_aes/core/dec_block/n_970'.
**WARN: Instance 'u_crypto_synth_top/u_top/u_aes/core/dec_block/g34678' has multiple input pins tied together to net 'u_crypto_synth_top/u_top/u_aes/core/dec_block/n_1256'.
**WARN: Instance 'u_crypto_synth_top/u_top/u_aes/core/dec_block/g34678' has multiple input pins tied together to net 'u_crypto_synth_top/u_top/u_aes/core/dec_block/n_989'.
**WARN: Instance 'u_crypto_synth_top/u_top/u_aes/core/dec_block/g34681' has multiple input pins tied together to net 'u_crypto_synth_top/u_top/u_aes/core/dec_block/n_1220'.
**WARN: Instance 'u_crypto_synth_top/u_top/u_aes/core/dec_block/g34681' has multiple input pins tied together to net 'u_crypto_synth_top/u_top/u_aes/core/dec_block/n_967'.
**WARN: Instance 'u_crypto_synth_top/u_top/u_aes/core/dec_block/g34682' has multiple input pins tied together to net 'u_crypto_synth_top/u_top/u_aes/core/dec_block/n_1199'.
**WARN: Instance 'u_crypto_synth_top/u_top/u_aes/core/dec_block/g34682' has multiple input pins tied together to net 'u_crypto_synth_top/u_top/u_aes/core/dec_block/n_966'.
**WARN: Instance 'u_crypto_synth_top/u_top/u_aes/core/dec_block/g34683' has multiple input pins tied together to net 'u_crypto_synth_top/u_top/u_aes/core/dec_block/n_1205'.
**WARN: Instance 'u_crypto_synth_top/u_top/u_aes/core/dec_block/g34683' has multiple input pins tied together to net 'u_crypto_synth_top/u_top/u_aes/core/dec_block/n_391'.
**WARN: Instance 'u_crypto_synth_top/u_top/u_aes/core/dec_block/g34684' has multiple input pins tied together to net 'u_crypto_synth_top/u_top/u_aes/core/dec_block/n_1211'.
**WARN: Instance 'u_crypto_synth_top/u_top/u_aes/core/dec_block/g34684' has multiple input pins tied together to net 'u_crypto_synth_top/u_top/u_aes/core/dec_block/n_974'.
**WARN: Instance 'u_crypto_synth_top/u_top/u_aes/core/dec_block/g34685' has multiple input pins tied together to net 'u_crypto_synth_top/u_top/u_aes/core/dec_block/n_1196'.
**WARN: Instance 'u_crypto_synth_top/u_top/u_aes/core/dec_block/g34685' has multiple input pins tied together to net 'u_crypto_synth_top/u_top/u_aes/core/dec_block/n_965'.
**WARN: Instance 'u_crypto_synth_top/u_top/u_aes/core/dec_block/g34686' has multiple input pins tied together to net 'u_crypto_synth_top/u_top/u_aes/core/dec_block/n_1194'.
**WARN: Instance 'u_crypto_synth_top/u_top/u_aes/core/dec_block/g34686' has multiple input pins tied together to net 'u_crypto_synth_top/u_top/u_aes/core/dec_block/n_372'.
**WARN: Instance 'u_crypto_synth_top/u_top/u_aes/core/dec_block/g34687' has multiple input pins tied together to net 'u_crypto_synth_top/u_top/u_aes/core/dec_block/n_1230'.
**WARN: Instance 'u_crypto_synth_top/u_top/u_aes/core/dec_block/g34687' has multiple input pins tied together to net 'u_crypto_synth_top/u_top/u_aes/core/dec_block/n_401'.
**WARN: Instance 'u_crypto_synth_top/u_top/u_aes/core/dec_block/g34688' has multiple input pins tied together to net 'u_crypto_synth_top/u_top/u_aes/core/dec_block/n_1197'.
**WARN: Instance 'u_crypto_synth_top/u_top/u_aes/core/dec_block/g34688' has multiple input pins tied together to net 'u_crypto_synth_top/u_top/u_aes/core/dec_block/n_380'.
**WARN: Instance 'u_crypto_synth_top/u_top/u_aes/core/dec_block/g34689' has multiple input pins tied together to net 'u_crypto_synth_top/u_top/u_aes/core/dec_block/n_1232'.
**WARN: Instance 'u_crypto_synth_top/u_top/u_aes/core/dec_block/g34689' has multiple input pins tied together to net 'u_crypto_synth_top/u_top/u_aes/core/dec_block/n_610'.
**WARN: Instance 'u_crypto_synth_top/u_top/u_aes/core/dec_block/g34690' has multiple input pins tied together to net 'u_crypto_synth_top/u_top/u_aes/core/dec_block/n_1225'.
**WARN: Instance 'u_crypto_synth_top/u_top/u_aes/core/dec_block/g34690' has multiple input pins tied together to net 'u_crypto_synth_top/u_top/u_aes/core/dec_block/n_430'.
**WARN: Instance 'u_crypto_synth_top/u_top/u_aes/core/dec_block/g34691' has multiple input pins tied together to net 'u_crypto_synth_top/u_top/u_aes/core/dec_block/n_1234'.
**WARN: Instance 'u_crypto_synth_top/u_top/u_aes/core/dec_block/g34691' has multiple input pins tied together to net 'u_crypto_synth_top/u_top/u_aes/core/dec_block/n_419'.
**WARN: Instance 'u_crypto_synth_top/u_top/u_aes/core/dec_block/g34692' has multiple input pins tied together to net 'u_crypto_synth_top/u_top/u_aes/core/dec_block/n_1225'.
**WARN: Instance 'u_crypto_synth_top/u_top/u_aes/core/dec_block/g34692' has multiple input pins tied together to net 'u_crypto_synth_top/u_top/u_aes/core/dec_block/n_407'.
**WARN: Instance 'u_crypto_synth_top/u_top/u_aes/core/dec_block/g34693' has multiple input pins tied together to net 'u_crypto_synth_top/u_top/u_aes/core/dec_block/n_1233'.
**WARN: Instance 'u_crypto_synth_top/u_top/u_aes/core/dec_block/g34693' has multiple input pins tied together to net 'u_crypto_synth_top/u_top/u_aes/core/dec_block/n_530'.
**WARN: Instance 'u_crypto_synth_top/u_top/u_aes/core/dec_block/g34694' has multiple input pins tied together to net 'u_crypto_synth_top/u_top/u_aes/core/dec_block/n_1228'.
**WARN: Instance 'u_crypto_synth_top/u_top/u_aes/core/dec_block/g34694' has multiple input pins tied together to net 'u_crypto_synth_top/u_top/u_aes/core/dec_block/n_369'.
**WARN: Instance 'u_crypto_synth_top/u_top/u_aes/core/dec_block/g34695' has multiple input pins tied together to net 'u_crypto_synth_top/u_top/u_aes/core/dec_block/n_1226'.
**WARN: Instance 'u_crypto_synth_top/u_top/u_aes/core/dec_block/g34695' has multiple input pins tied together to net 'u_crypto_synth_top/u_top/u_aes/core/dec_block/n_557'.
**WARN: Instance 'u_crypto_synth_top/u_top/u_aes/core/dec_block/g34696' has multiple input pins tied together to net 'u_crypto_synth_top/u_top/u_aes/core/dec_block/n_1228'.
**WARN: Instance 'u_crypto_synth_top/u_top/u_aes/core/dec_block/g34696' has multiple input pins tied together to net 'u_crypto_synth_top/u_top/u_aes/core/dec_block/n_364'.
**WARN: Instance 'u_crypto_synth_top/u_top/u_aes/core/dec_block/g34697' has multiple input pins tied together to net 'u_crypto_synth_top/u_top/u_aes/core/dec_block/n_1200'.
**WARN: Instance 'u_crypto_synth_top/u_top/u_aes/core/dec_block/g34697' has multiple input pins tied together to net 'u_crypto_synth_top/u_top/u_aes/core/dec_block/n_545'.
**WARN: Instance 'u_crypto_synth_top/u_top/u_aes/core/dec_block/g34698' has multiple input pins tied together to net 'u_crypto_synth_top/u_top/u_aes/core/dec_block/n_1192'.
**WARN: Instance 'u_crypto_synth_top/u_top/u_aes/core/dec_block/g34698' has multiple input pins tied together to net 'u_crypto_synth_top/u_top/u_aes/core/dec_block/n_988'.
**WARN: Instance 'u_crypto_synth_top/u_top/u_aes/core/dec_block/g34699' has multiple input pins tied together to net 'u_crypto_synth_top/u_top/u_aes/core/dec_block/n_1231'.
**WARN: Instance 'u_crypto_synth_top/u_top/u_aes/core/dec_block/g34699' has multiple input pins tied together to net 'u_crypto_synth_top/u_top/u_aes/core/dec_block/n_341'.
**WARN: Instance 'u_crypto_synth_top/u_top/u_aes/core/dec_block/g34700' has multiple input pins tied together to net 'u_crypto_synth_top/u_top/u_aes/core/dec_block/n_1260'.
**WARN: Instance 'u_crypto_synth_top/u_top/u_aes/core/dec_block/g34700' has multiple input pins tied together to net 'u_crypto_synth_top/u_top/u_aes/core/dec_block/n_1007'.
**WARN: Instance 'u_crypto_synth_top/u_top/u_aes/core/dec_block/g34701' has multiple input pins tied together to net 'u_crypto_synth_top/u_top/u_aes/core/dec_block/n_1234'.
**WARN: Instance 'u_crypto_synth_top/u_top/u_aes/core/dec_block/g34701' has multiple input pins tied together to net 'u_crypto_synth_top/u_top/u_aes/core/dec_block/n_583'.
**WARN: Instance 'u_crypto_synth_top/u_top/u_aes/core/dec_block/g34702' has multiple input pins tied together to net 'u_crypto_synth_top/u_top/u_aes/core/dec_block/n_1200'.
**WARN: Instance 'u_crypto_synth_top/u_top/u_aes/core/dec_block/g34702' has multiple input pins tied together to net 'u_crypto_synth_top/u_top/u_aes/core/dec_block/n_547'.
**WARN: Instance 'u_crypto_synth_top/u_top/u_aes/core/dec_block/g34703' has multiple input pins tied together to net 'u_crypto_synth_top/u_top/u_aes/core/dec_block/n_1189'.
**WARN: Instance 'u_crypto_synth_top/u_top/u_aes/core/dec_block/g34703' has multiple input pins tied together to net 'u_crypto_synth_top/u_top/u_aes/core/dec_block/n_1092'.
**WARN: Instance 'u_crypto_synth_top/u_top/u_aes/core/dec_block/g34704' has multiple input pins tied together to net 'u_crypto_synth_top/u_top/u_aes/core/dec_block/n_1206'.
**WARN: Instance 'u_crypto_synth_top/u_top/u_aes/core/dec_block/g34704' has multiple input pins tied together to net 'u_crypto_synth_top/u_top/u_aes/core/dec_block/n_599'.
**WARN: Instance 'u_crypto_synth_top/u_top/u_aes/core/dec_block/g34705' has multiple input pins tied together to net 'u_crypto_synth_top/u_top/u_aes/core/dec_block/n_1238'.
**WARN: Instance 'u_crypto_synth_top/u_top/u_aes/core/dec_block/g34705' has multiple input pins tied together to net 'u_crypto_synth_top/u_top/u_aes/core/dec_block/n_1080'.
**WARN: Instance 'u_crypto_synth_top/u_top/u_aes/core/dec_block/g34706' has multiple input pins tied together to net 'u_crypto_synth_top/u_top/u_aes/core/dec_block/n_1215'.
**WARN: Instance 'u_crypto_synth_top/u_top/u_aes/core/dec_block/g34706' has multiple input pins tied together to net 'u_crypto_synth_top/u_top/u_aes/core/dec_block/n_601'.
**WARN: Instance 'u_crypto_synth_top/u_top/u_aes/core/dec_block/g34707' has multiple input pins tied together to net 'u_crypto_synth_top/u_top/u_aes/core/dec_block/n_1195'.
**WARN: Instance 'u_crypto_synth_top/u_top/u_aes/core/dec_block/g34707' has multiple input pins tied together to net 'u_crypto_synth_top/u_top/u_aes/core/dec_block/n_365'.
**WARN: Instance 'u_crypto_synth_top/u_top/u_aes/core/dec_block/g34708' has multiple input pins tied together to net 'u_crypto_synth_top/u_top/u_aes/core/dec_block/n_1198'.
**WARN: Instance 'u_crypto_synth_top/u_top/u_aes/core/dec_block/g34708' has multiple input pins tied together to net 'u_crypto_synth_top/u_top/u_aes/core/dec_block/n_391'.
**WARN: Instance 'u_crypto_synth_top/u_top/u_aes/core/dec_block/g34711' has multiple input pins tied together to net 'u_crypto_synth_top/u_top/u_aes/core/dec_block/n_1178'.
**WARN: Instance 'u_crypto_synth_top/u_top/u_aes/core/dec_block/g34711' has multiple input pins tied together to net 'u_crypto_synth_top/u_top/u_aes/core/dec_block/n_778'.
**WARN: Instance 'u_crypto_synth_top/u_top/u_aes/core/dec_block/g34712' has multiple input pins tied together to net 'u_crypto_synth_top/u_top/u_aes/core/dec_block/n_1165'.
**WARN: Instance 'u_crypto_synth_top/u_top/u_aes/core/dec_block/g34712' has multiple input pins tied together to net 'u_crypto_synth_top/u_top/u_aes/core/dec_block/n_785'.
**WARN: Instance 'u_crypto_synth_top/u_top/u_aes/core/dec_block/g34713' has multiple input pins tied together to net 'u_crypto_synth_top/u_top/u_aes/core/dec_block/n_1171'.
**WARN: Instance 'u_crypto_synth_top/u_top/u_aes/core/dec_block/g34713' has multiple input pins tied together to net 'u_crypto_synth_top/u_top/u_aes/core/dec_block/n_783'.
**WARN: Instance 'u_crypto_synth_top/u_top/u_aes/core/dec_block/g34714' has multiple input pins tied together to net 'u_crypto_synth_top/u_top/u_aes/core/dec_block/n_1159'.
**WARN: Instance 'u_crypto_synth_top/u_top/u_aes/core/dec_block/g34714' has multiple input pins tied together to net 'u_crypto_synth_top/u_top/u_aes/core/dec_block/n_798'.
**WARN: Instance 'u_crypto_synth_top/u_top/u_aes/core/dec_block/g34715' has multiple input pins tied together to net 'u_crypto_synth_top/u_top/u_aes/core/dec_block/n_1155'.
**WARN: Instance 'u_crypto_synth_top/u_top/u_aes/core/dec_block/g34715' has multiple input pins tied together to net 'u_crypto_synth_top/u_top/u_aes/core/dec_block/n_809'.
**WARN: Instance 'u_crypto_synth_top/u_top/u_aes/core/dec_block/g34716' has multiple input pins tied together to net 'u_crypto_synth_top/u_top/u_aes/core/dec_block/n_1111'.
**WARN: Instance 'u_crypto_synth_top/u_top/u_aes/core/dec_block/g34716' has multiple input pins tied together to net 'u_crypto_synth_top/u_top/u_aes/core/dec_block/n_507'.
**WARN: Instance 'u_crypto_synth_top/u_top/u_aes/core/dec_block/g34717' has multiple input pins tied together to net 'u_crypto_synth_top/u_top/u_aes/core/dec_block/n_1174'.
**WARN: Instance 'u_crypto_synth_top/u_top/u_aes/core/dec_block/g34717' has multiple input pins tied together to net 'u_crypto_synth_top/u_top/u_aes/core/dec_block/n_809'.
**WARN: Instance 'u_crypto_synth_top/u_top/u_aes/core/dec_block/g34718' has multiple input pins tied together to net 'u_crypto_synth_top/u_top/u_aes/core/dec_block/n_1151'.
**WARN: Instance 'u_crypto_synth_top/u_top/u_aes/core/dec_block/g34718' has multiple input pins tied together to net 'u_crypto_synth_top/u_top/u_aes/core/dec_block/n_547'.
**WARN: Instance 'u_crypto_synth_top/u_top/u_aes/core/dec_block/g34719' has multiple input pins tied together to net 'u_crypto_synth_top/u_top/u_aes/core/dec_block/n_1155'.
**WARN: Instance 'u_crypto_synth_top/u_top/u_aes/core/dec_block/g34719' has multiple input pins tied together to net 'u_crypto_synth_top/u_top/u_aes/core/dec_block/n_814'.
**WARN: Instance 'u_crypto_synth_top/u_top/u_aes/core/dec_block/g34720' has multiple input pins tied together to net 'u_crypto_synth_top/u_top/u_aes/core/dec_block/n_1160'.
**WARN: Instance 'u_crypto_synth_top/u_top/u_aes/core/dec_block/g34720' has multiple input pins tied together to net 'u_crypto_synth_top/u_top/u_aes/core/dec_block/n_356'.
**WARN: Instance 'u_crypto_synth_top/u_top/u_aes/core/dec_block/g34721' has multiple input pins tied together to net 'u_crypto_synth_top/u_top/u_aes/core/dec_block/n_1158'.
**WARN: Instance 'u_crypto_synth_top/u_top/u_aes/core/dec_block/g34721' has multiple input pins tied together to net 'u_crypto_synth_top/u_top/u_aes/core/dec_block/n_338'.
**WARN: Instance 'u_crypto_synth_top/u_top/u_aes/core/dec_block/g34722' has multiple input pins tied together to net 'u_crypto_synth_top/u_top/u_aes/core/dec_block/n_1122'.
**WARN: Instance 'u_crypto_synth_top/u_top/u_aes/core/dec_block/g34722' has multiple input pins tied together to net 'u_crypto_synth_top/u_top/u_aes/core/dec_block/n_977'.
**WARN: Instance 'u_crypto_synth_top/u_top/u_aes/core/dec_block/g34723' has multiple input pins tied together to net 'u_crypto_synth_top/u_top/u_aes/core/dec_block/n_1148'.
**WARN: Instance 'u_crypto_synth_top/u_top/u_aes/core/dec_block/g34723' has multiple input pins tied together to net 'u_crypto_synth_top/u_top/u_aes/core/dec_block/n_834'.
**WARN: Instance 'u_crypto_synth_top/u_top/u_aes/core/dec_block/g34724' has multiple input pins tied together to net 'u_crypto_synth_top/u_top/u_aes/core/dec_block/n_1114'.
**WARN: Instance 'u_crypto_synth_top/u_top/u_aes/core/dec_block/g34724' has multiple input pins tied together to net 'u_crypto_synth_top/u_top/u_aes/core/dec_block/n_803'.
**WARN: Instance 'u_crypto_synth_top/u_top/u_aes/core/dec_block/g34725' has multiple input pins tied together to net 'u_crypto_synth_top/u_top/u_aes/core/dec_block/n_1121'.
**WARN: Instance 'u_crypto_synth_top/u_top/u_aes/core/dec_block/g34725' has multiple input pins tied together to net 'u_crypto_synth_top/u_top/u_aes/core/dec_block/n_992'.
**WARN: Instance 'u_crypto_synth_top/u_top/u_aes/core/dec_block/g34726' has multiple input pins tied together to net 'u_crypto_synth_top/u_top/u_aes/core/dec_block/n_1164'.
**WARN: Instance 'u_crypto_synth_top/u_top/u_aes/core/dec_block/g34726' has multiple input pins tied together to net 'u_crypto_synth_top/u_top/u_aes/core/dec_block/n_716'.
**WARN: Instance 'u_crypto_synth_top/u_top/u_aes/core/dec_block/g34727' has multiple input pins tied together to net 'u_crypto_synth_top/u_top/u_aes/core/dec_block/n_1160'.
**WARN: Instance 'u_crypto_synth_top/u_top/u_aes/core/dec_block/g34727' has multiple input pins tied together to net 'u_crypto_synth_top/u_top/u_aes/core/dec_block/n_557'.
**WARN: Instance 'u_crypto_synth_top/u_top/u_aes/core/dec_block/g34728' has multiple input pins tied together to net 'u_crypto_synth_top/u_top/u_aes/core/dec_block/n_1151'.
**WARN: Instance 'u_crypto_synth_top/u_top/u_aes/core/dec_block/g34728' has multiple input pins tied together to net 'u_crypto_synth_top/u_top/u_aes/core/dec_block/n_800'.
**WARN: Instance 'u_crypto_synth_top/u_top/u_aes/core/dec_block/g34729' has multiple input pins tied together to net 'u_crypto_synth_top/u_top/u_aes/core/dec_block/n_1146'.
**WARN: Instance 'u_crypto_synth_top/u_top/u_aes/core/dec_block/g34729' has multiple input pins tied together to net 'u_crypto_synth_top/u_top/u_aes/core/dec_block/n_731'.
**WARN: Instance 'u_crypto_synth_top/u_top/u_aes/core/dec_block/g34730' has multiple input pins tied together to net 'u_crypto_synth_top/u_top/u_aes/core/dec_block/n_1161'.
**WARN: Instance 'u_crypto_synth_top/u_top/u_aes/core/dec_block/g34730' has multiple input pins tied together to net 'u_crypto_synth_top/u_top/u_aes/core/dec_block/n_708'.
**WARN: Instance 'u_crypto_synth_top/u_top/u_aes/core/dec_block/g34731' has multiple input pins tied together to net 'u_crypto_synth_top/u_top/u_aes/core/dec_block/n_1152'.
**WARN: Instance 'u_crypto_synth_top/u_top/u_aes/core/dec_block/g34731' has multiple input pins tied together to net 'u_crypto_synth_top/u_top/u_aes/core/dec_block/n_726'.
**WARN: Instance 'u_crypto_synth_top/u_top/u_aes/core/dec_block/g34732' has multiple input pins tied together to net 'u_crypto_synth_top/u_top/u_aes/core/dec_block/n_1157'.
**WARN: Instance 'u_crypto_synth_top/u_top/u_aes/core/dec_block/g34732' has multiple input pins tied together to net 'u_crypto_synth_top/u_top/u_aes/core/dec_block/n_369'.
**WARN: Instance 'u_crypto_synth_top/u_top/u_aes/core/dec_block/g34733' has multiple input pins tied together to net 'u_crypto_synth_top/u_top/u_aes/core/dec_block/n_1117'.
**WARN: Instance 'u_crypto_synth_top/u_top/u_aes/core/dec_block/g34733' has multiple input pins tied together to net 'u_crypto_synth_top/u_top/u_aes/core/dec_block/n_1116'.
**WARN: Instance 'u_crypto_synth_top/u_top/u_aes/core/dec_block/g34734' has multiple input pins tied together to net 'u_crypto_synth_top/u_top/u_aes/core/dec_block/n_1116'.
**WARN: Instance 'u_crypto_synth_top/u_top/u_aes/core/dec_block/g34734' has multiple input pins tied together to net 'u_crypto_synth_top/u_top/u_aes/core/dec_block/n_535'.
**WARN: Instance 'u_crypto_synth_top/u_top/u_aes/core/dec_block/g34735' has multiple input pins tied together to net 'u_crypto_synth_top/u_top/u_aes/core/dec_block/n_1159'.
**WARN: Instance 'u_crypto_synth_top/u_top/u_aes/core/dec_block/g34735' has multiple input pins tied together to net 'u_crypto_synth_top/u_top/u_aes/core/dec_block/n_800'.
**WARN: Instance 'u_crypto_synth_top/u_top/u_aes/core/dec_block/g34736' has multiple input pins tied together to net 'u_crypto_synth_top/u_top/u_aes/core/dec_block/n_1157'.
**WARN: Instance 'u_crypto_synth_top/u_top/u_aes/core/dec_block/g34736' has multiple input pins tied together to net 'u_crypto_synth_top/u_top/u_aes/core/dec_block/n_364'.
**WARN: Instance 'u_crypto_synth_top/u_top/u_aes/core/dec_block/g34737' has multiple input pins tied together to net 'u_crypto_synth_top/u_top/u_aes/core/dec_block/n_1162'.
**WARN: Instance 'u_crypto_synth_top/u_top/u_aes/core/dec_block/g34737' has multiple input pins tied together to net 'u_crypto_synth_top/u_top/u_aes/core/dec_block/n_716'.
**WARN: Instance 'u_crypto_synth_top/u_top/u_aes/core/dec_block/g34738' has multiple input pins tied together to net 'u_crypto_synth_top/u_top/u_aes/core/dec_block/n_1158'.
**WARN: Instance 'u_crypto_synth_top/u_top/u_aes/core/dec_block/g34738' has multiple input pins tied together to net 'u_crypto_synth_top/u_top/u_aes/core/dec_block/n_377'.
**WARN: Instance 'u_crypto_synth_top/u_top/u_aes/core/dec_block/g34739' has multiple input pins tied together to net 'u_crypto_synth_top/u_top/u_aes/core/dec_block/n_1141'.
**WARN: Instance 'u_crypto_synth_top/u_top/u_aes/core/dec_block/g34739' has multiple input pins tied together to net 'u_crypto_synth_top/u_top/u_aes/core/dec_block/n_792'.
**WARN: Instance 'u_crypto_synth_top/u_top/u_aes/core/dec_block/g34740' has multiple input pins tied together to net 'u_crypto_synth_top/u_top/u_aes/core/dec_block/n_1153'.
**WARN: Instance 'u_crypto_synth_top/u_top/u_aes/core/dec_block/g34740' has multiple input pins tied together to net 'u_crypto_synth_top/u_top/u_aes/core/dec_block/n_813'.
**WARN: Instance 'u_crypto_synth_top/u_top/u_aes/core/dec_block/g34741' has multiple input pins tied together to net 'u_crypto_synth_top/u_top/u_aes/core/dec_block/n_1113'.
**WARN: Instance 'u_crypto_synth_top/u_top/u_aes/core/dec_block/g34741' has multiple input pins tied together to net 'u_crypto_synth_top/u_top/u_aes/core/dec_block/n_733'.
**WARN: Instance 'u_crypto_synth_top/u_top/u_aes/core/dec_block/g34742' has multiple input pins tied together to net 'u_crypto_synth_top/u_top/u_aes/core/dec_block/n_1154'.
**WARN: Instance 'u_crypto_synth_top/u_top/u_aes/core/dec_block/g34742' has multiple input pins tied together to net 'u_crypto_synth_top/u_top/u_aes/core/dec_block/n_508'.
**WARN: Instance 'u_crypto_synth_top/u_top/u_aes/core/dec_block/g34743' has multiple input pins tied together to net 'u_crypto_synth_top/u_top/u_aes/core/dec_block/n_1175'.
**WARN: Instance 'u_crypto_synth_top/u_top/u_aes/core/dec_block/g34743' has multiple input pins tied together to net 'u_crypto_synth_top/u_top/u_aes/core/dec_block/n_826'.
**WARN: Instance 'u_crypto_synth_top/u_top/u_aes/core/dec_block/g34744' has multiple input pins tied together to net 'u_crypto_synth_top/u_top/u_aes/core/dec_block/n_1133'.
**WARN: Instance 'u_crypto_synth_top/u_top/u_aes/core/dec_block/g34744' has multiple input pins tied together to net 'u_crypto_synth_top/u_top/u_aes/core/dec_block/n_789'.
**WARN: Instance 'u_crypto_synth_top/u_top/u_aes/core/dec_block/g34745' has multiple input pins tied together to net 'u_crypto_synth_top/u_top/u_aes/core/dec_block/n_1134'.
**WARN: Instance 'u_crypto_synth_top/u_top/u_aes/core/dec_block/g34745' has multiple input pins tied together to net 'u_crypto_synth_top/u_top/u_aes/core/dec_block/n_702'.
**WARN: Instance 'u_crypto_synth_top/u_top/u_aes/core/dec_block/g34746' has multiple input pins tied together to net 'u_crypto_synth_top/u_top/u_aes/core/dec_block/n_1152'.
**WARN: Instance 'u_crypto_synth_top/u_top/u_aes/core/dec_block/g34746' has multiple input pins tied together to net 'u_crypto_synth_top/u_top/u_aes/core/dec_block/n_722'.
**WARN: Instance 'u_crypto_synth_top/u_top/u_aes/core/dec_block/g34747' has multiple input pins tied together to net 'u_crypto_synth_top/u_top/u_aes/core/dec_block/n_1172'.
**WARN: Instance 'u_crypto_synth_top/u_top/u_aes/core/dec_block/g34747' has multiple input pins tied together to net 'u_crypto_synth_top/u_top/u_aes/core/dec_block/n_818'.
**WARN: Instance 'u_crypto_synth_top/u_top/u_aes/core/dec_block/g34748' has multiple input pins tied together to net 'u_crypto_synth_top/u_top/u_aes/core/dec_block/n_1146'.
**WARN: Instance 'u_crypto_synth_top/u_top/u_aes/core/dec_block/g34748' has multiple input pins tied together to net 'u_crypto_synth_top/u_top/u_aes/core/dec_block/n_1048'.
**WARN: Instance 'u_crypto_synth_top/u_top/u_aes/core/dec_block/g34749' has multiple input pins tied together to net 'u_crypto_synth_top/u_top/u_aes/core/dec_block/n_1173'.
**WARN: Instance 'u_crypto_synth_top/u_top/u_aes/core/dec_block/g34749' has multiple input pins tied together to net 'u_crypto_synth_top/u_top/u_aes/core/dec_block/n_806'.
**WARN: Instance 'u_crypto_synth_top/u_top/u_aes/core/dec_block/g34750' has multiple input pins tied together to net 'u_crypto_synth_top/u_top/u_aes/core/dec_block/n_1170'.
**WARN: Instance 'u_crypto_synth_top/u_top/u_aes/core/dec_block/g34750' has multiple input pins tied together to net 'u_crypto_synth_top/u_top/u_aes/core/dec_block/n_728'.
**WARN: Instance 'u_crypto_synth_top/u_top/u_aes/core/dec_block/g34753' has multiple input pins tied together to net 'u_crypto_synth_top/u_top/u_aes/core/dec_block/n_1112'.
**WARN: Instance 'u_crypto_synth_top/u_top/u_aes/core/dec_block/g34753' has multiple input pins tied together to net 'u_crypto_synth_top/u_top/u_aes/core/dec_block/n_1056'.
**WARN: Instance 'u_crypto_synth_top/u_top/u_aes/core/dec_block/g34754' has multiple input pins tied together to net 'u_crypto_synth_top/u_top/u_aes/core/dec_block/n_1166'.
**WARN: Instance 'u_crypto_synth_top/u_top/u_aes/core/dec_block/g34754' has multiple input pins tied together to net 'u_crypto_synth_top/u_top/u_aes/core/dec_block/n_1140'.
**WARN: Instance 'u_crypto_synth_top/u_top/u_aes/core/dec_block/g34755' has multiple input pins tied together to net 'u_crypto_synth_top/u_top/u_aes/core/dec_block/n_1123'.
**WARN: Instance 'u_crypto_synth_top/u_top/u_aes/core/dec_block/g34755' has multiple input pins tied together to net 'u_crypto_synth_top/u_top/u_aes/core/dec_block/n_1125'.
**WARN: Instance 'u_crypto_synth_top/u_top/u_aes/core/dec_block/g34756' has multiple input pins tied together to net 'u_crypto_synth_top/u_top/u_aes/core/dec_block/n_1169'.
**WARN: Instance 'u_crypto_synth_top/u_top/u_aes/core/dec_block/g34756' has multiple input pins tied together to net 'u_crypto_synth_top/u_top/u_aes/core/dec_block/n_1124'.
**WARN: Instance 'u_crypto_synth_top/u_top/u_aes/core/dec_block/g34757' has multiple input pins tied together to net 'u_crypto_synth_top/u_top/u_aes/core/dec_block/n_1139'.
**WARN: Instance 'u_crypto_synth_top/u_top/u_aes/core/dec_block/g34757' has multiple input pins tied together to net 'u_crypto_synth_top/u_top/u_aes/core/dec_block/n_1074'.
**WARN: Instance 'u_crypto_synth_top/u_top/u_aes/core/dec_block/g34758' has multiple input pins tied together to net 'u_crypto_synth_top/u_top/u_aes/core/dec_block/n_1121'.
**WARN: Instance 'u_crypto_synth_top/u_top/u_aes/core/dec_block/g34758' has multiple input pins tied together to net 'u_crypto_synth_top/u_top/u_aes/core/dec_block/n_979'.
**WARN: Instance 'u_crypto_synth_top/u_top/u_aes/core/dec_block/g34759' has multiple input pins tied together to net 'u_crypto_synth_top/u_top/u_aes/core/dec_block/n_1132'.
**WARN: Instance 'u_crypto_synth_top/u_top/u_aes/core/dec_block/g34759' has multiple input pins tied together to net 'u_crypto_synth_top/u_top/u_aes/core/dec_block/n_1063'.
**WARN: Instance 'u_crypto_synth_top/u_top/u_aes/core/dec_block/g34760' has multiple input pins tied together to net 'u_crypto_synth_top/u_top/u_aes/core/dec_block/n_1122'.
**WARN: Instance 'u_crypto_synth_top/u_top/u_aes/core/dec_block/g34760' has multiple input pins tied together to net 'u_crypto_synth_top/u_top/u_aes/core/dec_block/n_1005'.
**WARN: Instance 'u_crypto_synth_top/u_top/u_aes/core/dec_block/g34761' has multiple input pins tied together to net 'u_crypto_synth_top/u_top/u_aes/core/dec_block/n_1114'.
**WARN: Instance 'u_crypto_synth_top/u_top/u_aes/core/dec_block/g34761' has multiple input pins tied together to net 'u_crypto_synth_top/u_top/u_aes/core/dec_block/n_347'.
**WARN: Instance 'u_crypto_synth_top/u_top/u_aes/core/dec_block/g34762' has multiple input pins tied together to net 'u_crypto_synth_top/u_top/u_aes/core/dec_block/n_1156'.
**WARN: Instance 'u_crypto_synth_top/u_top/u_aes/core/dec_block/g34762' has multiple input pins tied together to net 'u_crypto_synth_top/u_top/u_aes/core/dec_block/n_575'.
**WARN: Instance 'u_crypto_synth_top/u_top/u_aes/core/dec_block/g34763' has multiple input pins tied together to net 'u_crypto_synth_top/u_top/u_aes/core/dec_block/n_1163'.
**WARN: Instance 'u_crypto_synth_top/u_top/u_aes/core/dec_block/g34763' has multiple input pins tied together to net 'u_crypto_synth_top/u_top/u_aes/core/dec_block/n_561'.
**WARN: Instance 'u_crypto_synth_top/u_top/u_aes/core/dec_block/g34764' has multiple input pins tied together to net 'u_crypto_synth_top/u_top/u_aes/core/dec_block/n_1117'.
**WARN: Instance 'u_crypto_synth_top/u_top/u_aes/core/dec_block/g34764' has multiple input pins tied together to net 'u_crypto_synth_top/u_top/u_aes/core/dec_block/n_359'.
**WARN: Instance 'u_crypto_synth_top/u_top/u_aes/core/dec_block/g34765' has multiple input pins tied together to net 'u_crypto_synth_top/u_top/u_aes/core/dec_block/n_1115'.
**WARN: Instance 'u_crypto_synth_top/u_top/u_aes/core/dec_block/g34765' has multiple input pins tied together to net 'u_crypto_synth_top/u_top/u_aes/core/dec_block/n_354'.
**WARN: Instance 'u_crypto_synth_top/u_top/u_aes/core/dec_block/g34766' has multiple input pins tied together to net 'u_crypto_synth_top/u_top/u_aes/core/dec_block/n_1163'.
**WARN: Instance 'u_crypto_synth_top/u_top/u_aes/core/dec_block/g34766' has multiple input pins tied together to net 'u_crypto_synth_top/u_top/u_aes/core/dec_block/n_614'.
**WARN: Instance 'u_crypto_synth_top/u_top/u_aes/core/dec_block/g34768' has multiple input pins tied together to net 'u_crypto_synth_top/u_top/u_aes/core/dec_block/n_1144'.
**WARN: Instance 'u_crypto_synth_top/u_top/u_aes/core/dec_block/g34768' has multiple input pins tied together to net 'u_crypto_synth_top/u_top/u_aes/core/dec_block/n_1049'.
**WARN: Instance 'u_crypto_synth_top/u_top/u_aes/core/dec_block/g34772' has multiple input pins tied together to net 'u_crypto_synth_top/u_top/u_aes/core/dec_block/n_1156'.
**WARN: Instance 'u_crypto_synth_top/u_top/u_aes/core/dec_block/g34772' has multiple input pins tied together to net 'u_crypto_synth_top/u_top/u_aes/core/dec_block/n_571'.
**WARN: Instance 'u_crypto_synth_top/u_top/u_aes/core/dec_block/g34775' has multiple input pins tied together to net 'u_crypto_synth_top/u_top/u_aes/core/dec_block/n_1112'.
**WARN: Instance 'u_crypto_synth_top/u_top/u_aes/core/dec_block/g34775' has multiple input pins tied together to net 'u_crypto_synth_top/u_top/u_aes/core/dec_block/n_517'.
**WARN: Instance 'u_crypto_synth_top/u_top/u_aes/core/dec_block/g34780' has multiple input pins tied together to net 'u_crypto_synth_top/u_top/u_aes/core/dec_block/n_1115'.
**WARN: Instance 'u_crypto_synth_top/u_top/u_aes/core/dec_block/g34780' has multiple input pins tied together to net 'u_crypto_synth_top/u_top/u_aes/core/dec_block/n_529'.
**WARN: Instance 'u_crypto_synth_top/u_top/u_aes/core/dec_block/g34781' has multiple input pins tied together to net 'u_crypto_synth_top/u_top/u_aes/core/dec_block/n_1131'.
**WARN: Instance 'u_crypto_synth_top/u_top/u_aes/core/dec_block/g34781' has multiple input pins tied together to net 'u_crypto_synth_top/u_top/u_aes/core/dec_block/n_1006'.
**WARN: Instance 'u_crypto_synth_top/u_top/u_aes/core/dec_block/g34782' has multiple input pins tied together to net 'u_crypto_synth_top/u_top/u_aes/core/dec_block/n_1176'.
**WARN: Instance 'u_crypto_synth_top/u_top/u_aes/core/dec_block/g34782' has multiple input pins tied together to net 'u_crypto_synth_top/u_top/u_aes/core/dec_block/n_1013'.
**WARN: Instance 'u_crypto_synth_top/u_top/u_aes/core/dec_block/g34784' has multiple input pins tied together to net 'u_crypto_synth_top/u_top/u_aes/core/dec_block/n_1113'.
**WARN: Instance 'u_crypto_synth_top/u_top/u_aes/core/dec_block/g34784' has multiple input pins tied together to net 'u_crypto_synth_top/u_top/u_aes/core/dec_block/n_1035'.
**WARN: Instance 'u_crypto_synth_top/u_top/u_aes/core/dec_block/g34785' has multiple input pins tied together to net 'u_crypto_synth_top/u_top/u_aes/core/dec_block/n_1107'.
**WARN: Instance 'u_crypto_synth_top/u_top/u_aes/core/dec_block/g34785' has multiple input pins tied together to net 'u_crypto_synth_top/u_top/u_aes/core/dec_block/n_599'.
**WARN: Instance 'u_crypto_synth_top/u_top/u_aes/core/dec_block/g34786' has multiple input pins tied together to net 'u_crypto_synth_top/u_top/u_aes/core/dec_block/n_1144'.
**WARN: Instance 'u_crypto_synth_top/u_top/u_aes/core/dec_block/g34786' has multiple input pins tied together to net 'u_crypto_synth_top/u_top/u_aes/core/dec_block/n_573'.
**WARN: Instance 'u_crypto_synth_top/u_top/u_aes/core/dec_block/g34787' has multiple input pins tied together to net 'u_crypto_synth_top/u_top/u_aes/core/dec_block/n_1110'.
**WARN: Instance 'u_crypto_synth_top/u_top/u_aes/core/dec_block/g34787' has multiple input pins tied together to net 'u_crypto_synth_top/u_top/u_aes/core/dec_block/n_316'.
**WARN: Instance 'u_crypto_synth_top/u_top/u_aes/core/dec_block/g34789' has multiple input pins tied together to net 'u_crypto_synth_top/u_top/u_aes/core/dec_block/n_1148'.
**WARN: Instance 'u_crypto_synth_top/u_top/u_aes/core/dec_block/g34789' has multiple input pins tied together to net 'u_crypto_synth_top/u_top/u_aes/core/dec_block/n_304'.
**WARN: Instance 'u_crypto_synth_top/u_top/u_aes/core/dec_block/g34790' has multiple input pins tied together to net 'u_crypto_synth_top/u_top/u_aes/core/dec_block/n_1111'.
**WARN: Instance 'u_crypto_synth_top/u_top/u_aes/core/dec_block/g34790' has multiple input pins tied together to net 'u_crypto_synth_top/u_top/u_aes/core/dec_block/n_828'.
**WARN: Instance 'u_crypto_synth_top/u_top/u_aes/core/dec_block/g34791' has multiple input pins tied together to net 'u_crypto_synth_top/u_top/u_aes/core/dec_block/n_1177'.
**WARN: Instance 'u_crypto_synth_top/u_top/u_aes/core/dec_block/g34791' has multiple input pins tied together to net 'u_crypto_synth_top/u_top/u_aes/core/dec_block/n_352'.
**WARN: Instance 'u_crypto_synth_top/u_top/u_aes/core/dec_block/g34792' has multiple input pins tied together to net 'u_crypto_synth_top/u_top/u_aes/core/dec_block/n_1120'.
**WARN: Instance 'u_crypto_synth_top/u_top/u_aes/core/dec_block/g34792' has multiple input pins tied together to net 'u_crypto_synth_top/u_top/u_aes/core/dec_block/n_517'.
**WARN: Instance 'u_crypto_synth_top/u_top/u_aes/core/dec_block/g34793' has multiple input pins tied together to net 'u_crypto_synth_top/u_top/u_aes/core/dec_block/n_1154'.
**WARN: Instance 'u_crypto_synth_top/u_top/u_aes/core/dec_block/g34793' has multiple input pins tied together to net 'u_crypto_synth_top/u_top/u_aes/core/dec_block/n_320'.
**WARN: Instance 'u_crypto_synth_top/u_top/u_aes/core/dec_block/g34799' has multiple input pins tied together to net 'u_crypto_synth_top/u_top/u_aes/core/dec_block/n_1084'.
**WARN: Instance 'u_crypto_synth_top/u_top/u_aes/core/dec_block/g34799' has multiple input pins tied together to net 'u_crypto_synth_top/u_top/u_aes/core/dec_block/n_1045'.
**WARN: Instance 'u_crypto_synth_top/u_top/u_aes/core/dec_block/g34800' has multiple input pins tied together to net 'u_crypto_synth_top/u_top/u_aes/core/dec_block/n_1087'.
**WARN: Instance 'u_crypto_synth_top/u_top/u_aes/core/dec_block/g34800' has multiple input pins tied together to net 'u_crypto_synth_top/u_top/u_aes/core/dec_block/n_306'.
**WARN: Instance 'u_crypto_synth_top/u_top/u_aes/core/dec_block/g34803' has multiple input pins tied together to net 'u_crypto_synth_top/u_top/u_aes/core/dec_block/n_1061'.
**WARN: Instance 'u_crypto_synth_top/u_top/u_aes/core/dec_block/g34803' has multiple input pins tied together to net 'u_crypto_synth_top/u_top/u_aes/core/dec_block/n_696'.
**WARN: Instance 'u_crypto_synth_top/u_top/u_aes/core/dec_block/g34804' has multiple input pins tied together to net 'u_crypto_synth_top/u_top/u_aes/core/dec_block/n_1059'.
**WARN: Instance 'u_crypto_synth_top/u_top/u_aes/core/dec_block/g34804' has multiple input pins tied together to net 'u_crypto_synth_top/u_top/u_aes/core/dec_block/n_831'.
**WARN: Instance 'u_crypto_synth_top/u_top/u_aes/core/dec_block/g34805' has multiple input pins tied together to net 'u_crypto_synth_top/u_top/u_aes/core/dec_block/n_1055'.
**WARN: Instance 'u_crypto_synth_top/u_top/u_aes/core/dec_block/g34805' has multiple input pins tied together to net 'u_crypto_synth_top/u_top/u_aes/core/dec_block/n_727'.
**WARN: Instance 'u_crypto_synth_top/u_top/u_aes/core/dec_block/g34806' has multiple input pins tied together to net 'u_crypto_synth_top/u_top/u_aes/core/dec_block/n_1061'.
**WARN: Instance 'u_crypto_synth_top/u_top/u_aes/core/dec_block/g34806' has multiple input pins tied together to net 'u_crypto_synth_top/u_top/u_aes/core/dec_block/n_808'.
**WARN: Instance 'u_crypto_synth_top/u_top/u_aes/core/dec_block/g34807' has multiple input pins tied together to net 'u_crypto_synth_top/u_top/u_aes/core/dec_block/n_1086'.
**WARN: Instance 'u_crypto_synth_top/u_top/u_aes/core/dec_block/g34807' has multiple input pins tied together to net 'u_crypto_synth_top/u_top/u_aes/core/dec_block/n_305'.
**WARN: Instance 'u_crypto_synth_top/u_top/u_aes/core/dec_block/g34808' has multiple input pins tied together to net 'u_crypto_synth_top/u_top/u_aes/core/dec_block/n_1055'.
**WARN: Instance 'u_crypto_synth_top/u_top/u_aes/core/dec_block/g34808' has multiple input pins tied together to net 'u_crypto_synth_top/u_top/u_aes/core/dec_block/n_790'.
**WARN: Instance 'u_crypto_synth_top/u_top/u_aes/core/dec_block/g34809' has multiple input pins tied together to net 'u_crypto_synth_top/u_top/u_aes/core/dec_block/n_1054'.
**WARN: Instance 'u_crypto_synth_top/u_top/u_aes/core/dec_block/g34809' has multiple input pins tied together to net 'u_crypto_synth_top/u_top/u_aes/core/dec_block/n_362'.
**WARN: Instance 'u_crypto_synth_top/u_top/u_aes/core/dec_block/g34810' has multiple input pins tied together to net 'u_crypto_synth_top/u_top/u_aes/core/dec_block/n_1085'.
**WARN: Instance 'u_crypto_synth_top/u_top/u_aes/core/dec_block/g34810' has multiple input pins tied together to net 'u_crypto_synth_top/u_top/u_aes/core/dec_block/n_405'.
**WARN: Instance 'u_crypto_synth_top/u_top/u_aes/core/dec_block/g34811' has multiple input pins tied together to net 'u_crypto_synth_top/u_top/u_aes/core/dec_block/n_1085'.
**WARN: Instance 'u_crypto_synth_top/u_top/u_aes/core/dec_block/g34811' has multiple input pins tied together to net 'u_crypto_synth_top/u_top/u_aes/core/dec_block/n_435'.
**WARN: Instance 'u_crypto_synth_top/u_top/u_aes/core/dec_block/g34812' has multiple input pins tied together to net 'u_crypto_synth_top/u_top/u_aes/core/dec_block/n_1054'.
**WARN: Instance 'u_crypto_synth_top/u_top/u_aes/core/dec_block/g34812' has multiple input pins tied together to net 'u_crypto_synth_top/u_top/u_aes/core/dec_block/n_533'.
**WARN: Instance 'u_crypto_synth_top/u_top/u_aes/core/dec_block/g34813' has multiple input pins tied together to net 'u_crypto_synth_top/u_top/u_aes/core/dec_block/n_1086'.
**WARN: Instance 'u_crypto_synth_top/u_top/u_aes/core/dec_block/g34813' has multiple input pins tied together to net 'u_crypto_synth_top/u_top/u_aes/core/dec_block/n_377'.
**WARN: Instance 'u_crypto_synth_top/u_top/u_aes/core/dec_block/g34814' has multiple input pins tied together to net 'u_crypto_synth_top/u_top/u_aes/core/dec_block/n_1060'.
**WARN: Instance 'u_crypto_synth_top/u_top/u_aes/core/dec_block/g34814' has multiple input pins tied together to net 'u_crypto_synth_top/u_top/u_aes/core/dec_block/n_830'.
**WARN: Instance 'u_crypto_synth_top/u_top/u_aes/core/dec_block/g34815' has multiple input pins tied together to net 'u_crypto_synth_top/u_top/u_aes/core/dec_block/n_1069'.
**WARN: Instance 'u_crypto_synth_top/u_top/u_aes/core/dec_block/g34815' has multiple input pins tied together to net 'u_crypto_synth_top/u_top/u_aes/core/dec_block/n_1104'.
**WARN: Instance 'u_crypto_synth_top/u_top/u_aes/core/dec_block/g34816' has multiple input pins tied together to net 'u_crypto_synth_top/u_top/u_aes/core/dec_block/n_1090'.
**WARN: Instance 'u_crypto_synth_top/u_top/u_aes/core/dec_block/g34816' has multiple input pins tied together to net 'u_crypto_synth_top/u_top/u_aes/core/dec_block/n_430'.
**WARN: Instance 'u_crypto_synth_top/u_top/u_aes/core/dec_block/g34817' has multiple input pins tied together to net 'u_crypto_synth_top/u_top/u_aes/core/dec_block/n_1105'.
**WARN: Instance 'u_crypto_synth_top/u_top/u_aes/core/dec_block/g34817' has multiple input pins tied together to net 'u_crypto_synth_top/u_top/u_aes/core/dec_block/n_421'.
**WARN: Instance 'u_crypto_synth_top/u_top/u_aes/core/dec_block/g34818' has multiple input pins tied together to net 'u_crypto_synth_top/u_top/u_aes/core/dec_block/n_1094'.
**WARN: Instance 'u_crypto_synth_top/u_top/u_aes/core/dec_block/g34818' has multiple input pins tied together to net 'u_crypto_synth_top/u_top/u_aes/core/dec_block/n_434'.
**WARN: Instance 'u_crypto_synth_top/u_top/u_aes/core/dec_block/g34819' has multiple input pins tied together to net 'u_crypto_synth_top/u_top/u_aes/core/dec_block/n_1050'.
**WARN: Instance 'u_crypto_synth_top/u_top/u_aes/core/dec_block/g34819' has multiple input pins tied together to net 'u_crypto_synth_top/u_top/u_aes/core/dec_block/n_305'.
**WARN: Instance 'u_crypto_synth_top/u_top/u_aes/core/dec_block/g34820' has multiple input pins tied together to net 'u_crypto_synth_top/u_top/u_aes/core/dec_block/n_1093'.
**WARN: Instance 'u_crypto_synth_top/u_top/u_aes/core/dec_block/g34820' has multiple input pins tied together to net 'u_crypto_synth_top/u_top/u_aes/core/dec_block/n_595'.
**WARN: Instance 'u_crypto_synth_top/u_top/u_aes/core/dec_block/g34821' has multiple input pins tied together to net 'u_crypto_synth_top/u_top/u_aes/core/dec_block/n_1064'.
**WARN: Instance 'u_crypto_synth_top/u_top/u_aes/core/dec_block/g34821' has multiple input pins tied together to net 'u_crypto_synth_top/u_top/u_aes/core/dec_block/n_704'.
**WARN: Instance 'u_crypto_synth_top/u_top/u_aes/core/dec_block/g34822' has multiple input pins tied together to net 'u_crypto_synth_top/u_top/u_aes/core/dec_block/n_1091'.
**WARN: Instance 'u_crypto_synth_top/u_top/u_aes/core/dec_block/g34822' has multiple input pins tied together to net 'u_crypto_synth_top/u_top/u_aes/core/dec_block/n_419'.
**WARN: Instance 'u_crypto_synth_top/u_top/u_aes/core/dec_block/g34823' has multiple input pins tied together to net 'u_crypto_synth_top/u_top/u_aes/core/dec_block/n_1067'.
**WARN: Instance 'u_crypto_synth_top/u_top/u_aes/core/dec_block/g34823' has multiple input pins tied together to net 'u_crypto_synth_top/u_top/u_aes/core/dec_block/n_724'.
**WARN: Instance 'u_crypto_synth_top/u_top/u_aes/core/dec_block/g34824' has multiple input pins tied together to net 'u_crypto_synth_top/u_top/u_aes/core/dec_block/n_1059'.
**WARN: Instance 'u_crypto_synth_top/u_top/u_aes/core/dec_block/g34824' has multiple input pins tied together to net 'u_crypto_synth_top/u_top/u_aes/core/dec_block/n_742'.
**WARN: Instance 'u_crypto_synth_top/u_top/u_aes/core/dec_block/g34825' has multiple input pins tied together to net 'u_crypto_synth_top/u_top/u_aes/core/dec_block/n_1058'.
**WARN: Instance 'u_crypto_synth_top/u_top/u_aes/core/dec_block/g34825' has multiple input pins tied together to net 'u_crypto_synth_top/u_top/u_aes/core/dec_block/n_740'.
**WARN: Instance 'u_crypto_synth_top/u_top/u_aes/core/dec_block/g34826' has multiple input pins tied together to net 'u_crypto_synth_top/u_top/u_aes/core/dec_block/n_1068'.
**WARN: Instance 'u_crypto_synth_top/u_top/u_aes/core/dec_block/g34826' has multiple input pins tied together to net 'u_crypto_synth_top/u_top/u_aes/core/dec_block/n_698'.
**WARN: Instance 'u_crypto_synth_top/u_top/u_aes/core/dec_block/g34827' has multiple input pins tied together to net 'u_crypto_synth_top/u_top/u_aes/core/dec_block/n_1103'.
**WARN: Instance 'u_crypto_synth_top/u_top/u_aes/core/dec_block/g34827' has multiple input pins tied together to net 'u_crypto_synth_top/u_top/u_aes/core/dec_block/n_757'.
**WARN: Instance 'u_crypto_synth_top/u_top/u_aes/core/dec_block/g34828' has multiple input pins tied together to net 'u_crypto_synth_top/u_top/u_aes/core/dec_block/n_1088'.
**WARN: Instance 'u_crypto_synth_top/u_top/u_aes/core/dec_block/g34828' has multiple input pins tied together to net 'u_crypto_synth_top/u_top/u_aes/core/dec_block/n_803'.
**WARN: Instance 'u_crypto_synth_top/u_top/u_aes/core/dec_block/g34829' has multiple input pins tied together to net 'u_crypto_synth_top/u_top/u_aes/core/dec_block/n_1062'.
**WARN: Instance 'u_crypto_synth_top/u_top/u_aes/core/dec_block/g34829' has multiple input pins tied together to net 'u_crypto_synth_top/u_top/u_aes/core/dec_block/n_401'.
**WARN: Instance 'u_crypto_synth_top/u_top/u_aes/core/dec_block/g34830' has multiple input pins tied together to net 'u_crypto_synth_top/u_top/u_aes/core/dec_block/n_1050'.
**WARN: Instance 'u_crypto_synth_top/u_top/u_aes/core/dec_block/g34830' has multiple input pins tied together to net 'u_crypto_synth_top/u_top/u_aes/core/dec_block/n_834'.
**WARN: Instance 'u_crypto_synth_top/u_top/u_aes/core/dec_block/g34835' has multiple input pins tied together to net 'u_crypto_synth_top/u_top/u_aes/core/dec_block/n_1048'.
**WARN: Instance 'u_crypto_synth_top/u_top/u_aes/core/dec_block/g34835' has multiple input pins tied together to net 'u_crypto_synth_top/u_top/u_aes/core/dec_block/n_525'.
**WARN: Instance 'u_crypto_synth_top/u_top/u_aes/core/dec_block/g34837' has multiple input pins tied together to net 'u_crypto_synth_top/u_top/u_aes/core/dec_block/n_1043'.
**WARN: Instance 'u_crypto_synth_top/u_top/u_aes/core/dec_block/g34837' has multiple input pins tied together to net 'u_crypto_synth_top/u_top/u_aes/core/dec_block/n_712'.
**WARN: Instance 'u_crypto_synth_top/u_top/u_aes/core/dec_block/g34838' has multiple input pins tied together to net 'u_crypto_synth_top/u_top/u_aes/core/dec_block/n_1083'.
**WARN: Instance 'u_crypto_synth_top/u_top/u_aes/core/dec_block/g34838' has multiple input pins tied together to net 'u_crypto_synth_top/u_top/u_aes/core/dec_block/n_720'.
**WARN: Instance 'u_crypto_synth_top/u_top/u_aes/core/dec_block/g34839' has multiple input pins tied together to net 'u_crypto_synth_top/u_top/u_aes/core/dec_block/n_1038'.
**WARN: Instance 'u_crypto_synth_top/u_top/u_aes/core/dec_block/g34839' has multiple input pins tied together to net 'u_crypto_synth_top/u_top/u_aes/core/dec_block/n_1026'.
**WARN: Instance 'u_crypto_synth_top/u_top/u_aes/core/dec_block/g34841' has multiple input pins tied together to net 'u_crypto_synth_top/u_top/u_aes/core/dec_block/n_1102'.
**WARN: Instance 'u_crypto_synth_top/u_top/u_aes/core/dec_block/g34841' has multiple input pins tied together to net 'u_crypto_synth_top/u_top/u_aes/core/dec_block/n_1078'.
**WARN: Instance 'u_crypto_synth_top/u_top/u_aes/core/dec_block/g34842' has multiple input pins tied together to net 'u_crypto_synth_top/u_top/u_aes/core/dec_block/n_1100'.
**WARN: Instance 'u_crypto_synth_top/u_top/u_aes/core/dec_block/g34842' has multiple input pins tied together to net 'u_crypto_synth_top/u_top/u_aes/core/dec_block/n_1082'.
**WARN: Instance 'u_crypto_synth_top/u_top/u_aes/core/dec_block/g34843' has multiple input pins tied together to net 'u_crypto_synth_top/u_top/u_aes/core/dec_block/n_1047'.
**WARN: Instance 'u_crypto_synth_top/u_top/u_aes/core/dec_block/g34843' has multiple input pins tied together to net 'u_crypto_synth_top/u_top/u_aes/core/dec_block/n_575'.
**WARN: Instance 'u_crypto_synth_top/u_top/u_aes/core/dec_block/g34844' has multiple input pins tied together to net 'u_crypto_synth_top/u_top/u_aes/core/dec_block/n_1058'.
**WARN: Instance 'u_crypto_synth_top/u_top/u_aes/core/dec_block/g34844' has multiple input pins tied together to net 'u_crypto_synth_top/u_top/u_aes/core/dec_block/n_1034'.
**WARN: Instance 'u_crypto_synth_top/u_top/u_aes/core/dec_block/g34845' has multiple input pins tied together to net 'u_crypto_synth_top/u_top/u_aes/core/dec_block/n_1073'.
**WARN: Instance 'u_crypto_synth_top/u_top/u_aes/core/dec_block/g34845' has multiple input pins tied together to net 'u_crypto_synth_top/u_top/u_aes/core/dec_block/n_836'.
**WARN: Instance 'u_crypto_synth_top/u_top/u_aes/core/dec_block/g34846' has multiple input pins tied together to net 'u_crypto_synth_top/u_top/u_aes/core/dec_block/n_1049'.
**WARN: Instance 'u_crypto_synth_top/u_top/u_aes/core/dec_block/g34846' has multiple input pins tied together to net 'u_crypto_synth_top/u_top/u_aes/core/dec_block/n_1018'.
**WARN: Instance 'u_crypto_synth_top/u_top/u_aes/core/dec_block/g34850' has multiple input pins tied together to net 'u_crypto_synth_top/u_top/u_aes/core/dec_block/n_1082'.
**WARN: Instance 'u_crypto_synth_top/u_top/u_aes/core/dec_block/g34850' has multiple input pins tied together to net 'u_crypto_synth_top/u_top/u_aes/core/dec_block/n_316'.
**WARN: Instance 'u_crypto_synth_top/u_top/u_aes/core/dec_block/g34853' has multiple input pins tied together to net 'u_crypto_synth_top/u_top/u_aes/core/dec_block/n_1040'.
**WARN: Instance 'u_crypto_synth_top/u_top/u_aes/core/dec_block/g34853' has multiple input pins tied together to net 'u_crypto_synth_top/u_top/u_aes/core/dec_block/n_700'.
**WARN: Instance 'u_crypto_synth_top/u_top/u_aes/core/dec_block/g34854' has multiple input pins tied together to net 'u_crypto_synth_top/u_top/u_aes/core/dec_block/n_1041'.
**WARN: Instance 'u_crypto_synth_top/u_top/u_aes/core/dec_block/g34854' has multiple input pins tied together to net 'u_crypto_synth_top/u_top/u_aes/core/dec_block/n_698'.
**WARN: Instance 'u_crypto_synth_top/u_top/u_aes/core/dec_block/g34855' has multiple input pins tied together to net 'u_crypto_synth_top/u_top/u_aes/core/dec_block/n_1089'.
**WARN: Instance 'u_crypto_synth_top/u_top/u_aes/core/dec_block/g34855' has multiple input pins tied together to net 'u_crypto_synth_top/u_top/u_aes/core/dec_block/n_334'.
**WARN: Instance 'u_crypto_synth_top/u_top/u_aes/core/dec_block/g34857' has multiple input pins tied together to net 'u_crypto_synth_top/u_top/u_aes/core/dec_block/n_1051'.
**WARN: Instance 'u_crypto_synth_top/u_top/u_aes/core/dec_block/g34857' has multiple input pins tied together to net 'u_crypto_synth_top/u_top/u_aes/core/dec_block/n_391'.
**WARN: Instance 'u_crypto_synth_top/u_top/u_aes/core/dec_block/g34858' has multiple input pins tied together to net 'u_crypto_synth_top/u_top/u_aes/core/dec_block/n_1083'.
**WARN: Instance 'u_crypto_synth_top/u_top/u_aes/core/dec_block/g34858' has multiple input pins tied together to net 'u_crypto_synth_top/u_top/u_aes/core/dec_block/n_714'.
**WARN: Instance 'u_crypto_synth_top/u_top/u_aes/core/dec_block/g34859' has multiple input pins tied together to net 'u_crypto_synth_top/u_top/u_aes/core/dec_block/n_1071'.
**WARN: Instance 'u_crypto_synth_top/u_top/u_aes/core/dec_block/g34859' has multiple input pins tied together to net 'u_crypto_synth_top/u_top/u_aes/core/dec_block/n_365'.
**WARN: Instance 'u_crypto_synth_top/u_top/u_aes/core/dec_block/g34860' has multiple input pins tied together to net 'u_crypto_synth_top/u_top/u_aes/core/dec_block/n_1096'.
**WARN: Instance 'u_crypto_synth_top/u_top/u_aes/core/dec_block/g34860' has multiple input pins tied together to net 'u_crypto_synth_top/u_top/u_aes/core/dec_block/n_1010'.
**WARN: Instance 'u_crypto_synth_top/u_top/u_aes/core/dec_block/g34861' has multiple input pins tied together to net 'u_crypto_synth_top/u_top/u_aes/core/dec_block/n_1095'.
**WARN: Instance 'u_crypto_synth_top/u_top/u_aes/core/dec_block/g34861' has multiple input pins tied together to net 'u_crypto_synth_top/u_top/u_aes/core/dec_block/n_820'.
**WARN: Instance 'u_crypto_synth_top/u_top/u_aes/core/dec_block/g34862' has multiple input pins tied together to net 'u_crypto_synth_top/u_top/u_aes/core/dec_block/n_1051'.
**WARN: Instance 'u_crypto_synth_top/u_top/u_aes/core/dec_block/g34862' has multiple input pins tied together to net 'u_crypto_synth_top/u_top/u_aes/core/dec_block/n_606'.
**WARN: Instance 'u_crypto_synth_top/u_top/u_aes/core/dec_block/g34863' has multiple input pins tied together to net 'u_crypto_synth_top/u_top/u_aes/core/dec_block/n_1099'.
**WARN: Instance 'u_crypto_synth_top/u_top/u_aes/core/dec_block/g34863' has multiple input pins tied together to net 'u_crypto_synth_top/u_top/u_aes/core/dec_block/n_519'.
**WARN: Instance 'u_crypto_synth_top/u_top/u_aes/core/dec_block/g34865' has multiple input pins tied together to net 'u_crypto_synth_top/u_top/u_aes/core/dec_block/n_1065'.
**WARN: Instance 'u_crypto_synth_top/u_top/u_aes/core/dec_block/g34865' has multiple input pins tied together to net 'u_crypto_synth_top/u_top/u_aes/core/dec_block/n_606'.
**WARN: Instance 'u_crypto_synth_top/u_top/u_aes/core/dec_block/g34871' has multiple input pins tied together to net 'u_crypto_synth_top/u_top/u_aes/core/dec_block/n_1033'.
**WARN: Instance 'u_crypto_synth_top/u_top/u_aes/core/dec_block/g34871' has multiple input pins tied together to net 'u_crypto_synth_top/u_top/u_aes/core/dec_block/n_322'.
**WARN: Instance 'u_crypto_synth_top/u_top/u_aes/core/dec_block/g34872' has multiple input pins tied together to net 'u_crypto_synth_top/u_top/u_aes/core/dec_block/n_1011'.
**WARN: Instance 'u_crypto_synth_top/u_top/u_aes/core/dec_block/g34872' has multiple input pins tied together to net 'u_crypto_synth_top/u_top/u_aes/core/dec_block/n_712'.
**WARN: Instance 'u_crypto_synth_top/u_top/u_aes/core/dec_block/g34873' has multiple input pins tied together to net 'u_crypto_synth_top/u_top/u_aes/core/dec_block/n_1016'.
**WARN: Instance 'u_crypto_synth_top/u_top/u_aes/core/dec_block/g34873' has multiple input pins tied together to net 'u_crypto_synth_top/u_top/u_aes/core/dec_block/n_696'.
**WARN: Instance 'u_crypto_synth_top/u_top/u_aes/core/dec_block/g34874' has multiple input pins tied together to net 'u_crypto_synth_top/u_top/u_aes/core/dec_block/n_962'.
**WARN: Instance 'u_crypto_synth_top/u_top/u_aes/core/dec_block/g34874' has multiple input pins tied together to net 'u_crypto_synth_top/u_top/u_aes/core/dec_block/n_831'.
**WARN: Instance 'u_crypto_synth_top/u_top/u_aes/core/dec_block/g34875' has multiple input pins tied together to net 'u_crypto_synth_top/u_top/u_aes/core/dec_block/n_1006'.
**WARN: Instance 'u_crypto_synth_top/u_top/u_aes/core/dec_block/g34875' has multiple input pins tied together to net 'u_crypto_synth_top/u_top/u_aes/core/dec_block/n_308'.
**WARN: Instance 'u_crypto_synth_top/u_top/u_aes/core/dec_block/g34876' has multiple input pins tied together to net 'u_crypto_synth_top/u_top/u_aes/core/dec_block/n_1008'.
**WARN: Instance 'u_crypto_synth_top/u_top/u_aes/core/dec_block/g34876' has multiple input pins tied together to net 'u_crypto_synth_top/u_top/u_aes/core/dec_block/n_413'.
**WARN: Instance 'u_crypto_synth_top/u_top/u_aes/core/dec_block/g34877' has multiple input pins tied together to net 'u_crypto_synth_top/u_top/u_aes/core/dec_block/n_1015'.
**WARN: Instance 'u_crypto_synth_top/u_top/u_aes/core/dec_block/g34877' has multiple input pins tied together to net 'u_crypto_synth_top/u_top/u_aes/core/dec_block/n_619'.
**WARN: Instance 'u_crypto_synth_top/u_top/u_aes/core/dec_block/g34878' has multiple input pins tied together to net 'u_crypto_synth_top/u_top/u_aes/core/dec_block/n_972'.
**WARN: Instance 'u_crypto_synth_top/u_top/u_aes/core/dec_block/g34878' has multiple input pins tied together to net 'u_crypto_synth_top/u_top/u_aes/core/dec_block/n_803'.
**WARN: Instance 'u_crypto_synth_top/u_top/u_aes/core/dec_block/g34879' has multiple input pins tied together to net 'u_crypto_synth_top/u_top/u_aes/core/dec_block/n_1025'.
**WARN: Instance 'u_crypto_synth_top/u_top/u_aes/core/dec_block/g34879' has multiple input pins tied together to net 'u_crypto_synth_top/u_top/u_aes/core/dec_block/n_303'.
**WARN: Instance 'u_crypto_synth_top/u_top/u_aes/core/dec_block/g34880' has multiple input pins tied together to net 'u_crypto_synth_top/u_top/u_aes/core/dec_block/n_1008'.
**WARN: Instance 'u_crypto_synth_top/u_top/u_aes/core/dec_block/g34880' has multiple input pins tied together to net 'u_crypto_synth_top/u_top/u_aes/core/dec_block/n_326'.
**WARN: Instance 'u_crypto_synth_top/u_top/u_aes/core/dec_block/g34882' has multiple input pins tied together to net 'u_crypto_synth_top/u_top/u_aes/core/dec_block/n_1018'.
**WARN: Instance 'u_crypto_synth_top/u_top/u_aes/core/dec_block/g34882' has multiple input pins tied together to net 'u_crypto_synth_top/u_top/u_aes/core/dec_block/n_302'.
**WARN: Instance 'u_crypto_synth_top/u_top/u_aes/core/dec_block/g34883' has multiple input pins tied together to net 'u_crypto_synth_top/u_top/u_aes/core/dec_block/n_1031'.
**WARN: Instance 'u_crypto_synth_top/u_top/u_aes/core/dec_block/g34883' has multiple input pins tied together to net 'u_crypto_synth_top/u_top/u_aes/core/dec_block/n_698'.
**WARN: Instance 'u_crypto_synth_top/u_top/u_aes/core/dec_block/g34884' has multiple input pins tied together to net 'u_crypto_synth_top/u_top/u_aes/core/dec_block/n_1020'.
**WARN: Instance 'u_crypto_synth_top/u_top/u_aes/core/dec_block/g34884' has multiple input pins tied together to net 'u_crypto_synth_top/u_top/u_aes/core/dec_block/n_700'.
**WARN: Instance 'u_crypto_synth_top/u_top/u_aes/core/dec_block/g34885' has multiple input pins tied together to net 'u_crypto_synth_top/u_top/u_aes/core/dec_block/n_1023'.
**WARN: Instance 'u_crypto_synth_top/u_top/u_aes/core/dec_block/g34885' has multiple input pins tied together to net 'u_crypto_synth_top/u_top/u_aes/core/dec_block/n_720'.
**WARN: Instance 'u_crypto_synth_top/u_top/u_aes/core/dec_block/g34887' has multiple input pins tied together to net 'u_crypto_synth_top/u_top/u_aes/core/dec_block/n_1022'.
**WARN: Instance 'u_crypto_synth_top/u_top/u_aes/core/dec_block/g34887' has multiple input pins tied together to net 'u_crypto_synth_top/u_top/u_aes/core/dec_block/n_714'.
**WARN: Instance 'u_crypto_synth_top/u_top/u_aes/core/dec_block/g34888' has multiple input pins tied together to net 'u_crypto_synth_top/u_top/u_aes/core/dec_block/n_1011'.
**WARN: Instance 'u_crypto_synth_top/u_top/u_aes/core/dec_block/g34888' has multiple input pins tied together to net 'u_crypto_synth_top/u_top/u_aes/core/dec_block/n_706'.
**WARN: Instance 'u_crypto_synth_top/u_top/u_aes/core/dec_block/g34890' has multiple input pins tied together to net 'u_crypto_synth_top/u_top/u_aes/core/dec_block/n_956'.
**WARN: Instance 'u_crypto_synth_top/u_top/u_aes/core/dec_block/g34890' has multiple input pins tied together to net 'u_crypto_synth_top/u_top/u_aes/core/dec_block/n_752'.
**WARN: Instance 'u_crypto_synth_top/u_top/u_aes/core/dec_block/g34891' has multiple input pins tied together to net 'u_crypto_synth_top/u_top/u_aes/core/dec_block/n_1014'.
**WARN: Instance 'u_crypto_synth_top/u_top/u_aes/core/dec_block/g34891' has multiple input pins tied together to net 'u_crypto_synth_top/u_top/u_aes/core/dec_block/n_301'.
**WARN: Instance 'u_crypto_synth_top/u_top/u_aes/core/dec_block/g34893' has multiple input pins tied together to net 'u_crypto_synth_top/u_top/u_aes/core/dec_block/n_1013'.
**WARN: Instance 'u_crypto_synth_top/u_top/u_aes/core/dec_block/g34893' has multiple input pins tied together to net 'u_crypto_synth_top/u_top/u_aes/core/dec_block/n_956'.
**WARN: Instance 'u_crypto_synth_top/u_top/u_aes/core/dec_block/g34897' has multiple input pins tied together to net 'u_crypto_synth_top/u_top/u_aes/core/dec_block/n_3'.
**WARN: Instance 'u_crypto_synth_top/u_top/u_aes/core/dec_block/g34897' has multiple input pins tied together to net 'u_crypto_synth_top/u_top/u_aes/core/dec_block/n_332'.
**WARN: Instance 'u_crypto_synth_top/u_top/u_aes/core/dec_block/g34899' has multiple input pins tied together to net 'u_crypto_synth_top/u_top/u_aes/core/dec_block/n_976'.
**WARN: Instance 'u_crypto_synth_top/u_top/u_aes/core/dec_block/g34899' has multiple input pins tied together to net 'u_crypto_synth_top/u_top/u_aes/core/dec_block/n_524'.
**WARN: Instance 'u_crypto_synth_top/u_top/u_aes/core/dec_block/g34907' has multiple input pins tied together to net 'u_crypto_synth_top/u_top/u_aes/core/dec_block/n_973'.
**WARN: Instance 'u_crypto_synth_top/u_top/u_aes/core/dec_block/g34907' has multiple input pins tied together to net 'u_crypto_synth_top/u_top/u_aes/core/dec_block/n_314'.
**WARN: Instance 'u_crypto_synth_top/u_top/u_aes/core/dec_block/g34908' has multiple input pins tied together to net 'u_crypto_synth_top/u_top/u_aes/core/dec_block/n_1028'.
**WARN: Instance 'u_crypto_synth_top/u_top/u_aes/core/dec_block/g34908' has multiple input pins tied together to net 'u_crypto_synth_top/u_top/u_aes/core/dec_block/n_310'.
**WARN: Instance 'u_crypto_synth_top/u_top/u_aes/core/dec_block/g34910' has multiple input pins tied together to net 'u_crypto_synth_top/u_top/u_aes/core/dec_block/n_959'.
**WARN: Instance 'u_crypto_synth_top/u_top/u_aes/core/dec_block/g34910' has multiple input pins tied together to net 'u_crypto_synth_top/u_top/u_aes/core/dec_block/n_550'.
**WARN: Instance 'u_crypto_synth_top/u_top/u_aes/core/dec_block/g34913' has multiple input pins tied together to net 'u_crypto_synth_top/u_top/u_aes/core/dec_block/n_1007'.
**WARN: Instance 'u_crypto_synth_top/u_top/u_aes/core/dec_block/g34913' has multiple input pins tied together to net 'u_crypto_synth_top/u_top/u_aes/core/dec_block/n_606'.
**WARN: Instance 'u_crypto_synth_top/u_top/u_aes/core/dec_block/g34915' has multiple input pins tied together to net 'u_crypto_synth_top/u_top/u_aes/core/dec_block/n_957'.
**WARN: Instance 'u_crypto_synth_top/u_top/u_aes/core/dec_block/g34915' has multiple input pins tied together to net 'u_crypto_synth_top/u_top/u_aes/core/dec_block/n_537'.
**WARN: Instance 'u_crypto_synth_top/u_top/u_aes/core/dec_block/g34918' has multiple input pins tied together to net 'u_crypto_synth_top/u_top/u_aes/core/dec_block/n_997'.
**WARN: Instance 'u_crypto_synth_top/u_top/u_aes/core/dec_block/g34918' has multiple input pins tied together to net 'u_crypto_synth_top/u_top/u_aes/core/dec_block/n_853'.
**WARN: Instance 'u_crypto_synth_top/u_top/u_aes/core/dec_block/g34920' has multiple input pins tied together to net 'u_crypto_synth_top/u_top/u_aes/core/dec_block/n_955'.
**WARN: Instance 'u_crypto_synth_top/u_top/u_aes/core/dec_block/g34920' has multiple input pins tied together to net 'u_crypto_synth_top/u_top/u_aes/core/dec_block/n_417'.
**WARN: Instance 'u_crypto_synth_top/u_top/u_aes/core/dec_block/g34921' has multiple input pins tied together to net 'u_crypto_synth_top/u_top/u_aes/core/dec_block/n_1021'.
**WARN: Instance 'u_crypto_synth_top/u_top/u_aes/core/dec_block/g34921' has multiple input pins tied together to net 'u_crypto_synth_top/u_top/u_aes/core/dec_block/n_1001'.
**WARN: Instance 'u_crypto_synth_top/u_top/u_aes/core/dec_block/g34922' has multiple input pins tied together to net 'u_crypto_synth_top/u_top/u_aes/core/dec_block/n_961'.
**WARN: Instance 'u_crypto_synth_top/u_top/u_aes/core/dec_block/g34922' has multiple input pins tied together to net 'u_crypto_synth_top/u_top/u_aes/core/dec_block/n_978'.
**WARN: Instance 'u_crypto_synth_top/u_top/u_aes/core/dec_block/g34923' has multiple input pins tied together to net 'u_crypto_synth_top/u_top/u_aes/core/dec_block/n_962'.
**WARN: Instance 'u_crypto_synth_top/u_top/u_aes/core/dec_block/g34923' has multiple input pins tied together to net 'u_crypto_synth_top/u_top/u_aes/core/dec_block/n_987'.
**WARN: Instance 'u_crypto_synth_top/u_top/u_aes/core/dec_block/g34924' has multiple input pins tied together to net 'u_crypto_synth_top/u_top/u_aes/core/dec_block/n_963'.
**WARN: Instance 'u_crypto_synth_top/u_top/u_aes/core/dec_block/g34924' has multiple input pins tied together to net 'u_crypto_synth_top/u_top/u_aes/core/dec_block/n_964'.
**WARN: Instance 'u_crypto_synth_top/u_top/u_aes/core/dec_block/g34925' has multiple input pins tied together to net 'u_crypto_synth_top/u_top/u_aes/core/dec_block/n_1016'.
**WARN: Instance 'u_crypto_synth_top/u_top/u_aes/core/dec_block/g34925' has multiple input pins tied together to net 'u_crypto_synth_top/u_top/u_aes/core/dec_block/n_510'.
**WARN: Instance 'u_crypto_synth_top/u_top/u_aes/core/dec_block/g34926' has multiple input pins tied together to net 'u_crypto_synth_top/u_top/u_aes/core/dec_block/n_1012'.
**WARN: Instance 'u_crypto_synth_top/u_top/u_aes/core/dec_block/g34926' has multiple input pins tied together to net 'u_crypto_synth_top/u_top/u_aes/core/dec_block/n_1003'.
**WARN: Instance 'u_crypto_synth_top/u_top/u_aes/core/dec_block/g34927' has multiple input pins tied together to net 'u_crypto_synth_top/u_top/u_aes/core/dec_block/n_955'.
**WARN: Instance 'u_crypto_synth_top/u_top/u_aes/core/dec_block/g34927' has multiple input pins tied together to net 'u_crypto_synth_top/u_top/u_aes/core/dec_block/n_308'.
**WARN: Instance 'u_crypto_synth_top/u_top/u_aes/core/dec_block/g34928' has multiple input pins tied together to net 'u_crypto_synth_top/u_top/u_aes/core/dec_block/n_1030'.
**WARN: Instance 'u_crypto_synth_top/u_top/u_aes/core/dec_block/g34928' has multiple input pins tied together to net 'u_crypto_synth_top/u_top/u_aes/core/dec_block/n_960'.
**WARN: Instance 'u_crypto_synth_top/u_top/u_aes/core/dec_block/g34930' has multiple input pins tied together to net 'u_crypto_synth_top/u_top/u_aes/core/dec_block/n_956'.
**WARN: Instance 'u_crypto_synth_top/u_top/u_aes/core/dec_block/g34930' has multiple input pins tied together to net 'u_crypto_synth_top/u_top/u_aes/core/dec_block/n_812'.
**WARN: Instance 'u_crypto_synth_top/u_top/u_aes/core/dec_block/g34931' has multiple input pins tied together to net 'u_crypto_synth_top/u_top/u_aes/core/dec_block/n_1014'.
**WARN: Instance 'u_crypto_synth_top/u_top/u_aes/core/dec_block/g34931' has multiple input pins tied together to net 'u_crypto_synth_top/u_top/u_aes/core/dec_block/n_835'.
**WARN: Instance 'u_crypto_synth_top/u_top/u_aes/core/dec_block/g34932' has multiple input pins tied together to net 'u_crypto_synth_top/u_top/u_aes/core/dec_block/n_968'.
**WARN: Instance 'u_crypto_synth_top/u_top/u_aes/core/dec_block/g34932' has multiple input pins tied together to net 'u_crypto_synth_top/u_top/u_aes/core/dec_block/n_585'.
**WARN: Instance 'u_crypto_synth_top/u_top/u_aes/core/dec_block/g34933' has multiple input pins tied together to net 'u_crypto_synth_top/u_top/u_aes/core/dec_block/n_1027'.
**WARN: Instance 'u_crypto_synth_top/u_top/u_aes/core/dec_block/g34933' has multiple input pins tied together to net 'u_crypto_synth_top/u_top/u_aes/core/dec_block/n_608'.
**WARN: Instance 'u_crypto_synth_top/u_top/u_aes/core/dec_block/g34934' has multiple input pins tied together to net 'u_crypto_synth_top/u_top/u_aes/core/dec_block/n_958'.
**WARN: Instance 'u_crypto_synth_top/u_top/u_aes/core/dec_block/g34934' has multiple input pins tied together to net 'u_crypto_synth_top/u_top/u_aes/core/dec_block/n_619'.
**WARN: Instance 'u_crypto_synth_top/u_top/u_aes/core/dec_block/g34935' has multiple input pins tied together to net 'u_crypto_synth_top/u_top/u_aes/core/dec_block/n_991'.
**WARN: Instance 'u_crypto_synth_top/u_top/u_aes/core/dec_block/g34935' has multiple input pins tied together to net 'u_crypto_synth_top/u_top/u_aes/core/dec_block/n_537'.
**WARN: Instance 'u_crypto_synth_top/u_top/u_aes/core/dec_block/g34936' has multiple input pins tied together to net 'u_crypto_synth_top/u_top/u_aes/core/dec_block/n_955'.
**WARN: Instance 'u_crypto_synth_top/u_top/u_aes/core/dec_block/g34936' has multiple input pins tied together to net 'u_crypto_synth_top/u_top/u_aes/core/dec_block/n_702'.
**WARN: Instance 'u_crypto_synth_top/u_top/u_aes/core/dec_block/g34937' has multiple input pins tied together to net 'u_crypto_synth_top/u_top/u_aes/core/dec_block/n_969'.
**WARN: Instance 'u_crypto_synth_top/u_top/u_aes/core/dec_block/g34937' has multiple input pins tied together to net 'u_crypto_synth_top/u_top/u_aes/core/dec_block/n_527'.
**WARN: Instance 'u_crypto_synth_top/u_top/u_aes/core/dec_block/g34954' has multiple input pins tied together to net 'u_crypto_synth_top/u_top/u_aes/core/dec_block/n_738'.
**WARN: Instance 'u_crypto_synth_top/u_top/u_aes/core/dec_block/g34954' has multiple input pins tied together to net 'u_crypto_synth_top/u_top/u_aes/core/dec_block/n_800'.
**WARN: Instance 'u_crypto_synth_top/u_top/u_aes/core/dec_block/g34956' has multiple input pins tied together to net 'u_crypto_synth_top/u_top/u_aes/core/dec_block/n_735'.
**WARN: Instance 'u_crypto_synth_top/u_top/u_aes/core/dec_block/g34956' has multiple input pins tied together to net 'u_crypto_synth_top/u_top/u_aes/core/dec_block/n_358'.
**WARN: Instance 'u_crypto_synth_top/u_top/u_aes/core/dec_block/g34957' has multiple input pins tied together to net 'u_crypto_synth_top/u_top/u_aes/core/dec_block/n_700'.
**WARN: Instance 'u_crypto_synth_top/u_top/u_aes/core/dec_block/g34957' has multiple input pins tied together to net 'u_crypto_synth_top/u_top/u_aes/core/dec_block/n_738'.
**WARN: Instance 'u_crypto_synth_top/u_top/u_aes/core/dec_block/g34958' has multiple input pins tied together to net 'u_crypto_synth_top/u_top/u_aes/core/dec_block/n_830'.
**WARN: Instance 'u_crypto_synth_top/u_top/u_aes/core/dec_block/g34958' has multiple input pins tied together to net 'u_crypto_synth_top/u_top/u_aes/core/dec_block/n_775'.
**WARN: Instance 'u_crypto_synth_top/u_top/u_aes/core/dec_block/g34959' has multiple input pins tied together to net 'u_crypto_synth_top/u_top/u_aes/core/dec_block/n_818'.
**WARN: Instance 'u_crypto_synth_top/u_top/u_aes/core/dec_block/g34959' has multiple input pins tied together to net 'u_crypto_synth_top/u_top/u_aes/core/dec_block/n_816'.
**WARN: Instance 'u_crypto_synth_top/u_top/u_aes/core/dec_block/g34961' has multiple input pins tied together to net 'u_crypto_synth_top/u_top/u_aes/core/dec_block/n_736'.
**WARN: Instance 'u_crypto_synth_top/u_top/u_aes/core/dec_block/g34961' has multiple input pins tied together to net 'u_crypto_synth_top/u_top/u_aes/core/dec_block/n_796'.
**WARN: Instance 'u_crypto_synth_top/u_top/u_aes/core/dec_block/g34963' has multiple input pins tied together to net 'u_crypto_synth_top/u_top/u_aes/core/dec_block/n_829'.
**WARN: Instance 'u_crypto_synth_top/u_top/u_aes/core/dec_block/g34963' has multiple input pins tied together to net 'u_crypto_synth_top/u_top/u_aes/core/dec_block/n_591'.
**WARN: Instance 'u_crypto_synth_top/u_top/u_aes/core/dec_block/g34967' has multiple input pins tied together to net 'u_crypto_synth_top/u_top/u_aes/core/dec_block/n_714'.
**WARN: Instance 'u_crypto_synth_top/u_top/u_aes/core/dec_block/g34967' has multiple input pins tied together to net 'u_crypto_synth_top/u_top/u_aes/core/dec_block/n_837'.
**WARN: Instance 'u_crypto_synth_top/u_top/u_aes/core/dec_block/g34968' has multiple input pins tied together to net 'u_crypto_synth_top/u_top/u_aes/core/dec_block/n_733'.
**WARN: Instance 'u_crypto_synth_top/u_top/u_aes/core/dec_block/g34968' has multiple input pins tied together to net 'u_crypto_synth_top/u_top/u_aes/core/dec_block/n_731'.
**WARN: Instance 'u_crypto_synth_top/u_top/u_aes/core/dec_block/g34970' has multiple input pins tied together to net 'u_crypto_synth_top/u_top/u_aes/core/dec_block/n_838'.
**WARN: Instance 'u_crypto_synth_top/u_top/u_aes/core/dec_block/g34970' has multiple input pins tied together to net 'u_crypto_synth_top/u_top/u_aes/core/dec_block/n_561'.
**WARN: Instance 'u_crypto_synth_top/u_top/u_aes/core/dec_block/g34971' has multiple input pins tied together to net 'u_crypto_synth_top/u_top/u_aes/core/dec_block/n_808'.
**WARN: Instance 'u_crypto_synth_top/u_top/u_aes/core/dec_block/g34971' has multiple input pins tied together to net 'u_crypto_synth_top/u_top/u_aes/core/dec_block/n_780'.
**WARN: Instance 'u_crypto_synth_top/u_top/u_aes/core/dec_block/g34972' has multiple input pins tied together to net 'u_crypto_synth_top/u_top/u_aes/core/dec_block/n_729'.
**WARN: Instance 'u_crypto_synth_top/u_top/u_aes/core/dec_block/g34972' has multiple input pins tied together to net 'u_crypto_synth_top/u_top/u_aes/core/dec_block/n_411'.
**WARN: Instance 'u_crypto_synth_top/u_top/u_aes/core/dec_block/g34973' has multiple input pins tied together to net 'u_crypto_synth_top/u_top/u_aes/core/dec_block/n_734'.
**WARN: Instance 'u_crypto_synth_top/u_top/u_aes/core/dec_block/g34973' has multiple input pins tied together to net 'u_crypto_synth_top/u_top/u_aes/core/dec_block/n_377'.
**WARN: Instance 'u_crypto_synth_top/u_top/u_aes/core/dec_block/g34974' has multiple input pins tied together to net 'u_crypto_synth_top/u_top/u_aes/core/dec_block/n_734'.
**WARN: Instance 'u_crypto_synth_top/u_top/u_aes/core/dec_block/g34974' has multiple input pins tied together to net 'u_crypto_synth_top/u_top/u_aes/core/dec_block/n_803'.
**WARN: Instance 'u_crypto_synth_top/u_top/u_aes/core/dec_block/g34975' has multiple input pins tied together to net 'u_crypto_synth_top/u_top/u_aes/core/dec_block/n_839'.
**WARN: Instance 'u_crypto_synth_top/u_top/u_aes/core/dec_block/g34975' has multiple input pins tied together to net 'u_crypto_synth_top/u_top/u_aes/core/dec_block/n_706'.
**WARN: Instance 'u_crypto_synth_top/u_top/u_aes/core/dec_block/g34976' has multiple input pins tied together to net 'u_crypto_synth_top/u_top/u_aes/core/dec_block/n_728'.
**WARN: Instance 'u_crypto_synth_top/u_top/u_aes/core/dec_block/g34976' has multiple input pins tied together to net 'u_crypto_synth_top/u_top/u_aes/core/dec_block/n_727'.
**WARN: Instance 'u_crypto_synth_top/u_top/u_aes/core/dec_block/g34978' has multiple input pins tied together to net 'u_crypto_synth_top/u_top/u_aes/core/dec_block/n_718'.
**WARN: Instance 'u_crypto_synth_top/u_top/u_aes/core/dec_block/g34978' has multiple input pins tied together to net 'u_crypto_synth_top/u_top/u_aes/core/dec_block/n_601'.
**WARN: Instance 'u_crypto_synth_top/u_top/u_aes/core/dec_block/g34982' has multiple input pins tied together to net 'u_crypto_synth_top/u_top/u_aes/core/dec_block/n_722'.
**WARN: Instance 'u_crypto_synth_top/u_top/u_aes/core/dec_block/g34982' has multiple input pins tied together to net 'u_crypto_synth_top/u_top/u_aes/core/dec_block/n_525'.
**WARN: Instance 'u_crypto_synth_top/u_top/u_aes/core/dec_block/g34983' has multiple input pins tied together to net 'u_crypto_synth_top/u_top/u_aes/core/dec_block/n_712'.
**WARN: Instance 'u_crypto_synth_top/u_top/u_aes/core/dec_block/g34983' has multiple input pins tied together to net 'u_crypto_synth_top/u_top/u_aes/core/dec_block/n_766'.
**WARN: Instance 'u_crypto_synth_top/u_top/u_aes/core/dec_block/g34984' has multiple input pins tied together to net 'u_crypto_synth_top/u_top/u_aes/core/dec_block/n_720'.
**WARN: Instance 'u_crypto_synth_top/u_top/u_aes/core/dec_block/g34984' has multiple input pins tied together to net 'u_crypto_synth_top/u_top/u_aes/core/dec_block/n_868'.
**WARN: Instance 'u_crypto_synth_top/u_top/u_aes/core/dec_block/g34985' has multiple input pins tied together to net 'u_crypto_synth_top/u_top/u_aes/core/dec_block/n_866'.
**WARN: Instance 'u_crypto_synth_top/u_top/u_aes/core/dec_block/g34985' has multiple input pins tied together to net 'u_crypto_synth_top/u_top/u_aes/core/dec_block/n_806'.
**WARN: Instance 'u_crypto_synth_top/u_top/u_aes/core/dec_block/g34986' has multiple input pins tied together to net 'u_crypto_synth_top/u_top/u_aes/core/dec_block/n_737'.
**WARN: Instance 'u_crypto_synth_top/u_top/u_aes/core/dec_block/g34986' has multiple input pins tied together to net 'u_crypto_synth_top/u_top/u_aes/core/dec_block/n_301'.
**WARN: Instance 'u_crypto_synth_top/u_top/u_aes/core/dec_block/g35015' has multiple input pins tied together to net 'u_crypto_synth_top/u_top/u_aes/core/dec_block/n_696'.
**WARN: Instance 'u_crypto_synth_top/u_top/u_aes/core/dec_block/g35015' has multiple input pins tied together to net 'u_crypto_synth_top/u_top/u_aes/core/dec_block/n_334'.
**WARN: Instance 'u_crypto_synth_top/u_top/u_aes/core/dec_block/g35024' has multiple input pins tied together to net 'u_crypto_synth_top/u_top/u_aes/core/dec_block/n_806'.
**WARN: Instance 'u_crypto_synth_top/u_top/u_aes/core/dec_block/g35024' has multiple input pins tied together to net 'u_crypto_synth_top/u_top/u_aes/core/dec_block/n_610'.
**WARN: Instance 'u_crypto_synth_top/u_top/u_aes/core/dec_block/g35026' has multiple input pins tied together to net 'u_crypto_synth_top/u_top/u_aes/core/dec_block/n_708'.
**WARN: Instance 'u_crypto_synth_top/u_top/u_aes/core/dec_block/g35026' has multiple input pins tied together to net 'u_crypto_synth_top/u_top/u_aes/core/dec_block/n_716'.
**WARN: Instance 'u_crypto_synth_top/u_top/u_aes/core/dec_block/g35163' has multiple input pins tied together to net 'u_crypto_synth_top/u_top/u_aes/core/dec_block/n_379'.
**WARN: Instance 'u_crypto_synth_top/u_top/u_aes/core/dec_block/g35163' has multiple input pins tied together to net 'u_crypto_synth_top/u_top/u_aes/core/dec_block/n_603'.
**WARN: Instance 'u_crypto_synth_top/u_top/u_aes/core/dec_block/g35194' has multiple input pins tied together to net 'u_crypto_synth_top/u_top/u_aes/core/dec_block/n_436'.
**WARN: Instance 'u_crypto_synth_top/u_top/u_aes/core/dec_block/g35194' has multiple input pins tied together to net 'u_crypto_synth_top/u_top/u_aes/core/dec_block/n_602'.
**WARN: Instance 'u_crypto_synth_top/u_top/u_aes/core/dec_block/g35195' has multiple input pins tied together to net 'u_crypto_synth_top/u_top/u_aes/core/dec_block/n_605'.
**WARN: Instance 'u_crypto_synth_top/u_top/u_aes/core/dec_block/g35195' has multiple input pins tied together to net 'u_crypto_synth_top/u_top/u_aes/core/dec_block/n_617'.
**WARN: Instance 'u_crypto_synth_top/u_top/u_aes/core/dec_block/g35198' has multiple input pins tied together to net 'u_crypto_synth_top/u_top/u_aes/core/dec_block/n_612'.
**WARN: Instance 'u_crypto_synth_top/u_top/u_aes/core/dec_block/g35198' has multiple input pins tied together to net 'u_crypto_synth_top/u_top/u_aes/core/dec_block/n_375'.
**WARN: Instance 'u_crypto_synth_top/u_top/u_aes/core/dec_block/g35201' has multiple input pins tied together to net 'u_crypto_synth_top/u_top/u_aes/core/dec_block/n_617'.
**WARN: Instance 'u_crypto_synth_top/u_top/u_aes/core/dec_block/g35201' has multiple input pins tied together to net 'u_crypto_synth_top/u_top/u_aes/core/dec_block/n_566'.
**WARN: Instance 'u_crypto_synth_top/u_top/u_aes/core/dec_block/g35202' has multiple input pins tied together to net 'u_crypto_synth_top/u_top/u_aes/core/dec_block/n_436'.
**WARN: Instance 'u_crypto_synth_top/u_top/u_aes/core/dec_block/g35202' has multiple input pins tied together to net 'u_crypto_synth_top/u_top/u_aes/core/dec_block/n_331'.
**WARN: Instance 'u_crypto_synth_top/u_top/u_aes/core/dec_block/g35222' has multiple input pins tied together to net 'u_crypto_synth_top/u_top/u_aes/core/dec_block/n_435'.
**WARN: Instance 'u_crypto_synth_top/u_top/u_aes/core/dec_block/g35222' has multiple input pins tied together to net 'u_crypto_synth_top/u_top/u_aes/core/dec_block/n_310'.
**WARN: Instance 'u_crypto_synth_top/u_top/u_aes/core/dec_block/g35452' has multiple input pins tied together to net 'u_crypto_synth_top/u_top/u_aes/core/round_key[28]'.
**WARN: Instance 'u_crypto_synth_top/u_top/u_aes/core/dec_block/g35452' has multiple input pins tied together to net 'u_crypto_synth_top/u_top/u_aes/core/dec_block/n_79'.
**WARN: Instance 'u_crypto_synth_top/u_top/u_aes/core/dec_block/g35453' has multiple input pins tied together to net 'u_crypto_synth_top/u_top/u_aes/core/round_key[82]'.
**WARN: Instance 'u_crypto_synth_top/u_top/u_aes/core/dec_block/g35453' has multiple input pins tied together to net 'u_crypto_synth_top/u_top/u_aes/core/dec_block/n_103'.
**WARN: Instance 'u_crypto_synth_top/u_top/u_aes/core/dec_block/g35454' has multiple input pins tied together to net 'u_crypto_synth_top/u_top/u_aes/core/round_key[118]'.
**WARN: Instance 'u_crypto_synth_top/u_top/u_aes/core/dec_block/g35454' has multiple input pins tied together to net 'u_crypto_synth_top/u_top/u_aes/core/dec_block/n_92'.
**WARN: Instance 'u_crypto_synth_top/u_top/u_aes/core/dec_block/g35455' has multiple input pins tied together to net 'u_crypto_synth_top/u_top/u_aes/core/round_key[117]'.
**WARN: Instance 'u_crypto_synth_top/u_top/u_aes/core/dec_block/g35455' has multiple input pins tied together to net 'u_crypto_synth_top/u_top/u_aes/core/dec_block/n_226'.
**WARN: Instance 'u_crypto_synth_top/u_top/u_aes/core/dec_block/g35456' has multiple input pins tied together to net 'u_crypto_synth_top/u_top/u_aes/core/round_key[16]'.
**WARN: Instance 'u_crypto_synth_top/u_top/u_aes/core/dec_block/g35456' has multiple input pins tied together to net 'u_crypto_synth_top/u_top/u_aes/core/dec_block/n_201'.
**WARN: Instance 'u_crypto_synth_top/u_top/u_aes/core/dec_block/g35457' has multiple input pins tied together to net 'u_crypto_synth_top/u_top/u_aes/core/round_key[76]'.
**WARN: Instance 'u_crypto_synth_top/u_top/u_aes/core/dec_block/g35457' has multiple input pins tied together to net 'u_crypto_synth_top/u_top/u_aes/core/dec_block/n_189'.
**WARN: Instance 'u_crypto_synth_top/u_top/u_aes/core/dec_block/g35458' has multiple input pins tied together to net 'u_crypto_synth_top/u_top/u_aes/core/round_key[77]'.
**WARN: Instance 'u_crypto_synth_top/u_top/u_aes/core/dec_block/g35458' has multiple input pins tied together to net 'u_crypto_synth_top/u_top/u_aes/core/dec_block/n_218'.
**WARN: Instance 'u_crypto_synth_top/u_top/u_aes/core/dec_block/g35459' has multiple input pins tied together to net 'u_crypto_synth_top/u_top/u_aes/core/round_key[119]'.
**WARN: Instance 'u_crypto_synth_top/u_top/u_aes/core/dec_block/g35459' has multiple input pins tied together to net 'u_crypto_synth_top/u_top/u_aes/core/dec_block/n_186'.
**WARN: Instance 'u_crypto_synth_top/u_top/u_aes/core/dec_block/g35460' has multiple input pins tied together to net 'u_crypto_synth_top/u_top/u_aes/core/FE_OFN1213_round_key_104'.
**WARN: Instance 'u_crypto_synth_top/u_top/u_aes/core/dec_block/g35460' has multiple input pins tied together to net 'u_crypto_synth_top/u_top/u_aes/core/dec_block/n_193'.
**WARN: Instance 'u_crypto_synth_top/u_top/u_aes/core/dec_block/g35461' has multiple input pins tied together to net 'u_crypto_synth_top/u_top/u_aes/core/round_key[1]'.
**WARN: Instance 'u_crypto_synth_top/u_top/u_aes/core/dec_block/g35461' has multiple input pins tied together to net 'u_crypto_synth_top/u_top/u_aes/core/dec_block/n_188'.
**WARN: Instance 'u_crypto_synth_top/u_top/u_aes/core/dec_block/g35462' has multiple input pins tied together to net 'u_crypto_synth_top/u_top/u_aes/core/round_key[106]'.
**WARN: Instance 'u_crypto_synth_top/u_top/u_aes/core/dec_block/g35462' has multiple input pins tied together to net 'u_crypto_synth_top/u_top/u_aes/core/dec_block/n_190'.
**WARN: Instance 'u_crypto_synth_top/u_top/u_aes/core/dec_block/g35463' has multiple input pins tied together to net 'u_crypto_synth_top/u_top/u_aes/core/round_key[20]'.
**WARN: Instance 'u_crypto_synth_top/u_top/u_aes/core/dec_block/g35463' has multiple input pins tied together to net 'u_crypto_synth_top/u_top/u_aes/core/dec_block/n_94'.
**WARN: Instance 'u_crypto_synth_top/u_top/u_aes/core/dec_block/g35464' has multiple input pins tied together to net 'u_crypto_synth_top/u_top/u_aes/core/round_key[81]'.
**WARN: Instance 'u_crypto_synth_top/u_top/u_aes/core/dec_block/g35464' has multiple input pins tied together to net 'u_crypto_synth_top/u_top/u_aes/core/dec_block/n_227'.
**WARN: Instance 'u_crypto_synth_top/u_top/u_aes/core/dec_block/g35465' has multiple input pins tied together to net 'u_crypto_synth_top/u_top/u_aes/core/round_key[48]'.
**WARN: Instance 'u_crypto_synth_top/u_top/u_aes/core/dec_block/g35465' has multiple input pins tied together to net 'u_crypto_synth_top/u_top/u_aes/core/dec_block/n_122'.
**WARN: Instance 'u_crypto_synth_top/u_top/u_aes/core/dec_block/g35466' has multiple input pins tied together to net 'u_crypto_synth_top/u_top/u_aes/core/round_key[13]'.
**WARN: Instance 'u_crypto_synth_top/u_top/u_aes/core/dec_block/g35466' has multiple input pins tied together to net 'u_crypto_synth_top/u_top/u_aes/core/dec_block/n_114'.
**WARN: Instance 'u_crypto_synth_top/u_top/u_aes/core/dec_block/g35467' has multiple input pins tied together to net 'u_crypto_synth_top/u_top/u_aes/core/round_key[89]'.
**WARN: Instance 'u_crypto_synth_top/u_top/u_aes/core/dec_block/g35467' has multiple input pins tied together to net 'u_crypto_synth_top/u_top/u_aes/core/dec_block/n_78'.
**WARN: Instance 'u_crypto_synth_top/u_top/u_aes/core/dec_block/g35468' has multiple input pins tied together to net 'u_crypto_synth_top/u_top/u_aes/core/round_key[50]'.
**WARN: Instance 'u_crypto_synth_top/u_top/u_aes/core/dec_block/g35468' has multiple input pins tied together to net 'u_crypto_synth_top/u_top/u_aes/core/dec_block/n_76'.
**WARN: Instance 'u_crypto_synth_top/u_top/u_aes/core/dec_block/g35469' has multiple input pins tied together to net 'u_crypto_synth_top/u_top/u_aes/core/round_key[26]'.
**WARN: Instance 'u_crypto_synth_top/u_top/u_aes/core/dec_block/g35469' has multiple input pins tied together to net 'u_crypto_synth_top/u_top/u_aes/core/dec_block/n_91'.
**WARN: Instance 'u_crypto_synth_top/u_top/u_aes/core/dec_block/g35470' has multiple input pins tied together to net 'u_crypto_synth_top/u_top/u_aes/core/round_key[122]'.
**WARN: Instance 'u_crypto_synth_top/u_top/u_aes/core/dec_block/g35470' has multiple input pins tied together to net 'u_crypto_synth_top/u_top/u_aes/core/dec_block/n_199'.
**WARN: Instance 'u_crypto_synth_top/u_top/u_aes/core/dec_block/g35471' has multiple input pins tied together to net 'u_crypto_synth_top/u_top/u_aes/core/round_key[58]'.
**WARN: Instance 'u_crypto_synth_top/u_top/u_aes/core/dec_block/g35471' has multiple input pins tied together to net 'u_crypto_synth_top/u_top/u_aes/core/dec_block/n_196'.
**WARN: Instance 'u_crypto_synth_top/u_top/u_aes/core/dec_block/g35472' has multiple input pins tied together to net 'u_crypto_synth_top/u_top/u_aes/core/round_key[36]'.
**WARN: Instance 'u_crypto_synth_top/u_top/u_aes/core/dec_block/g35472' has multiple input pins tied together to net 'u_crypto_synth_top/u_top/u_aes/core/dec_block/n_85'.
**WARN: Instance 'u_crypto_synth_top/u_top/u_aes/core/dec_block/g35473' has multiple input pins tied together to net 'u_crypto_synth_top/u_top/u_aes/core/round_key[52]'.
**WARN: Instance 'u_crypto_synth_top/u_top/u_aes/core/dec_block/g35473' has multiple input pins tied together to net 'u_crypto_synth_top/u_top/u_aes/core/dec_block/n_184'.
**WARN: Instance 'u_crypto_synth_top/u_top/u_aes/core/dec_block/g35474' has multiple input pins tied together to net 'u_crypto_synth_top/u_top/u_aes/core/round_key[127]'.
**WARN: Instance 'u_crypto_synth_top/u_top/u_aes/core/dec_block/g35474' has multiple input pins tied together to net 'u_crypto_synth_top/u_top/u_aes/core/dec_block/n_179'.
**WARN: Instance 'u_crypto_synth_top/u_top/u_aes/core/dec_block/g35475' has multiple input pins tied together to net 'u_crypto_synth_top/u_top/u_aes/core/round_key[40]'.
**WARN: Instance 'u_crypto_synth_top/u_top/u_aes/core/dec_block/g35475' has multiple input pins tied together to net 'u_crypto_synth_top/u_top/u_aes/core/dec_block/n_216'.
**WARN: Instance 'u_crypto_synth_top/u_top/u_aes/core/dec_block/g35476' has multiple input pins tied together to net 'u_crypto_synth_top/u_top/u_aes/core/round_key[88]'.
**WARN: Instance 'u_crypto_synth_top/u_top/u_aes/core/dec_block/g35476' has multiple input pins tied together to net 'u_crypto_synth_top/u_top/u_aes/core/dec_block/n_111'.
**WARN: Instance 'u_crypto_synth_top/u_top/u_aes/core/dec_block/g35477' has multiple input pins tied together to net 'u_crypto_synth_top/u_top/u_aes/core/round_key[7]'.
**WARN: Instance 'u_crypto_synth_top/u_top/u_aes/core/dec_block/g35477' has multiple input pins tied together to net 'u_crypto_synth_top/u_top/u_aes/core/dec_block/n_225'.
**WARN: Instance 'u_crypto_synth_top/u_top/u_aes/core/dec_block/g35478' has multiple input pins tied together to net 'u_crypto_synth_top/u_top/u_aes/core/round_key[57]'.
**WARN: Instance 'u_crypto_synth_top/u_top/u_aes/core/dec_block/g35478' has multiple input pins tied together to net 'u_crypto_synth_top/u_top/u_aes/core/dec_block/n_195'.
**WARN: Instance 'u_crypto_synth_top/u_top/u_aes/core/dec_block/g35479' has multiple input pins tied together to net 'u_crypto_synth_top/u_top/u_aes/core/round_key[47]'.
**WARN: Instance 'u_crypto_synth_top/u_top/u_aes/core/dec_block/g35479' has multiple input pins tied together to net 'u_crypto_synth_top/u_top/u_aes/core/dec_block/n_187'.
**WARN: Instance 'u_crypto_synth_top/u_top/u_aes/core/dec_block/g35480' has multiple input pins tied together to net 'u_crypto_synth_top/u_top/u_aes/core/dec_block/n_43'.
**WARN: Instance 'u_crypto_synth_top/u_top/u_aes/core/dec_block/g35480' has multiple input pins tied together to net 'u_crypto_synth_top/u_top/u_aes/block_reg[0][17]'.
**WARN: Instance 'u_crypto_synth_top/u_top/u_aes/core/dec_block/g35481' has multiple input pins tied together to net 'u_crypto_synth_top/u_top/u_aes/core/round_key[25]'.
**WARN: Instance 'u_crypto_synth_top/u_top/u_aes/core/dec_block/g35481' has multiple input pins tied together to net 'u_crypto_synth_top/u_top/u_aes/core/dec_block/n_86'.
**WARN: Instance 'u_crypto_synth_top/u_top/u_aes/core/dec_block/g35482' has multiple input pins tied together to net 'u_crypto_synth_top/u_top/u_aes/core/round_key[43]'.
**WARN: Instance 'u_crypto_synth_top/u_top/u_aes/core/dec_block/g35482' has multiple input pins tied together to net 'u_crypto_synth_top/u_top/u_aes/core/dec_block/n_97'.
**WARN: Instance 'u_crypto_synth_top/u_top/u_aes/core/dec_block/g35483' has multiple input pins tied together to net 'u_crypto_synth_top/u_top/u_aes/core/round_key[98]'.
**WARN: Instance 'u_crypto_synth_top/u_top/u_aes/core/dec_block/g35483' has multiple input pins tied together to net 'u_crypto_synth_top/u_top/u_aes/core/dec_block/n_211'.
**WARN: Instance 'u_crypto_synth_top/u_top/u_aes/core/dec_block/g35484' has multiple input pins tied together to net 'u_crypto_synth_top/u_top/u_aes/core/round_key[27]'.
**WARN: Instance 'u_crypto_synth_top/u_top/u_aes/core/dec_block/g35484' has multiple input pins tied together to net 'u_crypto_synth_top/u_top/u_aes/core/dec_block/n_221'.
**WARN: Instance 'u_crypto_synth_top/u_top/u_aes/core/dec_block/g35485' has multiple input pins tied together to net 'u_crypto_synth_top/u_top/u_aes/core/round_key[79]'.
**WARN: Instance 'u_crypto_synth_top/u_top/u_aes/core/dec_block/g35485' has multiple input pins tied together to net 'u_crypto_synth_top/u_top/u_aes/core/dec_block/n_115'.
**WARN: Instance 'u_crypto_synth_top/u_top/u_aes/core/dec_block/g35486' has multiple input pins tied together to net 'u_crypto_synth_top/u_top/u_aes/core/round_key[84]'.
**WARN: Instance 'u_crypto_synth_top/u_top/u_aes/core/dec_block/g35486' has multiple input pins tied together to net 'u_crypto_synth_top/u_top/u_aes/core/dec_block/n_208'.
**WARN: Instance 'u_crypto_synth_top/u_top/u_aes/core/dec_block/g35487' has multiple input pins tied together to net 'u_crypto_synth_top/u_top/u_aes/core/round_key[8]'.
**WARN: Instance 'u_crypto_synth_top/u_top/u_aes/core/dec_block/g35487' has multiple input pins tied together to net 'u_crypto_synth_top/u_top/u_aes/core/dec_block/n_113'.
**WARN: Instance 'u_crypto_synth_top/u_top/u_aes/core/dec_block/g35488' has multiple input pins tied together to net 'u_crypto_synth_top/u_top/u_aes/core/round_key[54]'.
**WARN: Instance 'u_crypto_synth_top/u_top/u_aes/core/dec_block/g35488' has multiple input pins tied together to net 'u_crypto_synth_top/u_top/u_aes/core/dec_block/n_209'.
**WARN: Instance 'u_crypto_synth_top/u_top/u_aes/core/dec_block/g35489' has multiple input pins tied together to net 'u_crypto_synth_top/u_top/u_aes/core/round_key[33]'.
**WARN: Instance 'u_crypto_synth_top/u_top/u_aes/core/dec_block/g35489' has multiple input pins tied together to net 'u_crypto_synth_top/u_top/u_aes/core/dec_block/n_210'.
**WARN: Instance 'u_crypto_synth_top/u_top/u_aes/core/dec_block/g35490' has multiple input pins tied together to net 'u_crypto_synth_top/u_top/u_aes/core/round_key[124]'.
**WARN: Instance 'u_crypto_synth_top/u_top/u_aes/core/dec_block/g35490' has multiple input pins tied together to net 'u_crypto_synth_top/u_top/u_aes/core/dec_block/n_119'.
**WARN: Instance 'u_crypto_synth_top/u_top/u_aes/core/dec_block/g35491' has multiple input pins tied together to net 'u_crypto_synth_top/u_top/u_aes/core/round_key[115]'.
**WARN: Instance 'u_crypto_synth_top/u_top/u_aes/core/dec_block/g35491' has multiple input pins tied together to net 'u_crypto_synth_top/u_top/u_aes/core/dec_block/n_183'.
**WARN: Instance 'u_crypto_synth_top/u_top/u_aes/core/dec_block/g35492' has multiple input pins tied together to net 'u_crypto_synth_top/u_top/u_aes/core/round_key[67]'.
**WARN: Instance 'u_crypto_synth_top/u_top/u_aes/core/dec_block/g35492' has multiple input pins tied together to net 'u_crypto_synth_top/u_top/u_aes/core/dec_block/n_200'.
**WARN: Instance 'u_crypto_synth_top/u_top/u_aes/core/dec_block/g35493' has multiple input pins tied together to net 'u_crypto_synth_top/u_top/u_aes/core/round_key[100]'.
**WARN: Instance 'u_crypto_synth_top/u_top/u_aes/core/dec_block/g35493' has multiple input pins tied together to net 'u_crypto_synth_top/u_top/u_aes/core/dec_block/n_224'.
**WARN: Instance 'u_crypto_synth_top/u_top/u_aes/core/dec_block/g35494' has multiple input pins tied together to net 'u_crypto_synth_top/u_top/u_aes/core/round_key[21]'.
**WARN: Instance 'u_crypto_synth_top/u_top/u_aes/core/dec_block/g35494' has multiple input pins tied together to net 'u_crypto_synth_top/u_top/u_aes/core/dec_block/n_215'.
**WARN: Instance 'u_crypto_synth_top/u_top/u_aes/core/dec_block/g35495' has multiple input pins tied together to net 'u_crypto_synth_top/u_top/u_aes/core/round_key[112]'.
**WARN: Instance 'u_crypto_synth_top/u_top/u_aes/core/dec_block/g35495' has multiple input pins tied together to net 'u_crypto_synth_top/u_top/u_aes/core/dec_block/n_214'.
**WARN: Instance 'u_crypto_synth_top/u_top/u_aes/core/dec_block/g35496' has multiple input pins tied together to net 'u_crypto_synth_top/u_top/u_aes/core/round_key[116]'.
**WARN: Instance 'u_crypto_synth_top/u_top/u_aes/core/dec_block/g35496' has multiple input pins tied together to net 'u_crypto_synth_top/u_top/u_aes/core/dec_block/n_223'.
**WARN: Instance 'u_crypto_synth_top/u_top/u_aes/core/dec_block/g35497' has multiple input pins tied together to net 'u_crypto_synth_top/u_top/u_aes/core/FE_OFN10415_round_key_87'.
**WARN: Instance 'u_crypto_synth_top/u_top/u_aes/core/dec_block/g35497' has multiple input pins tied together to net 'u_crypto_synth_top/u_top/u_aes/core/dec_block/n_82'.
**WARN: Instance 'u_crypto_synth_top/u_top/u_aes/core/dec_block/g35498' has multiple input pins tied together to net 'u_crypto_synth_top/u_top/u_aes/core/round_key[64]'.
**WARN: Instance 'u_crypto_synth_top/u_top/u_aes/core/dec_block/g35498' has multiple input pins tied together to net 'u_crypto_synth_top/u_top/u_aes/core/dec_block/n_191'.
**WARN: Instance 'u_crypto_synth_top/u_top/u_aes/core/dec_block/g35499' has multiple input pins tied together to net 'u_crypto_synth_top/u_top/u_aes/core/round_key[37]'.
**WARN: Instance 'u_crypto_synth_top/u_top/u_aes/core/dec_block/g35499' has multiple input pins tied together to net 'u_crypto_synth_top/u_top/u_aes/core/dec_block/n_120'.
**WARN: Instance 'u_crypto_synth_top/u_top/u_aes/core/dec_block/g35500' has multiple input pins tied together to net 'u_crypto_synth_top/u_top/u_aes/core/round_key[95]'.
**WARN: Instance 'u_crypto_synth_top/u_top/u_aes/core/dec_block/g35500' has multiple input pins tied together to net 'u_crypto_synth_top/u_top/u_aes/core/dec_block/n_203'.
**WARN: Instance 'u_crypto_synth_top/u_top/u_aes/core/dec_block/g35501' has multiple input pins tied together to net 'u_crypto_synth_top/u_top/u_aes/core/round_key[14]'.
**WARN: Instance 'u_crypto_synth_top/u_top/u_aes/core/dec_block/g35501' has multiple input pins tied together to net 'u_crypto_synth_top/u_top/u_aes/core/dec_block/n_84'.
**WARN: Instance 'u_crypto_synth_top/u_top/u_aes/core/dec_block/g35502' has multiple input pins tied together to net 'u_crypto_synth_top/u_top/u_aes/core/round_key[12]'.
**WARN: Instance 'u_crypto_synth_top/u_top/u_aes/core/dec_block/g35502' has multiple input pins tied together to net 'u_crypto_synth_top/u_top/u_aes/core/dec_block/n_95'.
**WARN: Instance 'u_crypto_synth_top/u_top/u_aes/core/dec_block/g35503' has multiple input pins tied together to net 'u_crypto_synth_top/u_top/u_aes/core/round_key[45]'.
**WARN: Instance 'u_crypto_synth_top/u_top/u_aes/core/dec_block/g35503' has multiple input pins tied together to net 'u_crypto_synth_top/u_top/u_aes/core/dec_block/n_185'.
**WARN: Instance 'u_crypto_synth_top/u_top/u_aes/core/dec_block/g35504' has multiple input pins tied together to net 'u_crypto_synth_top/u_top/u_aes/core/round_key[42]'.
**WARN: Instance 'u_crypto_synth_top/u_top/u_aes/core/dec_block/g35504' has multiple input pins tied together to net 'u_crypto_synth_top/u_top/u_aes/core/dec_block/n_197'.
**WARN: Instance 'u_crypto_synth_top/u_top/u_aes/core/dec_block/g35505' has multiple input pins tied together to net 'u_crypto_synth_top/u_top/u_aes/core/round_key[38]'.
**WARN: Instance 'u_crypto_synth_top/u_top/u_aes/core/dec_block/g35505' has multiple input pins tied together to net 'u_crypto_synth_top/u_top/u_aes/core/dec_block/n_205'.
**WARN: Instance 'u_crypto_synth_top/u_top/u_aes/core/dec_block/g35506' has multiple input pins tied together to net 'u_crypto_synth_top/u_top/u_aes/core/round_key[63]'.
**WARN: Instance 'u_crypto_synth_top/u_top/u_aes/core/dec_block/g35506' has multiple input pins tied together to net 'u_crypto_synth_top/u_top/u_aes/core/dec_block/n_106'.
**WARN: Instance 'u_crypto_synth_top/u_top/u_aes/core/dec_block/g35507' has multiple input pins tied together to net 'u_crypto_synth_top/u_top/u_aes/core/round_key[11]'.
**WARN: Instance 'u_crypto_synth_top/u_top/u_aes/core/dec_block/g35507' has multiple input pins tied together to net 'u_crypto_synth_top/u_top/u_aes/core/dec_block/n_220'.
**WARN: Instance 'u_crypto_synth_top/u_top/u_aes/core/dec_block/g35508' has multiple input pins tied together to net 'u_crypto_synth_top/u_top/u_aes/core/round_key[55]'.
**WARN: Instance 'u_crypto_synth_top/u_top/u_aes/core/dec_block/g35508' has multiple input pins tied together to net 'u_crypto_synth_top/u_top/u_aes/core/dec_block/n_213'.
**WARN: Instance 'u_crypto_synth_top/u_top/u_aes/core/dec_block/g35509' has multiple input pins tied together to net 'u_crypto_synth_top/u_top/u_aes/core/round_key[93]'.
**WARN: Instance 'u_crypto_synth_top/u_top/u_aes/core/dec_block/g35509' has multiple input pins tied together to net 'u_crypto_synth_top/u_top/u_aes/core/dec_block/n_207'.
**WARN: Instance 'u_crypto_synth_top/u_top/u_aes/core/dec_block/g35510' has multiple input pins tied together to net 'u_crypto_synth_top/u_top/u_aes/core/round_key[44]'.
**WARN: Instance 'u_crypto_synth_top/u_top/u_aes/core/dec_block/g35510' has multiple input pins tied together to net 'u_crypto_synth_top/u_top/u_aes/core/dec_block/n_81'.
**WARN: Instance 'u_crypto_synth_top/u_top/u_aes/core/dec_block/g35511' has multiple input pins tied together to net 'u_crypto_synth_top/u_top/u_aes/core/round_key[39]'.
**WARN: Instance 'u_crypto_synth_top/u_top/u_aes/core/dec_block/g35511' has multiple input pins tied together to net 'u_crypto_synth_top/u_top/u_aes/core/dec_block/n_202'.
**WARN: Instance 'u_crypto_synth_top/u_top/u_aes/core/dec_block/g35512' has multiple input pins tied together to net 'u_crypto_synth_top/u_top/u_aes/core/round_key[126]'.
**WARN: Instance 'u_crypto_synth_top/u_top/u_aes/core/dec_block/g35512' has multiple input pins tied together to net 'u_crypto_synth_top/u_top/u_aes/core/dec_block/n_98'.
**WARN: Instance 'u_crypto_synth_top/u_top/u_aes/core/dec_block/g35513' has multiple input pins tied together to net 'u_crypto_synth_top/u_top/u_aes/core/round_key[6]'.
**WARN: Instance 'u_crypto_synth_top/u_top/u_aes/core/dec_block/g35513' has multiple input pins tied together to net 'u_crypto_synth_top/u_top/u_aes/core/dec_block/n_107'.
**WARN: Instance 'u_crypto_synth_top/u_top/u_aes/core/dec_block/g35514' has multiple input pins tied together to net 'u_crypto_synth_top/u_top/u_aes/core/round_key[121]'.
**WARN: Instance 'u_crypto_synth_top/u_top/u_aes/core/dec_block/g35514' has multiple input pins tied together to net 'u_crypto_synth_top/u_top/u_aes/core/dec_block/n_219'.
**WARN: Instance 'u_crypto_synth_top/u_top/u_aes/core/dec_block/g35515' has multiple input pins tied together to net 'u_crypto_synth_top/u_top/u_aes/core/round_key[66]'.
**WARN: Instance 'u_crypto_synth_top/u_top/u_aes/core/dec_block/g35515' has multiple input pins tied together to net 'u_crypto_synth_top/u_top/u_aes/core/dec_block/n_93'.
**WARN: Instance 'u_crypto_synth_top/u_top/u_aes/core/dec_block/g35516' has multiple input pins tied together to net 'u_crypto_synth_top/u_top/u_aes/core/round_key[101]'.
**WARN: Instance 'u_crypto_synth_top/u_top/u_aes/core/dec_block/g35516' has multiple input pins tied together to net 'u_crypto_synth_top/u_top/u_aes/core/dec_block/n_112'.
**WARN: Instance 'u_crypto_synth_top/u_top/u_aes/core/dec_block/g35517' has multiple input pins tied together to net 'u_crypto_synth_top/u_top/u_aes/core/round_key[10]'.
**WARN: Instance 'u_crypto_synth_top/u_top/u_aes/core/dec_block/g35517' has multiple input pins tied together to net 'u_crypto_synth_top/u_top/u_aes/core/dec_block/n_108'.
**WARN: Instance 'u_crypto_synth_top/u_top/u_aes/core/dec_block/g35518' has multiple input pins tied together to net 'u_crypto_synth_top/u_top/u_aes/core/round_key[9]'.
**WARN: Instance 'u_crypto_synth_top/u_top/u_aes/core/dec_block/g35518' has multiple input pins tied together to net 'u_crypto_synth_top/u_top/u_aes/core/dec_block/n_116'.
**WARN: Instance 'u_crypto_synth_top/u_top/u_aes/core/dec_block/g35521' has multiple input pins tied together to net 'u_crypto_synth_top/u_top/u_aes/core/dec_block/n_169'.
**WARN: Instance 'u_crypto_synth_top/u_top/u_aes/core/dec_block/g35521' has multiple input pins tied together to net 'u_crypto_synth_top/u_top/u_aes/core/dec_new_block[104]'.
**WARN: Instance 'u_crypto_synth_top/u_top/u_aes/core/dec_block/g35522' has multiple input pins tied together to net 'u_crypto_synth_top/u_top/u_aes/core/FE_OFN10410_round_key_59'.
**WARN: Instance 'u_crypto_synth_top/u_top/u_aes/core/dec_block/g35522' has multiple input pins tied together to net 'u_crypto_synth_top/u_top/u_aes/core/dec_new_block[59]'.
**WARN: Instance 'u_crypto_synth_top/u_top/u_aes/core/dec_block/g35524' has multiple input pins tied together to net 'u_crypto_synth_top/u_top/u_aes/core/round_key[82]'.
**WARN: Instance 'u_crypto_synth_top/u_top/u_aes/core/dec_block/g35524' has multiple input pins tied together to net 'u_crypto_synth_top/u_top/u_aes/core/dec_block/n_15'.
**WARN: Instance 'u_crypto_synth_top/u_top/u_aes/core/dec_block/g35525' has multiple input pins tied together to net 'u_crypto_synth_top/u_top/u_aes/core/dec_block/n_150'.
**WARN: Instance 'u_crypto_synth_top/u_top/u_aes/core/dec_block/g35525' has multiple input pins tied together to net 'u_crypto_synth_top/u_top/u_aes/core/dec_new_block[58]'.
**WARN: Instance 'u_crypto_synth_top/u_top/u_aes/core/dec_block/g35526' has multiple input pins tied together to net 'u_crypto_synth_top/u_top/u_aes/core/FE_OFN10406_round_key_73'.
**WARN: Instance 'u_crypto_synth_top/u_top/u_aes/core/dec_block/g35526' has multiple input pins tied together to net 'u_crypto_synth_top/u_top/u_aes/core/dec_new_block[73]'.
**WARN: Instance 'u_crypto_synth_top/u_top/u_aes/core/dec_block/g35527' has multiple input pins tied together to net 'u_crypto_synth_top/u_top/u_aes/core/dec_block/n_140'.
**WARN: Instance 'u_crypto_synth_top/u_top/u_aes/core/dec_block/g35527' has multiple input pins tied together to net 'u_crypto_synth_top/u_top/u_aes/core/dec_new_block[122]'.
**WARN: Instance 'u_crypto_synth_top/u_top/u_aes/core/dec_block/g35528' has multiple input pins tied together to net 'u_crypto_synth_top/u_top/u_aes/core/dec_block/n_152'.
**WARN: Instance 'u_crypto_synth_top/u_top/u_aes/core/dec_block/g35528' has multiple input pins tied together to net 'u_crypto_synth_top/u_top/u_aes/core/dec_new_block[86]'.
**WARN: Instance 'u_crypto_synth_top/u_top/u_aes/core/dec_block/g35529' has multiple input pins tied together to net 'u_crypto_synth_top/u_top/u_aes/core/dec_block/n_126'.
**WARN: Instance 'u_crypto_synth_top/u_top/u_aes/core/dec_block/g35529' has multiple input pins tied together to net 'u_crypto_synth_top/u_top/u_aes/core/dec_new_block[40]'.
**WARN: Instance 'u_crypto_synth_top/u_top/u_aes/core/dec_block/g35530' has multiple input pins tied together to net 'u_crypto_synth_top/u_top/u_aes/core/dec_block/n_147'.
**WARN: Instance 'u_crypto_synth_top/u_top/u_aes/core/dec_block/g35530' has multiple input pins tied together to net 'u_crypto_synth_top/u_top/u_aes/core/dec_new_block[35]'.
**WARN: Instance 'u_crypto_synth_top/u_top/u_aes/core/dec_block/g35531' has multiple input pins tied together to net 'u_crypto_synth_top/u_top/u_aes/core/dec_block/n_74'.
**WARN: Instance 'u_crypto_synth_top/u_top/u_aes/core/dec_block/g35531' has multiple input pins tied together to net 'u_crypto_synth_top/u_top/u_aes/core/dec_new_block[99]'.
**WARN: Instance 'u_crypto_synth_top/u_top/u_aes/core/dec_block/g35532' has multiple input pins tied together to net 'u_crypto_synth_top/u_top/u_aes/core/round_key[83]'.
**WARN: Instance 'u_crypto_synth_top/u_top/u_aes/core/dec_block/g35532' has multiple input pins tied together to net 'u_crypto_synth_top/u_top/u_aes/core/dec_block/n_19'.
**WARN: Instance 'u_crypto_synth_top/u_top/u_aes/core/dec_block/g35533' has multiple input pins tied together to net 'u_crypto_synth_top/u_top/u_aes/core/dec_block/n_48'.
**WARN: Instance 'u_crypto_synth_top/u_top/u_aes/core/dec_block/g35533' has multiple input pins tied together to net 'u_crypto_synth_top/u_top/u_aes/core/dec_new_block[32]'.
**WARN: Instance 'u_crypto_synth_top/u_top/u_aes/core/dec_block/g35534' has multiple input pins tied together to net 'u_crypto_synth_top/u_top/u_aes/core/dec_block/n_165'.
**WARN: Instance 'u_crypto_synth_top/u_top/u_aes/core/dec_block/g35534' has multiple input pins tied together to net 'u_crypto_synth_top/u_top/u_aes/core/dec_new_block[66]'.
**WARN: Instance 'u_crypto_synth_top/u_top/u_aes/core/dec_block/g35535' has multiple input pins tied together to net 'u_crypto_synth_top/u_top/u_aes/core/dec_block/n_145'.
**WARN: Instance 'u_crypto_synth_top/u_top/u_aes/core/dec_block/g35535' has multiple input pins tied together to net 'u_crypto_synth_top/u_top/u_aes/core/dec_new_block[54]'.
**WARN: Instance 'u_crypto_synth_top/u_top/u_aes/core/dec_block/g35536' has multiple input pins tied together to net 'u_crypto_synth_top/u_top/u_aes/core/FE_OFN10413_round_key_60'.
**WARN: Instance 'u_crypto_synth_top/u_top/u_aes/core/dec_block/g35536' has multiple input pins tied together to net 'u_crypto_synth_top/u_top/u_aes/core/dec_new_block[60]'.
**WARN: Instance 'u_crypto_synth_top/u_top/u_aes/core/dec_block/g35537' has multiple input pins tied together to net 'u_crypto_synth_top/u_top/u_aes/core/round_key[43]'.
**WARN: Instance 'u_crypto_synth_top/u_top/u_aes/core/dec_block/g35537' has multiple input pins tied together to net 'u_crypto_synth_top/u_top/u_aes/core/dec_block/n_8'.
**WARN: Instance 'u_crypto_synth_top/u_top/u_aes/core/dec_block/g35538' has multiple input pins tied together to net 'u_crypto_synth_top/u_top/u_aes/core/dec_block/n_163'.
**WARN: Instance 'u_crypto_synth_top/u_top/u_aes/core/dec_block/g35538' has multiple input pins tied together to net 'u_crypto_synth_top/u_top/u_aes/core/dec_new_block[36]'.
**WARN: Instance 'u_crypto_synth_top/u_top/u_aes/core/dec_block/g35539' has multiple input pins tied together to net 'u_crypto_synth_top/u_top/u_aes/core/dec_block/n_156'.
**WARN: Instance 'u_crypto_synth_top/u_top/u_aes/core/dec_block/g35539' has multiple input pins tied together to net 'u_crypto_synth_top/u_top/u_aes/core/dec_new_block[34]'.
**WARN: Instance 'u_crypto_synth_top/u_top/u_aes/core/dec_block/g35540' has multiple input pins tied together to net 'u_crypto_synth_top/u_top/u_aes/core/FE_OFN10404_round_key_31'.
**WARN: Instance 'u_crypto_synth_top/u_top/u_aes/core/dec_block/g35540' has multiple input pins tied together to net 'u_crypto_synth_top/u_top/u_aes/core/dec_new_block[31]'.
**WARN: Instance 'u_crypto_synth_top/u_top/u_aes/core/dec_block/g35541' has multiple input pins tied together to net 'u_crypto_synth_top/u_top/u_aes/core/dec_block/n_73'.
**WARN: Instance 'u_crypto_synth_top/u_top/u_aes/core/dec_block/g35541' has multiple input pins tied together to net 'u_crypto_synth_top/u_top/u_aes/core/dec_new_block[37]'.
**WARN: Instance 'u_crypto_synth_top/u_top/u_aes/core/dec_block/g35542' has multiple input pins tied together to net 'u_crypto_synth_top/u_top/u_aes/core/dec_block/n_149'.
**WARN: Instance 'u_crypto_synth_top/u_top/u_aes/core/dec_block/g35542' has multiple input pins tied together to net 'u_crypto_synth_top/u_top/u_aes/core/dec_new_block[63]'.
**WARN: Instance 'u_crypto_synth_top/u_top/u_aes/core/dec_block/g35543' has multiple input pins tied together to net 'u_crypto_synth_top/u_top/u_aes/core/dec_block/n_175'.
**WARN: Instance 'u_crypto_synth_top/u_top/u_aes/core/dec_block/g35543' has multiple input pins tied together to net 'u_crypto_synth_top/u_top/u_aes/core/dec_new_block[77]'.
**WARN: Instance 'u_crypto_synth_top/u_top/u_aes/core/dec_block/g35544' has multiple input pins tied together to net 'u_crypto_synth_top/u_top/u_aes/core/round_key[44]'.
**WARN: Instance 'u_crypto_synth_top/u_top/u_aes/core/dec_block/g35544' has multiple input pins tied together to net 'u_crypto_synth_top/u_top/u_aes/core/dec_block/n_14'.
**WARN: Instance 'u_crypto_synth_top/u_top/u_aes/core/dec_block/g35545' has multiple input pins tied together to net 'u_crypto_synth_top/u_top/u_aes/core/FE_OFN10414_round_key_94'.
**WARN: Instance 'u_crypto_synth_top/u_top/u_aes/core/dec_block/g35545' has multiple input pins tied together to net 'u_crypto_synth_top/u_top/u_aes/core/dec_new_block[94]'.
**WARN: Instance 'u_crypto_synth_top/u_top/u_aes/core/dec_block/g35546' has multiple input pins tied together to net 'u_crypto_synth_top/u_top/u_aes/core/FE_OFN10408_round_key_65'.
**WARN: Instance 'u_crypto_synth_top/u_top/u_aes/core/dec_block/g35546' has multiple input pins tied together to net 'u_crypto_synth_top/u_top/u_aes/core/dec_new_block[65]'.
**WARN: Instance 'u_crypto_synth_top/u_top/u_aes/core/dec_block/g35547' has multiple input pins tied together to net 'u_crypto_synth_top/u_top/u_aes/core/dec_block/n_66'.
**WARN: Instance 'u_crypto_synth_top/u_top/u_aes/core/dec_block/g35547' has multiple input pins tied together to net 'u_crypto_synth_top/u_top/u_aes/core/dec_new_block[78]'.
**WARN: Instance 'u_crypto_synth_top/u_top/u_aes/core/dec_block/g35548' has multiple input pins tied together to net 'u_crypto_synth_top/u_top/u_aes/core/round_key[52]'.
**WARN: Instance 'u_crypto_synth_top/u_top/u_aes/core/dec_block/g35548' has multiple input pins tied together to net 'u_crypto_synth_top/u_top/u_aes/core/dec_block/n_21'.
**WARN: Instance 'u_crypto_synth_top/u_top/u_aes/core/dec_block/g35549' has multiple input pins tied together to net 'u_crypto_synth_top/u_top/u_aes/core/round_key[55]'.
**WARN: Instance 'u_crypto_synth_top/u_top/u_aes/core/dec_block/g35549' has multiple input pins tied together to net 'u_crypto_synth_top/u_top/u_aes/core/dec_block/n_12'.
**WARN: Instance 'u_crypto_synth_top/u_top/u_aes/core/dec_block/g35550' has multiple input pins tied together to net 'u_crypto_synth_top/u_top/u_aes/core/dec_block/n_130'.
**WARN: Instance 'u_crypto_synth_top/u_top/u_aes/core/dec_block/g35550' has multiple input pins tied together to net 'u_crypto_synth_top/u_top/u_aes/core/dec_new_block[49]'.
**WARN: Instance 'u_crypto_synth_top/u_top/u_aes/core/dec_block/g35551' has multiple input pins tied together to net 'u_crypto_synth_top/u_top/u_aes/core/FE_OFN10409_round_key_2'.
**WARN: Instance 'u_crypto_synth_top/u_top/u_aes/core/dec_block/g35551' has multiple input pins tied together to net 'u_crypto_synth_top/u_top/u_aes/core/dec_new_block[2]'.
**WARN: Instance 'u_crypto_synth_top/u_top/u_aes/core/dec_block/g35552' has multiple input pins tied together to net 'u_crypto_synth_top/u_top/u_aes/core/dec_block/n_170'.
**WARN: Instance 'u_crypto_synth_top/u_top/u_aes/core/dec_block/g35552' has multiple input pins tied together to net 'u_crypto_synth_top/u_top/u_aes/core/dec_new_block[42]'.
**WARN: Instance 'u_crypto_synth_top/u_top/u_aes/core/dec_block/g35553' has multiple input pins tied together to net 'u_crypto_synth_top/u_top/u_aes/core/FE_OFN10412_round_key_61'.
**WARN: Instance 'u_crypto_synth_top/u_top/u_aes/core/dec_block/g35553' has multiple input pins tied together to net 'u_crypto_synth_top/u_top/u_aes/core/dec_new_block[61]'.
**WARN: Instance 'u_crypto_synth_top/u_top/u_aes/core/dec_block/g35554' has multiple input pins tied together to net 'u_crypto_synth_top/u_top/u_aes/core/dec_block/n_146'.
**WARN: Instance 'u_crypto_synth_top/u_top/u_aes/core/dec_block/g35554' has multiple input pins tied together to net 'u_crypto_synth_top/u_top/u_aes/core/dec_new_block[126]'.
**WARN: Instance 'u_crypto_synth_top/u_top/u_aes/core/dec_block/g35555' has multiple input pins tied together to net 'u_crypto_synth_top/u_top/u_aes/core/dec_block/n_60'.
**WARN: Instance 'u_crypto_synth_top/u_top/u_aes/core/dec_block/g35555' has multiple input pins tied together to net 'u_crypto_synth_top/u_top/u_aes/core/dec_new_block[124]'.
**WARN: Instance 'u_crypto_synth_top/u_top/u_aes/core/dec_block/g35556' has multiple input pins tied together to net 'u_crypto_synth_top/u_top/u_aes/core/round_key[100]'.
**WARN: Instance 'u_crypto_synth_top/u_top/u_aes/core/dec_block/g35556' has multiple input pins tied together to net 'u_crypto_synth_top/u_top/u_aes/core/dec_block/n_23'.
**WARN: Instance 'u_crypto_synth_top/u_top/u_aes/core/dec_block/g35557' has multiple input pins tied together to net 'u_crypto_synth_top/u_top/u_aes/core/dec_block/n_129'.
**WARN: Instance 'u_crypto_synth_top/u_top/u_aes/core/dec_block/g35557' has multiple input pins tied together to net 'u_crypto_synth_top/u_top/u_aes/core/dec_new_block[91]'.
**WARN: Instance 'u_crypto_synth_top/u_top/u_aes/core/dec_block/g35558' has multiple input pins tied together to net 'u_crypto_synth_top/u_top/u_aes/core/dec_block/n_54'.
**WARN: Instance 'u_crypto_synth_top/u_top/u_aes/core/dec_block/g35558' has multiple input pins tied together to net 'u_crypto_synth_top/u_top/u_aes/core/dec_new_block[125]'.
**WARN: Instance 'u_crypto_synth_top/u_top/u_aes/core/dec_block/g35559' has multiple input pins tied together to net 'u_crypto_synth_top/u_top/u_aes/core/dec_block/n_132'.
**WARN: Instance 'u_crypto_synth_top/u_top/u_aes/core/dec_block/g35559' has multiple input pins tied together to net 'u_crypto_synth_top/u_top/u_aes/core/dec_new_block[14]'.
**WARN: Instance 'u_crypto_synth_top/u_top/u_aes/core/dec_block/g35560' has multiple input pins tied together to net 'u_crypto_synth_top/u_top/u_aes/core/FE_OFN10405_round_key_30'.
**WARN: Instance 'u_crypto_synth_top/u_top/u_aes/core/dec_block/g35560' has multiple input pins tied together to net 'u_crypto_synth_top/u_top/u_aes/core/dec_new_block[30]'.
**WARN: Instance 'u_crypto_synth_top/u_top/u_aes/core/dec_block/g35561' has multiple input pins tied together to net 'u_crypto_synth_top/u_top/u_aes/core/FE_OFN10411_round_key_108'.
**WARN: Instance 'u_crypto_synth_top/u_top/u_aes/core/dec_block/g35561' has multiple input pins tied together to net 'u_crypto_synth_top/u_top/u_aes/core/dec_new_block[108]'.
**WARN: Instance 'u_crypto_synth_top/u_top/u_aes/core/dec_block/g35562' has multiple input pins tied together to net 'u_crypto_synth_top/u_top/u_aes/core/dec_block/n_131'.
**WARN: Instance 'u_crypto_synth_top/u_top/u_aes/core/dec_block/g35562' has multiple input pins tied together to net 'u_crypto_synth_top/u_top/u_aes/core/dec_new_block[4]'.
**WARN: Instance 'u_crypto_synth_top/u_top/u_aes/core/dec_block/g35563' has multiple input pins tied together to net 'u_crypto_synth_top/u_top/u_aes/core/dec_block/n_136'.
**WARN: Instance 'u_crypto_synth_top/u_top/u_aes/core/dec_block/g35563' has multiple input pins tied together to net 'u_crypto_synth_top/u_top/u_aes/core/dec_new_block[109]'.
**WARN: Instance 'u_crypto_synth_top/u_top/u_aes/core/dec_block/g35564' has multiple input pins tied together to net 'u_crypto_synth_top/u_top/u_aes/core/FE_OFN10403_round_key_105'.
**WARN: Instance 'u_crypto_synth_top/u_top/u_aes/core/dec_block/g35564' has multiple input pins tied together to net 'u_crypto_synth_top/u_top/u_aes/core/dec_new_block[105]'.
**WARN: Instance 'u_crypto_synth_top/u_top/u_aes/core/dec_block/g35565' has multiple input pins tied together to net 'u_crypto_synth_top/u_top/u_aes/core/round_key[51]'.
**WARN: Instance 'u_crypto_synth_top/u_top/u_aes/core/dec_block/g35565' has multiple input pins tied together to net 'u_crypto_synth_top/u_top/u_aes/core/dec_block/n_9'.
**WARN: Instance 'u_crypto_synth_top/u_top/u_aes/core/dec_block/g35566' has multiple input pins tied together to net 'u_crypto_synth_top/u_top/u_aes/core/dec_block/n_75'.
**WARN: Instance 'u_crypto_synth_top/u_top/u_aes/core/dec_block/g35566' has multiple input pins tied together to net 'u_crypto_synth_top/u_top/u_aes/core/dec_new_block[16]'.
**WARN: Instance 'u_crypto_synth_top/u_top/u_aes/core/dec_block/g35567' has multiple input pins tied together to net 'u_crypto_synth_top/u_top/u_aes/core/dec_block/n_71'.
**WARN: Instance 'u_crypto_synth_top/u_top/u_aes/core/dec_block/g35567' has multiple input pins tied together to net 'u_crypto_synth_top/u_top/u_aes/core/dec_new_block[106]'.
**WARN: Instance 'u_crypto_synth_top/u_top/u_aes/core/dec_block/g35568' has multiple input pins tied together to net 'u_crypto_synth_top/u_top/u_aes/core/dec_block/n_53'.
**WARN: Instance 'u_crypto_synth_top/u_top/u_aes/core/dec_block/g35568' has multiple input pins tied together to net 'u_crypto_synth_top/u_top/u_aes/core/dec_new_block[112]'.
**WARN: Instance 'u_crypto_synth_top/u_top/u_aes/core/dec_block/g35569' has multiple input pins tied together to net 'u_crypto_synth_top/u_top/u_aes/core/dec_block/n_124'.
**WARN: Instance 'u_crypto_synth_top/u_top/u_aes/core/dec_block/g35569' has multiple input pins tied together to net 'u_crypto_synth_top/u_top/u_aes/core/dec_new_block[39]'.
**WARN: Instance 'u_crypto_synth_top/u_top/u_aes/core/dec_block/g35571' has multiple input pins tied together to net 'u_crypto_synth_top/u_top/u_aes/core/round_key[98]'.
**WARN: Instance 'u_crypto_synth_top/u_top/u_aes/core/dec_block/g35571' has multiple input pins tied together to net 'u_crypto_synth_top/u_top/u_aes/core/dec_block/n_32'.
**WARN: Instance 'u_crypto_synth_top/u_top/u_aes/core/dec_block/g35572' has multiple input pins tied together to net 'u_crypto_synth_top/u_top/u_aes/core/dec_block/n_161'.
**WARN: Instance 'u_crypto_synth_top/u_top/u_aes/core/dec_block/g35572' has multiple input pins tied together to net 'u_crypto_synth_top/u_top/u_aes/core/dec_new_block[23]'.
**WARN: Instance 'u_crypto_synth_top/u_top/u_aes/core/dec_block/g35576' has multiple input pins tied together to net 'u_crypto_synth_top/u_top/u_aes/core/dec_block/n_70'.
**WARN: Instance 'u_crypto_synth_top/u_top/u_aes/core/dec_block/g35576' has multiple input pins tied together to net 'u_crypto_synth_top/u_top/u_aes/core/dec_new_block[15]'.
**WARN: Instance 'u_crypto_synth_top/u_top/u_aes/core/dec_block/g35577' has multiple input pins tied together to net 'u_crypto_synth_top/u_top/u_aes/core/dec_block/n_58'.
**WARN: Instance 'u_crypto_synth_top/u_top/u_aes/core/dec_block/g35577' has multiple input pins tied together to net 'u_crypto_synth_top/u_top/u_aes/core/dec_new_block[47]'.
**WARN: Instance 'u_crypto_synth_top/u_top/u_aes/core/dec_block/g35578' has multiple input pins tied together to net 'u_crypto_synth_top/u_top/u_aes/core/dec_block/n_142'.
**WARN: Instance 'u_crypto_synth_top/u_top/u_aes/core/dec_block/g35578' has multiple input pins tied together to net 'u_crypto_synth_top/u_top/u_aes/core/dec_new_block[111]'.
**WARN: Instance 'u_crypto_synth_top/u_top/u_aes/core/dec_block/g35579' has multiple input pins tied together to net 'u_crypto_synth_top/u_top/u_aes/core/dec_block/n_40'.
**WARN: Instance 'u_crypto_synth_top/u_top/u_aes/core/dec_block/g35579' has multiple input pins tied together to net 'u_crypto_synth_top/u_top/u_aes/core/dec_new_block[79]'.
**WARN: Instance 'u_crypto_synth_top/u_top/u_aes/core/dec_block/g35649' has multiple input pins tied together to net 'u_crypto_synth_top/u_top/u_aes/core/FE_OFN10404_round_key_31'.
**WARN: Instance 'u_crypto_synth_top/u_top/u_aes/core/dec_block/g35649' has multiple input pins tied together to net 'u_crypto_synth_top/u_top/u_aes/block_reg[3][31]'.
**WARN: Instance 'u_crypto_synth_top/u_top/u_aes/core/dec_block/g35650' has multiple input pins tied together to net 'u_crypto_synth_top/u_top/u_aes/core/round_key[123]'.
**WARN: Instance 'u_crypto_synth_top/u_top/u_aes/core/dec_block/g35650' has multiple input pins tied together to net 'u_crypto_synth_top/u_top/u_aes/core/dec_block/n_89'.
**WARN: Instance 'u_crypto_synth_top/u_top/u_aes/core/dec_block/g35651' has multiple input pins tied together to net 'u_crypto_synth_top/u_top/u_aes/core/round_key[114]'.
**WARN: Instance 'u_crypto_synth_top/u_top/u_aes/core/dec_block/g35651' has multiple input pins tied together to net 'u_crypto_synth_top/u_top/u_aes/core/dec_block/n_99'.
**WARN: Instance 'u_crypto_synth_top/u_top/u_aes/core/dec_block/g35652' has multiple input pins tied together to net 'u_crypto_synth_top/u_top/u_aes/core/round_key[68]'.
**WARN: Instance 'u_crypto_synth_top/u_top/u_aes/core/dec_block/g35652' has multiple input pins tied together to net 'u_crypto_synth_top/u_top/u_aes/core/dec_block/n_192'.
**WARN: Instance 'u_crypto_synth_top/u_top/u_aes/core/dec_block/g35653' has multiple input pins tied together to net 'u_crypto_synth_top/u_top/u_aes/core/round_key[110]'.
**WARN: Instance 'u_crypto_synth_top/u_top/u_aes/core/dec_block/g35653' has multiple input pins tied together to net 'u_crypto_synth_top/u_top/u_aes/core/dec_block/n_229'.
**WARN: Instance 'u_crypto_synth_top/u_top/u_aes/core/dec_block/g35654' has multiple input pins tied together to net 'u_crypto_synth_top/u_top/u_aes/core/dec_block/n_129'.
**WARN: Instance 'u_crypto_synth_top/u_top/u_aes/core/dec_block/g35654' has multiple input pins tied together to net 'u_crypto_synth_top/u_top/u_aes/block_reg[1][27]'.
**WARN: Instance 'u_crypto_synth_top/u_top/u_aes/core/dec_block/g35655' has multiple input pins tied together to net 'u_crypto_synth_top/u_top/u_aes/core/dec_block/n_74'.
**WARN: Instance 'u_crypto_synth_top/u_top/u_aes/core/dec_block/g35655' has multiple input pins tied together to net 'u_crypto_synth_top/u_top/u_aes/block_reg[0][3]'.
**WARN: Instance 'u_crypto_synth_top/u_top/u_aes/core/dec_block/g35656' has multiple input pins tied together to net 'u_crypto_synth_top/u_top/u_aes/core/round_key[75]'.
**WARN: Instance 'u_crypto_synth_top/u_top/u_aes/core/dec_block/g35656' has multiple input pins tied together to net 'u_crypto_synth_top/u_top/u_aes/core/dec_block/n_222'.
**WARN: Instance 'u_crypto_synth_top/u_top/u_aes/core/dec_block/g35657' has multiple input pins tied together to net 'u_crypto_synth_top/u_top/u_aes/core/dec_block/n_54'.
**WARN: Instance 'u_crypto_synth_top/u_top/u_aes/core/dec_block/g35657' has multiple input pins tied together to net 'u_crypto_synth_top/u_top/u_aes/block_reg[0][29]'.
**WARN: Instance 'u_crypto_synth_top/u_top/u_aes/core/dec_block/g35658' has multiple input pins tied together to net 'u_crypto_synth_top/u_top/u_aes/core/FE_OFN10412_round_key_61'.
**WARN: Instance 'u_crypto_synth_top/u_top/u_aes/core/dec_block/g35658' has multiple input pins tied together to net 'u_crypto_synth_top/u_top/u_aes/block_reg[2][29]'.
**WARN: Instance 'u_crypto_synth_top/u_top/u_aes/core/dec_block/g35659' has multiple input pins tied together to net 'u_crypto_synth_top/u_top/u_aes/core/round_key[53]'.
**WARN: Instance 'u_crypto_synth_top/u_top/u_aes/core/dec_block/g35659' has multiple input pins tied together to net 'u_crypto_synth_top/u_top/u_aes/core/dec_block/n_204'.
**WARN: Instance 'u_crypto_synth_top/u_top/u_aes/core/dec_block/g35660' has multiple input pins tied together to net 'u_crypto_synth_top/u_top/u_aes/core/dec_block/n_70'.
**WARN: Instance 'u_crypto_synth_top/u_top/u_aes/core/dec_block/g35660' has multiple input pins tied together to net 'u_crypto_synth_top/u_top/u_aes/block_reg[3][15]'.
**WARN: Instance 'u_crypto_synth_top/u_top/u_aes/core/dec_block/g35661' has multiple input pins tied together to net 'u_crypto_synth_top/u_top/u_aes/core/FE_OFN10414_round_key_94'.
**WARN: Instance 'u_crypto_synth_top/u_top/u_aes/core/dec_block/g35661' has multiple input pins tied together to net 'u_crypto_synth_top/u_top/u_aes/block_reg[1][30]'.
**WARN: Instance 'u_crypto_synth_top/u_top/u_aes/core/dec_block/g35662' has multiple input pins tied together to net 'u_crypto_synth_top/u_top/u_aes/core/FE_OFN10409_round_key_2'.
**WARN: Instance 'u_crypto_synth_top/u_top/u_aes/core/dec_block/g35662' has multiple input pins tied together to net 'u_crypto_synth_top/u_top/u_aes/block_reg[3][2]'.
**WARN: Instance 'u_crypto_synth_top/u_top/u_aes/core/dec_block/g35663' has multiple input pins tied together to net 'u_crypto_synth_top/u_top/u_aes/core/dec_block/n_152'.
**WARN: Instance 'u_crypto_synth_top/u_top/u_aes/core/dec_block/g35663' has multiple input pins tied together to net 'u_crypto_synth_top/u_top/u_aes/block_reg[1][22]'.
**WARN: Instance 'u_crypto_synth_top/u_top/u_aes/core/dec_block/g35664' has multiple input pins tied together to net 'u_crypto_synth_top/u_top/u_aes/core/dec_block/n_142'.
**WARN: Instance 'u_crypto_synth_top/u_top/u_aes/core/dec_block/g35664' has multiple input pins tied together to net 'u_crypto_synth_top/u_top/u_aes/block_reg[0][15]'.
**WARN: Instance 'u_crypto_synth_top/u_top/u_aes/core/dec_block/g35665' has multiple input pins tied together to net 'u_crypto_synth_top/u_top/u_aes/core/dec_block/n_37'.
**WARN: Instance 'u_crypto_synth_top/u_top/u_aes/core/dec_block/g35665' has multiple input pins tied together to net 'u_crypto_synth_top/u_top/u_aes/core/dec_block/n_212'.
**WARN: Instance 'u_crypto_synth_top/u_top/u_aes/core/dec_block/g35666' has multiple input pins tied together to net 'u_crypto_synth_top/u_top/u_aes/core/round_key[83]'.
**WARN: Instance 'u_crypto_synth_top/u_top/u_aes/core/dec_block/g35666' has multiple input pins tied together to net 'u_crypto_synth_top/u_top/u_aes/core/dec_block/n_110'.
**WARN: Instance 'u_crypto_synth_top/u_top/u_aes/core/dec_block/g35667' has multiple input pins tied together to net 'u_crypto_synth_top/u_top/u_aes/core/round_key[107]'.
**WARN: Instance 'u_crypto_synth_top/u_top/u_aes/core/dec_block/g35667' has multiple input pins tied together to net 'u_crypto_synth_top/u_top/u_aes/core/dec_block/n_102'.
**WARN: Instance 'u_crypto_synth_top/u_top/u_aes/core/dec_block/g35668' has multiple input pins tied together to net 'u_crypto_synth_top/u_top/u_aes/core/round_key[3]'.
**WARN: Instance 'u_crypto_synth_top/u_top/u_aes/core/dec_block/g35668' has multiple input pins tied together to net 'u_crypto_synth_top/u_top/u_aes/core/dec_block/n_87'.
**WARN: Instance 'u_crypto_synth_top/u_top/u_aes/core/dec_block/g35669' has multiple input pins tied together to net 'u_crypto_synth_top/u_top/u_aes/core/dec_block/n_147'.
**WARN: Instance 'u_crypto_synth_top/u_top/u_aes/core/dec_block/g35669' has multiple input pins tied together to net 'u_crypto_synth_top/u_top/u_aes/block_reg[2][3]'.
**WARN: Instance 'u_crypto_synth_top/u_top/u_aes/core/dec_block/g35670' has multiple input pins tied together to net 'u_crypto_synth_top/u_top/u_aes/core/dec_block/n_66'.
**WARN: Instance 'u_crypto_synth_top/u_top/u_aes/core/dec_block/g35670' has multiple input pins tied together to net 'u_crypto_synth_top/u_top/u_aes/block_reg[1][14]'.
**WARN: Instance 'u_crypto_synth_top/u_top/u_aes/core/dec_block/g35671' has multiple input pins tied together to net 'u_crypto_synth_top/u_top/u_aes/core/FE_OFN10405_round_key_30'.
**WARN: Instance 'u_crypto_synth_top/u_top/u_aes/core/dec_block/g35671' has multiple input pins tied together to net 'u_crypto_synth_top/u_top/u_aes/block_reg[3][30]'.
**WARN: Instance 'u_crypto_synth_top/u_top/u_aes/core/dec_block/g35672' has multiple input pins tied together to net 'u_crypto_synth_top/u_top/u_aes/core/dec_block/n_136'.
**WARN: Instance 'u_crypto_synth_top/u_top/u_aes/core/dec_block/g35672' has multiple input pins tied together to net 'u_crypto_synth_top/u_top/u_aes/block_reg[0][13]'.
**WARN: Instance 'u_crypto_synth_top/u_top/u_aes/core/dec_block/g35673' has multiple input pins tied together to net 'u_crypto_synth_top/u_top/u_aes/core/round_key[97]'.
**WARN: Instance 'u_crypto_synth_top/u_top/u_aes/core/dec_block/g35673' has multiple input pins tied together to net 'u_crypto_synth_top/u_top/u_aes/core/dec_block/n_206'.
**WARN: Instance 'u_crypto_synth_top/u_top/u_aes/core/dec_block/g35674' has multiple input pins tied together to net 'u_crypto_synth_top/u_top/u_aes/core/dec_block/n_131'.
**WARN: Instance 'u_crypto_synth_top/u_top/u_aes/core/dec_block/g35674' has multiple input pins tied together to net 'u_crypto_synth_top/u_top/u_aes/block_reg[3][4]'.
**WARN: Instance 'u_crypto_synth_top/u_top/u_aes/core/dec_block/g35675' has multiple input pins tied together to net 'u_crypto_synth_top/u_top/u_aes/core/round_key[96]'.
**WARN: Instance 'u_crypto_synth_top/u_top/u_aes/core/dec_block/g35675' has multiple input pins tied together to net 'u_crypto_synth_top/u_top/u_aes/core/dec_block/n_181'.
**WARN: Instance 'u_crypto_synth_top/u_top/u_aes/core/dec_block/g35676' has multiple input pins tied together to net 'u_crypto_synth_top/u_top/u_aes/core/round_key[69]'.
**WARN: Instance 'u_crypto_synth_top/u_top/u_aes/core/dec_block/g35676' has multiple input pins tied together to net 'u_crypto_synth_top/u_top/u_aes/core/dec_block/n_178'.
**WARN: Instance 'u_crypto_synth_top/u_top/u_aes/core/dec_block/g35677' has multiple input pins tied together to net 'u_crypto_synth_top/u_top/u_aes/core/round_key[70]'.
**WARN: Instance 'u_crypto_synth_top/u_top/u_aes/core/dec_block/g35677' has multiple input pins tied together to net 'u_crypto_synth_top/u_top/u_aes/core/dec_block/n_198'.
**WARN: Instance 'u_crypto_synth_top/u_top/u_aes/core/dec_block/g35678' has multiple input pins tied together to net 'u_crypto_synth_top/u_top/u_aes/core/round_key[51]'.
**WARN: Instance 'u_crypto_synth_top/u_top/u_aes/core/dec_block/g35678' has multiple input pins tied together to net 'u_crypto_synth_top/u_top/u_aes/core/dec_block/n_194'.
**WARN: Instance 'u_crypto_synth_top/u_top/u_aes/core/dec_block/g35679' has multiple input pins tied together to net 'u_crypto_synth_top/u_top/u_aes/core/round_key[71]'.
**WARN: Instance 'u_crypto_synth_top/u_top/u_aes/core/dec_block/g35679' has multiple input pins tied together to net 'u_crypto_synth_top/u_top/u_aes/core/dec_block/n_96'.
**WARN: Instance 'u_crypto_synth_top/u_top/u_aes/core/dec_block/g35680' has multiple input pins tied together to net 'u_crypto_synth_top/u_top/u_aes/core/dec_block/n_48'.
**WARN: Instance 'u_crypto_synth_top/u_top/u_aes/core/dec_block/g35680' has multiple input pins tied together to net 'u_crypto_synth_top/u_top/u_aes/block_reg[2][0]'.
**WARN: Instance 'u_crypto_synth_top/u_top/u_aes/core/dec_block/g35681' has multiple input pins tied together to net 'u_crypto_synth_top/u_top/u_aes/core/round_key[18]'.
**WARN: Instance 'u_crypto_synth_top/u_top/u_aes/core/dec_block/g35681' has multiple input pins tied together to net 'u_crypto_synth_top/u_top/u_aes/core/dec_block/n_90'.
**WARN: Instance 'u_crypto_synth_top/u_top/u_aes/core/dec_block/g35682' has multiple input pins tied together to net 'u_crypto_synth_top/u_top/u_aes/core/round_key[46]'.
**WARN: Instance 'u_crypto_synth_top/u_top/u_aes/core/dec_block/g35682' has multiple input pins tied together to net 'u_crypto_synth_top/u_top/u_aes/core/dec_block/n_100'.
**WARN: Instance 'u_crypto_synth_top/u_top/u_aes/core/dec_block/g35683' has multiple input pins tied together to net 'u_crypto_synth_top/u_top/u_aes/core/round_key[0]'.
**WARN: Instance 'u_crypto_synth_top/u_top/u_aes/core/dec_block/g35683' has multiple input pins tied together to net 'u_crypto_synth_top/u_top/u_aes/core/dec_block/n_182'.
**WARN: Instance 'u_crypto_synth_top/u_top/u_aes/core/dec_block/g35684' has multiple input pins tied together to net 'u_crypto_synth_top/u_top/u_aes/core/FE_OFN10411_round_key_108'.
**WARN: Instance 'u_crypto_synth_top/u_top/u_aes/core/dec_block/g35684' has multiple input pins tied together to net 'u_crypto_synth_top/u_top/u_aes/block_reg[0][12]'.
**WARN: Instance 'u_crypto_synth_top/u_top/u_aes/core/dec_block/g35685' has multiple input pins tied together to net 'u_crypto_synth_top/u_top/u_aes/core/round_key[74]'.
**WARN: Instance 'u_crypto_synth_top/u_top/u_aes/core/dec_block/g35685' has multiple input pins tied together to net 'u_crypto_synth_top/u_top/u_aes/core/dec_block/n_83'.
**WARN: Instance 'u_crypto_synth_top/u_top/u_aes/core/dec_block/g35686' has multiple input pins tied together to net 'u_crypto_synth_top/u_top/u_aes/core/round_key[24]'.
**WARN: Instance 'u_crypto_synth_top/u_top/u_aes/core/dec_block/g35686' has multiple input pins tied together to net 'u_crypto_synth_top/u_top/u_aes/core/dec_block/n_117'.
**WARN: Instance 'u_crypto_synth_top/u_top/u_aes/core/dec_block/g35687' has multiple input pins tied together to net 'u_crypto_synth_top/u_top/u_aes/core/FE_OFN10406_round_key_73'.
**WARN: Instance 'u_crypto_synth_top/u_top/u_aes/core/dec_block/g35687' has multiple input pins tied together to net 'u_crypto_synth_top/u_top/u_aes/block_reg[1][9]'.
**WARN: Instance 'u_crypto_synth_top/u_top/u_aes/core/dec_block/g35688' has multiple input pins tied together to net 'u_crypto_synth_top/u_top/u_aes/core/FE_OFN10403_round_key_105'.
**WARN: Instance 'u_crypto_synth_top/u_top/u_aes/core/dec_block/g35688' has multiple input pins tied together to net 'u_crypto_synth_top/u_top/u_aes/block_reg[0][9]'.
**WARN: Instance 'u_crypto_synth_top/u_top/u_aes/core/dec_block/g35689' has multiple input pins tied together to net 'u_crypto_synth_top/u_top/u_aes/core/dec_block/n_130'.
**WARN: Instance 'u_crypto_synth_top/u_top/u_aes/core/dec_block/g35689' has multiple input pins tied together to net 'u_crypto_synth_top/u_top/u_aes/block_reg[2][17]'.
**WARN: Instance 'u_crypto_synth_top/u_top/u_aes/core/dec_block/g35690' has multiple input pins tied together to net 'u_crypto_synth_top/u_top/u_aes/core/FE_OFN10408_round_key_65'.
**WARN: Instance 'u_crypto_synth_top/u_top/u_aes/core/dec_block/g35690' has multiple input pins tied together to net 'u_crypto_synth_top/u_top/u_aes/block_reg[1][1]'.
**WARN: Instance 'u_crypto_synth_top/u_top/u_aes/core/dec_block/g35691' has multiple input pins tied together to net 'u_crypto_synth_top/u_top/u_aes/core/FE_OFN10410_round_key_59'.
**WARN: Instance 'u_crypto_synth_top/u_top/u_aes/core/dec_block/g35691' has multiple input pins tied together to net 'u_crypto_synth_top/u_top/u_aes/block_reg[2][27]'.
**WARN: Instance 'u_crypto_synth_top/u_top/u_aes/core/dec_block/g35692' has multiple input pins tied together to net 'u_crypto_synth_top/u_top/u_aes/core/round_key[22]'.
**WARN: Instance 'u_crypto_synth_top/u_top/u_aes/core/dec_block/g35692' has multiple input pins tied together to net 'u_crypto_synth_top/u_top/u_aes/core/dec_block/n_180'.
**WARN: Instance 'u_crypto_synth_top/u_top/u_aes/core/dec_block/g35693' has multiple input pins tied together to net 'u_crypto_synth_top/u_top/u_aes/core/dec_block/n_161'.
**WARN: Instance 'u_crypto_synth_top/u_top/u_aes/core/dec_block/g35693' has multiple input pins tied together to net 'u_crypto_synth_top/u_top/u_aes/block_reg[3][23]'.
**WARN: Instance 'u_crypto_synth_top/u_top/u_aes/core/dec_block/g35694' has multiple input pins tied together to net 'u_crypto_synth_top/u_top/u_aes/core/round_key[85]'.
**WARN: Instance 'u_crypto_synth_top/u_top/u_aes/core/dec_block/g35694' has multiple input pins tied together to net 'u_crypto_synth_top/u_top/u_aes/core/dec_block/n_121'.
**WARN: Instance 'u_crypto_synth_top/u_top/u_aes/core/dec_block/g35695' has multiple input pins tied together to net 'u_crypto_synth_top/u_top/u_aes/core/round_key[102]'.
**WARN: Instance 'u_crypto_synth_top/u_top/u_aes/core/dec_block/g35695' has multiple input pins tied together to net 'u_crypto_synth_top/u_top/u_aes/core/dec_block/n_109'.
**WARN: Instance 'u_crypto_synth_top/u_top/u_aes/core/dec_block/g35696' has multiple input pins tied together to net 'u_crypto_synth_top/u_top/u_aes/core/round_key[62]'.
**WARN: Instance 'u_crypto_synth_top/u_top/u_aes/core/dec_block/g35696' has multiple input pins tied together to net 'u_crypto_synth_top/u_top/u_aes/core/dec_block/n_105'.
**WARN: Instance 'u_crypto_synth_top/u_top/u_aes/core/dec_block/g35697' has multiple input pins tied together to net 'u_crypto_synth_top/u_top/u_aes/core/round_key[120]'.
**WARN: Instance 'u_crypto_synth_top/u_top/u_aes/core/dec_block/g35697' has multiple input pins tied together to net 'u_crypto_synth_top/u_top/u_aes/core/dec_block/n_231'.
**WARN: Instance 'u_crypto_synth_top/u_top/u_aes/core/dec_block/g35698' has multiple input pins tied together to net 'u_crypto_synth_top/u_top/u_aes/core/round_key[56]'.
**WARN: Instance 'u_crypto_synth_top/u_top/u_aes/core/dec_block/g35698' has multiple input pins tied together to net 'u_crypto_synth_top/u_top/u_aes/core/dec_block/n_101'.
**WARN: Instance 'u_crypto_synth_top/u_top/u_aes/core/dec_block/g35699' has multiple input pins tied together to net 'u_crypto_synth_top/u_top/u_aes/core/round_key[90]'.
**WARN: Instance 'u_crypto_synth_top/u_top/u_aes/core/dec_block/g35699' has multiple input pins tied together to net 'u_crypto_synth_top/u_top/u_aes/core/dec_block/n_217'.
**WARN: Instance 'u_crypto_synth_top/u_top/u_aes/core/dec_block/g35700' has multiple input pins tied together to net 'u_crypto_synth_top/u_top/u_aes/core/round_key[5]'.
**WARN: Instance 'u_crypto_synth_top/u_top/u_aes/core/dec_block/g35700' has multiple input pins tied together to net 'u_crypto_synth_top/u_top/u_aes/core/dec_block/n_228'.
**WARN: Instance 'u_crypto_synth_top/u_top/u_aes/core/dec_block/g35701' has multiple input pins tied together to net 'u_crypto_synth_top/u_top/u_aes/core/round_key[92]'.
**WARN: Instance 'u_crypto_synth_top/u_top/u_aes/core/dec_block/g35701' has multiple input pins tied together to net 'u_crypto_synth_top/u_top/u_aes/core/dec_block/n_88'.
**WARN: Instance 'u_crypto_synth_top/u_top/u_aes/core/dec_block/g35702' has multiple input pins tied together to net 'u_crypto_synth_top/u_top/u_aes/core/round_key[19]'.
**WARN: Instance 'u_crypto_synth_top/u_top/u_aes/core/dec_block/g35702' has multiple input pins tied together to net 'u_crypto_synth_top/u_top/u_aes/core/dec_block/n_80'.
**WARN: Instance 'u_crypto_synth_top/u_top/u_aes/core/dec_block/g35703' has multiple input pins tied together to net 'u_crypto_synth_top/u_top/u_aes/core/round_key[17]'.
**WARN: Instance 'u_crypto_synth_top/u_top/u_aes/core/dec_block/g35703' has multiple input pins tied together to net 'u_crypto_synth_top/u_top/u_aes/core/dec_block/n_123'.
**WARN: Instance 'u_crypto_synth_top/u_top/u_aes/core/dec_block/g35704' has multiple input pins tied together to net 'u_crypto_synth_top/u_top/u_aes/core/round_key[103]'.
**WARN: Instance 'u_crypto_synth_top/u_top/u_aes/core/dec_block/g35704' has multiple input pins tied together to net 'u_crypto_synth_top/u_top/u_aes/core/dec_block/n_230'.
**WARN: Instance 'u_crypto_synth_top/u_top/u_aes/core/dec_block/g35705' has multiple input pins tied together to net 'u_crypto_synth_top/u_top/u_aes/core/round_key[41]'.
**WARN: Instance 'u_crypto_synth_top/u_top/u_aes/core/dec_block/g35705' has multiple input pins tied together to net 'u_crypto_synth_top/u_top/u_aes/core/dec_block/n_77'.
**WARN: Instance 'u_crypto_synth_top/u_top/u_aes/core/dec_block/g35706' has multiple input pins tied together to net 'u_crypto_synth_top/u_top/u_aes/core/FE_OFN1215_round_key_29'.
**WARN: Instance 'u_crypto_synth_top/u_top/u_aes/core/dec_block/g35706' has multiple input pins tied together to net 'u_crypto_synth_top/u_top/u_aes/core/dec_block/n_104'.
**WARN: Instance 'u_crypto_synth_top/u_top/u_aes/core/dec_block/g35707' has multiple input pins tied together to net 'u_crypto_synth_top/u_top/u_aes/core/FE_OFN10413_round_key_60'.
**WARN: Instance 'u_crypto_synth_top/u_top/u_aes/core/dec_block/g35707' has multiple input pins tied together to net 'u_crypto_synth_top/u_top/u_aes/block_reg[2][28]'.
**WARN: Instance 'u_crypto_synth_top/u_top/u_aes/core/dec_block/g35708' has multiple input pins tied together to net 'u_crypto_synth_top/u_top/u_aes/core/round_key[80]'.
**WARN: Instance 'u_crypto_synth_top/u_top/u_aes/core/dec_block/g35708' has multiple input pins tied together to net 'u_crypto_synth_top/u_top/u_aes/core/dec_block/n_118'.
**WARN: Instance 'u_crypto_synth_top/u_top/u_aes/core/dec_block/g35709' has multiple input pins tied together to net 'u_crypto_synth_top/u_top/u_aes/core/dec_block/n_156'.
**WARN: Instance 'u_crypto_synth_top/u_top/u_aes/core/dec_block/g35709' has multiple input pins tied together to net 'u_crypto_synth_top/u_top/u_aes/block_reg[2][2]'.
**WARN: Instance 'u_crypto_synth_top/u_top/u_aes/core/dec_block/g35710' has multiple input pins tied together to net 'u_crypto_synth_top/u_top/u_aes/core/dec_block/n_67'.
**WARN: Instance 'u_crypto_synth_top/u_top/u_aes/core/dec_block/g35710' has multiple input pins tied together to net 'u_crypto_synth_top/u_top/u_aes/core/dec_new_block[123]'.
**WARN: Instance 'u_crypto_synth_top/u_top/u_aes/core/dec_block/g35711' has multiple input pins tied together to net 'u_crypto_synth_top/u_top/u_aes/core/dec_block/n_51'.
**WARN: Instance 'u_crypto_synth_top/u_top/u_aes/core/dec_block/g35711' has multiple input pins tied together to net 'u_crypto_synth_top/u_top/u_aes/core/dec_new_block[67]'.
**WARN: Instance 'u_crypto_synth_top/u_top/u_aes/core/dec_block/g35712' has multiple input pins tied together to net 'u_crypto_synth_top/u_top/u_aes/core/dec_block/n_64'.
**WARN: Instance 'u_crypto_synth_top/u_top/u_aes/core/dec_block/g35712' has multiple input pins tied together to net 'u_crypto_synth_top/u_top/u_aes/core/dec_new_block[22]'.
**WARN: Instance 'u_crypto_synth_top/u_top/u_aes/core/dec_block/g35713' has multiple input pins tied together to net 'u_crypto_synth_top/u_top/u_aes/core/round_key[19]'.
**WARN: Instance 'u_crypto_synth_top/u_top/u_aes/core/dec_block/g35713' has multiple input pins tied together to net 'u_crypto_synth_top/u_top/u_aes/core/dec_block/n_7'.
**WARN: Instance 'u_crypto_synth_top/u_top/u_aes/core/dec_block/g35714' has multiple input pins tied together to net 'u_crypto_synth_top/u_top/u_aes/core/dec_block/n_50'.
**WARN: Instance 'u_crypto_synth_top/u_top/u_aes/core/dec_block/g35714' has multiple input pins tied together to net 'u_crypto_synth_top/u_top/u_aes/core/dec_new_block[102]'.
**WARN: Instance 'u_crypto_synth_top/u_top/u_aes/core/dec_block/g35715' has multiple input pins tied together to net 'u_crypto_synth_top/u_top/u_aes/core/dec_block/n_155'.
**WARN: Instance 'u_crypto_synth_top/u_top/u_aes/core/dec_block/g35715' has multiple input pins tied together to net 'u_crypto_synth_top/u_top/u_aes/core/dec_new_block[6]'.
**WARN: Instance 'u_crypto_synth_top/u_top/u_aes/core/dec_block/g35716' has multiple input pins tied together to net 'u_crypto_synth_top/u_top/u_aes/core/round_key[3]'.
**WARN: Instance 'u_crypto_synth_top/u_top/u_aes/core/dec_block/g35716' has multiple input pins tied together to net 'u_crypto_synth_top/u_top/u_aes/core/dec_block/n_20'.
**WARN: Instance 'u_crypto_synth_top/u_top/u_aes/core/dec_block/g35717' has multiple input pins tied together to net 'u_crypto_synth_top/u_top/u_aes/core/dec_block/n_41'.
**WARN: Instance 'u_crypto_synth_top/u_top/u_aes/core/dec_block/g35717' has multiple input pins tied together to net 'u_crypto_synth_top/u_top/u_aes/core/dec_new_block[70]'.
**WARN: Instance 'u_crypto_synth_top/u_top/u_aes/core/dec_block/g35718' has multiple input pins tied together to net 'u_crypto_synth_top/u_top/u_aes/core/dec_block/n_72'.
**WARN: Instance 'u_crypto_synth_top/u_top/u_aes/core/dec_block/g35718' has multiple input pins tied together to net 'u_crypto_synth_top/u_top/u_aes/core/dec_new_block[75]'.
**WARN: Instance 'u_crypto_synth_top/u_top/u_aes/core/dec_block/g35719' has multiple input pins tied together to net 'u_crypto_synth_top/u_top/u_aes/core/dec_block/n_138'.
**WARN: Instance 'u_crypto_synth_top/u_top/u_aes/core/dec_block/g35719' has multiple input pins tied together to net 'u_crypto_synth_top/u_top/u_aes/core/dec_new_block[118]'.
**WARN: Instance 'u_crypto_synth_top/u_top/u_aes/core/dec_block/g35720' has multiple input pins tied together to net 'u_crypto_synth_top/u_top/u_aes/core/dec_block/n_56'.
**WARN: Instance 'u_crypto_synth_top/u_top/u_aes/core/dec_block/g35720' has multiple input pins tied together to net 'u_crypto_synth_top/u_top/u_aes/core/dec_new_block[38]'.
**WARN: Instance 'u_crypto_synth_top/u_top/u_aes/core/dec_block/g35721' has multiple input pins tied together to net 'u_crypto_synth_top/u_top/u_aes/core/dec_block/n_133'.
**WARN: Instance 'u_crypto_synth_top/u_top/u_aes/core/dec_block/g35721' has multiple input pins tied together to net 'u_crypto_synth_top/u_top/u_aes/core/dec_new_block[1]'.
**WARN: Instance 'u_crypto_synth_top/u_top/u_aes/core/dec_block/g35722' has multiple input pins tied together to net 'u_crypto_synth_top/u_top/u_aes/core/dec_block/n_139'.
**WARN: Instance 'u_crypto_synth_top/u_top/u_aes/core/dec_block/g35722' has multiple input pins tied together to net 'u_crypto_synth_top/u_top/u_aes/core/dec_new_block[21]'.
**WARN: Instance 'u_crypto_synth_top/u_top/u_aes/core/dec_block/g35723' has multiple input pins tied together to net 'u_crypto_synth_top/u_top/u_aes/core/round_key[28]'.
**WARN: Instance 'u_crypto_synth_top/u_top/u_aes/core/dec_block/g35723' has multiple input pins tied together to net 'u_crypto_synth_top/u_top/u_aes/core/dec_block/n_30'.
**WARN: Instance 'u_crypto_synth_top/u_top/u_aes/core/dec_block/g35724' has multiple input pins tied together to net 'u_crypto_synth_top/u_top/u_aes/core/dec_block/n_153'.
**WARN: Instance 'u_crypto_synth_top/u_top/u_aes/core/dec_block/g35724' has multiple input pins tied together to net 'u_crypto_synth_top/u_top/u_aes/core/dec_new_block[103]'.
**WARN: Instance 'u_crypto_synth_top/u_top/u_aes/core/dec_block/g35725' has multiple input pins tied together to net 'u_crypto_synth_top/u_top/u_aes/core/dec_block/n_59'.
**WARN: Instance 'u_crypto_synth_top/u_top/u_aes/core/dec_block/g35725' has multiple input pins tied together to net 'u_crypto_synth_top/u_top/u_aes/core/dec_new_block[97]'.
**WARN: Instance 'u_crypto_synth_top/u_top/u_aes/core/dec_block/g35726' has multiple input pins tied together to net 'u_crypto_synth_top/u_top/u_aes/core/dec_block/n_167'.
**WARN: Instance 'u_crypto_synth_top/u_top/u_aes/core/dec_block/g35726' has multiple input pins tied together to net 'u_crypto_synth_top/u_top/u_aes/core/dec_new_block[101]'.
**WARN: Instance 'u_crypto_synth_top/u_top/u_aes/core/dec_block/g35727' has multiple input pins tied together to net 'u_crypto_synth_top/u_top/u_aes/core/dec_block/n_57'.
**WARN: Instance 'u_crypto_synth_top/u_top/u_aes/core/dec_block/g35727' has multiple input pins tied together to net 'u_crypto_synth_top/u_top/u_aes/core/dec_new_block[92]'.
**WARN: Instance 'u_crypto_synth_top/u_top/u_aes/core/dec_block/g35728' has multiple input pins tied together to net 'u_crypto_synth_top/u_top/u_aes/core/round_key[18]'.
**WARN: Instance 'u_crypto_synth_top/u_top/u_aes/core/dec_block/g35728' has multiple input pins tied together to net 'u_crypto_synth_top/u_top/u_aes/core/dec_block/n_31'.
**WARN: Instance 'u_crypto_synth_top/u_top/u_aes/core/dec_block/g35729' has multiple input pins tied together to net 'u_crypto_synth_top/u_top/u_aes/core/round_key[17]'.
**WARN: Instance 'u_crypto_synth_top/u_top/u_aes/core/dec_block/g35729' has multiple input pins tied together to net 'u_crypto_synth_top/u_top/u_aes/core/dec_block/n_18'.
**WARN: Instance 'u_crypto_synth_top/u_top/u_aes/core/dec_block/g35730' has multiple input pins tied together to net 'u_crypto_synth_top/u_top/u_aes/core/dec_block/n_62'.
**WARN: Instance 'u_crypto_synth_top/u_top/u_aes/core/dec_block/g35730' has multiple input pins tied together to net 'u_crypto_synth_top/u_top/u_aes/core/dec_new_block[13]'.
**WARN: Instance 'u_crypto_synth_top/u_top/u_aes/core/dec_block/g35731' has multiple input pins tied together to net 'u_crypto_synth_top/u_top/u_aes/core/dec_block/n_164'.
**WARN: Instance 'u_crypto_synth_top/u_top/u_aes/core/dec_block/g35731' has multiple input pins tied together to net 'u_crypto_synth_top/u_top/u_aes/core/dec_new_block[29]'.
**WARN: Instance 'u_crypto_synth_top/u_top/u_aes/core/dec_block/g35732' has multiple input pins tied together to net 'u_crypto_synth_top/u_top/u_aes/core/dec_block/n_55'.
**WARN: Instance 'u_crypto_synth_top/u_top/u_aes/core/dec_block/g35732' has multiple input pins tied together to net 'u_crypto_synth_top/u_top/u_aes/core/dec_new_block[85]'.
**WARN: Instance 'u_crypto_synth_top/u_top/u_aes/core/dec_block/g35733' has multiple input pins tied together to net 'u_crypto_synth_top/u_top/u_aes/core/dec_block/n_151'.
**WARN: Instance 'u_crypto_synth_top/u_top/u_aes/core/dec_block/g35733' has multiple input pins tied together to net 'u_crypto_synth_top/u_top/u_aes/core/dec_new_block[5]'.
**WARN: Instance 'u_crypto_synth_top/u_top/u_aes/core/dec_block/g35734' has multiple input pins tied together to net 'u_crypto_synth_top/u_top/u_aes/core/round_key[56]'.
**WARN: Instance 'u_crypto_synth_top/u_top/u_aes/core/dec_block/g35734' has multiple input pins tied together to net 'u_crypto_synth_top/u_top/u_aes/core/dec_block/n_11'.
**WARN: Instance 'u_crypto_synth_top/u_top/u_aes/core/dec_block/g35735' has multiple input pins tied together to net 'u_crypto_synth_top/u_top/u_aes/core/dec_block/n_173'.
**WARN: Instance 'u_crypto_synth_top/u_top/u_aes/core/dec_block/g35735' has multiple input pins tied together to net 'u_crypto_synth_top/u_top/u_aes/core/dec_new_block[33]'.
**WARN: Instance 'u_crypto_synth_top/u_top/u_aes/core/dec_block/g35736' has multiple input pins tied together to net 'u_crypto_synth_top/u_top/u_aes/core/dec_block/n_162'.
**WARN: Instance 'u_crypto_synth_top/u_top/u_aes/core/dec_block/g35736' has multiple input pins tied together to net 'u_crypto_synth_top/u_top/u_aes/core/dec_new_block[69]'.
**WARN: Instance 'u_crypto_synth_top/u_top/u_aes/core/dec_block/g35737' has multiple input pins tied together to net 'u_crypto_synth_top/u_top/u_aes/core/dec_block/n_154'.
**WARN: Instance 'u_crypto_synth_top/u_top/u_aes/core/dec_block/g35737' has multiple input pins tied together to net 'u_crypto_synth_top/u_top/u_aes/core/dec_new_block[114]'.
**WARN: Instance 'u_crypto_synth_top/u_top/u_aes/core/dec_block/g35738' has multiple input pins tied together to net 'u_crypto_synth_top/u_top/u_aes/core/dec_block/n_49'.
**WARN: Instance 'u_crypto_synth_top/u_top/u_aes/core/dec_block/g35738' has multiple input pins tied together to net 'u_crypto_synth_top/u_top/u_aes/core/dec_new_block[116]'.
**WARN: Instance 'u_crypto_synth_top/u_top/u_aes/core/dec_block/g35739' has multiple input pins tied together to net 'u_crypto_synth_top/u_top/u_aes/core/round_key[76]'.
**WARN: Instance 'u_crypto_synth_top/u_top/u_aes/core/dec_block/g35739' has multiple input pins tied together to net 'u_crypto_synth_top/u_top/u_aes/core/dec_block/n_25'.
**WARN: Instance 'u_crypto_synth_top/u_top/u_aes/core/dec_block/g35740' has multiple input pins tied together to net 'u_crypto_synth_top/u_top/u_aes/core/dec_block/n_125'.
**WARN: Instance 'u_crypto_synth_top/u_top/u_aes/core/dec_block/g35740' has multiple input pins tied together to net 'u_crypto_synth_top/u_top/u_aes/core/dec_new_block[115]'.
**WARN: Instance 'u_crypto_synth_top/u_top/u_aes/core/dec_block/g35741' has multiple input pins tied together to net 'u_crypto_synth_top/u_top/u_aes/core/dec_block/n_45'.
**WARN: Instance 'u_crypto_synth_top/u_top/u_aes/core/dec_block/g35741' has multiple input pins tied together to net 'u_crypto_synth_top/u_top/u_aes/core/dec_new_block[64]'.
**WARN: Instance 'u_crypto_synth_top/u_top/u_aes/core/dec_block/g35742' has multiple input pins tied together to net 'u_crypto_synth_top/u_top/u_aes/core/dec_block/n_172'.
**WARN: Instance 'u_crypto_synth_top/u_top/u_aes/core/dec_block/g35742' has multiple input pins tied together to net 'u_crypto_synth_top/u_top/u_aes/core/dec_new_block[89]'.
**WARN: Instance 'u_crypto_synth_top/u_top/u_aes/core/dec_block/g35743' has multiple input pins tied together to net 'u_crypto_synth_top/u_top/u_aes/core/round_key[9]'.
**WARN: Instance 'u_crypto_synth_top/u_top/u_aes/core/dec_block/g35743' has multiple input pins tied together to net 'u_crypto_synth_top/u_top/u_aes/core/dec_block/n_27'.
**WARN: Instance 'u_crypto_synth_top/u_top/u_aes/core/dec_block/g35744' has multiple input pins tied together to net 'u_crypto_synth_top/u_top/u_aes/core/dec_block/n_63'.
**WARN: Instance 'u_crypto_synth_top/u_top/u_aes/core/dec_block/g35744' has multiple input pins tied together to net 'u_crypto_synth_top/u_top/u_aes/core/dec_new_block[117]'.
**WARN: Instance 'u_crypto_synth_top/u_top/u_aes/core/dec_block/g35745' has multiple input pins tied together to net 'u_crypto_synth_top/u_top/u_aes/core/dec_block/n_65'.
**WARN: Instance 'u_crypto_synth_top/u_top/u_aes/core/dec_block/g35745' has multiple input pins tied together to net 'u_crypto_synth_top/u_top/u_aes/core/dec_new_block[46]'.
**WARN: Instance 'u_crypto_synth_top/u_top/u_aes/core/dec_block/g35746' has multiple input pins tied together to net 'u_crypto_synth_top/u_top/u_aes/core/round_key[50]'.
**WARN: Instance 'u_crypto_synth_top/u_top/u_aes/core/dec_block/g35746' has multiple input pins tied together to net 'u_crypto_synth_top/u_top/u_aes/core/dec_block/n_10'.
**WARN: Instance 'u_crypto_synth_top/u_top/u_aes/core/dec_block/g35747' has multiple input pins tied together to net 'u_crypto_synth_top/u_top/u_aes/core/dec_block/n_144'.
**WARN: Instance 'u_crypto_synth_top/u_top/u_aes/core/dec_block/g35747' has multiple input pins tied together to net 'u_crypto_synth_top/u_top/u_aes/core/dec_new_block[120]'.
**WARN: Instance 'u_crypto_synth_top/u_top/u_aes/core/dec_block/g35748' has multiple input pins tied together to net 'u_crypto_synth_top/u_top/u_aes/core/dec_block/n_68'.
**WARN: Instance 'u_crypto_synth_top/u_top/u_aes/core/dec_block/g35748' has multiple input pins tied together to net 'u_crypto_synth_top/u_top/u_aes/core/dec_new_block[62]'.
**WARN: Instance 'u_crypto_synth_top/u_top/u_aes/core/dec_block/g35749' has multiple input pins tied together to net 'u_crypto_synth_top/u_top/u_aes/core/dec_block/n_171'.
**WARN: Instance 'u_crypto_synth_top/u_top/u_aes/core/dec_block/g35749' has multiple input pins tied together to net 'u_crypto_synth_top/u_top/u_aes/core/dec_new_block[0]'.
**WARN: Instance 'u_crypto_synth_top/u_top/u_aes/core/dec_block/g35750' has multiple input pins tied together to net 'u_crypto_synth_top/u_top/u_aes/core/dec_block/n_159'.
**WARN: Instance 'u_crypto_synth_top/u_top/u_aes/core/dec_block/g35750' has multiple input pins tied together to net 'u_crypto_synth_top/u_top/u_aes/core/dec_new_block[48]'.
**WARN: Instance 'u_crypto_synth_top/u_top/u_aes/core/dec_block/g35751' has multiple input pins tied together to net 'u_crypto_synth_top/u_top/u_aes/core/dec_block/n_160'.
**WARN: Instance 'u_crypto_synth_top/u_top/u_aes/core/dec_block/g35751' has multiple input pins tied together to net 'u_crypto_synth_top/u_top/u_aes/core/dec_new_block[88]'.
**WARN: Instance 'u_crypto_synth_top/u_top/u_aes/core/dec_block/g35752' has multiple input pins tied together to net 'u_crypto_synth_top/u_top/u_aes/core/dec_block/n_39'.
**WARN: Instance 'u_crypto_synth_top/u_top/u_aes/core/dec_block/g35752' has multiple input pins tied together to net 'u_crypto_synth_top/u_top/u_aes/core/dec_new_block[110]'.
**WARN: Instance 'u_crypto_synth_top/u_top/u_aes/core/dec_block/g35753' has multiple input pins tied together to net 'u_crypto_synth_top/u_top/u_aes/core/dec_block/n_43'.
**WARN: Instance 'u_crypto_synth_top/u_top/u_aes/core/dec_block/g35753' has multiple input pins tied together to net 'u_crypto_synth_top/u_top/u_aes/core/dec_new_block[113]'.
**WARN: Instance 'u_crypto_synth_top/u_top/u_aes/core/dec_block/g35754' has multiple input pins tied together to net 'u_crypto_synth_top/u_top/u_aes/core/dec_block/n_141'.
**WARN: Instance 'u_crypto_synth_top/u_top/u_aes/core/dec_block/g35754' has multiple input pins tied together to net 'u_crypto_synth_top/u_top/u_aes/core/dec_new_block[127]'.
**WARN: Instance 'u_crypto_synth_top/u_top/u_aes/core/dec_block/g35755' has multiple input pins tied together to net 'u_crypto_synth_top/u_top/u_aes/core/dec_block/n_134'.
**WARN: Instance 'u_crypto_synth_top/u_top/u_aes/core/dec_block/g35755' has multiple input pins tied together to net 'u_crypto_synth_top/u_top/u_aes/core/dec_new_block[93]'.
**WARN: Instance 'u_crypto_synth_top/u_top/u_aes/core/dec_block/g35756' has multiple input pins tied together to net 'u_crypto_synth_top/u_top/u_aes/core/round_key[84]'.
**WARN: Instance 'u_crypto_synth_top/u_top/u_aes/core/dec_block/g35756' has multiple input pins tied together to net 'u_crypto_synth_top/u_top/u_aes/core/dec_block/n_28'.
**WARN: Instance 'u_crypto_synth_top/u_top/u_aes/core/dec_block/g35757' has multiple input pins tied together to net 'u_crypto_synth_top/u_top/u_aes/core/dec_block/n_177'.
**WARN: Instance 'u_crypto_synth_top/u_top/u_aes/core/dec_block/g35757' has multiple input pins tied together to net 'u_crypto_synth_top/u_top/u_aes/core/dec_new_block[53]'.
**WARN: Instance 'u_crypto_synth_top/u_top/u_aes/core/dec_block/g35758' has multiple input pins tied together to net 'u_crypto_synth_top/u_top/u_aes/core/round_key[25]'.
**WARN: Instance 'u_crypto_synth_top/u_top/u_aes/core/dec_block/g35758' has multiple input pins tied together to net 'u_crypto_synth_top/u_top/u_aes/core/dec_block/n_29'.
**WARN: Instance 'u_crypto_synth_top/u_top/u_aes/core/dec_block/g35759' has multiple input pins tied together to net 'u_crypto_synth_top/u_top/u_aes/core/dec_block/n_174'.
**WARN: Instance 'u_crypto_synth_top/u_top/u_aes/core/dec_block/g35759' has multiple input pins tied together to net 'u_crypto_synth_top/u_top/u_aes/core/dec_new_block[26]'.
**WARN: Instance 'u_crypto_synth_top/u_top/u_aes/core/dec_block/g35760' has multiple input pins tied together to net 'u_crypto_synth_top/u_top/u_aes/core/round_key[12]'.
**WARN: Instance 'u_crypto_synth_top/u_top/u_aes/core/dec_block/g35760' has multiple input pins tied together to net 'u_crypto_synth_top/u_top/u_aes/core/dec_block/n_6'.
**WARN: Instance 'u_crypto_synth_top/u_top/u_aes/core/dec_block/g35761' has multiple input pins tied together to net 'u_crypto_synth_top/u_top/u_aes/core/FE_OFN10407_round_key_72'.
**WARN: Instance 'u_crypto_synth_top/u_top/u_aes/core/dec_block/g35761' has multiple input pins tied together to net 'u_crypto_synth_top/u_top/u_aes/core/dec_new_block[72]'.
**WARN: Instance 'u_crypto_synth_top/u_top/u_aes/core/dec_block/g35762' has multiple input pins tied together to net 'u_crypto_synth_top/u_top/u_aes/core/dec_block/n_168'.
**WARN: Instance 'u_crypto_synth_top/u_top/u_aes/core/dec_block/g35762' has multiple input pins tied together to net 'u_crypto_synth_top/u_top/u_aes/core/dec_new_block[45]'.
**WARN: Instance 'u_crypto_synth_top/u_top/u_aes/core/dec_block/g35763' has multiple input pins tied together to net 'u_crypto_synth_top/u_top/u_aes/core/round_key[41]'.
**WARN: Instance 'u_crypto_synth_top/u_top/u_aes/core/dec_block/g35763' has multiple input pins tied together to net 'u_crypto_synth_top/u_top/u_aes/core/dec_block/n_17'.
**WARN: Instance 'u_crypto_synth_top/u_top/u_aes/core/dec_block/g35764' has multiple input pins tied together to net 'u_crypto_synth_top/u_top/u_aes/core/dec_block/n_157'.
**WARN: Instance 'u_crypto_synth_top/u_top/u_aes/core/dec_block/g35764' has multiple input pins tied together to net 'u_crypto_synth_top/u_top/u_aes/core/dec_new_block[119]'.
**WARN: Instance 'u_crypto_synth_top/u_top/u_aes/core/dec_block/g35765' has multiple input pins tied together to net 'u_crypto_synth_top/u_top/u_aes/core/dec_block/n_69'.
**WARN: Instance 'u_crypto_synth_top/u_top/u_aes/core/dec_block/g35765' has multiple input pins tied together to net 'u_crypto_synth_top/u_top/u_aes/core/dec_new_block[7]'.
**WARN: Instance 'u_crypto_synth_top/u_top/u_aes/core/dec_block/g35766' has multiple input pins tied together to net 'u_crypto_synth_top/u_top/u_aes/core/round_key[20]'.
**WARN: Instance 'u_crypto_synth_top/u_top/u_aes/core/dec_block/g35766' has multiple input pins tied together to net 'u_crypto_synth_top/u_top/u_aes/core/dec_block/n_26'.
**WARN: Instance 'u_crypto_synth_top/u_top/u_aes/core/dec_block/g35767' has multiple input pins tied together to net 'u_crypto_synth_top/u_top/u_aes/core/dec_block/n_38'.
**WARN: Instance 'u_crypto_synth_top/u_top/u_aes/core/dec_block/g35767' has multiple input pins tied together to net 'u_crypto_synth_top/u_top/u_aes/core/dec_new_block[10]'.
**WARN: Instance 'u_crypto_synth_top/u_top/u_aes/core/dec_block/g35768' has multiple input pins tied together to net 'u_crypto_synth_top/u_top/u_aes/core/dec_block/n_143'.
**WARN: Instance 'u_crypto_synth_top/u_top/u_aes/core/dec_block/g35768' has multiple input pins tied together to net 'u_crypto_synth_top/u_top/u_aes/core/dec_new_block[107]'.
**WARN: Instance 'u_crypto_synth_top/u_top/u_aes/core/dec_block/g35769' has multiple input pins tied together to net 'u_crypto_synth_top/u_top/u_aes/core/dec_block/n_46'.
**WARN: Instance 'u_crypto_synth_top/u_top/u_aes/core/dec_block/g35769' has multiple input pins tied together to net 'u_crypto_synth_top/u_top/u_aes/core/dec_new_block[27]'.
**WARN: Instance 'u_crypto_synth_top/u_top/u_aes/core/dec_block/g35772' has multiple input pins tied together to net 'u_crypto_synth_top/u_top/u_aes/core/round_key[96]'.
**WARN: Instance 'u_crypto_synth_top/u_top/u_aes/core/dec_block/g35772' has multiple input pins tied together to net 'u_crypto_synth_top/u_top/u_aes/core/dec_block/n_13'.
**WARN: Instance 'u_crypto_synth_top/u_top/u_aes/core/dec_block/g35776' has multiple input pins tied together to net 'u_crypto_synth_top/u_top/u_aes/core/round_key[8]'.
**WARN: Instance 'u_crypto_synth_top/u_top/u_aes/core/dec_block/g35776' has multiple input pins tied together to net 'u_crypto_synth_top/u_top/u_aes/core/dec_block/n_16'.
**WARN: Instance 'u_crypto_synth_top/u_top/u_aes/core/dec_block/g35778' has multiple input pins tied together to net 'u_crypto_synth_top/u_top/u_aes/core/dec_block/n_42'.
**WARN: Instance 'u_crypto_synth_top/u_top/u_aes/core/dec_block/g35778' has multiple input pins tied together to net 'u_crypto_synth_top/u_top/u_aes/core/dec_new_block[71]'.
**WARN: Instance 'u_crypto_synth_top/u_top/u_aes/core/dec_block/g35779' has multiple input pins tied together to net 'u_crypto_synth_top/u_top/u_aes/core/dec_block/n_128'.
**WARN: Instance 'u_crypto_synth_top/u_top/u_aes/core/dec_block/g35779' has multiple input pins tied together to net 'u_crypto_synth_top/u_top/u_aes/core/dec_new_block[87]'.
**WARN: Instance 'u_crypto_synth_top/u_top/u_aes/core/enc_block/g28890' has multiple input pins tied together to net 'u_crypto_synth_top/u_top/u_aes/core/enc_block/n_1072'.
**WARN: Instance 'u_crypto_synth_top/u_top/u_aes/core/enc_block/g28890' has multiple input pins tied together to net 'u_crypto_synth_top/u_top/u_aes/core/enc_block/n_954'.
**WARN: Instance 'u_crypto_synth_top/u_top/u_aes/core/enc_block/g28891' has multiple input pins tied together to net 'u_crypto_synth_top/u_top/u_aes/core/enc_block/n_816'.
**WARN: Instance 'u_crypto_synth_top/u_top/u_aes/core/enc_block/g28891' has multiple input pins tied together to net 'u_crypto_synth_top/u_top/u_aes/core/enc_block/n_1083'.
**WARN: Instance 'u_crypto_synth_top/u_top/u_aes/core/enc_block/g28892' has multiple input pins tied together to net 'u_crypto_synth_top/u_top/u_aes/core/enc_block/n_807'.
**WARN: Instance 'u_crypto_synth_top/u_top/u_aes/core/enc_block/g28892' has multiple input pins tied together to net 'u_crypto_synth_top/u_top/u_aes/core/enc_block/n_1081'.
**WARN: Instance 'u_crypto_synth_top/u_top/u_aes/core/enc_block/g28893' has multiple input pins tied together to net 'u_crypto_synth_top/u_top/u_aes/core/enc_block/n_586'.
**WARN: Instance 'u_crypto_synth_top/u_top/u_aes/core/enc_block/g28893' has multiple input pins tied together to net 'u_crypto_synth_top/u_top/u_aes/core/enc_block/n_1080'.
**WARN: Instance 'u_crypto_synth_top/u_top/u_aes/core/enc_block/g28894' has multiple input pins tied together to net 'u_crypto_synth_top/u_top/u_aes/core/enc_block/n_804'.
**WARN: Instance 'u_crypto_synth_top/u_top/u_aes/core/enc_block/g28894' has multiple input pins tied together to net 'u_crypto_synth_top/u_top/u_aes/core/enc_block/n_1091'.
**WARN: Instance 'u_crypto_synth_top/u_top/u_aes/core/enc_block/g28895' has multiple input pins tied together to net 'u_crypto_synth_top/u_top/u_aes/core/enc_block/n_813'.
**WARN: Instance 'u_crypto_synth_top/u_top/u_aes/core/enc_block/g28895' has multiple input pins tied together to net 'u_crypto_synth_top/u_top/u_aes/core/enc_block/n_1078'.
**WARN: Instance 'u_crypto_synth_top/u_top/u_aes/core/enc_block/g28896' has multiple input pins tied together to net 'u_crypto_synth_top/u_top/u_aes/core/enc_block/n_805'.
**WARN: Instance 'u_crypto_synth_top/u_top/u_aes/core/enc_block/g28896' has multiple input pins tied together to net 'u_crypto_synth_top/u_top/u_aes/core/enc_block/n_1077'.
**WARN: Instance 'u_crypto_synth_top/u_top/u_aes/core/enc_block/g28897' has multiple input pins tied together to net 'u_crypto_synth_top/u_top/u_aes/core/enc_block/n_795'.
**WARN: Instance 'u_crypto_synth_top/u_top/u_aes/core/enc_block/g28897' has multiple input pins tied together to net 'u_crypto_synth_top/u_top/u_aes/core/enc_block/n_1090'.
**WARN: Instance 'u_crypto_synth_top/u_top/u_aes/core/enc_block/g28898' has multiple input pins tied together to net 'u_crypto_synth_top/u_top/u_aes/core/enc_block/n_769'.
**WARN: Instance 'u_crypto_synth_top/u_top/u_aes/core/enc_block/g28898' has multiple input pins tied together to net 'u_crypto_synth_top/u_top/u_aes/core/enc_block/n_1073'.
**WARN: Instance 'u_crypto_synth_top/u_top/u_aes/core/enc_block/g28899' has multiple input pins tied together to net 'u_crypto_synth_top/u_top/u_aes/core/enc_block/n_541'.
**WARN: Instance 'u_crypto_synth_top/u_top/u_aes/core/enc_block/g28899' has multiple input pins tied together to net 'u_crypto_synth_top/u_top/u_aes/core/enc_block/n_1071'.
**WARN: Instance 'u_crypto_synth_top/u_top/u_aes/core/enc_block/g28900' has multiple input pins tied together to net 'u_crypto_synth_top/u_top/u_aes/core/enc_block/n_546'.
**WARN: Instance 'u_crypto_synth_top/u_top/u_aes/core/enc_block/g28900' has multiple input pins tied together to net 'u_crypto_synth_top/u_top/u_aes/core/enc_block/n_1089'.
**WARN: Instance 'u_crypto_synth_top/u_top/u_aes/core/enc_block/g28901' has multiple input pins tied together to net 'u_crypto_synth_top/u_top/u_aes/core/enc_block/n_550'.
**WARN: Instance 'u_crypto_synth_top/u_top/u_aes/core/enc_block/g28901' has multiple input pins tied together to net 'u_crypto_synth_top/u_top/u_aes/core/enc_block/n_1070'.
**WARN: Instance 'u_crypto_synth_top/u_top/u_aes/core/enc_block/g28902' has multiple input pins tied together to net 'u_crypto_synth_top/u_top/u_aes/core/enc_block/n_554'.
**WARN: Instance 'u_crypto_synth_top/u_top/u_aes/core/enc_block/g28902' has multiple input pins tied together to net 'u_crypto_synth_top/u_top/u_aes/core/enc_block/n_1068'.
**WARN: Instance 'u_crypto_synth_top/u_top/u_aes/core/enc_block/g28903' has multiple input pins tied together to net 'u_crypto_synth_top/u_top/u_aes/core/enc_block/n_559'.
**WARN: Instance 'u_crypto_synth_top/u_top/u_aes/core/enc_block/g28903' has multiple input pins tied together to net 'u_crypto_synth_top/u_top/u_aes/core/enc_block/n_1088'.
**WARN: Instance 'u_crypto_synth_top/u_top/u_aes/core/enc_block/g28904' has multiple input pins tied together to net 'u_crypto_synth_top/u_top/u_aes/core/enc_block/n_793'.
**WARN: Instance 'u_crypto_synth_top/u_top/u_aes/core/enc_block/g28904' has multiple input pins tied together to net 'u_crypto_synth_top/u_top/u_aes/core/enc_block/n_1066'.
**WARN: Instance 'u_crypto_synth_top/u_top/u_aes/core/enc_block/g28905' has multiple input pins tied together to net 'u_crypto_synth_top/u_top/u_aes/core/enc_block/n_583'.
**WARN: Instance 'u_crypto_synth_top/u_top/u_aes/core/enc_block/g28905' has multiple input pins tied together to net 'u_crypto_synth_top/u_top/u_aes/core/enc_block/n_1065'.
**WARN: Instance 'u_crypto_synth_top/u_top/u_aes/core/enc_block/g28906' has multiple input pins tied together to net 'u_crypto_synth_top/u_top/u_aes/core/enc_block/n_574'.
**WARN: Instance 'u_crypto_synth_top/u_top/u_aes/core/enc_block/g28906' has multiple input pins tied together to net 'u_crypto_synth_top/u_top/u_aes/core/enc_block/n_1087'.
**WARN: Instance 'u_crypto_synth_top/u_top/u_aes/core/enc_block/g28907' has multiple input pins tied together to net 'u_crypto_synth_top/u_top/u_aes/core/enc_block/n_817'.
**WARN: Instance 'u_crypto_synth_top/u_top/u_aes/core/enc_block/g28907' has multiple input pins tied together to net 'u_crypto_synth_top/u_top/u_aes/core/enc_block/n_1064'.
**WARN: Instance 'u_crypto_synth_top/u_top/u_aes/core/enc_block/g28908' has multiple input pins tied together to net 'u_crypto_synth_top/u_top/u_aes/core/enc_block/n_589'.
**WARN: Instance 'u_crypto_synth_top/u_top/u_aes/core/enc_block/g28908' has multiple input pins tied together to net 'u_crypto_synth_top/u_top/u_aes/core/enc_block/n_1063'.
**WARN: Instance 'u_crypto_synth_top/u_top/u_aes/core/enc_block/g28909' has multiple input pins tied together to net 'u_crypto_synth_top/u_top/u_aes/core/enc_block/n_595'.
**WARN: Instance 'u_crypto_synth_top/u_top/u_aes/core/enc_block/g28909' has multiple input pins tied together to net 'u_crypto_synth_top/u_top/u_aes/core/enc_block/n_1059'.
**WARN: Instance 'u_crypto_synth_top/u_top/u_aes/core/enc_block/g28910' has multiple input pins tied together to net 'u_crypto_synth_top/u_top/u_aes/core/enc_block/n_798'.
**WARN: Instance 'u_crypto_synth_top/u_top/u_aes/core/enc_block/g28910' has multiple input pins tied together to net 'u_crypto_synth_top/u_top/u_aes/core/enc_block/n_1060'.
**WARN: Instance 'u_crypto_synth_top/u_top/u_aes/core/enc_block/g28911' has multiple input pins tied together to net 'u_crypto_synth_top/u_top/u_aes/core/enc_block/n_594'.
**WARN: Instance 'u_crypto_synth_top/u_top/u_aes/core/enc_block/g28911' has multiple input pins tied together to net 'u_crypto_synth_top/u_top/u_aes/core/enc_block/n_1086'.
**WARN: Instance 'u_crypto_synth_top/u_top/u_aes/core/enc_block/g28912' has multiple input pins tied together to net 'u_crypto_synth_top/u_top/u_aes/core/enc_block/n_580'.
**WARN: Instance 'u_crypto_synth_top/u_top/u_aes/core/enc_block/g28912' has multiple input pins tied together to net 'u_crypto_synth_top/u_top/u_aes/core/enc_block/n_1058'.
**WARN: Instance 'u_crypto_synth_top/u_top/u_aes/core/enc_block/g28913' has multiple input pins tied together to net 'u_crypto_synth_top/u_top/u_aes/core/enc_block/n_578'.
**WARN: Instance 'u_crypto_synth_top/u_top/u_aes/core/enc_block/g28913' has multiple input pins tied together to net 'u_crypto_synth_top/u_top/u_aes/core/enc_block/n_1057'.
**WARN: Instance 'u_crypto_synth_top/u_top/u_aes/core/enc_block/g28914' has multiple input pins tied together to net 'u_crypto_synth_top/u_top/u_aes/core/enc_block/n_572'.
**WARN: Instance 'u_crypto_synth_top/u_top/u_aes/core/enc_block/g28914' has multiple input pins tied together to net 'u_crypto_synth_top/u_top/u_aes/core/enc_block/n_1056'.
**WARN: Instance 'u_crypto_synth_top/u_top/u_aes/core/enc_block/g28915' has multiple input pins tied together to net 'u_crypto_synth_top/u_top/u_aes/core/enc_block/n_566'.
**WARN: Instance 'u_crypto_synth_top/u_top/u_aes/core/enc_block/g28915' has multiple input pins tied together to net 'u_crypto_synth_top/u_top/u_aes/core/enc_block/n_1055'.
**WARN: Instance 'u_crypto_synth_top/u_top/u_aes/core/enc_block/g28916' has multiple input pins tied together to net 'u_crypto_synth_top/u_top/u_aes/core/enc_block/n_549'.
**WARN: Instance 'u_crypto_synth_top/u_top/u_aes/core/enc_block/g28916' has multiple input pins tied together to net 'u_crypto_synth_top/u_top/u_aes/core/enc_block/n_1053'.
**WARN: Instance 'u_crypto_synth_top/u_top/u_aes/core/enc_block/g28917' has multiple input pins tied together to net 'u_crypto_synth_top/u_top/u_aes/core/enc_block/n_591'.
**WARN: Instance 'u_crypto_synth_top/u_top/u_aes/core/enc_block/g28917' has multiple input pins tied together to net 'u_crypto_synth_top/u_top/u_aes/core/enc_block/n_1051'.
**WARN: Instance 'u_crypto_synth_top/u_top/u_aes/core/enc_block/g28918' has multiple input pins tied together to net 'u_crypto_synth_top/u_top/u_aes/core/enc_block/n_786'.
**WARN: Instance 'u_crypto_synth_top/u_top/u_aes/core/enc_block/g28918' has multiple input pins tied together to net 'u_crypto_synth_top/u_top/u_aes/core/enc_block/n_1085'.
**WARN: Instance 'u_crypto_synth_top/u_top/u_aes/core/enc_block/g28919' has multiple input pins tied together to net 'u_crypto_synth_top/u_top/u_aes/core/enc_block/n_1084'.
**WARN: Instance 'u_crypto_synth_top/u_top/u_aes/core/enc_block/g28919' has multiple input pins tied together to net 'u_crypto_synth_top/u_top/u_aes/core/enc_block/n_953'.
**WARN: Instance 'u_crypto_synth_top/u_top/u_aes/core/enc_block/g28920' has multiple input pins tied together to net 'u_crypto_synth_top/u_top/u_aes/core/enc_block/n_1082'.
**WARN: Instance 'u_crypto_synth_top/u_top/u_aes/core/enc_block/g28920' has multiple input pins tied together to net 'u_crypto_synth_top/u_top/u_aes/core/enc_block/n_946'.
**WARN: Instance 'u_crypto_synth_top/u_top/u_aes/core/enc_block/g28921' has multiple input pins tied together to net 'u_crypto_synth_top/u_top/u_aes/core/enc_block/n_1069'.
**WARN: Instance 'u_crypto_synth_top/u_top/u_aes/core/enc_block/g28921' has multiple input pins tied together to net 'u_crypto_synth_top/u_top/u_aes/core/enc_block/n_960'.
**WARN: Instance 'u_crypto_synth_top/u_top/u_aes/core/enc_block/g28922' has multiple input pins tied together to net 'u_crypto_synth_top/u_top/u_aes/core/enc_block/n_1079'.
**WARN: Instance 'u_crypto_synth_top/u_top/u_aes/core/enc_block/g28922' has multiple input pins tied together to net 'u_crypto_synth_top/u_top/u_aes/core/enc_block/n_959'.
**WARN: Instance 'u_crypto_synth_top/u_top/u_aes/core/enc_block/g28923' has multiple input pins tied together to net 'u_crypto_synth_top/u_top/u_aes/core/enc_block/n_1076'.
**WARN: Instance 'u_crypto_synth_top/u_top/u_aes/core/enc_block/g28923' has multiple input pins tied together to net 'u_crypto_synth_top/u_top/u_aes/core/enc_block/n_957'.
**WARN: Instance 'u_crypto_synth_top/u_top/u_aes/core/enc_block/g28924' has multiple input pins tied together to net 'u_crypto_synth_top/u_top/u_aes/core/enc_block/n_1075'.
**WARN: Instance 'u_crypto_synth_top/u_top/u_aes/core/enc_block/g28924' has multiple input pins tied together to net 'u_crypto_synth_top/u_top/u_aes/core/enc_block/n_882'.
**WARN: Instance 'u_crypto_synth_top/u_top/u_aes/core/enc_block/g28925' has multiple input pins tied together to net 'u_crypto_synth_top/u_top/u_aes/core/enc_block/n_1094'.
**WARN: Instance 'u_crypto_synth_top/u_top/u_aes/core/enc_block/g28925' has multiple input pins tied together to net 'u_crypto_synth_top/u_top/u_aes/core/enc_block/n_955'.
**WARN: Instance 'u_crypto_synth_top/u_top/u_aes/core/enc_block/g28927' has multiple input pins tied together to net 'u_crypto_synth_top/u_top/u_aes/core/enc_block/n_1067'.
**WARN: Instance 'u_crypto_synth_top/u_top/u_aes/core/enc_block/g28927' has multiple input pins tied together to net 'u_crypto_synth_top/u_top/u_aes/core/enc_block/n_949'.
**WARN: Instance 'u_crypto_synth_top/u_top/u_aes/core/enc_block/g28928' has multiple input pins tied together to net 'u_crypto_synth_top/u_top/u_aes/core/enc_block/n_1062'.
**WARN: Instance 'u_crypto_synth_top/u_top/u_aes/core/enc_block/g28928' has multiple input pins tied together to net 'u_crypto_synth_top/u_top/u_aes/core/enc_block/n_942'.
**WARN: Instance 'u_crypto_synth_top/u_top/u_aes/core/enc_block/g28929' has multiple input pins tied together to net 'u_crypto_synth_top/u_top/u_aes/core/enc_block/n_1061'.
**WARN: Instance 'u_crypto_synth_top/u_top/u_aes/core/enc_block/g28929' has multiple input pins tied together to net 'u_crypto_synth_top/u_top/u_aes/core/enc_block/n_941'.
**WARN: Instance 'u_crypto_synth_top/u_top/u_aes/core/enc_block/g28930' has multiple input pins tied together to net 'u_crypto_synth_top/u_top/u_aes/core/enc_block/n_1052'.
**WARN: Instance 'u_crypto_synth_top/u_top/u_aes/core/enc_block/g28930' has multiple input pins tied together to net 'u_crypto_synth_top/u_top/u_aes/core/enc_block/n_936'.
**WARN: Instance 'u_crypto_synth_top/u_top/u_aes/core/enc_block/g28931' has multiple input pins tied together to net 'u_crypto_synth_top/u_top/u_aes/core/enc_block/n_1054'.
**WARN: Instance 'u_crypto_synth_top/u_top/u_aes/core/enc_block/g28931' has multiple input pins tied together to net 'u_crypto_synth_top/u_top/u_aes/core/enc_block/n_1004'.
**WARN: Instance 'u_crypto_synth_top/u_top/u_aes/core/enc_block/g28932' has multiple input pins tied together to net 'u_crypto_synth_top/u_top/u_aes/core/enc_block/n_1143'.
**WARN: Instance 'u_crypto_synth_top/u_top/u_aes/core/enc_block/g28932' has multiple input pins tied together to net 'u_crypto_synth_top/u_top/u_aes/core/enc_block/n_887'.
**WARN: Instance 'u_crypto_synth_top/u_top/u_aes/core/enc_block/g28933' has multiple input pins tied together to net 'u_crypto_synth_top/u_top/u_aes/core/enc_block/n_1144'.
**WARN: Instance 'u_crypto_synth_top/u_top/u_aes/core/enc_block/g28933' has multiple input pins tied together to net 'u_crypto_synth_top/u_top/u_aes/core/enc_block/n_886'.
**WARN: Instance 'u_crypto_synth_top/u_top/u_aes/core/enc_block/g28934' has multiple input pins tied together to net 'u_crypto_synth_top/u_top/u_aes/core/enc_block/n_1050'.
**WARN: Instance 'u_crypto_synth_top/u_top/u_aes/core/enc_block/g28934' has multiple input pins tied together to net 'u_crypto_synth_top/u_top/u_aes/core/enc_block/n_876'.
**WARN: Instance 'u_crypto_synth_top/u_top/u_aes/core/enc_block/g28935' has multiple input pins tied together to net 'u_crypto_synth_top/u_top/u_aes/core/enc_block/n_1145'.
**WARN: Instance 'u_crypto_synth_top/u_top/u_aes/core/enc_block/g28935' has multiple input pins tied together to net 'u_crypto_synth_top/u_top/u_aes/core/enc_block/n_884'.
**WARN: Instance 'u_crypto_synth_top/u_top/u_aes/core/enc_block/g28936' has multiple input pins tied together to net 'u_crypto_synth_top/u_top/u_aes/core/enc_block/n_1146'.
**WARN: Instance 'u_crypto_synth_top/u_top/u_aes/core/enc_block/g28936' has multiple input pins tied together to net 'u_crypto_synth_top/u_top/u_aes/core/enc_block/n_880'.
**WARN: Instance 'u_crypto_synth_top/u_top/u_aes/core/enc_block/g28937' has multiple input pins tied together to net 'u_crypto_synth_top/u_top/u_aes/core/enc_block/n_1147'.
**WARN: Instance 'u_crypto_synth_top/u_top/u_aes/core/enc_block/g28937' has multiple input pins tied together to net 'u_crypto_synth_top/u_top/u_aes/core/enc_block/n_878'.
**WARN: Instance 'u_crypto_synth_top/u_top/u_aes/core/enc_block/g28938' has multiple input pins tied together to net 'u_crypto_synth_top/u_top/u_aes/core/enc_block/n_1148'.
**WARN: Instance 'u_crypto_synth_top/u_top/u_aes/core/enc_block/g28938' has multiple input pins tied together to net 'u_crypto_synth_top/u_top/u_aes/core/enc_block/n_877'.
**WARN: Instance 'u_crypto_synth_top/u_top/u_aes/core/enc_block/g28939' has multiple input pins tied together to net 'u_crypto_synth_top/u_top/u_aes/core/enc_block/n_1156'.
**WARN: Instance 'u_crypto_synth_top/u_top/u_aes/core/enc_block/g28939' has multiple input pins tied together to net 'u_crypto_synth_top/u_top/u_aes/core/enc_block/n_917'.
**WARN: Instance 'u_crypto_synth_top/u_top/u_aes/core/enc_block/g28940' has multiple input pins tied together to net 'u_crypto_synth_top/u_top/u_aes/core/enc_block/n_1153'.
**WARN: Instance 'u_crypto_synth_top/u_top/u_aes/core/enc_block/g28940' has multiple input pins tied together to net 'u_crypto_synth_top/u_top/u_aes/core/enc_block/n_870'.
**WARN: Instance 'u_crypto_synth_top/u_top/u_aes/core/enc_block/g28941' has multiple input pins tied together to net 'u_crypto_synth_top/u_top/u_aes/core/enc_block/n_1157'.
**WARN: Instance 'u_crypto_synth_top/u_top/u_aes/core/enc_block/g28941' has multiple input pins tied together to net 'u_crypto_synth_top/u_top/u_aes/core/enc_block/n_869'.
**WARN: Instance 'u_crypto_synth_top/u_top/u_aes/core/enc_block/g28942' has multiple input pins tied together to net 'u_crypto_synth_top/u_top/u_aes/core/enc_block/n_1158'.
**WARN: Instance 'u_crypto_synth_top/u_top/u_aes/core/enc_block/g28942' has multiple input pins tied together to net 'u_crypto_synth_top/u_top/u_aes/core/enc_block/n_867'.
**WARN: Instance 'u_crypto_synth_top/u_top/u_aes/core/enc_block/g28943' has multiple input pins tied together to net 'u_crypto_synth_top/u_top/u_aes/core/enc_block/n_1159'.
**WARN: Instance 'u_crypto_synth_top/u_top/u_aes/core/enc_block/g28943' has multiple input pins tied together to net 'u_crypto_synth_top/u_top/u_aes/core/enc_block/n_857'.
**WARN: Instance 'u_crypto_synth_top/u_top/u_aes/core/enc_block/g28944' has multiple input pins tied together to net 'u_crypto_synth_top/u_top/u_aes/core/enc_block/n_1160'.
**WARN: Instance 'u_crypto_synth_top/u_top/u_aes/core/enc_block/g28944' has multiple input pins tied together to net 'u_crypto_synth_top/u_top/u_aes/core/enc_block/n_866'.
**WARN: Instance 'u_crypto_synth_top/u_top/u_aes/core/enc_block/g28945' has multiple input pins tied together to net 'u_crypto_synth_top/u_top/u_aes/core/enc_block/n_1155'.
**WARN: Instance 'u_crypto_synth_top/u_top/u_aes/core/enc_block/g28945' has multiple input pins tied together to net 'u_crypto_synth_top/u_top/u_aes/core/enc_block/n_862'.
**WARN: Instance 'u_crypto_synth_top/u_top/u_aes/core/enc_block/g28946' has multiple input pins tied together to net 'u_crypto_synth_top/u_top/u_aes/core/enc_block/n_1151'.
**WARN: Instance 'u_crypto_synth_top/u_top/u_aes/core/enc_block/g28946' has multiple input pins tied together to net 'u_crypto_synth_top/u_top/u_aes/core/enc_block/n_861'.
**WARN: Instance 'u_crypto_synth_top/u_top/u_aes/core/enc_block/g28947' has multiple input pins tied together to net 'u_crypto_synth_top/u_top/u_aes/core/enc_block/n_1150'.
**WARN: Instance 'u_crypto_synth_top/u_top/u_aes/core/enc_block/g28947' has multiple input pins tied together to net 'u_crypto_synth_top/u_top/u_aes/core/enc_block/n_860'.
**WARN: Instance 'u_crypto_synth_top/u_top/u_aes/core/enc_block/g28948' has multiple input pins tied together to net 'u_crypto_synth_top/u_top/u_aes/core/enc_block/n_1041'.
**WARN: Instance 'u_crypto_synth_top/u_top/u_aes/core/enc_block/g28948' has multiple input pins tied together to net 'u_crypto_synth_top/u_top/u_aes/core/enc_block/n_854'.
**WARN: Instance 'u_crypto_synth_top/u_top/u_aes/core/enc_block/g28949' has multiple input pins tied together to net 'u_crypto_synth_top/u_top/u_aes/core/enc_block/n_1074'.
**WARN: Instance 'u_crypto_synth_top/u_top/u_aes/core/enc_block/g28949' has multiple input pins tied together to net 'u_crypto_synth_top/u_top/u_aes/core/enc_block/n_868'.
**WARN: Instance 'u_crypto_synth_top/u_top/u_aes/core/enc_block/g28950' has multiple input pins tied together to net 'u_crypto_synth_top/u_top/u_aes/core/enc_block/n_1092'.
**WARN: Instance 'u_crypto_synth_top/u_top/u_aes/core/enc_block/g28950' has multiple input pins tied together to net 'u_crypto_synth_top/u_top/u_aes/core/enc_block/n_848'.
**WARN: Instance 'u_crypto_synth_top/u_top/u_aes/core/enc_block/g28951' has multiple input pins tied together to net 'u_crypto_synth_top/u_top/u_aes/core/enc_block/n_1042'.
**WARN: Instance 'u_crypto_synth_top/u_top/u_aes/core/enc_block/g28951' has multiple input pins tied together to net 'u_crypto_synth_top/u_top/u_aes/core/enc_block/n_851'.
**WARN: Instance 'u_crypto_synth_top/u_top/u_aes/core/enc_block/g28952' has multiple input pins tied together to net 'u_crypto_synth_top/u_top/u_aes/core/enc_block/n_1096'.
**WARN: Instance 'u_crypto_synth_top/u_top/u_aes/core/enc_block/g28952' has multiple input pins tied together to net 'u_crypto_synth_top/u_top/u_aes/core/enc_block/n_849'.
**WARN: Instance 'u_crypto_synth_top/u_top/u_aes/core/enc_block/g28953' has multiple input pins tied together to net 'u_crypto_synth_top/u_top/u_aes/core/enc_block/n_1095'.
**WARN: Instance 'u_crypto_synth_top/u_top/u_aes/core/enc_block/g28953' has multiple input pins tied together to net 'u_crypto_synth_top/u_top/u_aes/core/enc_block/n_850'.
**WARN: Instance 'u_crypto_synth_top/u_top/u_aes/core/enc_block/g28954' has multiple input pins tied together to net 'u_crypto_synth_top/u_top/u_aes/core/enc_block/n_1093'.
**WARN: Instance 'u_crypto_synth_top/u_top/u_aes/core/enc_block/g28954' has multiple input pins tied together to net 'u_crypto_synth_top/u_top/u_aes/core/enc_block/n_865'.
**WARN: Instance 'u_crypto_synth_top/u_top/u_aes/core/enc_block/g28955' has multiple input pins tied together to net 'u_crypto_synth_top/u_top/u_aes/core/enc_block/n_1149'.
**WARN: Instance 'u_crypto_synth_top/u_top/u_aes/core/enc_block/g28955' has multiple input pins tied together to net 'u_crypto_synth_top/u_top/u_aes/core/enc_block/n_952'.
**WARN: Instance 'u_crypto_synth_top/u_top/u_aes/core/enc_block/g28956' has multiple input pins tied together to net 'u_crypto_synth_top/u_top/u_aes/core/enc_block/n_1049'.
**WARN: Instance 'u_crypto_synth_top/u_top/u_aes/core/enc_block/g28956' has multiple input pins tied together to net 'u_crypto_synth_top/u_top/u_aes/core/enc_block/n_950'.
**WARN: Instance 'u_crypto_synth_top/u_top/u_aes/core/enc_block/g28957' has multiple input pins tied together to net 'u_crypto_synth_top/u_top/u_aes/core/enc_block/n_1048'.
**WARN: Instance 'u_crypto_synth_top/u_top/u_aes/core/enc_block/g28957' has multiple input pins tied together to net 'u_crypto_synth_top/u_top/u_aes/core/enc_block/n_948'.
**WARN: Instance 'u_crypto_synth_top/u_top/u_aes/core/enc_block/g28958' has multiple input pins tied together to net 'u_crypto_synth_top/u_top/u_aes/core/enc_block/n_1047'.
**WARN: Instance 'u_crypto_synth_top/u_top/u_aes/core/enc_block/g28958' has multiple input pins tied together to net 'u_crypto_synth_top/u_top/u_aes/core/enc_block/n_945'.
**WARN: Instance 'u_crypto_synth_top/u_top/u_aes/core/enc_block/g28959' has multiple input pins tied together to net 'u_crypto_synth_top/u_top/u_aes/core/enc_block/n_1046'.
**WARN: Instance 'u_crypto_synth_top/u_top/u_aes/core/enc_block/g28959' has multiple input pins tied together to net 'u_crypto_synth_top/u_top/u_aes/core/enc_block/n_943'.
**WARN: Instance 'u_crypto_synth_top/u_top/u_aes/core/enc_block/g28960' has multiple input pins tied together to net 'u_crypto_synth_top/u_top/u_aes/core/enc_block/n_1045'.
**WARN: Instance 'u_crypto_synth_top/u_top/u_aes/core/enc_block/g28960' has multiple input pins tied together to net 'u_crypto_synth_top/u_top/u_aes/core/enc_block/n_961'.
**WARN: Instance 'u_crypto_synth_top/u_top/u_aes/core/enc_block/g28961' has multiple input pins tied together to net 'u_crypto_synth_top/u_top/u_aes/core/enc_block/n_1154'.
**WARN: Instance 'u_crypto_synth_top/u_top/u_aes/core/enc_block/g28961' has multiple input pins tied together to net 'u_crypto_synth_top/u_top/u_aes/core/enc_block/n_939'.
**WARN: Instance 'u_crypto_synth_top/u_top/u_aes/core/enc_block/g28962' has multiple input pins tied together to net 'u_crypto_synth_top/u_top/u_aes/core/enc_block/n_1152'.
**WARN: Instance 'u_crypto_synth_top/u_top/u_aes/core/enc_block/g28962' has multiple input pins tied together to net 'u_crypto_synth_top/u_top/u_aes/core/enc_block/n_938'.
**WARN: Instance 'u_crypto_synth_top/u_top/u_aes/core/enc_block/g28963' has multiple input pins tied together to net 'u_crypto_synth_top/u_top/u_aes/core/enc_block/n_1044'.
**WARN: Instance 'u_crypto_synth_top/u_top/u_aes/core/enc_block/g28963' has multiple input pins tied together to net 'u_crypto_synth_top/u_top/u_aes/core/enc_block/n_975'.
**WARN: Instance 'u_crypto_synth_top/u_top/u_aes/core/enc_block/g28964' has multiple input pins tied together to net 'u_crypto_synth_top/u_top/u_aes/core/enc_block/n_1043'.
**WARN: Instance 'u_crypto_synth_top/u_top/u_aes/core/enc_block/g28964' has multiple input pins tied together to net 'u_crypto_synth_top/u_top/u_aes/core/enc_block/n_871'.
**WARN: Instance 'u_crypto_synth_top/u_top/u_aes/core/enc_block/g28969' has multiple input pins tied together to net 'u_crypto_synth_top/u_top/u_aes/core/enc_block/n_561'.
**WARN: Instance 'u_crypto_synth_top/u_top/u_aes/core/enc_block/g28969' has multiple input pins tied together to net 'u_crypto_synth_top/u_top/u_aes/core/enc_block/n_965'.
**WARN: Instance 'u_crypto_synth_top/u_top/u_aes/core/enc_block/g28970' has multiple input pins tied together to net 'u_crypto_synth_top/u_top/u_aes/core/enc_block/n_791'.
**WARN: Instance 'u_crypto_synth_top/u_top/u_aes/core/enc_block/g28970' has multiple input pins tied together to net 'u_crypto_synth_top/u_top/u_aes/core/enc_block/n_859'.
**WARN: Instance 'u_crypto_synth_top/u_top/u_aes/core/enc_block/g28973' has multiple input pins tied together to net 'u_crypto_synth_top/u_top/u_aes/core/enc_block/n_810'.
**WARN: Instance 'u_crypto_synth_top/u_top/u_aes/core/enc_block/g28973' has multiple input pins tied together to net 'u_crypto_synth_top/u_top/u_aes/core/enc_block/n_937'.
**WARN: Instance 'u_crypto_synth_top/u_top/u_aes/core/enc_block/g28974' has multiple input pins tied together to net 'u_crypto_synth_top/u_top/u_aes/core/enc_block/n_544'.
**WARN: Instance 'u_crypto_synth_top/u_top/u_aes/core/enc_block/g28974' has multiple input pins tied together to net 'u_crypto_synth_top/u_top/u_aes/core/enc_block/n_966'.
**WARN: Instance 'u_crypto_synth_top/u_top/u_aes/core/enc_block/g28975' has multiple input pins tied together to net 'u_crypto_synth_top/u_top/u_aes/core/enc_block/n_811'.
**WARN: Instance 'u_crypto_synth_top/u_top/u_aes/core/enc_block/g28975' has multiple input pins tied together to net 'u_crypto_synth_top/u_top/u_aes/core/enc_block/n_977'.
**WARN: Instance 'u_crypto_synth_top/u_top/u_aes/core/enc_block/g28976' has multiple input pins tied together to net 'u_crypto_synth_top/u_top/u_aes/core/enc_block/n_812'.
**WARN: Instance 'u_crypto_synth_top/u_top/u_aes/core/enc_block/g28976' has multiple input pins tied together to net 'u_crypto_synth_top/u_top/u_aes/core/enc_block/n_1002'.
**WARN: Instance 'u_crypto_synth_top/u_top/u_aes/core/enc_block/g28977' has multiple input pins tied together to net 'u_crypto_synth_top/u_top/u_aes/core/enc_block/n_556'.
**WARN: Instance 'u_crypto_synth_top/u_top/u_aes/core/enc_block/g28977' has multiple input pins tied together to net 'u_crypto_synth_top/u_top/u_aes/core/enc_block/n_976'.
**WARN: Instance 'u_crypto_synth_top/u_top/u_aes/core/enc_block/g28978' has multiple input pins tied together to net 'u_crypto_synth_top/u_top/u_aes/core/enc_block/n_568'.
**WARN: Instance 'u_crypto_synth_top/u_top/u_aes/core/enc_block/g28978' has multiple input pins tied together to net 'u_crypto_synth_top/u_top/u_aes/core/enc_block/n_967'.
**WARN: Instance 'u_crypto_synth_top/u_top/u_aes/core/enc_block/g28979' has multiple input pins tied together to net 'u_crypto_synth_top/u_top/u_aes/core/enc_block/n_815'.
**WARN: Instance 'u_crypto_synth_top/u_top/u_aes/core/enc_block/g28979' has multiple input pins tied together to net 'u_crypto_synth_top/u_top/u_aes/core/enc_block/n_1000'.
**WARN: Instance 'u_crypto_synth_top/u_top/u_aes/core/enc_block/g28980' has multiple input pins tied together to net 'u_crypto_synth_top/u_top/u_aes/core/enc_block/n_819'.
**WARN: Instance 'u_crypto_synth_top/u_top/u_aes/core/enc_block/g28980' has multiple input pins tied together to net 'u_crypto_synth_top/u_top/u_aes/core/enc_block/n_885'.
**WARN: Instance 'u_crypto_synth_top/u_top/u_aes/core/enc_block/g28981' has multiple input pins tied together to net 'u_crypto_synth_top/u_top/u_aes/core/enc_block/n_548'.
**WARN: Instance 'u_crypto_synth_top/u_top/u_aes/core/enc_block/g28981' has multiple input pins tied together to net 'u_crypto_synth_top/u_top/u_aes/core/enc_block/n_934'.
**WARN: Instance 'u_crypto_synth_top/u_top/u_aes/core/enc_block/g28982' has multiple input pins tied together to net 'u_crypto_synth_top/u_top/u_aes/core/enc_block/n_814'.
**WARN: Instance 'u_crypto_synth_top/u_top/u_aes/core/enc_block/g28982' has multiple input pins tied together to net 'u_crypto_synth_top/u_top/u_aes/core/enc_block/n_999'.
**WARN: Instance 'u_crypto_synth_top/u_top/u_aes/core/enc_block/g28983' has multiple input pins tied together to net 'u_crypto_synth_top/u_top/u_aes/core/enc_block/n_555'.
**WARN: Instance 'u_crypto_synth_top/u_top/u_aes/core/enc_block/g28983' has multiple input pins tied together to net 'u_crypto_synth_top/u_top/u_aes/core/enc_block/n_935'.
**WARN: Instance 'u_crypto_synth_top/u_top/u_aes/core/enc_block/g28984' has multiple input pins tied together to net 'u_crypto_synth_top/u_top/u_aes/core/enc_block/n_801'.
**WARN: Instance 'u_crypto_synth_top/u_top/u_aes/core/enc_block/g28984' has multiple input pins tied together to net 'u_crypto_synth_top/u_top/u_aes/core/enc_block/n_997'.
**WARN: Instance 'u_crypto_synth_top/u_top/u_aes/core/enc_block/g28985' has multiple input pins tied together to net 'u_crypto_synth_top/u_top/u_aes/core/enc_block/n_794'.
**WARN: Instance 'u_crypto_synth_top/u_top/u_aes/core/enc_block/g28985' has multiple input pins tied together to net 'u_crypto_synth_top/u_top/u_aes/core/enc_block/n_996'.
**WARN: Instance 'u_crypto_synth_top/u_top/u_aes/core/enc_block/g28986' has multiple input pins tied together to net 'u_crypto_synth_top/u_top/u_aes/core/enc_block/n_789'.
**WARN: Instance 'u_crypto_synth_top/u_top/u_aes/core/enc_block/g28986' has multiple input pins tied together to net 'u_crypto_synth_top/u_top/u_aes/core/enc_block/n_883'.
**WARN: Instance 'u_crypto_synth_top/u_top/u_aes/core/enc_block/g28987' has multiple input pins tied together to net 'u_crypto_synth_top/u_top/u_aes/core/enc_block/n_783'.
**WARN: Instance 'u_crypto_synth_top/u_top/u_aes/core/enc_block/g28987' has multiple input pins tied together to net 'u_crypto_synth_top/u_top/u_aes/core/enc_block/n_956'.
**WARN: Instance 'u_crypto_synth_top/u_top/u_aes/core/enc_block/g28988' has multiple input pins tied together to net 'u_crypto_synth_top/u_top/u_aes/core/enc_block/n_782'.
**WARN: Instance 'u_crypto_synth_top/u_top/u_aes/core/enc_block/g28988' has multiple input pins tied together to net 'u_crypto_synth_top/u_top/u_aes/core/enc_block/n_881'.
**WARN: Instance 'u_crypto_synth_top/u_top/u_aes/core/enc_block/g28989' has multiple input pins tied together to net 'u_crypto_synth_top/u_top/u_aes/core/enc_block/n_776'.
**WARN: Instance 'u_crypto_synth_top/u_top/u_aes/core/enc_block/g28989' has multiple input pins tied together to net 'u_crypto_synth_top/u_top/u_aes/core/enc_block/n_858'.
**WARN: Instance 'u_crypto_synth_top/u_top/u_aes/core/enc_block/g28990' has multiple input pins tied together to net 'u_crypto_synth_top/u_top/u_aes/core/enc_block/n_774'.
**WARN: Instance 'u_crypto_synth_top/u_top/u_aes/core/enc_block/g28990' has multiple input pins tied together to net 'u_crypto_synth_top/u_top/u_aes/core/enc_block/n_994'.
**WARN: Instance 'u_crypto_synth_top/u_top/u_aes/core/enc_block/g28991' has multiple input pins tied together to net 'u_crypto_synth_top/u_top/u_aes/core/enc_block/n_588'.
**WARN: Instance 'u_crypto_synth_top/u_top/u_aes/core/enc_block/g28991' has multiple input pins tied together to net 'u_crypto_synth_top/u_top/u_aes/core/enc_block/n_969'.
**WARN: Instance 'u_crypto_synth_top/u_top/u_aes/core/enc_block/g28992' has multiple input pins tied together to net 'u_crypto_synth_top/u_top/u_aes/core/enc_block/n_577'.
**WARN: Instance 'u_crypto_synth_top/u_top/u_aes/core/enc_block/g28992' has multiple input pins tied together to net 'u_crypto_synth_top/u_top/u_aes/core/enc_block/n_992'.
**WARN: Instance 'u_crypto_synth_top/u_top/u_aes/core/enc_block/g28993' has multiple input pins tied together to net 'u_crypto_synth_top/u_top/u_aes/core/enc_block/n_565'.
**WARN: Instance 'u_crypto_synth_top/u_top/u_aes/core/enc_block/g28993' has multiple input pins tied together to net 'u_crypto_synth_top/u_top/u_aes/core/enc_block/n_970'.
**WARN: Instance 'u_crypto_synth_top/u_top/u_aes/core/enc_block/g28994' has multiple input pins tied together to net 'u_crypto_synth_top/u_top/u_aes/core/enc_block/n_542'.
**WARN: Instance 'u_crypto_synth_top/u_top/u_aes/core/enc_block/g28994' has multiple input pins tied together to net 'u_crypto_synth_top/u_top/u_aes/core/enc_block/n_990'.
**WARN: Instance 'u_crypto_synth_top/u_top/u_aes/core/enc_block/g28995' has multiple input pins tied together to net 'u_crypto_synth_top/u_top/u_aes/core/enc_block/n_587'.
**WARN: Instance 'u_crypto_synth_top/u_top/u_aes/core/enc_block/g28995' has multiple input pins tied together to net 'u_crypto_synth_top/u_top/u_aes/core/enc_block/n_973'.
**WARN: Instance 'u_crypto_synth_top/u_top/u_aes/core/enc_block/g28996' has multiple input pins tied together to net 'u_crypto_synth_top/u_top/u_aes/core/enc_block/n_551'.
**WARN: Instance 'u_crypto_synth_top/u_top/u_aes/core/enc_block/g28996' has multiple input pins tied together to net 'u_crypto_synth_top/u_top/u_aes/core/enc_block/n_951'.
**WARN: Instance 'u_crypto_synth_top/u_top/u_aes/core/enc_block/g28997' has multiple input pins tied together to net 'u_crypto_synth_top/u_top/u_aes/core/enc_block/n_552'.
**WARN: Instance 'u_crypto_synth_top/u_top/u_aes/core/enc_block/g28997' has multiple input pins tied together to net 'u_crypto_synth_top/u_top/u_aes/core/enc_block/n_988'.
**WARN: Instance 'u_crypto_synth_top/u_top/u_aes/core/enc_block/g28998' has multiple input pins tied together to net 'u_crypto_synth_top/u_top/u_aes/core/enc_block/n_557'.
**WARN: Instance 'u_crypto_synth_top/u_top/u_aes/core/enc_block/g28998' has multiple input pins tied together to net 'u_crypto_synth_top/u_top/u_aes/core/enc_block/n_987'.
**WARN: Instance 'u_crypto_synth_top/u_top/u_aes/core/enc_block/g28999' has multiple input pins tied together to net 'u_crypto_synth_top/u_top/u_aes/core/enc_block/n_562'.
**WARN: Instance 'u_crypto_synth_top/u_top/u_aes/core/enc_block/g28999' has multiple input pins tied together to net 'u_crypto_synth_top/u_top/u_aes/core/enc_block/n_875'.
**WARN: Instance 'u_crypto_synth_top/u_top/u_aes/core/enc_block/g29000' has multiple input pins tied together to net 'u_crypto_synth_top/u_top/u_aes/core/enc_block/n_564'.
**WARN: Instance 'u_crypto_synth_top/u_top/u_aes/core/enc_block/g29000' has multiple input pins tied together to net 'u_crypto_synth_top/u_top/u_aes/core/enc_block/n_986'.
**WARN: Instance 'u_crypto_synth_top/u_top/u_aes/core/enc_block/g29001' has multiple input pins tied together to net 'u_crypto_synth_top/u_top/u_aes/core/enc_block/n_569'.
**WARN: Instance 'u_crypto_synth_top/u_top/u_aes/core/enc_block/g29001' has multiple input pins tied together to net 'u_crypto_synth_top/u_top/u_aes/core/enc_block/n_874'.
**WARN: Instance 'u_crypto_synth_top/u_top/u_aes/core/enc_block/g29002' has multiple input pins tied together to net 'u_crypto_synth_top/u_top/u_aes/core/enc_block/n_570'.
**WARN: Instance 'u_crypto_synth_top/u_top/u_aes/core/enc_block/g29002' has multiple input pins tied together to net 'u_crypto_synth_top/u_top/u_aes/core/enc_block/n_873'.
**WARN: Instance 'u_crypto_synth_top/u_top/u_aes/core/enc_block/g29003' has multiple input pins tied together to net 'u_crypto_synth_top/u_top/u_aes/core/enc_block/n_567'.
**WARN: Instance 'u_crypto_synth_top/u_top/u_aes/core/enc_block/g29003' has multiple input pins tied together to net 'u_crypto_synth_top/u_top/u_aes/core/enc_block/n_947'.
**WARN: Instance 'u_crypto_synth_top/u_top/u_aes/core/enc_block/g29004' has multiple input pins tied together to net 'u_crypto_synth_top/u_top/u_aes/core/enc_block/n_571'.
**WARN: Instance 'u_crypto_synth_top/u_top/u_aes/core/enc_block/g29004' has multiple input pins tied together to net 'u_crypto_synth_top/u_top/u_aes/core/enc_block/n_872'.
**WARN: Instance 'u_crypto_synth_top/u_top/u_aes/core/enc_block/g29005' has multiple input pins tied together to net 'u_crypto_synth_top/u_top/u_aes/core/enc_block/n_590'.
**WARN: Instance 'u_crypto_synth_top/u_top/u_aes/core/enc_block/g29005' has multiple input pins tied together to net 'u_crypto_synth_top/u_top/u_aes/core/enc_block/n_940'.
**WARN: Instance 'u_crypto_synth_top/u_top/u_aes/core/enc_block/g29006' has multiple input pins tied together to net 'u_crypto_synth_top/u_top/u_aes/core/enc_block/n_592'.
**WARN: Instance 'u_crypto_synth_top/u_top/u_aes/core/enc_block/g29006' has multiple input pins tied together to net 'u_crypto_synth_top/u_top/u_aes/core/enc_block/n_863'.
**WARN: Instance 'u_crypto_synth_top/u_top/u_aes/core/enc_block/g29007' has multiple input pins tied together to net 'u_crypto_synth_top/u_top/u_aes/core/enc_block/n_573'.
**WARN: Instance 'u_crypto_synth_top/u_top/u_aes/core/enc_block/g29007' has multiple input pins tied together to net 'u_crypto_synth_top/u_top/u_aes/core/enc_block/n_985'.
**WARN: Instance 'u_crypto_synth_top/u_top/u_aes/core/enc_block/g29008' has multiple input pins tied together to net 'u_crypto_synth_top/u_top/u_aes/core/enc_block/n_575'.
**WARN: Instance 'u_crypto_synth_top/u_top/u_aes/core/enc_block/g29008' has multiple input pins tied together to net 'u_crypto_synth_top/u_top/u_aes/core/enc_block/n_983'.
**WARN: Instance 'u_crypto_synth_top/u_top/u_aes/core/enc_block/g29009' has multiple input pins tied together to net 'u_crypto_synth_top/u_top/u_aes/core/enc_block/n_593'.
**WARN: Instance 'u_crypto_synth_top/u_top/u_aes/core/enc_block/g29009' has multiple input pins tied together to net 'u_crypto_synth_top/u_top/u_aes/core/enc_block/n_864'.
**WARN: Instance 'u_crypto_synth_top/u_top/u_aes/core/enc_block/g29010' has multiple input pins tied together to net 'u_crypto_synth_top/u_top/u_aes/core/enc_block/n_596'.
**WARN: Instance 'u_crypto_synth_top/u_top/u_aes/core/enc_block/g29010' has multiple input pins tied together to net 'u_crypto_synth_top/u_top/u_aes/core/enc_block/n_974'.
**WARN: Instance 'u_crypto_synth_top/u_top/u_aes/core/enc_block/g29011' has multiple input pins tied together to net 'u_crypto_synth_top/u_top/u_aes/core/enc_block/n_579'.
**WARN: Instance 'u_crypto_synth_top/u_top/u_aes/core/enc_block/g29011' has multiple input pins tied together to net 'u_crypto_synth_top/u_top/u_aes/core/enc_block/n_981'.
**WARN: Instance 'u_crypto_synth_top/u_top/u_aes/core/enc_block/g29012' has multiple input pins tied together to net 'u_crypto_synth_top/u_top/u_aes/core/enc_block/n_543'.
**WARN: Instance 'u_crypto_synth_top/u_top/u_aes/core/enc_block/g29012' has multiple input pins tied together to net 'u_crypto_synth_top/u_top/u_aes/core/enc_block/n_978'.
**WARN: Instance 'u_crypto_synth_top/u_top/u_aes/core/enc_block/g29013' has multiple input pins tied together to net 'u_crypto_synth_top/u_top/u_aes/core/enc_block/n_585'.
**WARN: Instance 'u_crypto_synth_top/u_top/u_aes/core/enc_block/g29013' has multiple input pins tied together to net 'u_crypto_synth_top/u_top/u_aes/core/enc_block/n_944'.
**WARN: Instance 'u_crypto_synth_top/u_top/u_aes/core/enc_block/g29014' has multiple input pins tied together to net 'u_crypto_synth_top/u_top/u_aes/core/enc_block/n_838'.
**WARN: Instance 'u_crypto_synth_top/u_top/u_aes/core/enc_block/g29014' has multiple input pins tied together to net 'u_crypto_synth_top/u_top/u_aes/core/enc_new_block[92]'.
**WARN: Instance 'u_crypto_synth_top/u_top/u_aes/core/enc_block/g29015' has multiple input pins tied together to net 'u_crypto_synth_top/u_top/u_aes/core/enc_block/n_980'.
**WARN: Instance 'u_crypto_synth_top/u_top/u_aes/core/enc_block/g29015' has multiple input pins tied together to net 'u_crypto_synth_top/u_top/u_aes/core/enc_new_block[90]'.
**WARN: Instance 'u_crypto_synth_top/u_top/u_aes/core/enc_block/g29016' has multiple input pins tied together to net 'u_crypto_synth_top/u_top/u_aes/core/enc_block/n_845'.
**WARN: Instance 'u_crypto_synth_top/u_top/u_aes/core/enc_block/g29016' has multiple input pins tied together to net 'u_crypto_synth_top/u_top/u_aes/core/enc_new_block[107]'.
**WARN: Instance 'u_crypto_synth_top/u_top/u_aes/core/enc_block/g29017' has multiple input pins tied together to net 'u_crypto_synth_top/u_top/u_aes/core/enc_block/n_984'.
**WARN: Instance 'u_crypto_synth_top/u_top/u_aes/core/enc_block/g29017' has multiple input pins tied together to net 'u_crypto_synth_top/u_top/u_aes/core/enc_new_block[106]'.
**WARN: Instance 'u_crypto_synth_top/u_top/u_aes/core/enc_block/g29018' has multiple input pins tied together to net 'u_crypto_synth_top/u_top/u_aes/core/enc_block/n_839'.
**WARN: Instance 'u_crypto_synth_top/u_top/u_aes/core/enc_block/g29018' has multiple input pins tied together to net 'u_crypto_synth_top/u_top/u_aes/core/enc_new_block[89]'.
**WARN: Instance 'u_crypto_synth_top/u_top/u_aes/core/enc_block/g29019' has multiple input pins tied together to net 'u_crypto_synth_top/u_top/u_aes/core/enc_block/n_837'.
**WARN: Instance 'u_crypto_synth_top/u_top/u_aes/core/enc_block/g29019' has multiple input pins tied together to net 'u_crypto_synth_top/u_top/u_aes/core/enc_new_block[25]'.
**WARN: Instance 'u_crypto_synth_top/u_top/u_aes/core/enc_block/g29020' has multiple input pins tied together to net 'u_crypto_synth_top/u_top/u_aes/core/enc_block/n_836'.
**WARN: Instance 'u_crypto_synth_top/u_top/u_aes/core/enc_block/g29020' has multiple input pins tied together to net 'u_crypto_synth_top/u_top/u_aes/core/enc_new_block[3]'.
**WARN: Instance 'u_crypto_synth_top/u_top/u_aes/core/enc_block/g29021' has multiple input pins tied together to net 'u_crypto_synth_top/u_top/u_aes/core/enc_block/n_846'.
**WARN: Instance 'u_crypto_synth_top/u_top/u_aes/core/enc_block/g29021' has multiple input pins tied together to net 'u_crypto_synth_top/u_top/u_aes/core/enc_new_block[104]'.
**WARN: Instance 'u_crypto_synth_top/u_top/u_aes/core/enc_block/g29022' has multiple input pins tied together to net 'u_crypto_synth_top/u_top/u_aes/core/enc_block/n_972'.
**WARN: Instance 'u_crypto_synth_top/u_top/u_aes/core/enc_block/g29022' has multiple input pins tied together to net 'u_crypto_synth_top/u_top/u_aes/core/enc_new_block[49]'.
**WARN: Instance 'u_crypto_synth_top/u_top/u_aes/core/enc_block/g29023' has multiple input pins tied together to net 'u_crypto_synth_top/u_top/u_aes/core/enc_block/n_841'.
**WARN: Instance 'u_crypto_synth_top/u_top/u_aes/core/enc_block/g29023' has multiple input pins tied together to net 'u_crypto_synth_top/u_top/u_aes/core/enc_new_block[26]'.
**WARN: Instance 'u_crypto_synth_top/u_top/u_aes/core/enc_block/g29024' has multiple input pins tied together to net 'u_crypto_synth_top/u_top/u_aes/core/enc_block/n_971'.
**WARN: Instance 'u_crypto_synth_top/u_top/u_aes/core/enc_block/g29024' has multiple input pins tied together to net 'u_crypto_synth_top/u_top/u_aes/core/enc_block/FE_RN_111'.
**WARN: Instance 'u_crypto_synth_top/u_top/u_aes/core/enc_block/g29025' has multiple input pins tied together to net 'u_crypto_synth_top/u_top/u_aes/core/enc_block/n_989'.
**WARN: Instance 'u_crypto_synth_top/u_top/u_aes/core/enc_block/g29025' has multiple input pins tied together to net 'u_crypto_synth_top/u_top/u_aes/core/enc_new_block[4]'.
**WARN: Instance 'u_crypto_synth_top/u_top/u_aes/core/enc_block/g29026' has multiple input pins tied together to net 'u_crypto_synth_top/u_top/u_aes/core/enc_block/n_991'.
**WARN: Instance 'u_crypto_synth_top/u_top/u_aes/core/enc_block/g29026' has multiple input pins tied together to net 'u_crypto_synth_top/u_top/u_aes/core/enc_new_block[67]'.
**WARN: Instance 'u_crypto_synth_top/u_top/u_aes/core/enc_block/g29027' has multiple input pins tied together to net 'u_crypto_synth_top/u_top/u_aes/core/enc_block/n_993'.
**WARN: Instance 'u_crypto_synth_top/u_top/u_aes/core/enc_block/g29027' has multiple input pins tied together to net 'u_crypto_synth_top/u_top/u_aes/core/enc_new_block[107]'.
**WARN: Instance 'u_crypto_synth_top/u_top/u_aes/core/enc_block/g29028' has multiple input pins tied together to net 'u_crypto_synth_top/u_top/u_aes/core/enc_block/n_995'.
**WARN: Instance 'u_crypto_synth_top/u_top/u_aes/core/enc_block/g29028' has multiple input pins tied together to net 'u_crypto_synth_top/u_top/u_aes/core/enc_new_block[64]'.
**WARN: Instance 'u_crypto_synth_top/u_top/u_aes/core/enc_block/g29029' has multiple input pins tied together to net 'u_crypto_synth_top/u_top/u_aes/core/enc_block/n_840'.
**WARN: Instance 'u_crypto_synth_top/u_top/u_aes/core/enc_block/g29029' has multiple input pins tied together to net 'u_crypto_synth_top/u_top/u_aes/core/enc_new_block[122]'.
**WARN: Instance 'u_crypto_synth_top/u_top/u_aes/core/enc_block/g29030' has multiple input pins tied together to net 'u_crypto_synth_top/u_top/u_aes/core/round_key[115]'.
**WARN: Instance 'u_crypto_synth_top/u_top/u_aes/core/enc_block/g29030' has multiple input pins tied together to net 'u_crypto_synth_top/u_top/u_aes/core/enc_block/n_847'.
**WARN: Instance 'u_crypto_synth_top/u_top/u_aes/core/enc_block/g29031' has multiple input pins tied together to net 'u_crypto_synth_top/u_top/u_aes/core/enc_block/n_842'.
**WARN: Instance 'u_crypto_synth_top/u_top/u_aes/core/enc_block/g29031' has multiple input pins tied together to net 'u_crypto_synth_top/u_top/u_aes/core/enc_new_block[51]'.
**WARN: Instance 'u_crypto_synth_top/u_top/u_aes/core/enc_block/g29035' has multiple input pins tied together to net 'u_crypto_synth_top/u_top/u_aes/core/enc_block/n_563'.
**WARN: Instance 'u_crypto_synth_top/u_top/u_aes/core/enc_block/g29035' has multiple input pins tied together to net 'u_crypto_synth_top/u_top/u_aes/core/enc_block/n_964'.
**WARN: Instance 'u_crypto_synth_top/u_top/u_aes/core/enc_block/g29036' has multiple input pins tied together to net 'u_crypto_synth_top/u_top/u_aes/core/enc_block/n_558'.
**WARN: Instance 'u_crypto_synth_top/u_top/u_aes/core/enc_block/g29036' has multiple input pins tied together to net 'u_crypto_synth_top/u_top/u_aes/core/enc_block/n_855'.
**WARN: Instance 'u_crypto_synth_top/u_top/u_aes/core/enc_block/g29037' has multiple input pins tied together to net 'u_crypto_synth_top/u_top/u_aes/core/enc_block/n_553'.
**WARN: Instance 'u_crypto_synth_top/u_top/u_aes/core/enc_block/g29037' has multiple input pins tied together to net 'u_crypto_synth_top/u_top/u_aes/core/enc_block/n_852'.
**WARN: Instance 'u_crypto_synth_top/u_top/u_aes/core/enc_block/g29038' has multiple input pins tied together to net 'u_crypto_synth_top/u_top/u_aes/core/enc_block/n_560'.
**WARN: Instance 'u_crypto_synth_top/u_top/u_aes/core/enc_block/g29038' has multiple input pins tied together to net 'u_crypto_synth_top/u_top/u_aes/core/enc_block/n_879'.
**WARN: Instance 'u_crypto_synth_top/u_top/u_aes/core/enc_block/g29039' has multiple input pins tied together to net 'u_crypto_synth_top/u_top/u_aes/core/enc_block/n_818'.
**WARN: Instance 'u_crypto_synth_top/u_top/u_aes/core/enc_block/g29039' has multiple input pins tied together to net 'u_crypto_synth_top/u_top/u_aes/core/enc_block/n_853'.
**WARN: Instance 'u_crypto_synth_top/u_top/u_aes/core/enc_block/g29040' has multiple input pins tied together to net 'u_crypto_synth_top/u_top/u_aes/core/enc_block/n_797'.
**WARN: Instance 'u_crypto_synth_top/u_top/u_aes/core/enc_block/g29040' has multiple input pins tied together to net 'u_crypto_synth_top/u_top/u_aes/core/enc_block/n_856'.
**WARN: Instance 'u_crypto_synth_top/u_top/u_aes/core/enc_block/g29041' has multiple input pins tied together to net 'u_crypto_synth_top/u_top/u_aes/core/enc_block/n_576'.
**WARN: Instance 'u_crypto_synth_top/u_top/u_aes/core/enc_block/g29041' has multiple input pins tied together to net 'u_crypto_synth_top/u_top/u_aes/core/enc_block/n_963'.
**WARN: Instance 'u_crypto_synth_top/u_top/u_aes/core/enc_block/g29042' has multiple input pins tied together to net 'u_crypto_synth_top/u_top/u_aes/core/enc_block/n_547'.
**WARN: Instance 'u_crypto_synth_top/u_top/u_aes/core/enc_block/g29042' has multiple input pins tied together to net 'u_crypto_synth_top/u_top/u_aes/core/enc_block/n_962'.
**WARN: Instance 'u_crypto_synth_top/u_top/u_aes/core/enc_block/g29043' has multiple input pins tied together to net 'u_crypto_synth_top/u_top/u_aes/core/enc_block/n_545'.
**WARN: Instance 'u_crypto_synth_top/u_top/u_aes/core/enc_block/g29043' has multiple input pins tied together to net 'u_crypto_synth_top/u_top/u_aes/core/enc_block/n_1001'.
**WARN: Instance 'u_crypto_synth_top/u_top/u_aes/core/enc_block/g29044' has multiple input pins tied together to net 'u_crypto_synth_top/u_top/u_aes/core/enc_block/n_998'.
**WARN: Instance 'u_crypto_synth_top/u_top/u_aes/core/enc_block/g29044' has multiple input pins tied together to net 'u_crypto_synth_top/u_top/u_aes/core/enc_block/n_958'.
**WARN: Instance 'u_crypto_synth_top/u_top/u_aes/core/enc_block/g29045' has multiple input pins tied together to net 'u_crypto_synth_top/u_top/u_aes/core/enc_block/n_968'.
**WARN: Instance 'u_crypto_synth_top/u_top/u_aes/core/enc_block/g29045' has multiple input pins tied together to net 'u_crypto_synth_top/u_top/u_aes/core/enc_block/n_1006'.
**WARN: Instance 'u_crypto_synth_top/u_top/u_aes/core/enc_block/g29046' has multiple input pins tied together to net 'u_crypto_synth_top/u_top/u_aes/core/enc_block/n_843'.
**WARN: Instance 'u_crypto_synth_top/u_top/u_aes/core/enc_block/g29046' has multiple input pins tied together to net 'u_crypto_synth_top/u_top/u_aes/core/enc_new_block[75]'.
**WARN: Instance 'u_crypto_synth_top/u_top/u_aes/core/enc_block/g29047' has multiple input pins tied together to net 'u_crypto_synth_top/u_top/u_aes/core/enc_block/n_834'.
**WARN: Instance 'u_crypto_synth_top/u_top/u_aes/core/enc_block/g29047' has multiple input pins tied together to net 'u_crypto_synth_top/u_top/u_aes/core/enc_new_block[80]'.
**WARN: Instance 'u_crypto_synth_top/u_top/u_aes/core/enc_block/g29049' has multiple input pins tied together to net 'u_crypto_synth_top/u_top/u_aes/core/enc_block/n_982'.
**WARN: Instance 'u_crypto_synth_top/u_top/u_aes/core/enc_block/g29049' has multiple input pins tied together to net 'u_crypto_synth_top/u_top/u_aes/core/enc_new_block[50]'.
**WARN: Instance 'u_crypto_synth_top/u_top/u_aes/core/enc_block/g29050' has multiple input pins tied together to net 'u_crypto_synth_top/u_top/u_aes/core/enc_block/n_833'.
**WARN: Instance 'u_crypto_synth_top/u_top/u_aes/core/enc_block/g29050' has multiple input pins tied together to net 'u_crypto_synth_top/u_top/u_aes/core/enc_new_block[121]'.
**WARN: Instance 'u_crypto_synth_top/u_top/u_aes/core/enc_block/g29051' has multiple input pins tied together to net 'u_crypto_synth_top/u_top/u_aes/core/enc_block/n_832'.
**WARN: Instance 'u_crypto_synth_top/u_top/u_aes/core/enc_block/g29051' has multiple input pins tied together to net 'u_crypto_synth_top/u_top/u_aes/core/enc_new_block[15]'.
**WARN: Instance 'u_crypto_synth_top/u_top/u_aes/core/enc_block/g29052' has multiple input pins tied together to net 'u_crypto_synth_top/u_top/u_aes/core/enc_block/n_831'.
**WARN: Instance 'u_crypto_synth_top/u_top/u_aes/core/enc_block/g29052' has multiple input pins tied together to net 'u_crypto_synth_top/u_top/u_aes/core/enc_new_block[47]'.
**WARN: Instance 'u_crypto_synth_top/u_top/u_aes/core/enc_block/g29053' has multiple input pins tied together to net 'u_crypto_synth_top/u_top/u_aes/core/enc_block/n_830'.
**WARN: Instance 'u_crypto_synth_top/u_top/u_aes/core/enc_block/g29053' has multiple input pins tied together to net 'u_crypto_synth_top/u_top/u_aes/core/enc_new_block[62]'.
**WARN: Instance 'u_crypto_synth_top/u_top/u_aes/core/enc_block/g29054' has multiple input pins tied together to net 'u_crypto_synth_top/u_top/u_aes/core/enc_block/n_829'.
**WARN: Instance 'u_crypto_synth_top/u_top/u_aes/core/enc_block/g29054' has multiple input pins tied together to net 'u_crypto_synth_top/u_top/u_aes/core/enc_new_block[126]'.
**WARN: Instance 'u_crypto_synth_top/u_top/u_aes/core/enc_block/g29055' has multiple input pins tied together to net 'u_crypto_synth_top/u_top/u_aes/core/enc_block/n_828'.
**WARN: Instance 'u_crypto_synth_top/u_top/u_aes/core/enc_block/g29055' has multiple input pins tied together to net 'u_crypto_synth_top/u_top/u_aes/core/enc_new_block[110]'.
**WARN: Instance 'u_crypto_synth_top/u_top/u_aes/core/enc_block/g29056' has multiple input pins tied together to net 'u_crypto_synth_top/u_top/u_aes/core/enc_block/n_827'.
**WARN: Instance 'u_crypto_synth_top/u_top/u_aes/core/enc_block/g29056' has multiple input pins tied together to net 'u_crypto_synth_top/u_top/u_aes/core/enc_new_block[94]'.
**WARN: Instance 'u_crypto_synth_top/u_top/u_aes/core/enc_block/g29057' has multiple input pins tied together to net 'u_crypto_synth_top/u_top/u_aes/core/enc_block/n_826'.
**WARN: Instance 'u_crypto_synth_top/u_top/u_aes/core/enc_block/g29057' has multiple input pins tied together to net 'u_crypto_synth_top/u_top/u_aes/core/enc_new_block[79]'.
**WARN: Instance 'u_crypto_synth_top/u_top/u_aes/core/enc_block/g29059' has multiple input pins tied together to net 'u_crypto_synth_top/u_top/u_aes/core/enc_block/n_889'.
**WARN: Instance 'u_crypto_synth_top/u_top/u_aes/core/enc_block/g29059' has multiple input pins tied together to net 'u_crypto_synth_top/u_top/u_aes/core/enc_new_block[25]'.
**WARN: Instance 'u_crypto_synth_top/u_top/u_aes/core/enc_block/g29061' has multiple input pins tied together to net 'u_crypto_synth_top/u_top/u_aes/core/enc_block/n_916'.
**WARN: Instance 'u_crypto_synth_top/u_top/u_aes/core/enc_block/g29061' has multiple input pins tied together to net 'u_crypto_synth_top/u_top/u_aes/core/enc_new_block[13]'.
**WARN: Instance 'u_crypto_synth_top/u_top/u_aes/core/enc_block/g29062' has multiple input pins tied together to net 'u_crypto_synth_top/u_top/u_aes/core/enc_block/n_915'.
**WARN: Instance 'u_crypto_synth_top/u_top/u_aes/core/enc_block/g29062' has multiple input pins tied together to net 'u_crypto_synth_top/u_top/u_aes/core/enc_new_block[28]'.
**WARN: Instance 'u_crypto_synth_top/u_top/u_aes/core/enc_block/g29064' has multiple input pins tied together to net 'u_crypto_synth_top/u_top/u_aes/core/enc_block/n_914'.
**WARN: Instance 'u_crypto_synth_top/u_top/u_aes/core/enc_block/g29064' has multiple input pins tied together to net 'u_crypto_synth_top/u_top/u_aes/core/enc_new_block[89]'.
**WARN: Instance 'u_crypto_synth_top/u_top/u_aes/core/enc_block/g29065' has multiple input pins tied together to net 'u_crypto_synth_top/u_top/u_aes/core/enc_block/n_913'.
**WARN: Instance 'u_crypto_synth_top/u_top/u_aes/core/enc_block/g29065' has multiple input pins tied together to net 'u_crypto_synth_top/u_top/u_aes/core/enc_new_block[126]'.
**WARN: Instance 'u_crypto_synth_top/u_top/u_aes/core/enc_block/g29068' has multiple input pins tied together to net 'u_crypto_synth_top/u_top/u_aes/core/enc_block/n_835'.
**WARN: Instance 'u_crypto_synth_top/u_top/u_aes/core/enc_block/g29068' has multiple input pins tied together to net 'u_crypto_synth_top/u_top/u_aes/core/enc_new_block[48]'.
**WARN: Instance 'u_crypto_synth_top/u_top/u_aes/core/enc_block/g29069' has multiple input pins tied together to net 'u_crypto_synth_top/u_top/u_aes/core/enc_block/n_911'.
**WARN: Instance 'u_crypto_synth_top/u_top/u_aes/core/enc_block/g29069' has multiple input pins tied together to net 'u_crypto_synth_top/u_top/u_aes/core/enc_new_block[121]'.
**WARN: Instance 'u_crypto_synth_top/u_top/u_aes/core/enc_block/g29071' has multiple input pins tied together to net 'u_crypto_synth_top/u_top/u_aes/core/enc_block/n_909'.
**WARN: Instance 'u_crypto_synth_top/u_top/u_aes/core/enc_block/g29071' has multiple input pins tied together to net 'u_crypto_synth_top/u_top/u_aes/core/enc_new_block[61]'.
**WARN: Instance 'u_crypto_synth_top/u_top/u_aes/core/enc_block/g29072' has multiple input pins tied together to net 'u_crypto_synth_top/u_top/u_aes/core/enc_block/n_908'.
**WARN: Instance 'u_crypto_synth_top/u_top/u_aes/core/enc_block/g29072' has multiple input pins tied together to net 'u_crypto_synth_top/u_top/u_aes/core/enc_new_block[125]'.
**WARN: Instance 'u_crypto_synth_top/u_top/u_aes/core/enc_block/g29074' has multiple input pins tied together to net 'u_crypto_synth_top/u_top/u_aes/core/enc_block/n_906'.
**WARN: Instance 'u_crypto_synth_top/u_top/u_aes/core/enc_block/g29074' has multiple input pins tied together to net 'u_crypto_synth_top/u_top/u_aes/core/enc_new_block[65]'.
**WARN: Instance 'u_crypto_synth_top/u_top/u_aes/core/enc_block/g29076' has multiple input pins tied together to net 'u_crypto_synth_top/u_top/u_aes/core/enc_block/n_904'.
**WARN: Instance 'u_crypto_synth_top/u_top/u_aes/core/enc_block/g29076' has multiple input pins tied together to net 'u_crypto_synth_top/u_top/u_aes/core/enc_new_block[68]'.
**WARN: Instance 'u_crypto_synth_top/u_top/u_aes/core/enc_block/g29077' has multiple input pins tied together to net 'u_crypto_synth_top/u_top/u_aes/core/enc_block/n_900'.
**WARN: Instance 'u_crypto_synth_top/u_top/u_aes/core/enc_block/g29077' has multiple input pins tied together to net 'u_crypto_synth_top/u_top/u_aes/core/enc_new_block[62]'.
**WARN: Instance 'u_crypto_synth_top/u_top/u_aes/core/enc_block/g29078' has multiple input pins tied together to net 'u_crypto_synth_top/u_top/u_aes/core/enc_block/n_898'.
**WARN: Instance 'u_crypto_synth_top/u_top/u_aes/core/enc_block/g29078' has multiple input pins tied together to net 'u_crypto_synth_top/u_top/u_aes/core/enc_new_block[1]'.
**WARN: Instance 'u_crypto_synth_top/u_top/u_aes/core/enc_block/g29079' has multiple input pins tied together to net 'u_crypto_synth_top/u_top/u_aes/core/enc_block/n_903'.
**WARN: Instance 'u_crypto_synth_top/u_top/u_aes/core/enc_block/g29079' has multiple input pins tied together to net 'u_crypto_synth_top/u_top/u_aes/core/enc_new_block[57]'.
**WARN: Instance 'u_crypto_synth_top/u_top/u_aes/core/enc_block/g29082' has multiple input pins tied together to net 'u_crypto_synth_top/u_top/u_aes/core/enc_block/n_895'.
**WARN: Instance 'u_crypto_synth_top/u_top/u_aes/core/enc_block/g29082' has multiple input pins tied together to net 'u_crypto_synth_top/u_top/u_aes/core/enc_new_block[60]'.
**WARN: Instance 'u_crypto_synth_top/u_top/u_aes/core/enc_block/g29083' has multiple input pins tied together to net 'u_crypto_synth_top/u_top/u_aes/core/enc_block/n_896'.
**WARN: Instance 'u_crypto_synth_top/u_top/u_aes/core/enc_block/g29083' has multiple input pins tied together to net 'u_crypto_synth_top/u_top/u_aes/core/enc_new_block[93]'.
**WARN: Instance 'u_crypto_synth_top/u_top/u_aes/core/enc_block/g29084' has multiple input pins tied together to net 'u_crypto_synth_top/u_top/u_aes/core/enc_block/n_892'.
**WARN: Instance 'u_crypto_synth_top/u_top/u_aes/core/enc_block/g29084' has multiple input pins tied together to net 'u_crypto_synth_top/u_top/u_aes/core/enc_new_block[97]'.
**WARN: Instance 'u_crypto_synth_top/u_top/u_aes/core/enc_block/g29085' has multiple input pins tied together to net 'u_crypto_synth_top/u_top/u_aes/core/enc_block/n_891'.
**WARN: Instance 'u_crypto_synth_top/u_top/u_aes/core/enc_block/g29085' has multiple input pins tied together to net 'u_crypto_synth_top/u_top/u_aes/core/enc_new_block[4]'.
**WARN: Instance 'u_crypto_synth_top/u_top/u_aes/core/enc_block/g29086' has multiple input pins tied together to net 'u_crypto_synth_top/u_top/u_aes/core/enc_block/n_890'.
**WARN: Instance 'u_crypto_synth_top/u_top/u_aes/core/enc_block/g29086' has multiple input pins tied together to net 'u_crypto_synth_top/u_top/u_aes/core/enc_new_block[29]'.
**WARN: Instance 'u_crypto_synth_top/u_top/u_aes/core/enc_block/g29087' has multiple input pins tied together to net 'u_crypto_synth_top/u_top/u_aes/core/enc_block/n_893'.
**WARN: Instance 'u_crypto_synth_top/u_top/u_aes/core/enc_block/g29087' has multiple input pins tied together to net 'u_crypto_synth_top/u_top/u_aes/core/enc_new_block[33]'.
**WARN: Instance 'u_crypto_synth_top/u_top/u_aes/core/enc_block/g29089' has multiple input pins tied together to net 'u_crypto_synth_top/u_top/u_aes/core/enc_block/n_888'.
**WARN: Instance 'u_crypto_synth_top/u_top/u_aes/core/enc_block/g29089' has multiple input pins tied together to net 'u_crypto_synth_top/u_top/u_aes/core/enc_new_block[36]'.
**WARN: Instance 'u_crypto_synth_top/u_top/u_aes/core/enc_block/g29091' has multiple input pins tied together to net 'u_crypto_synth_top/u_top/u_aes/core/enc_block/n_910'.
**WARN: Instance 'u_crypto_synth_top/u_top/u_aes/core/enc_block/g29091' has multiple input pins tied together to net 'u_crypto_synth_top/u_top/u_aes/core/enc_new_block[77]'.
**WARN: Instance 'u_crypto_synth_top/u_top/u_aes/core/enc_block/g29092' has multiple input pins tied together to net 'u_crypto_synth_top/u_top/u_aes/core/round_key[116]'.
**WARN: Instance 'u_crypto_synth_top/u_top/u_aes/core/enc_block/g29092' has multiple input pins tied together to net 'u_crypto_synth_top/u_top/u_aes/core/enc_block/n_902'.
**WARN: Instance 'u_crypto_synth_top/u_top/u_aes/core/enc_block/g29093' has multiple input pins tied together to net 'u_crypto_synth_top/u_top/u_aes/core/round_key[41]'.
**WARN: Instance 'u_crypto_synth_top/u_top/u_aes/core/enc_block/g29093' has multiple input pins tied together to net 'u_crypto_synth_top/u_top/u_aes/core/enc_block/n_907'.
**WARN: Instance 'u_crypto_synth_top/u_top/u_aes/core/enc_block/g29094' has multiple input pins tied together to net 'u_crypto_synth_top/u_top/u_aes/core/round_key[44]'.
**WARN: Instance 'u_crypto_synth_top/u_top/u_aes/core/enc_block/g29094' has multiple input pins tied together to net 'u_crypto_synth_top/u_top/u_aes/core/enc_block/n_905'.
**WARN: Instance 'u_crypto_synth_top/u_top/u_aes/core/enc_block/g29095' has multiple input pins tied together to net 'u_crypto_synth_top/u_top/u_aes/core/round_key[105]'.
**WARN: Instance 'u_crypto_synth_top/u_top/u_aes/core/enc_block/g29095' has multiple input pins tied together to net 'u_crypto_synth_top/u_top/u_aes/core/enc_block/n_901'.
**WARN: Instance 'u_crypto_synth_top/u_top/u_aes/core/enc_block/g29096' has multiple input pins tied together to net 'u_crypto_synth_top/u_top/u_aes/core/round_key[57]'.
**WARN: Instance 'u_crypto_synth_top/u_top/u_aes/core/enc_block/g29096' has multiple input pins tied together to net 'u_crypto_synth_top/u_top/u_aes/core/enc_block/n_899'.
**WARN: Instance 'u_crypto_synth_top/u_top/u_aes/core/enc_block/g29097' has multiple input pins tied together to net 'u_crypto_synth_top/u_top/u_aes/core/round_key[107]'.
**WARN: Instance 'u_crypto_synth_top/u_top/u_aes/core/enc_block/g29097' has multiple input pins tied together to net 'u_crypto_synth_top/u_top/u_aes/core/enc_block/n_894'.
**WARN: Instance 'u_crypto_synth_top/u_top/u_aes/core/enc_block/g29098' has multiple input pins tied together to net 'u_crypto_synth_top/u_top/u_aes/core/round_key[9]'.
**WARN: Instance 'u_crypto_synth_top/u_top/u_aes/core/enc_block/g29098' has multiple input pins tied together to net 'u_crypto_synth_top/u_top/u_aes/core/enc_block/n_912'.
**WARN: Instance 'u_crypto_synth_top/u_top/u_aes/core/enc_block/g29099' has multiple input pins tied together to net 'u_crypto_synth_top/u_top/u_aes/core/round_key[12]'.
**WARN: Instance 'u_crypto_synth_top/u_top/u_aes/core/enc_block/g29099' has multiple input pins tied together to net 'u_crypto_synth_top/u_top/u_aes/core/enc_block/n_897'.
**WARN: Instance 'u_crypto_synth_top/u_top/u_aes/core/enc_block/g29100' has multiple input pins tied together to net 'u_crypto_synth_top/u_top/u_aes/core/enc_block/n_844'.
**WARN: Instance 'u_crypto_synth_top/u_top/u_aes/core/enc_block/g29100' has multiple input pins tied together to net 'u_crypto_synth_top/u_top/u_aes/core/enc_new_block[74]'.
**WARN: Instance 'u_crypto_synth_top/u_top/u_aes/core/enc_block/g29101' has multiple input pins tied together to net 'u_crypto_synth_top/u_top/u_aes/core/enc_block/n_979'.
**WARN: Instance 'u_crypto_synth_top/u_top/u_aes/core/enc_block/g29101' has multiple input pins tied together to net 'u_crypto_synth_top/u_top/u_aes/core/enc_new_block[72]'.
**WARN: Instance 'u_crypto_synth_top/u_top/u_aes/core/enc_block/g29141' has multiple input pins tied together to net 'u_crypto_synth_top/u_top/u_aes/core/round_key[60]'.
**WARN: Instance 'u_crypto_synth_top/u_top/u_aes/core/enc_block/g29141' has multiple input pins tied together to net 'u_crypto_synth_top/u_top/u_aes/core/enc_block/n_504'.
**WARN: Instance 'u_crypto_synth_top/u_top/u_aes/core/enc_block/g29142' has multiple input pins tied together to net 'u_crypto_synth_top/u_top/u_aes/core/enc_block/n_422'.
**WARN: Instance 'u_crypto_synth_top/u_top/u_aes/core/enc_block/g29142' has multiple input pins tied together to net 'u_crypto_synth_top/u_top/u_aes/core/enc_block/n_438'.
**WARN: Instance 'u_crypto_synth_top/u_top/u_aes/core/enc_block/g29144' has multiple input pins tied together to net 'u_crypto_synth_top/u_top/u_aes/core/round_key[25]'.
**WARN: Instance 'u_crypto_synth_top/u_top/u_aes/core/enc_block/g29144' has multiple input pins tied together to net 'u_crypto_synth_top/u_top/u_aes/core/enc_block/n_435'.
**WARN: Instance 'u_crypto_synth_top/u_top/u_aes/core/enc_block/g29145' has multiple input pins tied together to net 'u_crypto_synth_top/u_top/u_aes/core/enc_block/n_473'.
**WARN: Instance 'u_crypto_synth_top/u_top/u_aes/core/enc_block/g29145' has multiple input pins tied together to net 'u_crypto_synth_top/u_top/u_aes/core/enc_block/n_446'.
**WARN: Instance 'u_crypto_synth_top/u_top/u_aes/core/enc_block/g29146' has multiple input pins tied together to net 'u_crypto_synth_top/u_top/u_aes/core/round_key[27]'.
**WARN: Instance 'u_crypto_synth_top/u_top/u_aes/core/enc_block/g29146' has multiple input pins tied together to net 'u_crypto_synth_top/u_top/u_aes/core/enc_block/n_470'.
**WARN: Instance 'u_crypto_synth_top/u_top/u_aes/core/enc_block/g29147' has multiple input pins tied together to net 'u_crypto_synth_top/u_top/u_aes/core/round_key[28]'.
**WARN: Instance 'u_crypto_synth_top/u_top/u_aes/core/enc_block/g29147' has multiple input pins tied together to net 'u_crypto_synth_top/u_top/u_aes/core/enc_block/n_483'.
**WARN: Instance 'u_crypto_synth_top/u_top/u_aes/core/enc_block/g29148' has multiple input pins tied together to net 'u_crypto_synth_top/u_top/u_aes/core/enc_block/n_513'.
**WARN: Instance 'u_crypto_synth_top/u_top/u_aes/core/enc_block/g29148' has multiple input pins tied together to net 'u_crypto_synth_top/u_top/u_aes/core/enc_block/n_440'.
**WARN: Instance 'u_crypto_synth_top/u_top/u_aes/core/enc_block/g29149' has multiple input pins tied together to net 'u_crypto_synth_top/u_top/u_aes/core/enc_block/n_496'.
**WARN: Instance 'u_crypto_synth_top/u_top/u_aes/core/enc_block/g29149' has multiple input pins tied together to net 'u_crypto_synth_top/u_top/u_aes/core/enc_block/n_452'.
**WARN: Instance 'u_crypto_synth_top/u_top/u_aes/core/enc_block/g29150' has multiple input pins tied together to net 'u_crypto_synth_top/u_top/u_aes/core/round_key[89]'.
**WARN: Instance 'u_crypto_synth_top/u_top/u_aes/core/enc_block/g29150' has multiple input pins tied together to net 'u_crypto_synth_top/u_top/u_aes/core/enc_block/n_466'.
**WARN: Instance 'u_crypto_synth_top/u_top/u_aes/core/enc_block/g29151' has multiple input pins tied together to net 'u_crypto_synth_top/u_top/u_aes/core/enc_block/n_488'.
**WARN: Instance 'u_crypto_synth_top/u_top/u_aes/core/enc_block/g29151' has multiple input pins tied together to net 'u_crypto_synth_top/u_top/u_aes/core/enc_block/n_517'.
**WARN: Instance 'u_crypto_synth_top/u_top/u_aes/core/enc_block/g29152' has multiple input pins tied together to net 'u_crypto_synth_top/u_top/u_aes/core/enc_block/n_773'.
**WARN: Instance 'u_crypto_synth_top/u_top/u_aes/core/enc_block/g29152' has multiple input pins tied together to net 'u_crypto_synth_top/u_top/u_aes/core/enc_block/n_448'.
**WARN: Instance 'u_crypto_synth_top/u_top/u_aes/core/enc_block/g29153' has multiple input pins tied together to net 'u_crypto_synth_top/u_top/u_aes/core/round_key[92]'.
**WARN: Instance 'u_crypto_synth_top/u_top/u_aes/core/enc_block/g29153' has multiple input pins tied together to net 'u_crypto_synth_top/u_top/u_aes/core/enc_block/n_446'.
**WARN: Instance 'u_crypto_synth_top/u_top/u_aes/core/enc_block/g29154' has multiple input pins tied together to net 'u_crypto_synth_top/u_top/u_aes/core/enc_block/n_473'.
**WARN: Instance 'u_crypto_synth_top/u_top/u_aes/core/enc_block/g29154' has multiple input pins tied together to net 'u_crypto_synth_top/u_top/u_aes/core/enc_block/n_800'.
**WARN: Instance 'u_crypto_synth_top/u_top/u_aes/core/enc_block/g29155' has multiple input pins tied together to net 'u_crypto_synth_top/u_top/u_aes/core/enc_block/n_444'.
**WARN: Instance 'u_crypto_synth_top/u_top/u_aes/core/enc_block/g29155' has multiple input pins tied together to net 'u_crypto_synth_top/u_top/u_aes/core/enc_block/n_524'.
**WARN: Instance 'u_crypto_synth_top/u_top/u_aes/core/enc_block/g29156' has multiple input pins tied together to net 'u_crypto_synth_top/u_top/u_aes/core/round_key[100]'.
**WARN: Instance 'u_crypto_synth_top/u_top/u_aes/core/enc_block/g29156' has multiple input pins tied together to net 'u_crypto_synth_top/u_top/u_aes/core/enc_block/n_517'.
**WARN: Instance 'u_crypto_synth_top/u_top/u_aes/core/enc_block/g29157' has multiple input pins tied together to net 'u_crypto_synth_top/u_top/u_aes/core/enc_block/n_777'.
**WARN: Instance 'u_crypto_synth_top/u_top/u_aes/core/enc_block/g29157' has multiple input pins tied together to net 'u_crypto_synth_top/u_top/u_aes/core/enc_new_block[56]'.
**WARN: Instance 'u_crypto_synth_top/u_top/u_aes/core/enc_block/g29158' has multiple input pins tied together to net 'u_crypto_synth_top/u_top/u_aes/core/round_key[121]'.
**WARN: Instance 'u_crypto_synth_top/u_top/u_aes/core/enc_block/g29158' has multiple input pins tied together to net 'u_crypto_synth_top/u_top/u_aes/core/enc_block/n_519'.
**WARN: Instance 'u_crypto_synth_top/u_top/u_aes/core/enc_block/g29159' has multiple input pins tied together to net 'u_crypto_synth_top/u_top/u_aes/core/enc_block/n_508'.
**WARN: Instance 'u_crypto_synth_top/u_top/u_aes/core/enc_block/g29159' has multiple input pins tied together to net 'u_crypto_synth_top/u_top/u_aes/core/enc_block/n_511'.
**WARN: Instance 'u_crypto_synth_top/u_top/u_aes/core/enc_block/g29160' has multiple input pins tied together to net 'u_crypto_synth_top/u_top/u_aes/core/enc_block/n_770'.
**WARN: Instance 'u_crypto_synth_top/u_top/u_aes/core/enc_block/g29160' has multiple input pins tied together to net 'u_crypto_synth_top/u_top/u_aes/core/enc_new_block[58]'.
**WARN: Instance 'u_crypto_synth_top/u_top/u_aes/core/enc_block/g29161' has multiple input pins tied together to net 'u_crypto_synth_top/u_top/u_aes/core/enc_block/n_501'.
**WARN: Instance 'u_crypto_synth_top/u_top/u_aes/core/enc_block/g29161' has multiple input pins tied together to net 'u_crypto_synth_top/u_top/u_aes/core/enc_block/n_497'.
**WARN: Instance 'u_crypto_synth_top/u_top/u_aes/core/enc_block/g29162' has multiple input pins tied together to net 'u_crypto_synth_top/u_top/u_aes/core/enc_block/n_768'.
**WARN: Instance 'u_crypto_synth_top/u_top/u_aes/core/enc_block/g29162' has multiple input pins tied together to net 'u_crypto_synth_top/u_top/u_aes/core/enc_new_block[59]'.
**WARN: Instance 'u_crypto_synth_top/u_top/u_aes/core/enc_block/g29163' has multiple input pins tied together to net 'u_crypto_synth_top/u_top/u_aes/core/enc_block/n_491'.
**WARN: Instance 'u_crypto_synth_top/u_top/u_aes/core/enc_block/g29163' has multiple input pins tied together to net 'u_crypto_synth_top/u_top/u_aes/core/enc_block/n_494'.
**WARN: Instance 'u_crypto_synth_top/u_top/u_aes/core/enc_block/g29164' has multiple input pins tied together to net 'u_crypto_synth_top/u_top/u_aes/core/round_key[123]'.
**WARN: Instance 'u_crypto_synth_top/u_top/u_aes/core/enc_block/g29164' has multiple input pins tied together to net 'u_crypto_synth_top/u_top/u_aes/core/enc_block/n_534'.
**WARN: Instance 'u_crypto_synth_top/u_top/u_aes/core/enc_block/g29165' has multiple input pins tied together to net 'u_crypto_synth_top/u_top/u_aes/core/round_key[124]'.
**WARN: Instance 'u_crypto_synth_top/u_top/u_aes/core/enc_block/g29165' has multiple input pins tied together to net 'u_crypto_synth_top/u_top/u_aes/core/enc_block/n_538'.
**WARN: Instance 'u_crypto_synth_top/u_top/u_aes/core/enc_block/g29166' has multiple input pins tied together to net 'u_crypto_synth_top/u_top/u_aes/core/enc_block/n_488'.
**WARN: Instance 'u_crypto_synth_top/u_top/u_aes/core/enc_block/g29166' has multiple input pins tied together to net 'u_crypto_synth_top/u_top/u_aes/core/enc_block/n_802'.
**WARN: Instance 'u_crypto_synth_top/u_top/u_aes/core/enc_block/g29167' has multiple input pins tied together to net 'u_crypto_synth_top/u_top/u_aes/core/round_key[43]'.
**WARN: Instance 'u_crypto_synth_top/u_top/u_aes/core/enc_block/g29167' has multiple input pins tied together to net 'u_crypto_synth_top/u_top/u_aes/core/enc_block/n_507'.
**WARN: Instance 'u_crypto_synth_top/u_top/u_aes/core/enc_block/g29168' has multiple input pins tied together to net 'u_crypto_synth_top/u_top/u_aes/core/enc_block/n_498'.
**WARN: Instance 'u_crypto_synth_top/u_top/u_aes/core/enc_block/g29168' has multiple input pins tied together to net 'u_crypto_synth_top/u_top/u_aes/core/enc_block/n_490'.
**WARN: Instance 'u_crypto_synth_top/u_top/u_aes/core/enc_block/g29169' has multiple input pins tied together to net 'u_crypto_synth_top/u_top/u_aes/core/enc_block/n_472'.
**WARN: Instance 'u_crypto_synth_top/u_top/u_aes/core/enc_block/g29169' has multiple input pins tied together to net 'u_crypto_synth_top/u_top/u_aes/core/enc_block/n_477'.
**WARN: Instance 'u_crypto_synth_top/u_top/u_aes/core/enc_block/g29170' has multiple input pins tied together to net 'u_crypto_synth_top/u_top/u_aes/core/enc_block/n_479'.
**WARN: Instance 'u_crypto_synth_top/u_top/u_aes/core/enc_block/g29170' has multiple input pins tied together to net 'u_crypto_synth_top/u_top/u_aes/core/enc_block/n_514'.
**WARN: Instance 'u_crypto_synth_top/u_top/u_aes/core/enc_block/g29171' has multiple input pins tied together to net 'u_crypto_synth_top/u_top/u_aes/core/enc_block/n_792'.
**WARN: Instance 'u_crypto_synth_top/u_top/u_aes/core/enc_block/g29171' has multiple input pins tied together to net 'u_crypto_synth_top/u_top/u_aes/core/enc_new_block[59]'.
**WARN: Instance 'u_crypto_synth_top/u_top/u_aes/core/enc_block/g29172' has multiple input pins tied together to net 'u_crypto_synth_top/u_top/u_aes/core/enc_block/n_459'.
**WARN: Instance 'u_crypto_synth_top/u_top/u_aes/core/enc_block/g29172' has multiple input pins tied together to net 'u_crypto_synth_top/u_top/u_aes/core/enc_block/n_461'.
**WARN: Instance 'u_crypto_synth_top/u_top/u_aes/core/enc_block/g29173' has multiple input pins tied together to net 'u_crypto_synth_top/u_top/u_aes/core/round_key[11]'.
**WARN: Instance 'u_crypto_synth_top/u_top/u_aes/core/enc_block/g29173' has multiple input pins tied together to net 'u_crypto_synth_top/u_top/u_aes/core/enc_block/n_487'.
**WARN: Instance 'u_crypto_synth_top/u_top/u_aes/core/enc_block/g29174' has multiple input pins tied together to net 'u_crypto_synth_top/u_top/u_aes/core/round_key[83]'.
**WARN: Instance 'u_crypto_synth_top/u_top/u_aes/core/enc_block/g29174' has multiple input pins tied together to net 'u_crypto_synth_top/u_top/u_aes/core/enc_block/n_537'.
**WARN: Instance 'u_crypto_synth_top/u_top/u_aes/core/enc_block/g29175' has multiple input pins tied together to net 'u_crypto_synth_top/u_top/u_aes/core/enc_block/n_472'.
**WARN: Instance 'u_crypto_synth_top/u_top/u_aes/core/enc_block/g29175' has multiple input pins tied together to net 'u_crypto_synth_top/u_top/u_aes/core/enc_block/n_504'.
**WARN: Instance 'u_crypto_synth_top/u_top/u_aes/core/enc_block/g29176' has multiple input pins tied together to net 'u_crypto_synth_top/u_top/u_aes/core/enc_block/n_584'.
**WARN: Instance 'u_crypto_synth_top/u_top/u_aes/core/enc_block/g29176' has multiple input pins tied together to net 'u_crypto_synth_top/u_top/u_aes/core/enc_new_block[11]'.
**WARN: Instance 'u_crypto_synth_top/u_top/u_aes/core/enc_block/g29177' has multiple input pins tied together to net 'u_crypto_synth_top/u_top/u_aes/core/enc_block/n_582'.
**WARN: Instance 'u_crypto_synth_top/u_top/u_aes/core/enc_block/g29177' has multiple input pins tied together to net 'u_crypto_synth_top/u_top/u_aes/core/enc_new_block[112]'.
**WARN: Instance 'u_crypto_synth_top/u_top/u_aes/core/enc_block/g29178' has multiple input pins tied together to net 'u_crypto_synth_top/u_top/u_aes/core/enc_block/n_443'.
**WARN: Instance 'u_crypto_synth_top/u_top/u_aes/core/enc_block/g29178' has multiple input pins tied together to net 'u_crypto_synth_top/u_top/u_aes/core/enc_block/n_441'.
**WARN: Instance 'u_crypto_synth_top/u_top/u_aes/core/enc_block/g29179' has multiple input pins tied together to net 'u_crypto_synth_top/u_top/u_aes/core/round_key[59]'.
**WARN: Instance 'u_crypto_synth_top/u_top/u_aes/core/enc_block/g29179' has multiple input pins tied together to net 'u_crypto_synth_top/u_top/u_aes/core/enc_block/FE_PHN18828_n_475'.
**WARN: Instance 'u_crypto_synth_top/u_top/u_aes/core/enc_block/g29180' has multiple input pins tied together to net 'u_crypto_synth_top/u_top/u_aes/core/enc_block/n_500'.
**WARN: Instance 'u_crypto_synth_top/u_top/u_aes/core/enc_block/g29180' has multiple input pins tied together to net 'u_crypto_synth_top/u_top/u_aes/core/enc_block/n_519'.
**WARN: Instance 'u_crypto_synth_top/u_top/u_aes/core/enc_block/g29181' has multiple input pins tied together to net 'u_crypto_synth_top/u_top/u_aes/core/enc_block/n_531'.
**WARN: Instance 'u_crypto_synth_top/u_top/u_aes/core/enc_block/g29181' has multiple input pins tied together to net 'u_crypto_synth_top/u_top/u_aes/core/enc_block/n_450'.
**WARN: Instance 'u_crypto_synth_top/u_top/u_aes/core/enc_block/g29183' has multiple input pins tied together to net 'u_crypto_synth_top/u_top/u_aes/core/enc_block/n_468'.
**WARN: Instance 'u_crypto_synth_top/u_top/u_aes/core/enc_block/g29183' has multiple input pins tied together to net 'u_crypto_synth_top/u_top/u_aes/core/enc_block/n_494'.
**WARN: Instance 'u_crypto_synth_top/u_top/u_aes/core/enc_block/g29184' has multiple input pins tied together to net 'u_crypto_synth_top/u_top/u_aes/core/enc_block/n_431'.
**WARN: Instance 'u_crypto_synth_top/u_top/u_aes/core/enc_block/g29184' has multiple input pins tied together to net 'u_crypto_synth_top/u_top/u_aes/core/enc_block/n_433'.
**WARN: Instance 'u_crypto_synth_top/u_top/u_aes/core/enc_block/g29185' has multiple input pins tied together to net 'u_crypto_synth_top/u_top/u_aes/core/round_key[73]'.
**WARN: Instance 'u_crypto_synth_top/u_top/u_aes/core/enc_block/g29185' has multiple input pins tied together to net 'u_crypto_synth_top/u_top/u_aes/core/enc_block/n_458'.
**WARN: Instance 'u_crypto_synth_top/u_top/u_aes/core/enc_block/g29186' has multiple input pins tied together to net 'u_crypto_synth_top/u_top/u_aes/core/enc_block/n_581'.
**WARN: Instance 'u_crypto_synth_top/u_top/u_aes/core/enc_block/g29186' has multiple input pins tied together to net 'u_crypto_synth_top/u_top/u_aes/core/enc_new_block[27]'.
**WARN: Instance 'u_crypto_synth_top/u_top/u_aes/core/enc_block/g29187' has multiple input pins tied together to net 'u_crypto_synth_top/u_top/u_aes/core/enc_block/n_464'.
**WARN: Instance 'u_crypto_synth_top/u_top/u_aes/core/enc_block/g29187' has multiple input pins tied together to net 'u_crypto_synth_top/u_top/u_aes/core/enc_block/n_452'.
**WARN: Instance 'u_crypto_synth_top/u_top/u_aes/core/enc_block/g29188' has multiple input pins tied together to net 'u_crypto_synth_top/u_top/u_aes/core/round_key[75]'.
**WARN: Instance 'u_crypto_synth_top/u_top/u_aes/core/enc_block/g29188' has multiple input pins tied together to net 'u_crypto_synth_top/u_top/u_aes/core/enc_block/n_456'.
**WARN: Instance 'u_crypto_synth_top/u_top/u_aes/core/enc_block/g29189' has multiple input pins tied together to net 'u_crypto_synth_top/u_top/u_aes/core/enc_block/n_405'.
**WARN: Instance 'u_crypto_synth_top/u_top/u_aes/core/enc_block/g29189' has multiple input pins tied together to net 'u_crypto_synth_top/u_top/u_aes/core/enc_block/n_539'.
**WARN: Instance 'u_crypto_synth_top/u_top/u_aes/core/enc_block/g29190' has multiple input pins tied together to net 'u_crypto_synth_top/u_top/u_aes/core/enc_block/n_788'.
**WARN: Instance 'u_crypto_synth_top/u_top/u_aes/core/enc_block/g29190' has multiple input pins tied together to net 'u_crypto_synth_top/u_top/u_aes/core/enc_block/n_448'.
**WARN: Instance 'u_crypto_synth_top/u_top/u_aes/core/enc_block/g29191' has multiple input pins tied together to net 'u_crypto_synth_top/u_top/u_aes/core/enc_block/n_488'.
**WARN: Instance 'u_crypto_synth_top/u_top/u_aes/core/enc_block/g29191' has multiple input pins tied together to net 'u_crypto_synth_top/u_top/u_aes/core/enc_block/n_485'.
**WARN: Instance 'u_crypto_synth_top/u_top/u_aes/core/enc_block/g29192' has multiple input pins tied together to net 'u_crypto_synth_top/u_top/u_aes/core/enc_block/n_444'.
**WARN: Instance 'u_crypto_synth_top/u_top/u_aes/core/enc_block/g29192' has multiple input pins tied together to net 'u_crypto_synth_top/u_top/u_aes/core/enc_block/n_540'.
**WARN: Instance 'u_crypto_synth_top/u_top/u_aes/core/enc_block/g29193' has multiple input pins tied together to net 'u_crypto_synth_top/u_top/u_aes/core/enc_block/n_473'.
**WARN: Instance 'u_crypto_synth_top/u_top/u_aes/core/enc_block/g29193' has multiple input pins tied together to net 'u_crypto_synth_top/u_top/u_aes/core/enc_block/n_530'.
**WARN: Instance 'u_crypto_synth_top/u_top/u_aes/core/enc_block/g29194' has multiple input pins tied together to net 'u_crypto_synth_top/u_top/u_aes/core/enc_block/n_434'.
**WARN: Instance 'u_crypto_synth_top/u_top/u_aes/core/enc_block/g29194' has multiple input pins tied together to net 'u_crypto_synth_top/u_top/u_aes/core/enc_block/n_438'.
**WARN: Instance 'u_crypto_synth_top/u_top/u_aes/core/enc_block/g29195' has multiple input pins tied together to net 'u_crypto_synth_top/u_top/u_aes/core/enc_block/n_465'.
**WARN: Instance 'u_crypto_synth_top/u_top/u_aes/core/enc_block/g29195' has multiple input pins tied together to net 'u_crypto_synth_top/u_top/u_aes/core/enc_block/n_522'.
**WARN: Instance 'u_crypto_synth_top/u_top/u_aes/core/enc_block/g29196' has multiple input pins tied together to net 'u_crypto_synth_top/u_top/u_aes/core/enc_block/n_482'.
**WARN: Instance 'u_crypto_synth_top/u_top/u_aes/core/enc_block/g29196' has multiple input pins tied together to net 'u_crypto_synth_top/u_top/u_aes/core/enc_block/n_512'.
**WARN: Instance 'u_crypto_synth_top/u_top/u_aes/core/enc_block/g29198' has multiple input pins tied together to net 'u_crypto_synth_top/u_top/u_aes/core/enc_block/n_487'.
**WARN: Instance 'u_crypto_synth_top/u_top/u_aes/core/enc_block/g29199' has multiple input pins tied together to net 'u_crypto_synth_top/u_top/u_aes/core/enc_block/n_420'.
**WARN: Instance 'u_crypto_synth_top/u_top/u_aes/core/enc_block/g29199' has multiple input pins tied together to net 'u_crypto_synth_top/u_top/u_aes/core/enc_block/n_505'.
**WARN: Instance 'u_crypto_synth_top/u_top/u_aes/core/enc_block/g29201' has multiple input pins tied together to net 'u_crypto_synth_top/u_top/u_aes/core/enc_block/n_421'.
**WARN: Instance 'u_crypto_synth_top/u_top/u_aes/core/enc_block/g29201' has multiple input pins tied together to net 'u_crypto_synth_top/u_top/u_aes/core/enc_block/n_456'.
**WARN: Instance 'u_crypto_synth_top/u_top/u_aes/core/enc_block/g29202' has multiple input pins tied together to net 'u_crypto_synth_top/u_top/u_aes/core/enc_block/n_417'.
**WARN: Instance 'u_crypto_synth_top/u_top/u_aes/core/enc_block/g29202' has multiple input pins tied together to net 'u_crypto_synth_top/u_top/u_aes/core/enc_block/n_454'.
**WARN: Instance 'u_crypto_synth_top/u_top/u_aes/core/enc_block/g29203' has multiple input pins tied together to net 'u_crypto_synth_top/u_top/u_aes/core/enc_block/n_416'.
**WARN: Instance 'u_crypto_synth_top/u_top/u_aes/core/enc_block/g29203' has multiple input pins tied together to net 'u_crypto_synth_top/u_top/u_aes/core/enc_block/n_520'.
**WARN: Instance 'u_crypto_synth_top/u_top/u_aes/core/enc_block/g29204' has multiple input pins tied together to net 'u_crypto_synth_top/u_top/u_aes/core/enc_block/n_417'.
**WARN: Instance 'u_crypto_synth_top/u_top/u_aes/core/enc_block/g29204' has multiple input pins tied together to net 'u_crypto_synth_top/u_top/u_aes/core/enc_block/n_450'.
**WARN: Instance 'u_crypto_synth_top/u_top/u_aes/core/enc_block/g29205' has multiple input pins tied together to net 'u_crypto_synth_top/u_top/u_aes/core/enc_block/n_424'.
**WARN: Instance 'u_crypto_synth_top/u_top/u_aes/core/enc_block/g29205' has multiple input pins tied together to net 'u_crypto_synth_top/u_top/u_aes/core/enc_block/n_436'.
**WARN: Instance 'u_crypto_synth_top/u_top/u_aes/core/enc_block/g29207' has multiple input pins tied together to net 'u_crypto_synth_top/u_top/u_aes/core/enc_block/n_429'.
**WARN: Instance 'u_crypto_synth_top/u_top/u_aes/core/enc_block/g29207' has multiple input pins tied together to net 'u_crypto_synth_top/u_top/u_aes/core/enc_block/n_525'.
**WARN: Instance 'u_crypto_synth_top/u_top/u_aes/core/enc_block/g29209' has multiple input pins tied together to net 'u_crypto_synth_top/u_top/u_aes/core/enc_block/n_428'.
**WARN: Instance 'u_crypto_synth_top/u_top/u_aes/core/enc_block/g29209' has multiple input pins tied together to net 'u_crypto_synth_top/u_top/u_aes/core/enc_block/n_478'.
**WARN: Instance 'u_crypto_synth_top/u_top/u_aes/core/enc_block/g29211' has multiple input pins tied together to net 'u_crypto_synth_top/u_top/u_aes/core/enc_block/n_415'.
**WARN: Instance 'u_crypto_synth_top/u_top/u_aes/core/enc_block/g29211' has multiple input pins tied together to net 'u_crypto_synth_top/u_top/u_aes/core/enc_block/n_520'.
**WARN: Instance 'u_crypto_synth_top/u_top/u_aes/core/enc_block/g29212' has multiple input pins tied together to net 'u_crypto_synth_top/u_top/u_aes/core/enc_block/n_425'.
**WARN: Instance 'u_crypto_synth_top/u_top/u_aes/core/enc_block/g29212' has multiple input pins tied together to net 'u_crypto_synth_top/u_top/u_aes/core/enc_block/n_433'.
**WARN: Instance 'u_crypto_synth_top/u_top/u_aes/core/enc_block/g29214' has multiple input pins tied together to net 'u_crypto_synth_top/u_top/u_aes/core/enc_block/n_419'.
**WARN: Instance 'u_crypto_synth_top/u_top/u_aes/core/enc_block/g29214' has multiple input pins tied together to net 'u_crypto_synth_top/u_top/u_aes/core/enc_block/n_481'.
**WARN: Instance 'u_crypto_synth_top/u_top/u_aes/core/enc_block/g29216' has multiple input pins tied together to net 'u_crypto_synth_top/u_top/u_aes/core/enc_block/n_419'.
**WARN: Instance 'u_crypto_synth_top/u_top/u_aes/core/enc_block/g29216' has multiple input pins tied together to net 'u_crypto_synth_top/u_top/u_aes/core/enc_block/n_511'.
**WARN: Instance 'u_crypto_synth_top/u_top/u_aes/core/enc_block/g29217' has multiple input pins tied together to net 'u_crypto_synth_top/u_top/u_aes/core/enc_block/n_419'.
**WARN: Instance 'u_crypto_synth_top/u_top/u_aes/core/enc_block/g29217' has multiple input pins tied together to net 'u_crypto_synth_top/u_top/u_aes/core/enc_block/n_507'.
**WARN: Instance 'u_crypto_synth_top/u_top/u_aes/core/enc_block/g29218' has multiple input pins tied together to net 'u_crypto_synth_top/u_top/u_aes/core/enc_block/n_426'.
**WARN: Instance 'u_crypto_synth_top/u_top/u_aes/core/enc_block/g29218' has multiple input pins tied together to net 'u_crypto_synth_top/u_top/u_aes/core/enc_block/n_505'.
**WARN: Instance 'u_crypto_synth_top/u_top/u_aes/core/enc_block/g29221' has multiple input pins tied together to net 'u_crypto_synth_top/u_top/u_aes/core/enc_block/n_425'.
**WARN: Instance 'u_crypto_synth_top/u_top/u_aes/core/enc_block/g29221' has multiple input pins tied together to net 'u_crypto_synth_top/u_top/u_aes/core/enc_block/n_536'.
**WARN: Instance 'u_crypto_synth_top/u_top/u_aes/core/enc_block/g29222' has multiple input pins tied together to net 'u_crypto_synth_top/u_top/u_aes/core/enc_block/n_427'.
**WARN: Instance 'u_crypto_synth_top/u_top/u_aes/core/enc_block/g29222' has multiple input pins tied together to net 'u_crypto_synth_top/u_top/u_aes/core/enc_block/n_522'.
**WARN: Instance 'u_crypto_synth_top/u_top/u_aes/core/enc_block/g29223' has multiple input pins tied together to net 'u_crypto_synth_top/u_top/u_aes/core/enc_block/FE_OFN10654_n_423'.
**WARN: Instance 'u_crypto_synth_top/u_top/u_aes/core/enc_block/g29223' has multiple input pins tied together to net 'u_crypto_synth_top/u_top/u_aes/core/enc_block/n_436'.
**WARN: Instance 'u_crypto_synth_top/u_top/u_aes/core/enc_block/g29224' has multiple input pins tied together to net 'u_crypto_synth_top/u_top/u_aes/core/enc_block/n_421'.
**WARN: Instance 'u_crypto_synth_top/u_top/u_aes/core/enc_block/g29224' has multiple input pins tied together to net 'u_crypto_synth_top/u_top/u_aes/core/enc_block/n_457'.
**WARN: Instance 'u_crypto_synth_top/u_top/u_aes/core/enc_block/g29260' has multiple input pins tied together to net 'u_crypto_synth_top/u_top/u_aes/core/enc_block/n_405'.
**WARN: Instance 'u_crypto_synth_top/u_top/u_aes/core/enc_block/g29260' has multiple input pins tied together to net 'u_crypto_synth_top/u_top/u_aes/core/enc_block/n_440'.
**WARN: Instance 'u_crypto_synth_top/u_top/u_aes/core/enc_block/g29262' has multiple input pins tied together to net 'u_crypto_synth_top/u_top/u_aes/core/enc_block/n_399'.
**WARN: Instance 'u_crypto_synth_top/u_top/u_aes/core/enc_block/g29262' has multiple input pins tied together to net 'u_crypto_synth_top/u_top/u_aes/core/enc_block/n_530'.
**WARN: Instance 'u_crypto_synth_top/u_top/u_aes/core/enc_block/g29266' has multiple input pins tied together to net 'u_crypto_synth_top/u_top/u_aes/core/enc_block/n_405'.
**WARN: Instance 'u_crypto_synth_top/u_top/u_aes/core/enc_block/g29266' has multiple input pins tied together to net 'u_crypto_synth_top/u_top/u_aes/core/enc_block/n_536'.
**WARN: Instance 'u_crypto_synth_top/u_top/u_aes/core/enc_block/g29270' has multiple input pins tied together to net 'u_crypto_synth_top/u_top/u_aes/core/enc_block/n_401'.
**WARN: Instance 'u_crypto_synth_top/u_top/u_aes/core/enc_block/g29270' has multiple input pins tied together to net 'u_crypto_synth_top/u_top/u_aes/core/enc_block/n_485'.
**WARN: Instance 'u_crypto_synth_top/u_top/u_aes/core/enc_block/g29271' has multiple input pins tied together to net 'u_crypto_synth_top/u_top/u_aes/core/enc_block/n_402'.
**WARN: Instance 'u_crypto_synth_top/u_top/u_aes/core/enc_block/g29271' has multiple input pins tied together to net 'u_crypto_synth_top/u_top/u_aes/core/enc_block/n_505'.
**WARN: Instance 'u_crypto_synth_top/u_top/u_aes/core/enc_block/g29272' has multiple input pins tied together to net 'u_crypto_synth_top/u_top/u_aes/core/enc_block/n_412'.
**WARN: Instance 'u_crypto_synth_top/u_top/u_aes/core/enc_block/g29272' has multiple input pins tied together to net 'u_crypto_synth_top/u_top/u_aes/core/enc_block/n_468'.
**WARN: Instance 'u_crypto_synth_top/u_top/u_aes/core/enc_block/g29273' has multiple input pins tied together to net 'u_crypto_synth_top/u_top/u_aes/core/enc_block/n_411'.
**WARN: Instance 'u_crypto_synth_top/u_top/u_aes/core/enc_block/g29273' has multiple input pins tied together to net 'u_crypto_synth_top/u_top/u_aes/core/enc_block/n_481'.
**WARN: Instance 'u_crypto_synth_top/u_top/u_aes/core/enc_block/g29281' has multiple input pins tied together to net 'u_crypto_synth_top/u_top/u_aes/core/enc_block/n_411'.
**WARN: Instance 'u_crypto_synth_top/u_top/u_aes/core/enc_block/g29281' has multiple input pins tied together to net 'u_crypto_synth_top/u_top/u_aes/core/enc_block/n_477'.
**WARN: Instance 'u_crypto_synth_top/u_top/u_aes/core/enc_block/g29282' has multiple input pins tied together to net 'u_crypto_synth_top/u_top/u_aes/core/enc_block/n_407'.
**WARN: Instance 'u_crypto_synth_top/u_top/u_aes/core/enc_block/g29282' has multiple input pins tied together to net 'u_crypto_synth_top/u_top/u_aes/core/enc_block/n_436'.
**WARN: Instance 'u_crypto_synth_top/u_top/u_aes/core/enc_block/g29286' has multiple input pins tied together to net 'u_crypto_synth_top/u_top/u_aes/core/enc_block/n_409'.
**WARN: Instance 'u_crypto_synth_top/u_top/u_aes/core/enc_block/g29286' has multiple input pins tied together to net 'u_crypto_synth_top/u_top/u_aes/core/enc_block/n_490'.
**WARN: Instance 'u_crypto_synth_top/u_top/u_aes/core/enc_block/g29287' has multiple input pins tied together to net 'u_crypto_synth_top/u_top/u_aes/core/enc_block/n_408'.
**WARN: Instance 'u_crypto_synth_top/u_top/u_aes/core/enc_block/g29287' has multiple input pins tied together to net 'u_crypto_synth_top/u_top/u_aes/core/enc_block/n_520'.
**WARN: Instance 'u_crypto_synth_top/u_top/u_aes/core/enc_block/g29289' has multiple input pins tied together to net 'u_crypto_synth_top/u_top/u_aes/core/enc_block/FE_OFN665_n_403'.
**WARN: Instance 'u_crypto_synth_top/u_top/u_aes/core/enc_block/g29289' has multiple input pins tied together to net 'u_crypto_synth_top/u_top/u_aes/core/enc_block/n_524'.
**WARN: Instance 'u_crypto_synth_top/u_top/u_aes/core/enc_block/g29290' has multiple input pins tied together to net 'u_crypto_synth_top/u_top/u_aes/core/enc_block/n_407'.
**WARN: Instance 'u_crypto_synth_top/u_top/u_aes/core/enc_block/g29290' has multiple input pins tied together to net 'u_crypto_synth_top/u_top/u_aes/core/enc_block/n_496'.
**WARN: Instance 'u_crypto_synth_top/u_top/u_aes/core/enc_block/g29293' has multiple input pins tied together to net 'u_crypto_synth_top/u_top/u_aes/core/enc_block/n_401'.
**WARN: Instance 'u_crypto_synth_top/u_top/u_aes/core/enc_block/g29293' has multiple input pins tied together to net 'u_crypto_synth_top/u_top/u_aes/core/enc_block/n_454'.
**WARN: Instance 'u_crypto_synth_top/u_top/u_aes/core/enc_block/g29298' has multiple input pins tied together to net 'u_crypto_synth_top/u_top/u_aes/core/enc_block/n_806'.
**WARN: Instance 'u_crypto_synth_top/u_top/u_aes/core/enc_block/g29298' has multiple input pins tied together to net 'u_crypto_synth_top/u_top/u_aes/core/enc_new_block[82]'.
**WARN: Instance 'u_crypto_synth_top/u_top/u_aes/core/enc_block/g29299' has multiple input pins tied together to net 'u_crypto_synth_top/u_top/u_aes/core/round_key[49]'.
**WARN: Instance 'u_crypto_synth_top/u_top/u_aes/core/enc_block/g29299' has multiple input pins tied together to net 'u_crypto_synth_top/u_top/u_aes/core/enc_block/n_808'.
**WARN: Instance 'u_crypto_synth_top/u_top/u_aes/core/enc_block/g29300' has multiple input pins tied together to net 'u_crypto_synth_top/u_top/u_aes/core/round_key[52]'.
**WARN: Instance 'u_crypto_synth_top/u_top/u_aes/core/enc_block/g29300' has multiple input pins tied together to net 'u_crypto_synth_top/u_top/u_aes/core/enc_block/n_799'.
**WARN: Instance 'u_crypto_synth_top/u_top/u_aes/core/enc_block/g29301' has multiple input pins tied together to net 'u_crypto_synth_top/u_top/u_aes/core/round_key[19]'.
**WARN: Instance 'u_crypto_synth_top/u_top/u_aes/core/enc_block/g29301' has multiple input pins tied together to net 'u_crypto_synth_top/u_top/u_aes/core/enc_block/n_796'.
**WARN: Instance 'u_crypto_synth_top/u_top/u_aes/core/enc_block/g29302' has multiple input pins tied together to net 'u_crypto_synth_top/u_top/u_aes/core/round_key[20]'.
**WARN: Instance 'u_crypto_synth_top/u_top/u_aes/core/enc_block/g29302' has multiple input pins tied together to net 'u_crypto_synth_top/u_top/u_aes/core/enc_block/n_803'.
**WARN: Instance 'u_crypto_synth_top/u_top/u_aes/core/enc_block/g29303' has multiple input pins tied together to net 'u_crypto_synth_top/u_top/u_aes/core/enc_block/n_772'.
**WARN: Instance 'u_crypto_synth_top/u_top/u_aes/core/enc_block/g29303' has multiple input pins tied together to net 'u_crypto_synth_top/u_top/u_aes/core/enc_new_block[12]'.
**WARN: Instance 'u_crypto_synth_top/u_top/u_aes/core/enc_block/g29304' has multiple input pins tied together to net 'u_crypto_synth_top/u_top/u_aes/core/enc_block/n_790'.
**WARN: Instance 'u_crypto_synth_top/u_top/u_aes/core/enc_block/g29304' has multiple input pins tied together to net 'u_crypto_synth_top/u_top/u_aes/core/enc_new_block[34]'.
**WARN: Instance 'u_crypto_synth_top/u_top/u_aes/core/enc_block/g29305' has multiple input pins tied together to net 'u_crypto_synth_top/u_top/u_aes/core/enc_block/n_775'.
**WARN: Instance 'u_crypto_synth_top/u_top/u_aes/core/enc_block/g29305' has multiple input pins tied together to net 'u_crypto_synth_top/u_top/u_aes/core/enc_new_block[2]'.
**WARN: Instance 'u_crypto_synth_top/u_top/u_aes/core/enc_block/g29306' has multiple input pins tied together to net 'u_crypto_synth_top/u_top/u_aes/core/enc_block/n_781'.
**WARN: Instance 'u_crypto_synth_top/u_top/u_aes/core/enc_block/g29306' has multiple input pins tied together to net 'u_crypto_synth_top/u_top/u_aes/core/enc_new_block[88]'.
**WARN: Instance 'u_crypto_synth_top/u_top/u_aes/core/enc_block/g29307' has multiple input pins tied together to net 'u_crypto_synth_top/u_top/u_aes/core/enc_block/n_784'.
**WARN: Instance 'u_crypto_synth_top/u_top/u_aes/core/enc_block/g29307' has multiple input pins tied together to net 'u_crypto_synth_top/u_top/u_aes/core/enc_new_block[91]'.
**WARN: Instance 'u_crypto_synth_top/u_top/u_aes/core/enc_block/g29308' has multiple input pins tied together to net 'u_crypto_synth_top/u_top/u_aes/core/enc_block/n_785'.
**WARN: Instance 'u_crypto_synth_top/u_top/u_aes/core/enc_block/g29308' has multiple input pins tied together to net 'u_crypto_synth_top/u_top/u_aes/core/enc_new_block[24]'.
**WARN: Instance 'u_crypto_synth_top/u_top/u_aes/core/enc_block/g29309' has multiple input pins tied together to net 'u_crypto_synth_top/u_top/u_aes/core/enc_block/n_787'.
**WARN: Instance 'u_crypto_synth_top/u_top/u_aes/core/enc_block/g29309' has multiple input pins tied together to net 'u_crypto_synth_top/u_top/u_aes/core/enc_new_block[43]'.
**WARN: Instance 'u_crypto_synth_top/u_top/u_aes/core/enc_block/g29310' has multiple input pins tied together to net 'u_crypto_synth_top/u_top/u_aes/core/enc_block/n_778'.
**WARN: Instance 'u_crypto_synth_top/u_top/u_aes/core/enc_block/g29310' has multiple input pins tied together to net 'u_crypto_synth_top/u_top/u_aes/core/enc_new_block[9]'.
**WARN: Instance 'u_crypto_synth_top/u_top/u_aes/core/enc_block/g29311' has multiple input pins tied together to net 'u_crypto_synth_top/u_top/u_aes/core/enc_block/n_779'.
**WARN: Instance 'u_crypto_synth_top/u_top/u_aes/core/enc_block/g29311' has multiple input pins tied together to net 'u_crypto_synth_top/u_top/u_aes/core/enc_new_block[41]'.
**WARN: Instance 'u_crypto_synth_top/u_top/u_aes/core/enc_block/g29312' has multiple input pins tied together to net 'u_crypto_synth_top/u_top/u_aes/core/enc_block/n_780'.
**WARN: Instance 'u_crypto_synth_top/u_top/u_aes/core/enc_block/g29312' has multiple input pins tied together to net 'u_crypto_synth_top/u_top/u_aes/core/enc_new_block[120]'.
**WARN: Instance 'u_crypto_synth_top/u_top/u_aes/core/enc_block/g29329' has multiple input pins tied together to net 'u_crypto_synth_top/u_top/u_aes/core/enc_block/n_250'.
**WARN: Instance 'u_crypto_synth_top/u_top/u_aes/core/enc_block/g29329' has multiple input pins tied together to net 'u_crypto_synth_top/u_top/u_aes/block_reg[2][31]'.
**WARN: Instance 'u_crypto_synth_top/u_top/u_aes/core/enc_block/g29331' has multiple input pins tied together to net 'u_crypto_synth_top/u_top/u_aes/core/round_key[36]'.
**WARN: Instance 'u_crypto_synth_top/u_top/u_aes/core/enc_block/g29331' has multiple input pins tied together to net 'u_crypto_synth_top/u_top/u_aes/core/enc_block/n_142'.
**WARN: Instance 'u_crypto_synth_top/u_top/u_aes/core/enc_block/g29335' has multiple input pins tied together to net 'u_crypto_synth_top/u_top/u_aes/core/round_key[35]'.
**WARN: Instance 'u_crypto_synth_top/u_top/u_aes/core/enc_block/g29335' has multiple input pins tied together to net 'u_crypto_synth_top/u_top/u_aes/core/enc_block/n_126'.
**WARN: Instance 'u_crypto_synth_top/u_top/u_aes/core/enc_block/g29338' has multiple input pins tied together to net 'u_crypto_synth_top/u_top/u_aes/core/round_key[33]'.
**WARN: Instance 'u_crypto_synth_top/u_top/u_aes/core/enc_block/g29338' has multiple input pins tied together to net 'u_crypto_synth_top/u_top/u_aes/core/enc_block/n_17'.
**WARN: Instance 'u_crypto_synth_top/u_top/u_aes/core/enc_block/g29345' has multiple input pins tied together to net 'u_crypto_synth_top/u_top/u_aes/core/round_key[95]'.
**WARN: Instance 'u_crypto_synth_top/u_top/u_aes/core/enc_block/g29345' has multiple input pins tied together to net 'u_crypto_synth_top/u_top/u_aes/core/enc_block/n_134'.
**WARN: Instance 'u_crypto_synth_top/u_top/u_aes/core/enc_block/g29347' has multiple input pins tied together to net 'u_crypto_synth_top/u_top/u_aes/core/round_key[94]'.
**WARN: Instance 'u_crypto_synth_top/u_top/u_aes/core/enc_block/g29347' has multiple input pins tied together to net 'u_crypto_synth_top/u_top/u_aes/core/enc_block/n_75'.
**WARN: Instance 'u_crypto_synth_top/u_top/u_aes/core/enc_block/g29352' has multiple input pins tied together to net 'u_crypto_synth_top/u_top/u_aes/core/round_key[101]'.
**WARN: Instance 'u_crypto_synth_top/u_top/u_aes/core/enc_block/g29352' has multiple input pins tied together to net 'u_crypto_synth_top/u_top/u_aes/core/enc_block/n_27'.
**WARN: Instance 'u_crypto_synth_top/u_top/u_aes/core/enc_block/g29354' has multiple input pins tied together to net 'u_crypto_synth_top/u_top/u_aes/core/enc_block/n_293'.
**WARN: Instance 'u_crypto_synth_top/u_top/u_aes/core/enc_block/g29354' has multiple input pins tied together to net 'u_crypto_synth_top/u_top/u_aes/block_reg[1][24]'.
**WARN: Instance 'u_crypto_synth_top/u_top/u_aes/core/enc_block/g29355' has multiple input pins tied together to net 'u_crypto_synth_top/u_top/u_aes/core/enc_block/n_189'.
**WARN: Instance 'u_crypto_synth_top/u_top/u_aes/core/enc_block/g29355' has multiple input pins tied together to net 'u_crypto_synth_top/u_top/u_aes/block_reg[3][26]'.
**WARN: Instance 'u_crypto_synth_top/u_top/u_aes/core/enc_block/g29356' has multiple input pins tied together to net 'u_crypto_synth_top/u_top/u_aes/core/enc_block/n_202'.
**WARN: Instance 'u_crypto_synth_top/u_top/u_aes/core/enc_block/g29356' has multiple input pins tied together to net 'u_crypto_synth_top/u_top/u_aes/block_reg[3][28]'.
**WARN: Instance 'u_crypto_synth_top/u_top/u_aes/core/enc_block/g29357' has multiple input pins tied together to net 'u_crypto_synth_top/u_top/u_aes/core/enc_block/n_234'.
**WARN: Instance 'u_crypto_synth_top/u_top/u_aes/core/enc_block/g29357' has multiple input pins tied together to net 'u_crypto_synth_top/u_top/u_aes/block_reg[0][17]'.
**WARN: Instance 'u_crypto_synth_top/u_top/u_aes/core/enc_block/g29358' has multiple input pins tied together to net 'u_crypto_synth_top/u_top/u_aes/core/FE_OFN10405_round_key_30'.
**WARN: Instance 'u_crypto_synth_top/u_top/u_aes/core/enc_block/g29358' has multiple input pins tied together to net 'u_crypto_synth_top/u_top/u_aes/block_reg[3][30]'.
**WARN: Instance 'u_crypto_synth_top/u_top/u_aes/core/enc_block/g29359' has multiple input pins tied together to net 'u_crypto_synth_top/u_top/u_aes/core/enc_block/n_179'.
**WARN: Instance 'u_crypto_synth_top/u_top/u_aes/core/enc_block/g29359' has multiple input pins tied together to net 'u_crypto_synth_top/u_top/u_aes/block_reg[0][18]'.
**WARN: Instance 'u_crypto_synth_top/u_top/u_aes/core/enc_block/g29360' has multiple input pins tied together to net 'u_crypto_synth_top/u_top/u_aes/core/enc_block/n_219'.
**WARN: Instance 'u_crypto_synth_top/u_top/u_aes/core/enc_block/g29360' has multiple input pins tied together to net 'u_crypto_synth_top/u_top/u_aes/block_reg[2][25]'.
**WARN: Instance 'u_crypto_synth_top/u_top/u_aes/core/enc_block/g29361' has multiple input pins tied together to net 'u_crypto_synth_top/u_top/u_aes/core/enc_block/n_176'.
**WARN: Instance 'u_crypto_synth_top/u_top/u_aes/core/enc_block/g29361' has multiple input pins tied together to net 'u_crypto_synth_top/u_top/u_aes/block_reg[0][20]'.
**WARN: Instance 'u_crypto_synth_top/u_top/u_aes/core/enc_block/g29362' has multiple input pins tied together to net 'u_crypto_synth_top/u_top/u_aes/core/enc_block/n_182'.
**WARN: Instance 'u_crypto_synth_top/u_top/u_aes/core/enc_block/g29362' has multiple input pins tied together to net 'u_crypto_synth_top/u_top/u_aes/block_reg[1][25]'.
**WARN: Instance 'u_crypto_synth_top/u_top/u_aes/core/enc_block/g29363' has multiple input pins tied together to net 'u_crypto_synth_top/u_top/u_aes/core/enc_block/n_278'.
**WARN: Instance 'u_crypto_synth_top/u_top/u_aes/core/enc_block/g29364' has multiple input pins tied together to net 'u_crypto_synth_top/u_top/u_aes/core/enc_block/n_246'.
**WARN: Instance 'u_crypto_synth_top/u_top/u_aes/core/enc_block/g29364' has multiple input pins tied together to net 'u_crypto_synth_top/u_top/u_aes/block_reg[3][12]'.
**WARN: Instance 'u_crypto_synth_top/u_top/u_aes/core/enc_block/g29365' has multiple input pins tied together to net 'u_crypto_synth_top/u_top/u_aes/core/enc_block/n_266'.
**WARN: Instance 'u_crypto_synth_top/u_top/u_aes/core/enc_block/g29365' has multiple input pins tied together to net 'u_crypto_synth_top/u_top/u_aes/block_reg[0][21]'.
**WARN: Instance 'u_crypto_synth_top/u_top/u_aes/core/enc_block/g29366' has multiple input pins tied together to net 'u_crypto_synth_top/u_top/u_aes/core/enc_block/n_240'.
**WARN: Instance 'u_crypto_synth_top/u_top/u_aes/core/enc_block/g29366' has multiple input pins tied together to net 'u_crypto_synth_top/u_top/u_aes/block_reg[1][26]'.
**WARN: Instance 'u_crypto_synth_top/u_top/u_aes/core/enc_block/g29367' has multiple input pins tied together to net 'u_crypto_synth_top/u_top/u_aes/core/enc_block/n_204'.
**WARN: Instance 'u_crypto_synth_top/u_top/u_aes/core/enc_block/g29367' has multiple input pins tied together to net 'u_crypto_synth_top/u_top/u_aes/block_reg[0][3]'.
**WARN: Instance 'u_crypto_synth_top/u_top/u_aes/core/enc_block/g29368' has multiple input pins tied together to net 'u_crypto_synth_top/u_top/u_aes/core/enc_block/n_272'.
**WARN: Instance 'u_crypto_synth_top/u_top/u_aes/core/enc_block/g29368' has multiple input pins tied together to net 'u_crypto_synth_top/u_top/u_aes/block_reg[3][8]'.
**WARN: Instance 'u_crypto_synth_top/u_top/u_aes/core/enc_block/g29369' has multiple input pins tied together to net 'u_crypto_synth_top/u_top/u_aes/core/enc_block/n_230'.
**WARN: Instance 'u_crypto_synth_top/u_top/u_aes/core/enc_block/g29369' has multiple input pins tied together to net 'u_crypto_synth_top/u_top/u_aes/block_reg[1][27]'.
**WARN: Instance 'u_crypto_synth_top/u_top/u_aes/core/enc_block/g29370' has multiple input pins tied together to net 'u_crypto_synth_top/u_top/u_aes/core/enc_block/n_193'.
**WARN: Instance 'u_crypto_synth_top/u_top/u_aes/core/enc_block/g29370' has multiple input pins tied together to net 'u_crypto_synth_top/u_top/u_aes/block_reg[0][22]'.
**WARN: Instance 'u_crypto_synth_top/u_top/u_aes/core/enc_block/g29371' has multiple input pins tied together to net 'u_crypto_synth_top/u_top/u_aes/core/enc_block/n_289'.
**WARN: Instance 'u_crypto_synth_top/u_top/u_aes/core/enc_block/g29371' has multiple input pins tied together to net 'u_crypto_synth_top/u_top/u_aes/block_reg[1][22]'.
**WARN: Instance 'u_crypto_synth_top/u_top/u_aes/core/enc_block/g29372' has multiple input pins tied together to net 'u_crypto_synth_top/u_top/u_aes/core/enc_block/n_222'.
**WARN: Instance 'u_crypto_synth_top/u_top/u_aes/core/enc_block/g29372' has multiple input pins tied together to net 'u_crypto_synth_top/u_top/u_aes/block_reg[1][28]'.
**WARN: Instance 'u_crypto_synth_top/u_top/u_aes/core/enc_block/g29373' has multiple input pins tied together to net 'u_crypto_synth_top/u_top/u_aes/core/enc_block/n_186'.
**WARN: Instance 'u_crypto_synth_top/u_top/u_aes/core/enc_block/g29373' has multiple input pins tied together to net 'u_crypto_synth_top/u_top/u_aes/block_reg[1][29]'.
**WARN: Instance 'u_crypto_synth_top/u_top/u_aes/core/enc_block/g29374' has multiple input pins tied together to net 'u_crypto_synth_top/u_top/u_aes/core/enc_block/n_298'.
**WARN: Instance 'u_crypto_synth_top/u_top/u_aes/core/enc_block/g29374' has multiple input pins tied together to net 'u_crypto_synth_top/u_top/u_aes/block_reg[0][23]'.
**WARN: Instance 'u_crypto_synth_top/u_top/u_aes/core/enc_block/g29375' has multiple input pins tied together to net 'u_crypto_synth_top/u_top/u_aes/core/enc_block/n_243'.
**WARN: Instance 'u_crypto_synth_top/u_top/u_aes/core/enc_block/g29375' has multiple input pins tied together to net 'u_crypto_synth_top/u_top/u_aes/block_reg[3][6]'.
**WARN: Instance 'u_crypto_synth_top/u_top/u_aes/core/enc_block/g29376' has multiple input pins tied together to net 'u_crypto_synth_top/u_top/u_aes/core/FE_OFN10414_round_key_94'.
**WARN: Instance 'u_crypto_synth_top/u_top/u_aes/core/enc_block/g29376' has multiple input pins tied together to net 'u_crypto_synth_top/u_top/u_aes/block_reg[1][30]'.
**WARN: Instance 'u_crypto_synth_top/u_top/u_aes/core/enc_block/g29377' has multiple input pins tied together to net 'u_crypto_synth_top/u_top/u_aes/core/FE_OFN10412_round_key_61'.
**WARN: Instance 'u_crypto_synth_top/u_top/u_aes/core/enc_block/g29377' has multiple input pins tied together to net 'u_crypto_synth_top/u_top/u_aes/block_reg[2][29]'.
**WARN: Instance 'u_crypto_synth_top/u_top/u_aes/core/enc_block/g29378' has multiple input pins tied together to net 'u_crypto_synth_top/u_top/u_aes/core/enc_block/n_181'.
**WARN: Instance 'u_crypto_synth_top/u_top/u_aes/core/enc_block/g29378' has multiple input pins tied together to net 'u_crypto_synth_top/u_top/u_aes/block_reg[2][8]'.
**WARN: Instance 'u_crypto_synth_top/u_top/u_aes/core/enc_block/g29379' has multiple input pins tied together to net 'u_crypto_synth_top/u_top/u_aes/core/enc_block/n_188'.
**WARN: Instance 'u_crypto_synth_top/u_top/u_aes/core/enc_block/g29379' has multiple input pins tied together to net 'u_crypto_synth_top/u_top/u_aes/block_reg[0][4]'.
**WARN: Instance 'u_crypto_synth_top/u_top/u_aes/core/enc_block/g29380' has multiple input pins tied together to net 'u_crypto_synth_top/u_top/u_aes/core/enc_block/n_203'.
**WARN: Instance 'u_crypto_synth_top/u_top/u_aes/core/enc_block/g29380' has multiple input pins tied together to net 'u_crypto_synth_top/u_top/u_aes/block_reg[3][23]'.
**WARN: Instance 'u_crypto_synth_top/u_top/u_aes/core/enc_block/g29381' has multiple input pins tied together to net 'u_crypto_synth_top/u_top/u_aes/core/enc_block/n_172'.
**WARN: Instance 'u_crypto_synth_top/u_top/u_aes/core/enc_block/g29381' has multiple input pins tied together to net 'u_crypto_synth_top/u_top/u_aes/block_reg[0][24]'.
**WARN: Instance 'u_crypto_synth_top/u_top/u_aes/core/enc_block/g29382' has multiple input pins tied together to net 'u_crypto_synth_top/u_top/u_aes/core/FE_OFN10409_round_key_2'.
**WARN: Instance 'u_crypto_synth_top/u_top/u_aes/core/enc_block/g29382' has multiple input pins tied together to net 'u_crypto_synth_top/u_top/u_aes/block_reg[3][2]'.
**WARN: Instance 'u_crypto_synth_top/u_top/u_aes/core/enc_block/g29383' has multiple input pins tied together to net 'u_crypto_synth_top/u_top/u_aes/core/enc_block/n_218'.
**WARN: Instance 'u_crypto_synth_top/u_top/u_aes/core/enc_block/g29383' has multiple input pins tied together to net 'u_crypto_synth_top/u_top/u_aes/block_reg[2][0]'.
**WARN: Instance 'u_crypto_synth_top/u_top/u_aes/core/enc_block/g29384' has multiple input pins tied together to net 'u_crypto_synth_top/u_top/u_aes/core/enc_block/n_276'.
**WARN: Instance 'u_crypto_synth_top/u_top/u_aes/core/enc_block/g29384' has multiple input pins tied together to net 'u_crypto_synth_top/u_top/u_aes/block_reg[2][1]'.
**WARN: Instance 'u_crypto_synth_top/u_top/u_aes/core/enc_block/g29385' has multiple input pins tied together to net 'u_crypto_synth_top/u_top/u_aes/core/enc_block/n_215'.
**WARN: Instance 'u_crypto_synth_top/u_top/u_aes/core/enc_block/g29385' has multiple input pins tied together to net 'u_crypto_synth_top/u_top/u_aes/block_reg[1][21]'.
**WARN: Instance 'u_crypto_synth_top/u_top/u_aes/core/enc_block/g29386' has multiple input pins tied together to net 'u_crypto_synth_top/u_top/u_aes/core/enc_block/n_208'.
**WARN: Instance 'u_crypto_synth_top/u_top/u_aes/core/enc_block/g29386' has multiple input pins tied together to net 'u_crypto_synth_top/u_top/u_aes/block_reg[0][25]'.
**WARN: Instance 'u_crypto_synth_top/u_top/u_aes/core/enc_block/g29387' has multiple input pins tied together to net 'u_crypto_synth_top/u_top/u_aes/core/enc_block/n_196'.
**WARN: Instance 'u_crypto_synth_top/u_top/u_aes/core/enc_block/g29387' has multiple input pins tied together to net 'u_crypto_synth_top/u_top/u_aes/block_reg[2][2]'.
**WARN: Instance 'u_crypto_synth_top/u_top/u_aes/core/enc_block/g29388' has multiple input pins tied together to net 'u_crypto_synth_top/u_top/u_aes/core/enc_block/n_291'.
**WARN: Instance 'u_crypto_synth_top/u_top/u_aes/core/enc_block/g29388' has multiple input pins tied together to net 'u_crypto_synth_top/u_top/u_aes/block_reg[2][3]'.
**WARN: Instance 'u_crypto_synth_top/u_top/u_aes/core/enc_block/g29389' has multiple input pins tied together to net 'u_crypto_synth_top/u_top/u_aes/core/enc_block/n_248'.
**WARN: Instance 'u_crypto_synth_top/u_top/u_aes/core/enc_block/g29389' has multiple input pins tied together to net 'u_crypto_synth_top/u_top/u_aes/block_reg[0][26]'.
**WARN: Instance 'u_crypto_synth_top/u_top/u_aes/core/enc_block/g29390' has multiple input pins tied together to net 'u_crypto_synth_top/u_top/u_aes/core/enc_block/n_245'.
**WARN: Instance 'u_crypto_synth_top/u_top/u_aes/core/enc_block/g29390' has multiple input pins tied together to net 'u_crypto_synth_top/u_top/u_aes/block_reg[0][10]'.
**WARN: Instance 'u_crypto_synth_top/u_top/u_aes/core/enc_block/g29391' has multiple input pins tied together to net 'u_crypto_synth_top/u_top/u_aes/core/enc_block/n_231'.
**WARN: Instance 'u_crypto_synth_top/u_top/u_aes/core/enc_block/g29391' has multiple input pins tied together to net 'u_crypto_synth_top/u_top/u_aes/block_reg[0][15]'.
**WARN: Instance 'u_crypto_synth_top/u_top/u_aes/core/enc_block/g29392' has multiple input pins tied together to net 'u_crypto_synth_top/u_top/u_aes/core/enc_block/n_256'.
**WARN: Instance 'u_crypto_synth_top/u_top/u_aes/core/enc_block/g29392' has multiple input pins tied together to net 'u_crypto_synth_top/u_top/u_aes/block_reg[0][5]'.
**WARN: Instance 'u_crypto_synth_top/u_top/u_aes/core/enc_block/g29393' has multiple input pins tied together to net 'u_crypto_synth_top/u_top/u_aes/core/enc_block/n_184'.
**WARN: Instance 'u_crypto_synth_top/u_top/u_aes/core/enc_block/g29393' has multiple input pins tied together to net 'u_crypto_synth_top/u_top/u_aes/block_reg[2][4]'.
**WARN: Instance 'u_crypto_synth_top/u_top/u_aes/core/enc_block/g29394' has multiple input pins tied together to net 'u_crypto_synth_top/u_top/u_aes/core/enc_block/n_173'.
**WARN: Instance 'u_crypto_synth_top/u_top/u_aes/core/enc_block/g29394' has multiple input pins tied together to net 'u_crypto_synth_top/u_top/u_aes/block_reg[0][27]'.
**WARN: Instance 'u_crypto_synth_top/u_top/u_aes/core/enc_block/g29395' has multiple input pins tied together to net 'u_crypto_synth_top/u_top/u_aes/core/enc_block/n_205'.
**WARN: Instance 'u_crypto_synth_top/u_top/u_aes/core/enc_block/g29395' has multiple input pins tied together to net 'u_crypto_synth_top/u_top/u_aes/block_reg[2][5]'.
**WARN: Instance 'u_crypto_synth_top/u_top/u_aes/core/enc_block/g29396' has multiple input pins tied together to net 'u_crypto_synth_top/u_top/u_aes/core/enc_block/n_201'.
**WARN: Instance 'u_crypto_synth_top/u_top/u_aes/core/enc_block/g29396' has multiple input pins tied together to net 'u_crypto_synth_top/u_top/u_aes/block_reg[0][14]'.
**WARN: Instance 'u_crypto_synth_top/u_top/u_aes/core/enc_block/g29397' has multiple input pins tied together to net 'u_crypto_synth_top/u_top/u_aes/core/enc_block/n_226'.
**WARN: Instance 'u_crypto_synth_top/u_top/u_aes/core/enc_block/g29397' has multiple input pins tied together to net 'u_crypto_synth_top/u_top/u_aes/block_reg[0][28]'.
**WARN: Instance 'u_crypto_synth_top/u_top/u_aes/core/enc_block/g29398' has multiple input pins tied together to net 'u_crypto_synth_top/u_top/u_aes/core/enc_block/n_279'.
**WARN: Instance 'u_crypto_synth_top/u_top/u_aes/core/enc_block/g29398' has multiple input pins tied together to net 'u_crypto_synth_top/u_top/u_aes/block_reg[2][7]'.
**WARN: Instance 'u_crypto_synth_top/u_top/u_aes/core/enc_block/g29399' has multiple input pins tied together to net 'u_crypto_synth_top/u_top/u_aes/core/enc_block/n_217'.
**WARN: Instance 'u_crypto_synth_top/u_top/u_aes/core/enc_block/g29399' has multiple input pins tied together to net 'u_crypto_synth_top/u_top/u_aes/block_reg[0][6]'.
**WARN: Instance 'u_crypto_synth_top/u_top/u_aes/core/enc_block/g29400' has multiple input pins tied together to net 'u_crypto_synth_top/u_top/u_aes/core/enc_block/n_263'.
**WARN: Instance 'u_crypto_synth_top/u_top/u_aes/core/enc_block/g29400' has multiple input pins tied together to net 'u_crypto_synth_top/u_top/u_aes/block_reg[0][29]'.
**WARN: Instance 'u_crypto_synth_top/u_top/u_aes/core/enc_block/g29401' has multiple input pins tied together to net 'u_crypto_synth_top/u_top/u_aes/core/enc_block/n_290'.
**WARN: Instance 'u_crypto_synth_top/u_top/u_aes/core/enc_block/g29401' has multiple input pins tied together to net 'u_crypto_synth_top/u_top/u_aes/block_reg[2][9]'.
**WARN: Instance 'u_crypto_synth_top/u_top/u_aes/core/enc_block/g29402' has multiple input pins tied together to net 'u_crypto_synth_top/u_top/u_aes/core/enc_block/n_241'.
**WARN: Instance 'u_crypto_synth_top/u_top/u_aes/core/enc_block/g29402' has multiple input pins tied together to net 'u_crypto_synth_top/u_top/u_aes/block_reg[2][10]'.
**WARN: Instance 'u_crypto_synth_top/u_top/u_aes/core/enc_block/g29403' has multiple input pins tied together to net 'u_crypto_synth_top/u_top/u_aes/core/enc_block/n_228'.
**WARN: Instance 'u_crypto_synth_top/u_top/u_aes/core/enc_block/g29403' has multiple input pins tied together to net 'u_crypto_synth_top/u_top/u_aes/block_reg[0][30]'.
**WARN: Instance 'u_crypto_synth_top/u_top/u_aes/core/enc_block/g29404' has multiple input pins tied together to net 'u_crypto_synth_top/u_top/u_aes/core/enc_block/n_260'.
**WARN: Instance 'u_crypto_synth_top/u_top/u_aes/core/enc_block/g29404' has multiple input pins tied together to net 'u_crypto_synth_top/u_top/u_aes/block_reg[2][11]'.
**WARN: Instance 'u_crypto_synth_top/u_top/u_aes/core/enc_block/g29405' has multiple input pins tied together to net 'u_crypto_synth_top/u_top/u_aes/core/enc_block/n_280'.
**WARN: Instance 'u_crypto_synth_top/u_top/u_aes/core/enc_block/g29405' has multiple input pins tied together to net 'u_crypto_synth_top/u_top/u_aes/block_reg[0][7]'.
**WARN: Instance 'u_crypto_synth_top/u_top/u_aes/core/enc_block/g29406' has multiple input pins tied together to net 'u_crypto_synth_top/u_top/u_aes/core/enc_block/n_238'.
**WARN: Instance 'u_crypto_synth_top/u_top/u_aes/core/enc_block/g29406' has multiple input pins tied together to net 'u_crypto_synth_top/u_top/u_aes/block_reg[2][12]'.
**WARN: Instance 'u_crypto_synth_top/u_top/u_aes/core/enc_block/g29407' has multiple input pins tied together to net 'u_crypto_synth_top/u_top/u_aes/core/enc_block/n_282'.
**WARN: Instance 'u_crypto_synth_top/u_top/u_aes/core/enc_block/g29407' has multiple input pins tied together to net 'u_crypto_synth_top/u_top/u_aes/block_reg[1][10]'.
**WARN: Instance 'u_crypto_synth_top/u_top/u_aes/core/enc_block/g29408' has multiple input pins tied together to net 'u_crypto_synth_top/u_top/u_aes/core/enc_block/n_257'.
**WARN: Instance 'u_crypto_synth_top/u_top/u_aes/core/enc_block/g29408' has multiple input pins tied together to net 'u_crypto_synth_top/u_top/u_aes/block_reg[2][14]'.
**WARN: Instance 'u_crypto_synth_top/u_top/u_aes/core/enc_block/g29409' has multiple input pins tied together to net 'u_crypto_synth_top/u_top/u_aes/core/enc_block/n_267'.
**WARN: Instance 'u_crypto_synth_top/u_top/u_aes/core/enc_block/g29409' has multiple input pins tied together to net 'u_crypto_synth_top/u_top/u_aes/block_reg[1][14]'.
**WARN: Instance 'u_crypto_synth_top/u_top/u_aes/core/enc_block/g29410' has multiple input pins tied together to net 'u_crypto_synth_top/u_top/u_aes/core/enc_block/n_268'.
**WARN: Instance 'u_crypto_synth_top/u_top/u_aes/core/enc_block/g29410' has multiple input pins tied together to net 'u_crypto_synth_top/u_top/u_aes/block_reg[1][0]'.
**WARN: Instance 'u_crypto_synth_top/u_top/u_aes/core/enc_block/g29411' has multiple input pins tied together to net 'u_crypto_synth_top/u_top/u_aes/core/enc_block/n_225'.
**WARN: Instance 'u_crypto_synth_top/u_top/u_aes/core/enc_block/g29411' has multiple input pins tied together to net 'u_crypto_synth_top/u_top/u_aes/block_reg[2][15]'.
**WARN: Instance 'u_crypto_synth_top/u_top/u_aes/core/enc_block/g29412' has multiple input pins tied together to net 'u_crypto_synth_top/u_top/u_aes/core/enc_block/n_249'.
**WARN: Instance 'u_crypto_synth_top/u_top/u_aes/core/enc_block/g29412' has multiple input pins tied together to net 'u_crypto_synth_top/u_top/u_aes/block_reg[0][19]'.
**WARN: Instance 'u_crypto_synth_top/u_top/u_aes/core/enc_block/g29413' has multiple input pins tied together to net 'u_crypto_synth_top/u_top/u_aes/core/enc_block/n_209'.
**WARN: Instance 'u_crypto_synth_top/u_top/u_aes/core/enc_block/g29413' has multiple input pins tied together to net 'u_crypto_synth_top/u_top/u_aes/block_reg[2][26]'.
**WARN: Instance 'u_crypto_synth_top/u_top/u_aes/core/enc_block/g29414' has multiple input pins tied together to net 'u_crypto_synth_top/u_top/u_aes/core/enc_block/n_187'.
**WARN: Instance 'u_crypto_synth_top/u_top/u_aes/core/enc_block/g29414' has multiple input pins tied together to net 'u_crypto_synth_top/u_top/u_aes/block_reg[2][16]'.
**WARN: Instance 'u_crypto_synth_top/u_top/u_aes/core/enc_block/g29415' has multiple input pins tied together to net 'u_crypto_synth_top/u_top/u_aes/core/enc_block/n_220'.
**WARN: Instance 'u_crypto_synth_top/u_top/u_aes/core/enc_block/g29415' has multiple input pins tied together to net 'u_crypto_synth_top/u_top/u_aes/block_reg[0][8]'.
**WARN: Instance 'u_crypto_synth_top/u_top/u_aes/core/enc_block/g29416' has multiple input pins tied together to net 'u_crypto_synth_top/u_top/u_aes/core/FE_OFN10408_round_key_65'.
**WARN: Instance 'u_crypto_synth_top/u_top/u_aes/core/enc_block/g29416' has multiple input pins tied together to net 'u_crypto_synth_top/u_top/u_aes/block_reg[1][1]'.
**WARN: Instance 'u_crypto_synth_top/u_top/u_aes/core/enc_block/g29417' has multiple input pins tied together to net 'u_crypto_synth_top/u_top/u_aes/core/enc_block/n_292'.
**WARN: Instance 'u_crypto_synth_top/u_top/u_aes/core/enc_block/g29417' has multiple input pins tied together to net 'u_crypto_synth_top/u_top/u_aes/block_reg[2][17]'.
**WARN: Instance 'u_crypto_synth_top/u_top/u_aes/core/enc_block/g29418' has multiple input pins tied together to net 'u_crypto_synth_top/u_top/u_aes/core/FE_OFN10403_round_key_105'.
**WARN: Instance 'u_crypto_synth_top/u_top/u_aes/core/enc_block/g29418' has multiple input pins tied together to net 'u_crypto_synth_top/u_top/u_aes/block_reg[0][9]'.
**WARN: Instance 'u_crypto_synth_top/u_top/u_aes/core/enc_block/g29419' has multiple input pins tied together to net 'u_crypto_synth_top/u_top/u_aes/core/enc_block/n_192'.
**WARN: Instance 'u_crypto_synth_top/u_top/u_aes/core/enc_block/g29419' has multiple input pins tied together to net 'u_crypto_synth_top/u_top/u_aes/block_reg[3][25]'.
**WARN: Instance 'u_crypto_synth_top/u_top/u_aes/core/enc_block/g29420' has multiple input pins tied together to net 'u_crypto_synth_top/u_top/u_aes/core/enc_block/n_244'.
**WARN: Instance 'u_crypto_synth_top/u_top/u_aes/core/enc_block/g29420' has multiple input pins tied together to net 'u_crypto_synth_top/u_top/u_aes/block_reg[2][18]'.
**WARN: Instance 'u_crypto_synth_top/u_top/u_aes/core/enc_block/g29421' has multiple input pins tied together to net 'u_crypto_synth_top/u_top/u_aes/core/enc_block/n_223'.
**WARN: Instance 'u_crypto_synth_top/u_top/u_aes/core/enc_block/g29421' has multiple input pins tied together to net 'u_crypto_synth_top/u_top/u_aes/block_reg[1][16]'.
**WARN: Instance 'u_crypto_synth_top/u_top/u_aes/core/enc_block/g29422' has multiple input pins tied together to net 'u_crypto_synth_top/u_top/u_aes/core/FE_OFN1214_round_key_87'.
**WARN: Instance 'u_crypto_synth_top/u_top/u_aes/core/enc_block/g29422' has multiple input pins tied together to net 'u_crypto_synth_top/u_top/u_aes/block_reg[1][23]'.
**WARN: Instance 'u_crypto_synth_top/u_top/u_aes/core/enc_block/g29423' has multiple input pins tied together to net 'u_crypto_synth_top/u_top/u_aes/core/enc_block/n_251'.
**WARN: Instance 'u_crypto_synth_top/u_top/u_aes/core/enc_block/g29423' has multiple input pins tied together to net 'u_crypto_synth_top/u_top/u_aes/block_reg[1][15]'.
**WARN: Instance 'u_crypto_synth_top/u_top/u_aes/core/enc_block/g29424' has multiple input pins tied together to net 'u_crypto_synth_top/u_top/u_aes/core/enc_block/n_271'.
**WARN: Instance 'u_crypto_synth_top/u_top/u_aes/core/enc_block/g29424' has multiple input pins tied together to net 'u_crypto_synth_top/u_top/u_aes/block_reg[2][19]'.
**WARN: Instance 'u_crypto_synth_top/u_top/u_aes/core/enc_block/g29425' has multiple input pins tied together to net 'u_crypto_synth_top/u_top/u_aes/core/enc_block/n_177'.
**WARN: Instance 'u_crypto_synth_top/u_top/u_aes/core/enc_block/g29425' has multiple input pins tied together to net 'u_crypto_synth_top/u_top/u_aes/block_reg[1][2]'.
**WARN: Instance 'u_crypto_synth_top/u_top/u_aes/core/enc_block/g29426' has multiple input pins tied together to net 'u_crypto_synth_top/u_top/u_aes/core/enc_block/n_229'.
**WARN: Instance 'u_crypto_synth_top/u_top/u_aes/core/enc_block/g29426' has multiple input pins tied together to net 'u_crypto_synth_top/u_top/u_aes/block_reg[2][20]'.
**WARN: Instance 'u_crypto_synth_top/u_top/u_aes/core/enc_block/g29427' has multiple input pins tied together to net 'u_crypto_synth_top/u_top/u_aes/core/enc_block/n_214'.
**WARN: Instance 'u_crypto_synth_top/u_top/u_aes/core/enc_block/g29427' has multiple input pins tied together to net 'u_crypto_synth_top/u_top/u_aes/block_reg[2][21]'.
**WARN: Instance 'u_crypto_synth_top/u_top/u_aes/core/enc_block/g29428' has multiple input pins tied together to net 'u_crypto_synth_top/u_top/u_aes/core/enc_block/n_294'.
**WARN: Instance 'u_crypto_synth_top/u_top/u_aes/core/enc_block/g29428' has multiple input pins tied together to net 'u_crypto_synth_top/u_top/u_aes/block_reg[2][23]'.
**WARN: Instance 'u_crypto_synth_top/u_top/u_aes/core/enc_block/g29429' has multiple input pins tied together to net 'u_crypto_synth_top/u_top/u_aes/core/enc_block/n_254'.
**WARN: Instance 'u_crypto_synth_top/u_top/u_aes/core/enc_block/g29429' has multiple input pins tied together to net 'u_crypto_synth_top/u_top/u_aes/block_reg[1][4]'.
**WARN: Instance 'u_crypto_synth_top/u_top/u_aes/core/enc_block/g29430' has multiple input pins tied together to net 'u_crypto_synth_top/u_top/u_aes/core/enc_block/n_275'.
**WARN: Instance 'u_crypto_synth_top/u_top/u_aes/core/enc_block/g29430' has multiple input pins tied together to net 'u_crypto_synth_top/u_top/u_aes/block_reg[2][24]'.
**WARN: Instance 'u_crypto_synth_top/u_top/u_aes/core/enc_block/g29431' has multiple input pins tied together to net 'u_crypto_synth_top/u_top/u_aes/core/enc_block/n_274'.
**WARN: Instance 'u_crypto_synth_top/u_top/u_aes/core/enc_block/g29431' has multiple input pins tied together to net 'u_crypto_synth_top/u_top/u_aes/block_reg[1][5]'.
**WARN: Instance 'u_crypto_synth_top/u_top/u_aes/core/enc_block/g29432' has multiple input pins tied together to net 'u_crypto_synth_top/u_top/u_aes/core/FE_OFN10410_round_key_59'.
**WARN: Instance 'u_crypto_synth_top/u_top/u_aes/core/enc_block/g29432' has multiple input pins tied together to net 'u_crypto_synth_top/u_top/u_aes/block_reg[2][27]'.
**WARN: Instance 'u_crypto_synth_top/u_top/u_aes/core/enc_block/g29433' has multiple input pins tied together to net 'u_crypto_synth_top/u_top/u_aes/core/FE_OFN10413_round_key_60'.
**WARN: Instance 'u_crypto_synth_top/u_top/u_aes/core/enc_block/g29433' has multiple input pins tied together to net 'u_crypto_synth_top/u_top/u_aes/block_reg[2][28]'.
**WARN: Instance 'u_crypto_synth_top/u_top/u_aes/core/enc_block/g29434' has multiple input pins tied together to net 'u_crypto_synth_top/u_top/u_aes/core/enc_block/n_273'.
**WARN: Instance 'u_crypto_synth_top/u_top/u_aes/core/enc_block/g29434' has multiple input pins tied together to net 'u_crypto_synth_top/u_top/u_aes/block_reg[0][11]'.
**WARN: Instance 'u_crypto_synth_top/u_top/u_aes/core/enc_block/g29435' has multiple input pins tied together to net 'u_crypto_synth_top/u_top/u_aes/core/FE_OFN10404_round_key_31'.
**WARN: Instance 'u_crypto_synth_top/u_top/u_aes/core/enc_block/g29435' has multiple input pins tied together to net 'u_crypto_synth_top/u_top/u_aes/block_reg[3][31]'.
**WARN: Instance 'u_crypto_synth_top/u_top/u_aes/core/enc_block/g29436' has multiple input pins tied together to net 'u_crypto_synth_top/u_top/u_aes/core/enc_block/n_286'.
**WARN: Instance 'u_crypto_synth_top/u_top/u_aes/core/enc_block/g29436' has multiple input pins tied together to net 'u_crypto_synth_top/u_top/u_aes/block_reg[2][30]'.
**WARN: Instance 'u_crypto_synth_top/u_top/u_aes/core/enc_block/g29437' has multiple input pins tied together to net 'u_crypto_synth_top/u_top/u_aes/core/enc_block/n_284'.
**WARN: Instance 'u_crypto_synth_top/u_top/u_aes/core/enc_block/g29437' has multiple input pins tied together to net 'u_crypto_synth_top/u_top/u_aes/block_reg[0][1]'.
**WARN: Instance 'u_crypto_synth_top/u_top/u_aes/core/enc_block/g29438' has multiple input pins tied together to net 'u_crypto_synth_top/u_top/u_aes/core/enc_block/n_252'.
**WARN: Instance 'u_crypto_synth_top/u_top/u_aes/core/enc_block/g29438' has multiple input pins tied together to net 'u_crypto_synth_top/u_top/u_aes/block_reg[3][29]'.
**WARN: Instance 'u_crypto_synth_top/u_top/u_aes/core/enc_block/g29439' has multiple input pins tied together to net 'u_crypto_synth_top/u_top/u_aes/core/enc_block/n_285'.
**WARN: Instance 'u_crypto_synth_top/u_top/u_aes/core/enc_block/g29439' has multiple input pins tied together to net 'u_crypto_synth_top/u_top/u_aes/block_reg[3][3]'.
**WARN: Instance 'u_crypto_synth_top/u_top/u_aes/core/enc_block/g29440' has multiple input pins tied together to net 'u_crypto_synth_top/u_top/u_aes/core/round_key[109]'.
**WARN: Instance 'u_crypto_synth_top/u_top/u_aes/core/enc_block/g29440' has multiple input pins tied together to net 'u_crypto_synth_top/u_top/u_aes/core/enc_block/n_157'.
**WARN: Instance 'u_crypto_synth_top/u_top/u_aes/core/enc_block/g29441' has multiple input pins tied together to net 'u_crypto_synth_top/u_top/u_aes/core/enc_block/n_171'.
**WARN: Instance 'u_crypto_synth_top/u_top/u_aes/core/enc_block/g29441' has multiple input pins tied together to net 'u_crypto_synth_top/u_top/u_aes/block_reg[1][18]'.
**WARN: Instance 'u_crypto_synth_top/u_top/u_aes/core/enc_block/g29442' has multiple input pins tied together to net 'u_crypto_synth_top/u_top/u_aes/core/enc_block/n_180'.
**WARN: Instance 'u_crypto_synth_top/u_top/u_aes/core/enc_block/g29442' has multiple input pins tied together to net 'u_crypto_synth_top/u_top/u_aes/block_reg[3][7]'.
**WARN: Instance 'u_crypto_synth_top/u_top/u_aes/core/enc_block/g29443' has multiple input pins tied together to net 'u_crypto_synth_top/u_top/u_aes/core/enc_block/n_258'.
**WARN: Instance 'u_crypto_synth_top/u_top/u_aes/core/enc_block/g29443' has multiple input pins tied together to net 'u_crypto_synth_top/u_top/u_aes/block_reg[3][0]'.
**WARN: Instance 'u_crypto_synth_top/u_top/u_aes/core/enc_block/g29444' has multiple input pins tied together to net 'u_crypto_synth_top/u_top/u_aes/core/FE_OFN10411_round_key_108'.
**WARN: Instance 'u_crypto_synth_top/u_top/u_aes/core/enc_block/g29444' has multiple input pins tied together to net 'u_crypto_synth_top/u_top/u_aes/block_reg[0][12]'.
**WARN: Instance 'u_crypto_synth_top/u_top/u_aes/core/enc_block/g29445' has multiple input pins tied together to net 'u_crypto_synth_top/u_top/u_aes/core/enc_block/n_174'.
**WARN: Instance 'u_crypto_synth_top/u_top/u_aes/core/enc_block/g29445' has multiple input pins tied together to net 'u_crypto_synth_top/u_top/u_aes/block_reg[3][1]'.
**WARN: Instance 'u_crypto_synth_top/u_top/u_aes/core/enc_block/g29446' has multiple input pins tied together to net 'u_crypto_synth_top/u_top/u_aes/core/enc_block/n_259'.
**WARN: Instance 'u_crypto_synth_top/u_top/u_aes/core/enc_block/g29446' has multiple input pins tied together to net 'u_crypto_synth_top/u_top/u_aes/block_reg[0][2]'.
**WARN: Instance 'u_crypto_synth_top/u_top/u_aes/core/enc_block/g29447' has multiple input pins tied together to net 'u_crypto_synth_top/u_top/u_aes/core/enc_block/n_195'.
**WARN: Instance 'u_crypto_synth_top/u_top/u_aes/core/enc_block/g29447' has multiple input pins tied together to net 'u_crypto_synth_top/u_top/u_aes/block_reg[1][31]'.
**WARN: Instance 'u_crypto_synth_top/u_top/u_aes/core/enc_block/g29448' has multiple input pins tied together to net 'u_crypto_synth_top/u_top/u_aes/core/enc_block/n_185'.
**WARN: Instance 'u_crypto_synth_top/u_top/u_aes/core/enc_block/g29448' has multiple input pins tied together to net 'u_crypto_synth_top/u_top/u_aes/block_reg[3][27]'.
**WARN: Instance 'u_crypto_synth_top/u_top/u_aes/core/enc_block/g29449' has multiple input pins tied together to net 'u_crypto_synth_top/u_top/u_aes/core/FE_OFN10406_round_key_73'.
**WARN: Instance 'u_crypto_synth_top/u_top/u_aes/core/enc_block/g29449' has multiple input pins tied together to net 'u_crypto_synth_top/u_top/u_aes/block_reg[1][9]'.
**WARN: Instance 'u_crypto_synth_top/u_top/u_aes/core/enc_block/g29450' has multiple input pins tied together to net 'u_crypto_synth_top/u_top/u_aes/core/enc_block/n_200'.
**WARN: Instance 'u_crypto_synth_top/u_top/u_aes/core/enc_block/g29450' has multiple input pins tied together to net 'u_crypto_synth_top/u_top/u_aes/block_reg[2][13]'.
**WARN: Instance 'u_crypto_synth_top/u_top/u_aes/core/enc_block/g29451' has multiple input pins tied together to net 'u_crypto_synth_top/u_top/u_aes/core/enc_block/n_227'.
**WARN: Instance 'u_crypto_synth_top/u_top/u_aes/core/enc_block/g29451' has multiple input pins tied together to net 'u_crypto_synth_top/u_top/u_aes/block_reg[3][4]'.
**WARN: Instance 'u_crypto_synth_top/u_top/u_aes/core/enc_block/g29452' has multiple input pins tied together to net 'u_crypto_synth_top/u_top/u_aes/core/enc_block/n_296'.
**WARN: Instance 'u_crypto_synth_top/u_top/u_aes/core/enc_block/g29452' has multiple input pins tied together to net 'u_crypto_synth_top/u_top/u_aes/block_reg[0][13]'.
**WARN: Instance 'u_crypto_synth_top/u_top/u_aes/core/enc_block/g29453' has multiple input pins tied together to net 'u_crypto_synth_top/u_top/u_aes/core/enc_block/n_206'.
**WARN: Instance 'u_crypto_synth_top/u_top/u_aes/core/enc_block/g29453' has multiple input pins tied together to net 'u_crypto_synth_top/u_top/u_aes/block_reg[2][22]'.
**WARN: Instance 'u_crypto_synth_top/u_top/u_aes/core/enc_block/g29454' has multiple input pins tied together to net 'u_crypto_synth_top/u_top/u_aes/core/FE_OFN10407_round_key_72'.
**WARN: Instance 'u_crypto_synth_top/u_top/u_aes/core/enc_block/g29454' has multiple input pins tied together to net 'u_crypto_synth_top/u_top/u_aes/block_reg[1][8]'.
**WARN: Instance 'u_crypto_synth_top/u_top/u_aes/core/enc_block/g29455' has multiple input pins tied together to net 'u_crypto_synth_top/u_top/u_aes/core/enc_block/n_264'.
**WARN: Instance 'u_crypto_synth_top/u_top/u_aes/core/enc_block/g29455' has multiple input pins tied together to net 'u_crypto_synth_top/u_top/u_aes/block_reg[0][16]'.
**WARN: Instance 'u_crypto_synth_top/u_top/u_aes/core/enc_block/g29456' has multiple input pins tied together to net 'u_crypto_synth_top/u_top/u_aes/core/enc_block/n_270'.
**WARN: Instance 'u_crypto_synth_top/u_top/u_aes/core/enc_block/g29456' has multiple input pins tied together to net 'u_crypto_synth_top/u_top/u_aes/block_reg[1][11]'.
**WARN: Instance 'u_crypto_synth_top/u_top/u_aes/core/enc_block/g29457' has multiple input pins tied together to net 'u_crypto_synth_top/u_top/u_aes/core/enc_block/n_207'.
**WARN: Instance 'u_crypto_synth_top/u_top/u_aes/core/enc_block/g29457' has multiple input pins tied together to net 'u_crypto_synth_top/u_top/u_aes/block_reg[0][0]'.
**WARN: Instance 'u_crypto_synth_top/u_top/u_aes/core/enc_block/g29458' has multiple input pins tied together to net 'u_crypto_synth_top/u_top/u_aes/core/enc_block/n_221'.
**WARN: Instance 'u_crypto_synth_top/u_top/u_aes/core/enc_block/g29458' has multiple input pins tied together to net 'u_crypto_synth_top/u_top/u_aes/block_reg[1][12]'.
**WARN: Instance 'u_crypto_synth_top/u_top/u_aes/core/enc_block/g29459' has multiple input pins tied together to net 'u_crypto_synth_top/u_top/u_aes/core/enc_block/n_212'.
**WARN: Instance 'u_crypto_synth_top/u_top/u_aes/core/enc_block/g29459' has multiple input pins tied together to net 'u_crypto_synth_top/u_top/u_aes/block_reg[3][9]'.
**WARN: Instance 'u_crypto_synth_top/u_top/u_aes/core/enc_block/g29460' has multiple input pins tied together to net 'u_crypto_synth_top/u_top/u_aes/core/enc_block/n_233'.
**WARN: Instance 'u_crypto_synth_top/u_top/u_aes/core/enc_block/g29460' has multiple input pins tied together to net 'u_crypto_synth_top/u_top/u_aes/block_reg[1][6]'.
**WARN: Instance 'u_crypto_synth_top/u_top/u_aes/core/enc_block/g29461' has multiple input pins tied together to net 'u_crypto_synth_top/u_top/u_aes/core/enc_block/n_191'.
**WARN: Instance 'u_crypto_synth_top/u_top/u_aes/core/enc_block/g29461' has multiple input pins tied together to net 'u_crypto_synth_top/u_top/u_aes/block_reg[3][10]'.
**WARN: Instance 'u_crypto_synth_top/u_top/u_aes/core/enc_block/g29462' has multiple input pins tied together to net 'u_crypto_synth_top/u_top/u_aes/core/enc_block/n_247'.
**WARN: Instance 'u_crypto_synth_top/u_top/u_aes/core/enc_block/g29462' has multiple input pins tied together to net 'u_crypto_synth_top/u_top/u_aes/block_reg[1][13]'.
**WARN: Instance 'u_crypto_synth_top/u_top/u_aes/core/enc_block/g29463' has multiple input pins tied together to net 'u_crypto_synth_top/u_top/u_aes/core/enc_block/n_175'.
**WARN: Instance 'u_crypto_synth_top/u_top/u_aes/core/enc_block/g29463' has multiple input pins tied together to net 'u_crypto_synth_top/u_top/u_aes/block_reg[1][7]'.
**WARN: Instance 'u_crypto_synth_top/u_top/u_aes/core/enc_block/g29464' has multiple input pins tied together to net 'u_crypto_synth_top/u_top/u_aes/core/enc_block/n_261'.
**WARN: Instance 'u_crypto_synth_top/u_top/u_aes/core/enc_block/g29464' has multiple input pins tied together to net 'u_crypto_synth_top/u_top/u_aes/block_reg[3][5]'.
**WARN: Instance 'u_crypto_synth_top/u_top/u_aes/core/enc_block/g29465' has multiple input pins tied together to net 'u_crypto_synth_top/u_top/u_aes/core/enc_block/n_299'.
**WARN: Instance 'u_crypto_synth_top/u_top/u_aes/core/enc_block/g29465' has multiple input pins tied together to net 'u_crypto_synth_top/u_top/u_aes/block_reg[3][14]'.
**WARN: Instance 'u_crypto_synth_top/u_top/u_aes/core/enc_block/g29466' has multiple input pins tied together to net 'u_crypto_synth_top/u_top/u_aes/core/enc_block/n_210'.
**WARN: Instance 'u_crypto_synth_top/u_top/u_aes/core/enc_block/g29466' has multiple input pins tied together to net 'u_crypto_synth_top/u_top/u_aes/block_reg[2][6]'.
**WARN: Instance 'u_crypto_synth_top/u_top/u_aes/core/enc_block/g29467' has multiple input pins tied together to net 'u_crypto_synth_top/u_top/u_aes/core/enc_block/n_269'.
**WARN: Instance 'u_crypto_synth_top/u_top/u_aes/core/enc_block/g29467' has multiple input pins tied together to net 'u_crypto_synth_top/u_top/u_aes/block_reg[3][16]'.
**WARN: Instance 'u_crypto_synth_top/u_top/u_aes/core/enc_block/g29468' has multiple input pins tied together to net 'u_crypto_synth_top/u_top/u_aes/core/enc_block/n_190'.
**WARN: Instance 'u_crypto_synth_top/u_top/u_aes/core/enc_block/g29468' has multiple input pins tied together to net 'u_crypto_synth_top/u_top/u_aes/block_reg[3][17]'.
**WARN: Instance 'u_crypto_synth_top/u_top/u_aes/core/enc_block/g29469' has multiple input pins tied together to net 'u_crypto_synth_top/u_top/u_aes/core/enc_block/n_211'.
**WARN: Instance 'u_crypto_synth_top/u_top/u_aes/core/enc_block/g29469' has multiple input pins tied together to net 'u_crypto_synth_top/u_top/u_aes/block_reg[1][17]'.
**WARN: Instance 'u_crypto_synth_top/u_top/u_aes/core/enc_block/g29470' has multiple input pins tied together to net 'u_crypto_synth_top/u_top/u_aes/core/enc_block/n_283'.
**WARN: Instance 'u_crypto_synth_top/u_top/u_aes/core/enc_block/g29471' has multiple input pins tied together to net 'u_crypto_synth_top/u_top/u_aes/core/enc_block/n_178'.
**WARN: Instance 'u_crypto_synth_top/u_top/u_aes/core/enc_block/g29471' has multiple input pins tied together to net 'u_crypto_synth_top/u_top/u_aes/block_reg[3][18]'.
**WARN: Instance 'u_crypto_synth_top/u_top/u_aes/core/enc_block/g29472' has multiple input pins tied together to net 'u_crypto_synth_top/u_top/u_aes/core/enc_block/n_232'.
**WARN: Instance 'u_crypto_synth_top/u_top/u_aes/core/enc_block/g29472' has multiple input pins tied together to net 'u_crypto_synth_top/u_top/u_aes/block_reg[1][3]'.
**WARN: Instance 'u_crypto_synth_top/u_top/u_aes/core/enc_block/g29473' has multiple input pins tied together to net 'u_crypto_synth_top/u_top/u_aes/core/enc_block/n_216'.
**WARN: Instance 'u_crypto_synth_top/u_top/u_aes/core/enc_block/g29473' has multiple input pins tied together to net 'u_crypto_synth_top/u_top/u_aes/block_reg[3][20]'.
**WARN: Instance 'u_crypto_synth_top/u_top/u_aes/core/enc_block/g29474' has multiple input pins tied together to net 'u_crypto_synth_top/u_top/u_aes/core/enc_block/n_239'.
**WARN: Instance 'u_crypto_synth_top/u_top/u_aes/core/enc_block/g29474' has multiple input pins tied together to net 'u_crypto_synth_top/u_top/u_aes/block_reg[3][21]'.
**WARN: Instance 'u_crypto_synth_top/u_top/u_aes/core/enc_block/g29475' has multiple input pins tied together to net 'u_crypto_synth_top/u_top/u_aes/core/enc_block/n_262'.
**WARN: Instance 'u_crypto_synth_top/u_top/u_aes/core/enc_block/g29475' has multiple input pins tied together to net 'u_crypto_synth_top/u_top/u_aes/block_reg[1][20]'.
**WARN: Instance 'u_crypto_synth_top/u_top/u_aes/core/enc_block/g29476' has multiple input pins tied together to net 'u_crypto_synth_top/u_top/u_aes/core/enc_block/n_255'.
**WARN: Instance 'u_crypto_synth_top/u_top/u_aes/core/enc_block/g29476' has multiple input pins tied together to net 'u_crypto_synth_top/u_top/u_aes/block_reg[3][22]'.
**WARN: Instance 'u_crypto_synth_top/u_top/u_aes/core/enc_block/g29477' has multiple input pins tied together to net 'u_crypto_synth_top/u_top/u_aes/core/enc_block/n_237'.
**WARN: Instance 'u_crypto_synth_top/u_top/u_aes/core/enc_block/g29477' has multiple input pins tied together to net 'u_crypto_synth_top/u_top/u_aes/block_reg[3][15]'.
**WARN: Instance 'u_crypto_synth_top/u_top/u_aes/core/enc_block/g29478' has multiple input pins tied together to net 'u_crypto_synth_top/u_top/u_aes/core/enc_block/n_235'.
**WARN: Instance 'u_crypto_synth_top/u_top/u_aes/core/enc_block/g29478' has multiple input pins tied together to net 'u_crypto_synth_top/u_top/u_aes/block_reg[0][31]'.
**WARN: Instance 'u_crypto_synth_top/u_top/u_aes/core/enc_block/g29479' has multiple input pins tied together to net 'u_crypto_synth_top/u_top/u_aes/core/enc_block/n_198'.
**WARN: Instance 'u_crypto_synth_top/u_top/u_aes/core/enc_block/g29479' has multiple input pins tied together to net 'u_crypto_synth_top/u_top/u_aes/block_reg[1][19]'.
**WARN: Instance 'u_crypto_synth_top/u_top/u_aes/core/enc_block/g29480' has multiple input pins tied together to net 'u_crypto_synth_top/u_top/u_aes/core/enc_block/n_199'.
**WARN: Instance 'u_crypto_synth_top/u_top/u_aes/core/enc_block/g29480' has multiple input pins tied together to net 'u_crypto_synth_top/u_top/u_aes/block_reg[3][13]'.
**WARN: Instance 'u_crypto_synth_top/u_top/u_aes/core/enc_block/g29481' has multiple input pins tied together to net 'u_crypto_synth_top/u_top/u_aes/core/enc_block/n_295'.
**WARN: Instance 'u_crypto_synth_top/u_top/u_aes/core/enc_block/g29481' has multiple input pins tied together to net 'u_crypto_synth_top/u_top/u_aes/block_reg[3][24]'.
**WARN: Instance 'u_crypto_synth_top/u_top/u_aes/core/enc_block/g29486' has multiple input pins tied together to net 'u_crypto_synth_top/u_top/u_aes/core/round_key[99]'.
**WARN: Instance 'u_crypto_synth_top/u_top/u_aes/core/enc_block/g29486' has multiple input pins tied together to net 'u_crypto_synth_top/u_top/u_aes/core/enc_block/n_19'.
**WARN: Instance 'u_crypto_synth_top/u_top/u_aes/core/enc_block/g29487' has multiple input pins tied together to net 'u_crypto_synth_top/u_top/u_aes/core/round_key[115]'.
**WARN: Instance 'u_crypto_synth_top/u_top/u_aes/core/enc_block/g29487' has multiple input pins tied together to net 'u_crypto_synth_top/u_top/u_aes/core/enc_block/n_119'.
**WARN: Instance 'u_crypto_synth_top/u_top/u_aes/core/enc_block/g29491' has multiple input pins tied together to net 'u_crypto_synth_top/u_top/u_aes/core/round_key[108]'.
**WARN: Instance 'u_crypto_synth_top/u_top/u_aes/core/enc_block/g29491' has multiple input pins tied together to net 'u_crypto_synth_top/u_top/u_aes/core/enc_block/n_150'.
**WARN: Instance 'u_crypto_synth_top/u_top/u_aes/core/enc_block/g29495' has multiple input pins tied together to net 'u_crypto_synth_top/u_top/u_aes/core/round_key[97]'.
**WARN: Instance 'u_crypto_synth_top/u_top/u_aes/core/enc_block/g29495' has multiple input pins tied together to net 'u_crypto_synth_top/u_top/u_aes/core/enc_block/n_104'.
**WARN: Instance 'u_crypto_synth_top/u_top/u_aes/core/enc_block/g29515' has multiple input pins tied together to net 'u_crypto_synth_top/u_top/u_aes/core/enc_new_block[92]'.
**WARN: Instance 'u_crypto_synth_top/u_top/u_aes/core/enc_block/g29515' has multiple input pins tied together to net 'u_crypto_synth_top/u_top/u_aes/core/enc_new_block[52]'.
**WARN: Instance 'u_crypto_synth_top/u_top/u_aes/core/enc_block/g29523' has multiple input pins tied together to net 'u_crypto_synth_top/u_top/u_aes/core/round_key[51]'.
**WARN: Instance 'u_crypto_synth_top/u_top/u_aes/core/enc_block/g29523' has multiple input pins tied together to net 'u_crypto_synth_top/u_top/u_aes/core/enc_block/n_100'.
**WARN: Instance 'u_crypto_synth_top/u_top/u_aes/core/enc_block/g29527' has multiple input pins tied together to net 'u_crypto_synth_top/u_top/u_aes/core/round_key[76]'.
**WARN: Instance 'u_crypto_synth_top/u_top/u_aes/core/enc_block/g29527' has multiple input pins tied together to net 'u_crypto_synth_top/u_top/u_aes/core/enc_new_block[52]'.
**WARN: Instance 'u_crypto_synth_top/u_top/u_aes/core/enc_block/g29542' has multiple input pins tied together to net 'u_crypto_synth_top/u_top/u_aes/core/round_key[91]'.
**WARN: Instance 'u_crypto_synth_top/u_top/u_aes/core/enc_block/g29542' has multiple input pins tied together to net 'u_crypto_synth_top/u_top/u_aes/core/enc_new_block[51]'.
**WARN: Instance 'u_crypto_synth_top/u_top/u_aes/core/keymem/g100120' has multiple input pins tied together to net 'u_crypto_synth_top/u_top/u_aes/core/keymem/n_1633'.
**WARN: Instance 'u_crypto_synth_top/u_top/u_aes/core/keymem/g100120' has multiple input pins tied together to net 'u_crypto_synth_top/u_top/u_aes/core/keymem/FE_PHN19064_prev_key0_reg_27'.
**WARN: Instance 'u_crypto_synth_top/u_top/u_aes/core/keymem/g100135' has multiple input pins tied together to net 'u_crypto_synth_top/u_top/u_aes/core/keymem/n_1634'.
**WARN: Instance 'u_crypto_synth_top/u_top/u_aes/core/keymem/g100142' has multiple input pins tied together to net 'u_crypto_synth_top/u_top/u_aes/core/keymem/n_1632'.
**WARN: Instance 'u_crypto_synth_top/u_top/u_aes/core/keymem/g100560' has multiple input pins tied together to net 'u_crypto_synth_top/u_top/u_aes/core/keymem/n_1300'.
**WARN: Instance 'u_crypto_synth_top/u_top/u_aes/core/keymem/g100560' has multiple input pins tied together to net 'u_crypto_synth_top/u_top/u_aes/core/keymem/prev_key0_reg[21]'.
**WARN: Instance 'u_crypto_synth_top/u_top/u_aes/core/keymem/g100565' has multiple input pins tied together to net 'u_crypto_synth_top/u_top/u_aes/core/keymem/n_1296'.
**WARN: Instance 'u_crypto_synth_top/u_top/u_aes/core/keymem/g100565' has multiple input pins tied together to net 'u_crypto_synth_top/u_top/u_aes/core/keymem/prev_key0_reg[19]'.
**WARN: Instance 'u_crypto_synth_top/u_top/u_aes/core/keymem/g100566' has multiple input pins tied together to net 'u_crypto_synth_top/u_top/u_aes/core/keymem/n_1299'.
**WARN: Instance 'u_crypto_synth_top/u_top/u_aes/core/keymem/g100566' has multiple input pins tied together to net 'u_crypto_synth_top/u_top/u_aes/core/keymem/prev_key0_reg[18]'.
**WARN: Instance 'u_crypto_synth_top/u_top/u_aes/core/keymem/g100567' has multiple input pins tied together to net 'u_crypto_synth_top/u_top/u_aes/core/keymem/n_1297'.
**WARN: Instance 'u_crypto_synth_top/u_top/u_aes/core/keymem/g100567' has multiple input pins tied together to net 'u_crypto_synth_top/u_top/u_aes/core/keymem/prev_key0_reg[17]'.
**WARN: Instance 'u_crypto_synth_top/u_top/u_aes/core/keymem/g100568' has multiple input pins tied together to net 'u_crypto_synth_top/u_top/u_aes/core/keymem/n_1303'.
**WARN: Instance 'u_crypto_synth_top/u_top/u_aes/core/keymem/g100568' has multiple input pins tied together to net 'u_crypto_synth_top/u_top/u_aes/core/keymem/prev_key0_reg[20]'.
**WARN: Instance 'u_crypto_synth_top/u_top/u_aes/core/keymem/g100569' has multiple input pins tied together to net 'u_crypto_synth_top/u_top/u_aes/core/keymem/n_1301'.
**WARN: Instance 'u_crypto_synth_top/u_top/u_aes/core/keymem/g100569' has multiple input pins tied together to net 'u_crypto_synth_top/u_top/u_aes/core/keymem/prev_key0_reg[4]'.
**WARN: Instance 'u_crypto_synth_top/u_top/u_aes/core/keymem/g100570' has multiple input pins tied together to net 'u_crypto_synth_top/u_top/u_aes/core/keymem/n_1302'.
**WARN: Instance 'u_crypto_synth_top/u_top/u_aes/core/keymem/g100570' has multiple input pins tied together to net 'u_crypto_synth_top/u_top/u_aes/core/keymem/FE_PHN14301_prev_key0_reg_3'.
**WARN: Instance 'u_crypto_synth_top/u_top/u_aes/core/keymem/g100571' has multiple input pins tied together to net 'u_crypto_synth_top/u_top/u_aes/core/keymem/n_1298'.
**WARN: Instance 'u_crypto_synth_top/u_top/u_aes/core/keymem/g100571' has multiple input pins tied together to net 'u_crypto_synth_top/u_top/u_aes/core/keymem/prev_key0_reg[12]'.
**WARN: Instance 'u_crypto_synth_top/u_top/u_aes/core/keymem/g100574' has multiple input pins tied together to net 'u_crypto_synth_top/u_top/u_aes/core/keymem/n_1284'.
**WARN: Instance 'u_crypto_synth_top/u_top/u_aes/core/keymem/g100574' has multiple input pins tied together to net 'u_crypto_synth_top/u_top/u_aes/core/keymem_sboxw[31]'.
**WARN: Instance 'u_crypto_synth_top/u_top/u_aes/core/keymem/g100575' has multiple input pins tied together to net 'u_crypto_synth_top/u_top/u_aes/core/keymem/n_1286'.
**WARN: Instance 'u_crypto_synth_top/u_top/u_aes/core/keymem/g100575' has multiple input pins tied together to net 'u_crypto_synth_top/u_top/u_aes/core/keymem/prev_key0_reg[30]'.
**WARN: Instance 'u_crypto_synth_top/u_top/u_aes/core/keymem/g100576' has multiple input pins tied together to net 'u_crypto_synth_top/u_top/u_aes/core/keymem/n_1277'.
**WARN: Instance 'u_crypto_synth_top/u_top/u_aes/core/keymem/g100576' has multiple input pins tied together to net 'u_crypto_synth_top/u_top/u_aes/core/keymem/prev_key0_reg[9]'.
**WARN: Instance 'u_crypto_synth_top/u_top/u_aes/core/keymem/g100577' has multiple input pins tied together to net 'u_crypto_synth_top/u_top/u_aes/core/keymem/n_1288'.
**WARN: Instance 'u_crypto_synth_top/u_top/u_aes/core/keymem/g100577' has multiple input pins tied together to net 'u_crypto_synth_top/u_top/u_aes/core/keymem_sboxw[30]'.
**WARN: Instance 'u_crypto_synth_top/u_top/u_aes/core/keymem/g100578' has multiple input pins tied together to net 'u_crypto_synth_top/u_top/u_aes/core/keymem/n_1290'.
**WARN: Instance 'u_crypto_synth_top/u_top/u_aes/core/keymem/g100578' has multiple input pins tied together to net 'u_crypto_synth_top/u_top/u_aes/core/keymem_sboxw[29]'.
**WARN: Instance 'u_crypto_synth_top/u_top/u_aes/core/keymem/g100580' has multiple input pins tied together to net 'u_crypto_synth_top/u_top/u_aes/core/keymem/n_1293'.
**WARN: Instance 'u_crypto_synth_top/u_top/u_aes/core/keymem/g100580' has multiple input pins tied together to net 'u_crypto_synth_top/u_top/u_aes/core/keymem_sboxw[28]'.
**WARN: Instance 'u_crypto_synth_top/u_top/u_aes/core/keymem/g100581' has multiple input pins tied together to net 'u_crypto_synth_top/u_top/u_aes/core/keymem/n_1283'.
**WARN: Instance 'u_crypto_synth_top/u_top/u_aes/core/keymem/g100581' has multiple input pins tied together to net 'u_crypto_synth_top/u_top/u_aes/core/keymem_sboxw[27]'.
**WARN: Instance 'u_crypto_synth_top/u_top/u_aes/core/keymem/g100582' has multiple input pins tied together to net 'u_crypto_synth_top/u_top/u_aes/core/keymem/n_1289'.
**WARN: Instance 'u_crypto_synth_top/u_top/u_aes/core/keymem/g100582' has multiple input pins tied together to net 'u_crypto_synth_top/u_top/u_aes/core/keymem_sboxw[26]'.
**WARN: Instance 'u_crypto_synth_top/u_top/u_aes/core/keymem/g100584' has multiple input pins tied together to net 'u_crypto_synth_top/u_top/u_aes/core/keymem/n_1294'.
**WARN: Instance 'u_crypto_synth_top/u_top/u_aes/core/keymem/g100584' has multiple input pins tied together to net 'u_crypto_synth_top/u_top/u_aes/core/keymem_sboxw[25]'.
**WARN: Instance 'u_crypto_synth_top/u_top/u_aes/core/keymem/g100585' has multiple input pins tied together to net 'u_crypto_synth_top/u_top/u_aes/core/keymem/n_1268'.
**WARN: Instance 'u_crypto_synth_top/u_top/u_aes/core/keymem/g100585' has multiple input pins tied together to net 'u_crypto_synth_top/u_top/u_aes/core/keymem/FE_PHN14274_prev_key0_reg_24'.
**WARN: Instance 'u_crypto_synth_top/u_top/u_aes/core/keymem/g100586' has multiple input pins tied together to net 'u_crypto_synth_top/u_top/u_aes/core/keymem/n_1287'.
**WARN: Instance 'u_crypto_synth_top/u_top/u_aes/core/keymem/g100586' has multiple input pins tied together to net 'u_crypto_synth_top/u_top/u_aes/core/keymem_sboxw[24]'.
**WARN: Instance 'u_crypto_synth_top/u_top/u_aes/core/keymem/g100591' has multiple input pins tied together to net 'u_crypto_synth_top/u_top/u_aes/core/keymem/n_1269'.
**WARN: Instance 'u_crypto_synth_top/u_top/u_aes/core/keymem/g100591' has multiple input pins tied together to net 'u_crypto_synth_top/u_top/u_aes/core/keymem/prev_key0_reg[14]'.
**WARN: Instance 'u_crypto_synth_top/u_top/u_aes/core/keymem/g100593' has multiple input pins tied together to net 'u_crypto_synth_top/u_top/u_aes/core/keymem/n_1271'.
**WARN: Instance 'u_crypto_synth_top/u_top/u_aes/core/keymem/g100593' has multiple input pins tied together to net 'u_crypto_synth_top/u_top/u_aes/core/keymem/prev_key0_reg[13]'.
**WARN: Instance 'u_crypto_synth_top/u_top/u_aes/core/keymem/g100595' has multiple input pins tied together to net 'u_crypto_synth_top/u_top/u_aes/core/keymem/n_1292'.
**WARN: Instance 'u_crypto_synth_top/u_top/u_aes/core/keymem/g100595' has multiple input pins tied together to net 'u_crypto_synth_top/u_top/u_aes/core/keymem/prev_key0_reg[31]'.
**WARN: Instance 'u_crypto_synth_top/u_top/u_aes/core/keymem/g100596' has multiple input pins tied together to net 'u_crypto_synth_top/u_top/u_aes/core/keymem/n_1275'.
**WARN: Instance 'u_crypto_synth_top/u_top/u_aes/core/keymem/g100596' has multiple input pins tied together to net 'u_crypto_synth_top/u_top/u_aes/core/keymem/prev_key0_reg[10]'.
**WARN: Instance 'u_crypto_synth_top/u_top/u_aes/core/keymem/g100598' has multiple input pins tied together to net 'u_crypto_synth_top/u_top/u_aes/core/keymem/n_1273'.
**WARN: Instance 'u_crypto_synth_top/u_top/u_aes/core/keymem/g100598' has multiple input pins tied together to net 'u_crypto_synth_top/u_top/u_aes/core/keymem/FE_PHN32379_prev_key0_reg_11'.
**WARN: Instance 'u_crypto_synth_top/u_top/u_aes/core/keymem/g100599' has multiple input pins tied together to net 'u_crypto_synth_top/u_top/u_aes/core/keymem/n_1279'.
**WARN: Instance 'u_crypto_synth_top/u_top/u_aes/core/keymem/g100599' has multiple input pins tied together to net 'u_crypto_synth_top/u_top/u_aes/core/keymem/prev_key0_reg[6]'.
**WARN: Instance 'u_crypto_synth_top/u_top/u_aes/core/keymem/g100600' has multiple input pins tied together to net 'u_crypto_synth_top/u_top/u_aes/core/keymem/n_1281'.
**WARN: Instance 'u_crypto_synth_top/u_top/u_aes/core/keymem/g100600' has multiple input pins tied together to net 'u_crypto_synth_top/u_top/u_aes/core/keymem/prev_key0_reg[2]'.
**WARN: Instance 'u_crypto_synth_top/u_top/u_aes/core/keymem/g101106' has multiple input pins tied together to net 'u_crypto_synth_top/u_top/u_aes/core/keymem/n_922'.
**WARN: Instance 'u_crypto_synth_top/u_top/u_aes/core/keymem/g101106' has multiple input pins tied together to net 'u_crypto_synth_top/u_top/u_aes/core/keymem/prev_key0_reg[30]'.
**WARN: Instance 'u_crypto_synth_top/u_top/u_aes/core/keymem/g101107' has multiple input pins tied together to net 'u_crypto_synth_top/u_top/u_aes/core/keymem/n_946'.
**WARN: Instance 'u_crypto_synth_top/u_top/u_aes/core/keymem/g101107' has multiple input pins tied together to net 'u_crypto_synth_top/u_top/u_aes/core/keymem_sboxw[20]'.
**WARN: Instance 'u_crypto_synth_top/u_top/u_aes/core/keymem/g101108' has multiple input pins tied together to net 'u_crypto_synth_top/u_top/u_aes/core/keymem/n_944'.
**WARN: Instance 'u_crypto_synth_top/u_top/u_aes/core/keymem/g101108' has multiple input pins tied together to net 'u_crypto_synth_top/u_top/u_aes/core/keymem/FE_PHN14274_prev_key0_reg_24'.
**WARN: Instance 'u_crypto_synth_top/u_top/u_aes/core/keymem/g101110' has multiple input pins tied together to net 'u_crypto_synth_top/u_top/u_aes/core/keymem/n_947'.
**WARN: Instance 'u_crypto_synth_top/u_top/u_aes/core/keymem/g101110' has multiple input pins tied together to net 'u_crypto_synth_top/u_top/u_aes/core/keymem/prev_key0_reg[23]'.
**WARN: Instance 'u_crypto_synth_top/u_top/u_aes/core/keymem/g101111' has multiple input pins tied together to net 'u_crypto_synth_top/u_top/u_aes/core/keymem/n_948'.
**WARN: Instance 'u_crypto_synth_top/u_top/u_aes/core/keymem/g101111' has multiple input pins tied together to net 'u_crypto_synth_top/u_top/u_aes/core/keymem/prev_key0_reg[23]'.
**WARN: Instance 'u_crypto_synth_top/u_top/u_aes/core/keymem/g101122' has multiple input pins tied together to net 'u_crypto_synth_top/u_top/u_aes/core/keymem/n_949'.
**WARN: Instance 'u_crypto_synth_top/u_top/u_aes/core/keymem/g101122' has multiple input pins tied together to net 'u_crypto_synth_top/u_top/u_aes/core/keymem_sboxw[22]'.
**WARN: Instance 'u_crypto_synth_top/u_top/u_aes/core/keymem/g101123' has multiple input pins tied together to net 'u_crypto_synth_top/u_top/u_aes/core/keymem/n_1001'.
**WARN: Instance 'u_crypto_synth_top/u_top/u_aes/core/keymem/g101123' has multiple input pins tied together to net 'u_crypto_synth_top/u_top/u_aes/core/keymem/prev_key0_reg[31]'.
**WARN: Instance 'u_crypto_synth_top/u_top/u_aes/core/keymem/g101126' has multiple input pins tied together to net 'u_crypto_synth_top/u_top/u_aes/core/keymem/n_997'.
**WARN: Instance 'u_crypto_synth_top/u_top/u_aes/core/keymem/g101126' has multiple input pins tied together to net 'u_crypto_synth_top/u_top/u_aes/core/keymem_sboxw[4]'.
**WARN: Instance 'u_crypto_synth_top/u_top/u_aes/core/keymem/g101127' has multiple input pins tied together to net 'u_crypto_synth_top/u_top/u_aes/core/keymem/n_940'.
**WARN: Instance 'u_crypto_synth_top/u_top/u_aes/core/keymem/g101127' has multiple input pins tied together to net 'u_crypto_synth_top/u_top/u_aes/core/keymem_sboxw[9]'.
**WARN: Instance 'u_crypto_synth_top/u_top/u_aes/core/keymem/g101128' has multiple input pins tied together to net 'u_crypto_synth_top/u_top/u_aes/core/keymem/n_950'.
**WARN: Instance 'u_crypto_synth_top/u_top/u_aes/core/keymem/g101128' has multiple input pins tied together to net 'u_crypto_synth_top/u_top/u_aes/core/keymem_sboxw[11]'.
**WARN: Instance 'u_crypto_synth_top/u_top/u_aes/core/keymem/g101129' has multiple input pins tied together to net 'u_crypto_synth_top/u_top/u_aes/core/keymem/n_995'.
**WARN: Instance 'u_crypto_synth_top/u_top/u_aes/core/keymem/g101129' has multiple input pins tied together to net 'u_crypto_synth_top/u_top/u_aes/core/keymem_sboxw[0]'.
**WARN: Instance 'u_crypto_synth_top/u_top/u_aes/core/keymem/g101132' has multiple input pins tied together to net 'u_crypto_synth_top/u_top/u_aes/core/keymem/n_917'.
**WARN: Instance 'u_crypto_synth_top/u_top/u_aes/core/keymem/g101132' has multiple input pins tied together to net 'u_crypto_synth_top/u_top/u_aes/core/keymem_sboxw[1]'.
**WARN: Instance 'u_crypto_synth_top/u_top/u_aes/core/keymem/g101133' has multiple input pins tied together to net 'u_crypto_synth_top/u_top/u_aes/core/keymem/n_954'.
**WARN: Instance 'u_crypto_synth_top/u_top/u_aes/core/keymem/g101133' has multiple input pins tied together to net 'u_crypto_synth_top/u_top/u_aes/core/keymem_sboxw[2]'.
**WARN: Instance 'u_crypto_synth_top/u_top/u_aes/core/keymem/g101134' has multiple input pins tied together to net 'u_crypto_synth_top/u_top/u_aes/core/keymem/n_925'.
**WARN: Instance 'u_crypto_synth_top/u_top/u_aes/core/keymem/g101134' has multiple input pins tied together to net 'u_crypto_synth_top/u_top/u_aes/core/keymem_sboxw[3]'.
**WARN: Instance 'u_crypto_synth_top/u_top/u_aes/core/keymem/g101135' has multiple input pins tied together to net 'u_crypto_synth_top/u_top/u_aes/core/keymem/n_918'.
**WARN: Instance 'u_crypto_synth_top/u_top/u_aes/core/keymem/g101135' has multiple input pins tied together to net 'u_crypto_synth_top/u_top/u_aes/core/keymem_sboxw[5]'.
**WARN: Instance 'u_crypto_synth_top/u_top/u_aes/core/keymem/g101136' has multiple input pins tied together to net 'u_crypto_synth_top/u_top/u_aes/core/keymem/n_955'.
**WARN: Instance 'u_crypto_synth_top/u_top/u_aes/core/keymem/g101136' has multiple input pins tied together to net 'u_crypto_synth_top/u_top/u_aes/core/keymem_sboxw[6]'.
**WARN: Instance 'u_crypto_synth_top/u_top/u_aes/core/keymem/g101138' has multiple input pins tied together to net 'u_crypto_synth_top/u_top/u_aes/core/keymem/n_951'.
**WARN: Instance 'u_crypto_synth_top/u_top/u_aes/core/keymem/g101138' has multiple input pins tied together to net 'u_crypto_synth_top/u_top/u_aes/core/keymem_sboxw[8]'.
**WARN: Instance 'u_crypto_synth_top/u_top/u_aes/core/keymem/g101139' has multiple input pins tied together to net 'u_crypto_synth_top/u_top/u_aes/core/keymem/n_932'.
**WARN: Instance 'u_crypto_synth_top/u_top/u_aes/core/keymem/g101139' has multiple input pins tied together to net 'u_crypto_synth_top/u_top/u_aes/core/keymem_sboxw[18]'.
**WARN: Instance 'u_crypto_synth_top/u_top/u_aes/core/keymem/g101140' has multiple input pins tied together to net 'u_crypto_synth_top/u_top/u_aes/core/keymem/n_933'.
**WARN: Instance 'u_crypto_synth_top/u_top/u_aes/core/keymem/g101140' has multiple input pins tied together to net 'u_crypto_synth_top/u_top/u_aes/core/keymem_sboxw[10]'.
**WARN: Instance 'u_crypto_synth_top/u_top/u_aes/core/keymem/g101141' has multiple input pins tied together to net 'u_crypto_synth_top/u_top/u_aes/core/keymem/n_937'.
**WARN: Instance 'u_crypto_synth_top/u_top/u_aes/core/keymem/g101141' has multiple input pins tied together to net 'u_crypto_synth_top/u_top/u_aes/core/keymem/prev_key0_reg[22]'.
**WARN: Instance 'u_crypto_synth_top/u_top/u_aes/core/keymem/g101142' has multiple input pins tied together to net 'u_crypto_synth_top/u_top/u_aes/core/keymem/n_953'.
**WARN: Instance 'u_crypto_synth_top/u_top/u_aes/core/keymem/g101142' has multiple input pins tied together to net 'u_crypto_synth_top/u_top/u_aes/core/keymem_sboxw[19]'.
**WARN: Instance 'u_crypto_synth_top/u_top/u_aes/core/keymem/g101143' has multiple input pins tied together to net 'u_crypto_synth_top/u_top/u_aes/core/keymem/n_910'.
**WARN: Instance 'u_crypto_synth_top/u_top/u_aes/core/keymem/g101143' has multiple input pins tied together to net 'u_crypto_synth_top/u_top/u_aes/core/keymem_sboxw[12]'.
**WARN: Instance 'u_crypto_synth_top/u_top/u_aes/core/keymem/g101144' has multiple input pins tied together to net 'u_crypto_synth_top/u_top/u_aes/core/keymem/n_906'.
**WARN: Instance 'u_crypto_synth_top/u_top/u_aes/core/keymem/g101144' has multiple input pins tied together to net 'u_crypto_synth_top/u_top/u_aes/core/keymem_sboxw[21]'.
**WARN: Instance 'u_crypto_synth_top/u_top/u_aes/core/keymem/g101145' has multiple input pins tied together to net 'u_crypto_synth_top/u_top/u_aes/core/keymem/n_916'.
**WARN: Instance 'u_crypto_synth_top/u_top/u_aes/core/keymem/g101145' has multiple input pins tied together to net 'u_crypto_synth_top/u_top/u_aes/core/keymem_sboxw[13]'.
**WARN: Instance 'u_crypto_synth_top/u_top/u_aes/core/keymem/g101146' has multiple input pins tied together to net 'u_crypto_synth_top/u_top/u_aes/core/keymem/n_996'.
**WARN: Instance 'u_crypto_synth_top/u_top/u_aes/core/keymem/g101146' has multiple input pins tied together to net 'u_crypto_synth_top/u_top/u_aes/core/keymem_sboxw[14]'.
**WARN: Instance 'u_crypto_synth_top/u_top/u_aes/core/keymem/g101147' has multiple input pins tied together to net 'u_crypto_synth_top/u_top/u_aes/core/keymem/n_907'.
**WARN: Instance 'u_crypto_synth_top/u_top/u_aes/core/keymem/g101147' has multiple input pins tied together to net 'u_crypto_synth_top/u_top/u_aes/core/keymem_sboxw[16]'.
**WARN: Instance 'u_crypto_synth_top/u_top/u_aes/core/keymem/g101148' has multiple input pins tied together to net 'u_crypto_synth_top/u_top/u_aes/core/keymem/n_911'.
**WARN: Instance 'u_crypto_synth_top/u_top/u_aes/core/keymem/g101148' has multiple input pins tied together to net 'u_crypto_synth_top/u_top/u_aes/core/keymem_sboxw[15]'.
**WARN: Instance 'u_crypto_synth_top/u_top/u_aes/core/keymem/g101150' has multiple input pins tied together to net 'u_crypto_synth_top/u_top/u_aes/core/keymem/n_909'.
**WARN: Instance 'u_crypto_synth_top/u_top/u_aes/core/keymem/g101150' has multiple input pins tied together to net 'u_crypto_synth_top/u_top/u_aes/core/keymem/prev_key0_reg[15]'.
**WARN: Instance 'u_crypto_synth_top/u_top/u_aes/core/keymem/g101151' has multiple input pins tied together to net 'u_crypto_synth_top/u_top/u_aes/core/keymem/n_908'.
**WARN: Instance 'u_crypto_synth_top/u_top/u_aes/core/keymem/g101151' has multiple input pins tied together to net 'u_crypto_synth_top/u_top/u_aes/core/keymem/prev_key0_reg[15]'.
**WARN: Instance 'u_crypto_synth_top/u_top/u_aes/core/keymem/g101152' has multiple input pins tied together to net 'u_crypto_synth_top/u_top/u_aes/core/keymem/n_928'.
**WARN: Instance 'u_crypto_synth_top/u_top/u_aes/core/keymem/g101152' has multiple input pins tied together to net 'u_crypto_synth_top/u_top/u_aes/core/keymem/prev_key0_reg[16]'.
**WARN: Instance 'u_crypto_synth_top/u_top/u_aes/core/keymem/g101153' has multiple input pins tied together to net 'u_crypto_synth_top/u_top/u_aes/core/keymem/n_912'.
**WARN: Instance 'u_crypto_synth_top/u_top/u_aes/core/keymem/g101153' has multiple input pins tied together to net 'u_crypto_synth_top/u_top/u_aes/core/keymem/prev_key0_reg[16]'.
**WARN: Instance 'u_crypto_synth_top/u_top/u_aes/core/keymem/g101154' has multiple input pins tied together to net 'u_crypto_synth_top/u_top/u_aes/core/keymem/n_934'.
**WARN: Instance 'u_crypto_synth_top/u_top/u_aes/core/keymem/g101154' has multiple input pins tied together to net 'u_crypto_synth_top/u_top/u_aes/core/keymem_sboxw[17]'.
**WARN: Instance 'u_crypto_synth_top/u_top/u_aes/core/keymem/g101155' has multiple input pins tied together to net 'u_crypto_synth_top/u_top/u_aes/core/keymem/n_952'.
**WARN: Instance 'u_crypto_synth_top/u_top/u_aes/core/keymem/g101155' has multiple input pins tied together to net 'u_crypto_synth_top/u_top/u_aes/core/keymem_sboxw[7]'.
**WARN: Instance 'u_crypto_synth_top/u_top/u_aes/core/keymem/g101156' has multiple input pins tied together to net 'u_crypto_synth_top/u_top/u_aes/core/keymem/n_999'.
**WARN: Instance 'u_crypto_synth_top/u_top/u_aes/core/keymem/g101156' has multiple input pins tied together to net 'u_crypto_synth_top/u_top/u_aes/core/keymem/prev_key0_reg[22]'.
**WARN: Instance 'u_crypto_synth_top/u_top/u_aes/core/keymem/g101158' has multiple input pins tied together to net 'u_crypto_synth_top/u_top/u_aes/core/keymem/n_929'.
**WARN: Instance 'u_crypto_synth_top/u_top/u_aes/core/keymem/g101158' has multiple input pins tied together to net 'u_crypto_synth_top/u_top/u_aes/core/keymem_sboxw[23]'.
**WARN: Instance 'u_crypto_synth_top/u_top/u_aes/core/keymem/g101168' has multiple input pins tied together to net 'u_crypto_synth_top/u_top/u_aes/core/keymem/n_939'.
**WARN: Instance 'u_crypto_synth_top/u_top/u_aes/core/keymem/g101168' has multiple input pins tied together to net 'u_crypto_synth_top/u_top/u_aes/core/keymem/prev_key0_reg[57]'.
**WARN: Instance 'u_crypto_synth_top/u_top/u_aes/core/keymem/g101169' has multiple input pins tied together to net 'u_crypto_synth_top/u_top/u_aes/core/keymem/n_936'.
**WARN: Instance 'u_crypto_synth_top/u_top/u_aes/core/keymem/g101169' has multiple input pins tied together to net 'u_crypto_synth_top/u_top/u_aes/core/keymem/FE_PHN14321_prev_key0_reg_58'.
**WARN: Instance 'u_crypto_synth_top/u_top/u_aes/core/keymem/g101170' has multiple input pins tied together to net 'u_crypto_synth_top/u_top/u_aes/core/keymem/n_931'.
**WARN: Instance 'u_crypto_synth_top/u_top/u_aes/core/keymem/g101170' has multiple input pins tied together to net 'u_crypto_synth_top/u_top/u_aes/core/keymem/FE_PHN14278_prev_key0_reg_59'.
**WARN: Instance 'u_crypto_synth_top/u_top/u_aes/core/keymem/g101172' has multiple input pins tied together to net 'u_crypto_synth_top/u_top/u_aes/core/keymem/n_927'.
**WARN: Instance 'u_crypto_synth_top/u_top/u_aes/core/keymem/g101172' has multiple input pins tied together to net 'u_crypto_synth_top/u_top/u_aes/core/keymem/FE_PHN14277_prev_key0_reg_60'.
**WARN: Instance 'u_crypto_synth_top/u_top/u_aes/core/keymem/g101173' has multiple input pins tied together to net 'u_crypto_synth_top/u_top/u_aes/core/keymem/n_924'.
**WARN: Instance 'u_crypto_synth_top/u_top/u_aes/core/keymem/g101173' has multiple input pins tied together to net 'u_crypto_synth_top/u_top/u_aes/core/keymem/prev_key0_reg[61]'.
**WARN: Instance 'u_crypto_synth_top/u_top/u_aes/core/keymem/g101188' has multiple input pins tied together to net 'u_crypto_synth_top/u_top/u_aes/core/keymem/n_941'.
**WARN: Instance 'u_crypto_synth_top/u_top/u_aes/core/keymem/g101188' has multiple input pins tied together to net 'u_crypto_synth_top/u_top/u_aes/core/keymem/prev_key1_reg[57]'.
**WARN: Instance 'u_crypto_synth_top/u_top/u_aes/core/keymem/g101189' has multiple input pins tied together to net 'u_crypto_synth_top/u_top/u_aes/core/keymem/n_930'.
**WARN: Instance 'u_crypto_synth_top/u_top/u_aes/core/keymem/g101189' has multiple input pins tied together to net 'u_crypto_synth_top/u_top/u_aes/core/keymem/FE_PHN14275_prev_key1_reg_60'.
**WARN: Instance 'u_crypto_synth_top/u_top/u_aes/core/keymem/g101190' has multiple input pins tied together to net 'u_crypto_synth_top/u_top/u_aes/core/keymem/n_998'.
**WARN: Instance 'u_crypto_synth_top/u_top/u_aes/core/keymem/g101190' has multiple input pins tied together to net 'u_crypto_synth_top/u_top/u_aes/core/keymem/prev_key0_reg[63]'.
**WARN: Instance 'u_crypto_synth_top/u_top/u_aes/core/keymem/g101191' has multiple input pins tied together to net 'u_crypto_synth_top/u_top/u_aes/core/keymem/n_926'.
**WARN: Instance 'u_crypto_synth_top/u_top/u_aes/core/keymem/g101191' has multiple input pins tied together to net 'u_crypto_synth_top/u_top/u_aes/core/keymem/prev_key1_reg[61]'.
**WARN: Instance 'u_crypto_synth_top/u_top/u_aes/core/keymem/g101192' has multiple input pins tied together to net 'u_crypto_synth_top/u_top/u_aes/core/keymem/n_938'.
**WARN: Instance 'u_crypto_synth_top/u_top/u_aes/core/keymem/g101192' has multiple input pins tied together to net 'u_crypto_synth_top/u_top/u_aes/core/keymem/FE_PHN14337_prev_key1_reg_58'.
**WARN: Instance 'u_crypto_synth_top/u_top/u_aes/core/keymem/g101193' has multiple input pins tied together to net 'u_crypto_synth_top/u_top/u_aes/core/keymem/n_923'.
**WARN: Instance 'u_crypto_synth_top/u_top/u_aes/core/keymem/g101193' has multiple input pins tied together to net 'u_crypto_synth_top/u_top/u_aes/core/keymem/prev_key1_reg[62]'.
**WARN: Instance 'u_crypto_synth_top/u_top/u_aes/core/keymem/g101194' has multiple input pins tied together to net 'u_crypto_synth_top/u_top/u_aes/core/keymem/n_945'.
**WARN: Instance 'u_crypto_synth_top/u_top/u_aes/core/keymem/g101194' has multiple input pins tied together to net 'u_crypto_synth_top/u_top/u_aes/core/keymem/FE_PHN14287_prev_key1_reg_56'.
**WARN: Instance 'u_crypto_synth_top/u_top/u_aes/core/keymem/g101195' has multiple input pins tied together to net 'u_crypto_synth_top/u_top/u_aes/core/keymem/n_920'.
**WARN: Instance 'u_crypto_synth_top/u_top/u_aes/core/keymem/g101195' has multiple input pins tied together to net 'u_crypto_synth_top/u_top/u_aes/core/keymem/prev_key0_reg[62]'.
**WARN: Instance 'u_crypto_synth_top/u_top/u_aes/core/keymem/g101196' has multiple input pins tied together to net 'u_crypto_synth_top/u_top/u_aes/core/keymem/n_919'.
**WARN: Instance 'u_crypto_synth_top/u_top/u_aes/core/keymem/g101196' has multiple input pins tied together to net 'u_crypto_synth_top/u_top/u_aes/core/keymem/prev_key1_reg[63]'.
**WARN: Instance 'u_crypto_synth_top/u_top/u_aes/core/keymem/g101197' has multiple input pins tied together to net 'u_crypto_synth_top/u_top/u_aes/core/keymem/n_935'.
**WARN: Instance 'u_crypto_synth_top/u_top/u_aes/core/keymem/g101197' has multiple input pins tied together to net 'u_crypto_synth_top/u_top/u_aes/core/keymem/FE_PHN14276_prev_key1_reg_59'.
**WARN: Instance 'u_crypto_synth_top/u_top/u_aes/core/keymem/g101198' has multiple input pins tied together to net 'u_crypto_synth_top/u_top/u_aes/core/keymem/n_961'.
**WARN: Instance 'u_crypto_synth_top/u_top/u_aes/core/keymem/g101198' has multiple input pins tied together to net 'u_crypto_synth_top/u_top/u_aes/core/keymem/FE_PHN878_prev_key0_reg_34'.
**WARN: Instance 'u_crypto_synth_top/u_top/u_aes/core/keymem/g101199' has multiple input pins tied together to net 'u_crypto_synth_top/u_top/u_aes/core/keymem/n_962'.
**WARN: Instance 'u_crypto_synth_top/u_top/u_aes/core/keymem/g101199' has multiple input pins tied together to net 'u_crypto_synth_top/u_top/u_aes/core/keymem/FE_PHN239_prev_key0_reg_38'.
**WARN: Instance 'u_crypto_synth_top/u_top/u_aes/core/keymem/g101200' has multiple input pins tied together to net 'u_crypto_synth_top/u_top/u_aes/core/keymem/n_960'.
**WARN: Instance 'u_crypto_synth_top/u_top/u_aes/core/keymem/g101200' has multiple input pins tied together to net 'u_crypto_synth_top/u_top/u_aes/core/keymem/FE_PHN235_prev_key0_reg_41'.
**WARN: Instance 'u_crypto_synth_top/u_top/u_aes/core/keymem/g101201' has multiple input pins tied together to net 'u_crypto_synth_top/u_top/u_aes/core/keymem/n_959'.
**WARN: Instance 'u_crypto_synth_top/u_top/u_aes/core/keymem/g101201' has multiple input pins tied together to net 'u_crypto_synth_top/u_top/u_aes/core/keymem/FE_PHN1064_prev_key0_reg_42'.
**WARN: Instance 'u_crypto_synth_top/u_top/u_aes/core/keymem/g101202' has multiple input pins tied together to net 'u_crypto_synth_top/u_top/u_aes/core/keymem/n_958'.
**WARN: Instance 'u_crypto_synth_top/u_top/u_aes/core/keymem/g101202' has multiple input pins tied together to net 'u_crypto_synth_top/u_top/u_aes/core/keymem/FE_PHN223_prev_key0_reg_43'.
**WARN: Instance 'u_crypto_synth_top/u_top/u_aes/core/keymem/g101203' has multiple input pins tied together to net 'u_crypto_synth_top/u_top/u_aes/core/keymem/n_957'.
**WARN: Instance 'u_crypto_synth_top/u_top/u_aes/core/keymem/g101203' has multiple input pins tied together to net 'u_crypto_synth_top/u_top/u_aes/core/keymem/FE_PHN966_prev_key0_reg_45'.
**WARN: Instance 'u_crypto_synth_top/u_top/u_aes/core/keymem/g101204' has multiple input pins tied together to net 'u_crypto_synth_top/u_top/u_aes/core/keymem/n_956'.
**WARN: Instance 'u_crypto_synth_top/u_top/u_aes/core/keymem/g101204' has multiple input pins tied together to net 'u_crypto_synth_top/u_top/u_aes/core/keymem/FE_PHN1039_prev_key0_reg_46'.
**WARN: Instance 'u_crypto_synth_top/u_top/u_aes/core/keymem/g101205' has multiple input pins tied together to net 'u_crypto_synth_top/u_top/u_aes/core/keymem/n_942'.
**WARN: Instance 'u_crypto_synth_top/u_top/u_aes/core/keymem/g101205' has multiple input pins tied together to net 'u_crypto_synth_top/u_top/u_aes/core/keymem/FE_PHN14273_prev_key0_reg_56'.
**WARN: Instance 'u_crypto_synth_top/u_top/u_aes/core/keymem/g101298' has multiple input pins tied together to net 'u_crypto_synth_top/u_top/u_aes/core/keymem/n_696'.
**WARN: Instance 'u_crypto_synth_top/u_top/u_aes/core/keymem/g101298' has multiple input pins tied together to net 'u_crypto_synth_top/u_top/u_aes/core/keymem/prev_key0_reg[51]'.
**WARN: Instance 'u_crypto_synth_top/u_top/u_aes/core/keymem/g101331' has multiple input pins tied together to net 'u_crypto_synth_top/u_top/u_aes/core/keymem/n_664'.
**WARN: Instance 'u_crypto_synth_top/u_top/u_aes/core/keymem/g101331' has multiple input pins tied together to net 'u_crypto_synth_top/u_top/u_aes/core/keymem/prev_key0_reg[49]'.
**WARN: Instance 'u_crypto_synth_top/u_top/u_aes/core/keymem/g101364' has multiple input pins tied together to net 'u_crypto_synth_top/u_top/u_aes/core/keymem/n_629'.
**WARN: Instance 'u_crypto_synth_top/u_top/u_aes/core/keymem/g101364' has multiple input pins tied together to net 'u_crypto_synth_top/u_top/u_aes/core/keymem/prev_key0_reg[52]'.
**WARN: Instance 'u_crypto_synth_top/u_top/u_aes/core/keymem/g101366' has multiple input pins tied together to net 'u_crypto_synth_top/u_top/u_aes/core/keymem/n_628'.
**WARN: Instance 'u_crypto_synth_top/u_top/u_aes/core/keymem/g101366' has multiple input pins tied together to net 'u_crypto_synth_top/u_top/u_aes/core/keymem/prev_key0_reg[63]'.
**WARN: Instance 'u_crypto_synth_top/u_top/u_aes/core/keymem/g101367' has multiple input pins tied together to net 'u_crypto_synth_top/u_top/u_aes/core/keymem/n_621'.
**WARN: Instance 'u_crypto_synth_top/u_top/u_aes/core/keymem/g101367' has multiple input pins tied together to net 'u_crypto_synth_top/u_top/u_aes/core/keymem/prev_key0_reg[54]'.
**WARN: Instance 'u_crypto_synth_top/u_top/u_aes/core/keymem/g101368' has multiple input pins tied together to net 'u_crypto_synth_top/u_top/u_aes/core/keymem/n_645'.
**WARN: Instance 'u_crypto_synth_top/u_top/u_aes/core/keymem/g101368' has multiple input pins tied together to net 'u_crypto_synth_top/u_top/u_aes/core/keymem/prev_key0_reg[95]'.
**WARN: Instance 'u_crypto_synth_top/u_top/u_aes/core/keymem/g101369' has multiple input pins tied together to net 'u_crypto_synth_top/u_top/u_aes/core/keymem/n_697'.
**WARN: Instance 'u_crypto_synth_top/u_top/u_aes/core/keymem/g101369' has multiple input pins tied together to net 'u_crypto_synth_top/u_top/u_aes/core/keymem/prev_key1_reg[36]'.
**WARN: Instance 'u_crypto_synth_top/u_top/u_aes/core/keymem/g101370' has multiple input pins tied together to net 'u_crypto_synth_top/u_top/u_aes/core/keymem/n_616'.
**WARN: Instance 'u_crypto_synth_top/u_top/u_aes/core/keymem/g101370' has multiple input pins tied together to net 'u_crypto_synth_top/u_top/u_aes/core/keymem/FE_PHN939_prev_key1_reg_46'.
**WARN: Instance 'u_crypto_synth_top/u_top/u_aes/core/keymem/g101371' has multiple input pins tied together to net 'u_crypto_synth_top/u_top/u_aes/core/keymem/n_652'.
**WARN: Instance 'u_crypto_synth_top/u_top/u_aes/core/keymem/g101371' has multiple input pins tied together to net 'u_crypto_synth_top/u_top/u_aes/core/keymem/prev_key1_reg[32]'.
**WARN: Instance 'u_crypto_synth_top/u_top/u_aes/core/keymem/g101382' has multiple input pins tied together to net 'u_crypto_synth_top/u_top/u_aes/core/keymem/n_689'.
**WARN: Instance 'u_crypto_synth_top/u_top/u_aes/core/keymem/g101382' has multiple input pins tied together to net 'u_crypto_synth_top/u_top/u_aes/core/keymem/prev_key0_reg[53]'.
**WARN: Instance 'u_crypto_synth_top/u_top/u_aes/core/keymem/g101383' has multiple input pins tied together to net 'u_crypto_synth_top/u_top/u_aes/core/keymem/n_630'.
**WARN: Instance 'u_crypto_synth_top/u_top/u_aes/core/keymem/g101383' has multiple input pins tied together to net 'u_crypto_synth_top/u_top/u_aes/core/keymem/prev_key0_reg[33]'.
**WARN: Instance 'u_crypto_synth_top/u_top/u_aes/core/keymem/g101384' has multiple input pins tied together to net 'u_crypto_synth_top/u_top/u_aes/core/keymem/n_651'.
**WARN: Instance 'u_crypto_synth_top/u_top/u_aes/core/keymem/g101384' has multiple input pins tied together to net 'u_crypto_synth_top/u_top/u_aes/core/keymem/FE_PHN14319_prev_key0_reg_35'.
**WARN: Instance 'u_crypto_synth_top/u_top/u_aes/core/keymem/g101385' has multiple input pins tied together to net 'u_crypto_synth_top/u_top/u_aes/core/keymem/n_636'.
**WARN: Instance 'u_crypto_synth_top/u_top/u_aes/core/keymem/g101385' has multiple input pins tied together to net 'u_crypto_synth_top/u_top/u_aes/core/keymem/FE_PHN14319_prev_key0_reg_35'.
**WARN: Instance 'u_crypto_synth_top/u_top/u_aes/core/keymem/g101386' has multiple input pins tied together to net 'u_crypto_synth_top/u_top/u_aes/core/keymem/n_665'.
**WARN: Instance 'u_crypto_synth_top/u_top/u_aes/core/keymem/g101386' has multiple input pins tied together to net 'u_crypto_synth_top/u_top/u_aes/core/keymem/prev_key0_reg[36]'.
**WARN: Instance 'u_crypto_synth_top/u_top/u_aes/core/keymem/g101387' has multiple input pins tied together to net 'u_crypto_synth_top/u_top/u_aes/core/keymem/n_667'.
**WARN: Instance 'u_crypto_synth_top/u_top/u_aes/core/keymem/g101387' has multiple input pins tied together to net 'u_crypto_synth_top/u_top/u_aes/core/keymem/prev_key0_reg[36]'.
**WARN: Instance 'u_crypto_synth_top/u_top/u_aes/core/keymem/g101388' has multiple input pins tied together to net 'u_crypto_synth_top/u_top/u_aes/core/keymem/n_684'.
**WARN: Instance 'u_crypto_synth_top/u_top/u_aes/core/keymem/g101388' has multiple input pins tied together to net 'u_crypto_synth_top/u_top/u_aes/core/keymem/prev_key0_reg[37]'.
**WARN: Instance 'u_crypto_synth_top/u_top/u_aes/core/keymem/g101389' has multiple input pins tied together to net 'u_crypto_synth_top/u_top/u_aes/core/keymem/n_683'.
**WARN: Instance 'u_crypto_synth_top/u_top/u_aes/core/keymem/g101389' has multiple input pins tied together to net 'u_crypto_synth_top/u_top/u_aes/core/keymem/prev_key0_reg[37]'.
**WARN: Instance 'u_crypto_synth_top/u_top/u_aes/core/keymem/g101390' has multiple input pins tied together to net 'u_crypto_synth_top/u_top/u_aes/core/keymem/n_691'.
**WARN: Instance 'u_crypto_synth_top/u_top/u_aes/core/keymem/g101390' has multiple input pins tied together to net 'u_crypto_synth_top/u_top/u_aes/core/keymem/prev_key0_reg[52]'.
**WARN: Instance 'u_crypto_synth_top/u_top/u_aes/core/keymem/g101391' has multiple input pins tied together to net 'u_crypto_synth_top/u_top/u_aes/core/keymem/n_686'.
**WARN: Instance 'u_crypto_synth_top/u_top/u_aes/core/keymem/g101391' has multiple input pins tied together to net 'u_crypto_synth_top/u_top/u_aes/core/keymem/prev_key0_reg[44]'.
**WARN: Instance 'u_crypto_synth_top/u_top/u_aes/core/keymem/g101392' has multiple input pins tied together to net 'u_crypto_synth_top/u_top/u_aes/core/keymem/n_672'.
**WARN: Instance 'u_crypto_synth_top/u_top/u_aes/core/keymem/g101392' has multiple input pins tied together to net 'u_crypto_synth_top/u_top/u_aes/core/keymem/prev_key0_reg[53]'.
**WARN: Instance 'u_crypto_synth_top/u_top/u_aes/core/keymem/g101393' has multiple input pins tied together to net 'u_crypto_synth_top/u_top/u_aes/core/keymem/n_680'.
**WARN: Instance 'u_crypto_synth_top/u_top/u_aes/core/keymem/g101393' has multiple input pins tied together to net 'u_crypto_synth_top/u_top/u_aes/core/keymem/prev_key0_reg[44]'.
**WARN: Instance 'u_crypto_synth_top/u_top/u_aes/core/keymem/g101394' has multiple input pins tied together to net 'u_crypto_synth_top/u_top/u_aes/core/keymem/n_642'.
**WARN: Instance 'u_crypto_synth_top/u_top/u_aes/core/keymem/g101394' has multiple input pins tied together to net 'u_crypto_synth_top/u_top/u_aes/core/keymem/prev_key0_reg[49]'.
**WARN: Instance 'u_crypto_synth_top/u_top/u_aes/core/keymem/g101395' has multiple input pins tied together to net 'u_crypto_synth_top/u_top/u_aes/core/keymem/n_614'.
**WARN: Instance 'u_crypto_synth_top/u_top/u_aes/core/keymem/g101395' has multiple input pins tied together to net 'u_crypto_synth_top/u_top/u_aes/core/keymem/prev_key0_reg[50]'.
**WARN: Instance 'u_crypto_synth_top/u_top/u_aes/core/keymem/g101396' has multiple input pins tied together to net 'u_crypto_synth_top/u_top/u_aes/core/keymem/n_687'.
**WARN: Instance 'u_crypto_synth_top/u_top/u_aes/core/keymem/g101396' has multiple input pins tied together to net 'u_crypto_synth_top/u_top/u_aes/core/keymem/prev_key0_reg[50]'.
**WARN: Instance 'u_crypto_synth_top/u_top/u_aes/core/keymem/g101397' has multiple input pins tied together to net 'u_crypto_synth_top/u_top/u_aes/core/keymem/n_648'.
**WARN: Instance 'u_crypto_synth_top/u_top/u_aes/core/keymem/g101397' has multiple input pins tied together to net 'u_crypto_synth_top/u_top/u_aes/core/keymem/prev_key0_reg[51]'.
**WARN: Instance 'u_crypto_synth_top/u_top/u_aes/core/keymem/g101398' has multiple input pins tied together to net 'u_crypto_synth_top/u_top/u_aes/core/keymem/n_668'.
**WARN: Instance 'u_crypto_synth_top/u_top/u_aes/core/keymem/g101398' has multiple input pins tied together to net 'u_crypto_synth_top/u_top/u_aes/core/keymem/prev_key0_reg[33]'.
**WARN: Instance 'u_crypto_synth_top/u_top/u_aes/core/keymem/g101399' has multiple input pins tied together to net 'u_crypto_synth_top/u_top/u_aes/core/keymem/n_626'.
**WARN: Instance 'u_crypto_synth_top/u_top/u_aes/core/keymem/g101399' has multiple input pins tied together to net 'u_crypto_synth_top/u_top/u_aes/core/keymem/prev_key0_reg[57]'.
**WARN: Instance 'u_crypto_synth_top/u_top/u_aes/core/keymem/g101400' has multiple input pins tied together to net 'u_crypto_synth_top/u_top/u_aes/core/keymem/n_620'.
**WARN: Instance 'u_crypto_synth_top/u_top/u_aes/core/keymem/g101400' has multiple input pins tied together to net 'u_crypto_synth_top/u_top/u_aes/core/keymem/FE_PHN14321_prev_key0_reg_58'.
**WARN: Instance 'u_crypto_synth_top/u_top/u_aes/core/keymem/g101401' has multiple input pins tied together to net 'u_crypto_synth_top/u_top/u_aes/core/keymem/n_615'.
**WARN: Instance 'u_crypto_synth_top/u_top/u_aes/core/keymem/g101401' has multiple input pins tied together to net 'u_crypto_synth_top/u_top/u_aes/core/keymem/FE_PHN14278_prev_key0_reg_59'.
**WARN: Instance 'u_crypto_synth_top/u_top/u_aes/core/keymem/g101402' has multiple input pins tied together to net 'u_crypto_synth_top/u_top/u_aes/core/keymem/n_656'.
**WARN: Instance 'u_crypto_synth_top/u_top/u_aes/core/keymem/g101402' has multiple input pins tied together to net 'u_crypto_synth_top/u_top/u_aes/core/keymem/FE_PHN14277_prev_key0_reg_60'.
**WARN: Instance 'u_crypto_synth_top/u_top/u_aes/core/keymem/g101403' has multiple input pins tied together to net 'u_crypto_synth_top/u_top/u_aes/core/keymem/n_674'.
**WARN: Instance 'u_crypto_synth_top/u_top/u_aes/core/keymem/g101403' has multiple input pins tied together to net 'u_crypto_synth_top/u_top/u_aes/core/keymem/prev_key0_reg[61]'.
**WARN: Instance 'u_crypto_synth_top/u_top/u_aes/core/keymem/g101414' has multiple input pins tied together to net 'u_crypto_synth_top/u_top/u_aes/core/keymem/n_682'.
**WARN: Instance 'u_crypto_synth_top/u_top/u_aes/core/keymem/g101414' has multiple input pins tied together to net 'u_crypto_synth_top/u_top/u_aes/core/keymem/FE_PHN280_prev_key1_reg_38'.
**WARN: Instance 'u_crypto_synth_top/u_top/u_aes/core/keymem/g101415' has multiple input pins tied together to net 'u_crypto_synth_top/u_top/u_aes/core/keymem/n_695'.
**WARN: Instance 'u_crypto_synth_top/u_top/u_aes/core/keymem/g101415' has multiple input pins tied together to net 'u_crypto_synth_top/u_top/u_aes/core/keymem/FE_PHN820_prev_key1_reg_34'.
**WARN: Instance 'u_crypto_synth_top/u_top/u_aes/core/keymem/g101416' has multiple input pins tied together to net 'u_crypto_synth_top/u_top/u_aes/core/keymem/n_655'.
**WARN: Instance 'u_crypto_synth_top/u_top/u_aes/core/keymem/g101416' has multiple input pins tied together to net 'u_crypto_synth_top/u_top/u_aes/core/keymem/prev_key1_reg[51]'.
**WARN: Instance 'u_crypto_synth_top/u_top/u_aes/core/keymem/g101417' has multiple input pins tied together to net 'u_crypto_synth_top/u_top/u_aes/core/keymem/n_676'.
**WARN: Instance 'u_crypto_synth_top/u_top/u_aes/core/keymem/g101417' has multiple input pins tied together to net 'u_crypto_synth_top/u_top/u_aes/core/keymem/prev_key1_reg[39]'.
**WARN: Instance 'u_crypto_synth_top/u_top/u_aes/core/keymem/g101418' has multiple input pins tied together to net 'u_crypto_synth_top/u_top/u_aes/core/keymem/n_692'.
**WARN: Instance 'u_crypto_synth_top/u_top/u_aes/core/keymem/g101418' has multiple input pins tied together to net 'u_crypto_synth_top/u_top/u_aes/core/keymem/prev_key1_reg[40]'.
**WARN: Instance 'u_crypto_synth_top/u_top/u_aes/core/keymem/g101419' has multiple input pins tied together to net 'u_crypto_synth_top/u_top/u_aes/core/keymem/n_622'.
**WARN: Instance 'u_crypto_synth_top/u_top/u_aes/core/keymem/g101419' has multiple input pins tied together to net 'u_crypto_synth_top/u_top/u_aes/core/keymem/FE_PHN289_prev_key1_reg_43'.
**WARN: Instance 'u_crypto_synth_top/u_top/u_aes/core/keymem/g101420' has multiple input pins tied together to net 'u_crypto_synth_top/u_top/u_aes/core/keymem/n_635'.
**WARN: Instance 'u_crypto_synth_top/u_top/u_aes/core/keymem/g101420' has multiple input pins tied together to net 'u_crypto_synth_top/u_top/u_aes/core/keymem/prev_key1_reg[54]'.
**WARN: Instance 'u_crypto_synth_top/u_top/u_aes/core/keymem/g101421' has multiple input pins tied together to net 'u_crypto_synth_top/u_top/u_aes/core/keymem/n_678'.
**WARN: Instance 'u_crypto_synth_top/u_top/u_aes/core/keymem/g101421' has multiple input pins tied together to net 'u_crypto_synth_top/u_top/u_aes/core/keymem/prev_key0_reg[55]'.
**WARN: Instance 'u_crypto_synth_top/u_top/u_aes/core/keymem/g101422' has multiple input pins tied together to net 'u_crypto_synth_top/u_top/u_aes/core/keymem/n_640'.
**WARN: Instance 'u_crypto_synth_top/u_top/u_aes/core/keymem/g101422' has multiple input pins tied together to net 'u_crypto_synth_top/u_top/u_aes/core/keymem/prev_key0_reg[55]'.
**WARN: Instance 'u_crypto_synth_top/u_top/u_aes/core/keymem/g101423' has multiple input pins tied together to net 'u_crypto_synth_top/u_top/u_aes/core/keymem/n_639'.
**WARN: Instance 'u_crypto_synth_top/u_top/u_aes/core/keymem/g101423' has multiple input pins tied together to net 'u_crypto_synth_top/u_top/u_aes/core/keymem/prev_key1_reg[52]'.
**WARN: Instance 'u_crypto_synth_top/u_top/u_aes/core/keymem/g101424' has multiple input pins tied together to net 'u_crypto_synth_top/u_top/u_aes/core/keymem/n_637'.
**WARN: Instance 'u_crypto_synth_top/u_top/u_aes/core/keymem/g101424' has multiple input pins tied together to net 'u_crypto_synth_top/u_top/u_aes/core/keymem/FE_PHN14310_prev_key1_reg_88'.
**WARN: Instance 'u_crypto_synth_top/u_top/u_aes/core/keymem/g101425' has multiple input pins tied together to net 'u_crypto_synth_top/u_top/u_aes/core/keymem/n_633'.
**WARN: Instance 'u_crypto_synth_top/u_top/u_aes/core/keymem/g101425' has multiple input pins tied together to net 'u_crypto_synth_top/u_top/u_aes/core/keymem/FE_PHN14273_prev_key0_reg_56'.
**WARN: Instance 'u_crypto_synth_top/u_top/u_aes/core/keymem/g101426' has multiple input pins tied together to net 'u_crypto_synth_top/u_top/u_aes/core/keymem/n_632'.
**WARN: Instance 'u_crypto_synth_top/u_top/u_aes/core/keymem/g101426' has multiple input pins tied together to net 'u_crypto_synth_top/u_top/u_aes/core/keymem/FE_PHN329_n_157'.
**WARN: Instance 'u_crypto_synth_top/u_top/u_aes/core/keymem/g101427' has multiple input pins tied together to net 'u_crypto_synth_top/u_top/u_aes/core/keymem/n_627'.
**WARN: Instance 'u_crypto_synth_top/u_top/u_aes/core/keymem/g101427' has multiple input pins tied together to net 'u_crypto_synth_top/u_top/u_aes/core/keymem/prev_key1_reg[89]'.
**WARN: Instance 'u_crypto_synth_top/u_top/u_aes/core/keymem/g101428' has multiple input pins tied together to net 'u_crypto_synth_top/u_top/u_aes/core/keymem/n_690'.
**WARN: Instance 'u_crypto_synth_top/u_top/u_aes/core/keymem/g101428' has multiple input pins tied together to net 'u_crypto_synth_top/u_top/u_aes/core/keymem/FE_PHN291_prev_key1_reg_41'.
**WARN: Instance 'u_crypto_synth_top/u_top/u_aes/core/keymem/g101429' has multiple input pins tied together to net 'u_crypto_synth_top/u_top/u_aes/core/keymem/n_644'.
**WARN: Instance 'u_crypto_synth_top/u_top/u_aes/core/keymem/g101429' has multiple input pins tied together to net 'u_crypto_synth_top/u_top/u_aes/core/keymem/FE_PHN881_n_36'.
**WARN: Instance 'u_crypto_synth_top/u_top/u_aes/core/keymem/g101430' has multiple input pins tied together to net 'u_crypto_synth_top/u_top/u_aes/core/keymem/n_623'.
**WARN: Instance 'u_crypto_synth_top/u_top/u_aes/core/keymem/g101430' has multiple input pins tied together to net 'u_crypto_synth_top/u_top/u_aes/core/keymem/FE_PHN14637_prev_key1_reg_90'.
**WARN: Instance 'u_crypto_synth_top/u_top/u_aes/core/keymem/g101431' has multiple input pins tied together to net 'u_crypto_synth_top/u_top/u_aes/core/keymem/n_699'.
**WARN: Instance 'u_crypto_synth_top/u_top/u_aes/core/keymem/g101431' has multiple input pins tied together to net 'u_crypto_synth_top/u_top/u_aes/core/keymem/prev_key0_reg[54]'.
**WARN: Instance 'u_crypto_synth_top/u_top/u_aes/core/keymem/g101432' has multiple input pins tied together to net 'u_crypto_synth_top/u_top/u_aes/core/keymem/n_619'.
**WARN: Instance 'u_crypto_synth_top/u_top/u_aes/core/keymem/g101432' has multiple input pins tied together to net 'u_crypto_synth_top/u_top/u_aes/core/keymem/FE_PHN366_n_51'.
**WARN: Instance 'u_crypto_synth_top/u_top/u_aes/core/keymem/g101433' has multiple input pins tied together to net 'u_crypto_synth_top/u_top/u_aes/core/keymem/n_617'.
**WARN: Instance 'u_crypto_synth_top/u_top/u_aes/core/keymem/g101433' has multiple input pins tied together to net 'u_crypto_synth_top/u_top/u_aes/core/keymem/FE_PHN14282_prev_key1_reg_91'.
**WARN: Instance 'u_crypto_synth_top/u_top/u_aes/core/keymem/g101434' has multiple input pins tied together to net 'u_crypto_synth_top/u_top/u_aes/core/keymem/n_675'.
**WARN: Instance 'u_crypto_synth_top/u_top/u_aes/core/keymem/g101434' has multiple input pins tied together to net 'u_crypto_synth_top/u_top/u_aes/core/keymem/prev_key1_reg[49]'.
**WARN: Instance 'u_crypto_synth_top/u_top/u_aes/core/keymem/g101435' has multiple input pins tied together to net 'u_crypto_synth_top/u_top/u_aes/core/keymem/n_663'.
**WARN: Instance 'u_crypto_synth_top/u_top/u_aes/core/keymem/g101435' has multiple input pins tied together to net 'u_crypto_synth_top/u_top/u_aes/core/keymem/FE_PHN1004_prev_key1_reg_42'.
**WARN: Instance 'u_crypto_synth_top/u_top/u_aes/core/keymem/g101436' has multiple input pins tied together to net 'u_crypto_synth_top/u_top/u_aes/core/keymem/n_662'.
**WARN: Instance 'u_crypto_synth_top/u_top/u_aes/core/keymem/g101436' has multiple input pins tied together to net 'u_crypto_synth_top/u_top/u_aes/core/keymem/prev_key1_reg[50]'.
**WARN: Instance 'u_crypto_synth_top/u_top/u_aes/core/keymem/g101437' has multiple input pins tied together to net 'u_crypto_synth_top/u_top/u_aes/core/keymem/n_641'.
**WARN: Instance 'u_crypto_synth_top/u_top/u_aes/core/keymem/g101437' has multiple input pins tied together to net 'u_crypto_synth_top/u_top/u_aes/core/keymem/FE_PHN507_n_134'.
**WARN: Instance 'u_crypto_synth_top/u_top/u_aes/core/keymem/g101438' has multiple input pins tied together to net 'u_crypto_synth_top/u_top/u_aes/core/keymem/n_654'.
**WARN: Instance 'u_crypto_synth_top/u_top/u_aes/core/keymem/g101438' has multiple input pins tied together to net 'u_crypto_synth_top/u_top/u_aes/core/keymem/FE_PHN14283_prev_key1_reg_92'.
**WARN: Instance 'u_crypto_synth_top/u_top/u_aes/core/keymem/g101439' has multiple input pins tied together to net 'u_crypto_synth_top/u_top/u_aes/core/keymem/n_618'.
**WARN: Instance 'u_crypto_synth_top/u_top/u_aes/core/keymem/g101439' has multiple input pins tied together to net 'u_crypto_synth_top/u_top/u_aes/core/keymem/prev_key1_reg[55]'.
**WARN: Instance 'u_crypto_synth_top/u_top/u_aes/core/keymem/g101440' has multiple input pins tied together to net 'u_crypto_synth_top/u_top/u_aes/core/keymem/n_658'.
**WARN: Instance 'u_crypto_synth_top/u_top/u_aes/core/keymem/g101440' has multiple input pins tied together to net 'u_crypto_synth_top/u_top/u_aes/core/keymem/prev_key0_reg[48]'.
**WARN: Instance 'u_crypto_synth_top/u_top/u_aes/core/keymem/g101441' has multiple input pins tied together to net 'u_crypto_synth_top/u_top/u_aes/core/keymem/n_625'.
**WARN: Instance 'u_crypto_synth_top/u_top/u_aes/core/keymem/g101441' has multiple input pins tied together to net 'u_crypto_synth_top/u_top/u_aes/core/keymem/FE_PHN502_n_167'.
**WARN: Instance 'u_crypto_synth_top/u_top/u_aes/core/keymem/g101442' has multiple input pins tied together to net 'u_crypto_synth_top/u_top/u_aes/core/keymem/n_673'.
**WARN: Instance 'u_crypto_synth_top/u_top/u_aes/core/keymem/g101442' has multiple input pins tied together to net 'u_crypto_synth_top/u_top/u_aes/core/keymem/prev_key1_reg[93]'.
**WARN: Instance 'u_crypto_synth_top/u_top/u_aes/core/keymem/g101443' has multiple input pins tied together to net 'u_crypto_synth_top/u_top/u_aes/core/keymem/n_624'.
**WARN: Instance 'u_crypto_synth_top/u_top/u_aes/core/keymem/g101444' has multiple input pins tied together to net 'u_crypto_synth_top/u_top/u_aes/core/keymem/n_693'.
**WARN: Instance 'u_crypto_synth_top/u_top/u_aes/core/keymem/g101444' has multiple input pins tied together to net 'u_crypto_synth_top/u_top/u_aes/core/keymem/FE_PHN931_n_165'.
**WARN: Instance 'u_crypto_synth_top/u_top/u_aes/core/keymem/g101445' has multiple input pins tied together to net 'u_crypto_synth_top/u_top/u_aes/core/keymem/n_677'.
**WARN: Instance 'u_crypto_synth_top/u_top/u_aes/core/keymem/g101445' has multiple input pins tied together to net 'u_crypto_synth_top/u_top/u_aes/core/keymem/prev_key1_reg[94]'.
**WARN: Instance 'u_crypto_synth_top/u_top/u_aes/core/keymem/g101446' has multiple input pins tied together to net 'u_crypto_synth_top/u_top/u_aes/core/keymem/n_681'.
**WARN: Instance 'u_crypto_synth_top/u_top/u_aes/core/keymem/g101446' has multiple input pins tied together to net 'u_crypto_synth_top/u_top/u_aes/core/keymem/prev_key0_reg[62]'.
**WARN: Instance 'u_crypto_synth_top/u_top/u_aes/core/keymem/g101447' has multiple input pins tied together to net 'u_crypto_synth_top/u_top/u_aes/core/keymem/n_679'.
**WARN: Instance 'u_crypto_synth_top/u_top/u_aes/core/keymem/g101447' has multiple input pins tied together to net 'u_crypto_synth_top/u_top/u_aes/core/keymem/FE_PHN1001_n_44'.
**WARN: Instance 'u_crypto_synth_top/u_top/u_aes/core/keymem/g101448' has multiple input pins tied together to net 'u_crypto_synth_top/u_top/u_aes/core/keymem/n_688'.
**WARN: Instance 'u_crypto_synth_top/u_top/u_aes/core/keymem/g101448' has multiple input pins tied together to net 'u_crypto_synth_top/u_top/u_aes/core/keymem/prev_key1_reg[95]'.
**WARN: Instance 'u_crypto_synth_top/u_top/u_aes/core/keymem/g101449' has multiple input pins tied together to net 'u_crypto_synth_top/u_top/u_aes/core/keymem/n_685'.
**WARN: Instance 'u_crypto_synth_top/u_top/u_aes/core/keymem/g101449' has multiple input pins tied together to net 'u_crypto_synth_top/u_top/u_aes/core/keymem/prev_key1_reg[37]'.
**WARN: Instance 'u_crypto_synth_top/u_top/u_aes/core/keymem/g101450' has multiple input pins tied together to net 'u_crypto_synth_top/u_top/u_aes/core/keymem/n_657'.
**WARN: Instance 'u_crypto_synth_top/u_top/u_aes/core/keymem/g101450' has multiple input pins tied together to net 'u_crypto_synth_top/u_top/u_aes/core/keymem/prev_key1_reg[33]'.
**WARN: Instance 'u_crypto_synth_top/u_top/u_aes/core/keymem/g101451' has multiple input pins tied together to net 'u_crypto_synth_top/u_top/u_aes/core/keymem/n_660'.
**WARN: Instance 'u_crypto_synth_top/u_top/u_aes/core/keymem/g101451' has multiple input pins tied together to net 'u_crypto_synth_top/u_top/u_aes/core/keymem/FE_PHN912_prev_key1_reg_45'.
**WARN: Instance 'u_crypto_synth_top/u_top/u_aes/core/keymem/g101455' has multiple input pins tied together to net 'u_crypto_synth_top/u_top/u_aes/core/keymem/n_671'.
**WARN: Instance 'u_crypto_synth_top/u_top/u_aes/core/keymem/g101455' has multiple input pins tied together to net 'u_crypto_synth_top/u_top/u_aes/core/keymem/prev_key0_reg[48]'.
**WARN: Instance 'u_crypto_synth_top/u_top/u_aes/core/keymem/g101456' has multiple input pins tied together to net 'u_crypto_synth_top/u_top/u_aes/core/keymem/n_661'.
**WARN: Instance 'u_crypto_synth_top/u_top/u_aes/core/keymem/g101456' has multiple input pins tied together to net 'u_crypto_synth_top/u_top/u_aes/core/keymem/prev_key1_reg[47]'.
**WARN: Instance 'u_crypto_synth_top/u_top/u_aes/core/keymem/g101457' has multiple input pins tied together to net 'u_crypto_synth_top/u_top/u_aes/core/keymem/n_643'.
**WARN: Instance 'u_crypto_synth_top/u_top/u_aes/core/keymem/g101457' has multiple input pins tied together to net 'u_crypto_synth_top/u_top/u_aes/core/keymem/prev_key1_reg[44]'.
**WARN: Instance 'u_crypto_synth_top/u_top/u_aes/core/keymem/g101458' has multiple input pins tied together to net 'u_crypto_synth_top/u_top/u_aes/core/keymem/n_659'.
**WARN: Instance 'u_crypto_synth_top/u_top/u_aes/core/keymem/g101458' has multiple input pins tied together to net 'u_crypto_synth_top/u_top/u_aes/core/keymem/prev_key0_reg[47]'.
**WARN: Instance 'u_crypto_synth_top/u_top/u_aes/core/keymem/g101459' has multiple input pins tied together to net 'u_crypto_synth_top/u_top/u_aes/core/keymem/n_647'.
**WARN: Instance 'u_crypto_synth_top/u_top/u_aes/core/keymem/g101459' has multiple input pins tied together to net 'u_crypto_synth_top/u_top/u_aes/core/keymem/prev_key0_reg[47]'.
**WARN: Instance 'u_crypto_synth_top/u_top/u_aes/core/keymem/g101460' has multiple input pins tied together to net 'u_crypto_synth_top/u_top/u_aes/core/keymem/n_669'.
**WARN: Instance 'u_crypto_synth_top/u_top/u_aes/core/keymem/g101460' has multiple input pins tied together to net 'u_crypto_synth_top/u_top/u_aes/core/keymem/prev_key1_reg[48]'.
**WARN: Instance 'u_crypto_synth_top/u_top/u_aes/core/keymem/g101461' has multiple input pins tied together to net 'u_crypto_synth_top/u_top/u_aes/core/keymem/n_670'.
**WARN: Instance 'u_crypto_synth_top/u_top/u_aes/core/keymem/g101461' has multiple input pins tied together to net 'u_crypto_synth_top/u_top/u_aes/core/keymem/prev_key1_reg[53]'.
**WARN: Instance 'u_crypto_synth_top/u_top/u_aes/core/keymem/g101841' has multiple input pins tied together to net 'u_crypto_synth_top/u_top/u_aes/core/keymem/n_470'.
**WARN: Instance 'u_crypto_synth_top/u_top/u_aes/core/keymem/g101841' has multiple input pins tied together to net 'u_crypto_synth_top/u_top/u_aes/core/keymem/FE_PHN368_n_32'.
**WARN: Instance 'u_crypto_synth_top/u_top/u_aes/core/keymem/g101842' has multiple input pins tied together to net 'u_crypto_synth_top/u_top/u_aes/core/keymem/n_391'.
**WARN: Instance 'u_crypto_synth_top/u_top/u_aes/core/keymem/g101842' has multiple input pins tied together to net 'u_crypto_synth_top/u_top/u_aes/core/keymem/FE_PHN894_n_196'.
**WARN: Instance 'u_crypto_synth_top/u_top/u_aes/core/keymem/g101843' has multiple input pins tied together to net 'u_crypto_synth_top/u_top/u_aes/core/keymem/n_415'.
**WARN: Instance 'u_crypto_synth_top/u_top/u_aes/core/keymem/g101843' has multiple input pins tied together to net 'u_crypto_synth_top/u_top/u_aes/core/keymem/FE_PHN590_n_155'.
**WARN: Instance 'u_crypto_synth_top/u_top/u_aes/core/keymem/g101844' has multiple input pins tied together to net 'u_crypto_synth_top/u_top/u_aes/core/keymem/n_423'.
**WARN: Instance 'u_crypto_synth_top/u_top/u_aes/core/keymem/g101844' has multiple input pins tied together to net 'u_crypto_synth_top/u_top/u_aes/core/keymem/FE_PHN368_n_32'.
**WARN: Instance 'u_crypto_synth_top/u_top/u_aes/core/keymem/g101845' has multiple input pins tied together to net 'u_crypto_synth_top/u_top/u_aes/core/keymem/n_384'.
**WARN: Instance 'u_crypto_synth_top/u_top/u_aes/core/keymem/g101845' has multiple input pins tied together to net 'u_crypto_synth_top/u_top/u_aes/core/keymem/FE_PHN450_n_189'.
**WARN: Instance 'u_crypto_synth_top/u_top/u_aes/core/keymem/g101846' has multiple input pins tied together to net 'u_crypto_synth_top/u_top/u_aes/core/keymem/n_466'.
**WARN: Instance 'u_crypto_synth_top/u_top/u_aes/core/keymem/g101846' has multiple input pins tied together to net 'u_crypto_synth_top/u_top/u_aes/core/keymem/FE_PHN842_n_31'.
**WARN: Instance 'u_crypto_synth_top/u_top/u_aes/core/keymem/g101847' has multiple input pins tied together to net 'u_crypto_synth_top/u_top/u_aes/core/keymem/n_420'.
**WARN: Instance 'u_crypto_synth_top/u_top/u_aes/core/keymem/g101847' has multiple input pins tied together to net 'u_crypto_synth_top/u_top/u_aes/core/keymem/FE_PHN286_n_18'.
**WARN: Instance 'u_crypto_synth_top/u_top/u_aes/core/keymem/g101848' has multiple input pins tied together to net 'u_crypto_synth_top/u_top/u_aes/core/keymem/n_393'.
**WARN: Instance 'u_crypto_synth_top/u_top/u_aes/core/keymem/g101848' has multiple input pins tied together to net 'u_crypto_synth_top/u_top/u_aes/core/keymem/FE_PHN216_n_153'.
**WARN: Instance 'u_crypto_synth_top/u_top/u_aes/core/keymem/g101849' has multiple input pins tied together to net 'u_crypto_synth_top/u_top/u_aes/core/keymem/n_381'.
**WARN: Instance 'u_crypto_synth_top/u_top/u_aes/core/keymem/g101849' has multiple input pins tied together to net 'u_crypto_synth_top/u_top/u_aes/core/keymem/FE_PHN541_n_48'.
**WARN: Instance 'u_crypto_synth_top/u_top/u_aes/core/keymem/g101850' has multiple input pins tied together to net 'u_crypto_synth_top/u_top/u_aes/core/keymem/n_396'.
**WARN: Instance 'u_crypto_synth_top/u_top/u_aes/core/keymem/g101850' has multiple input pins tied together to net 'u_crypto_synth_top/u_top/u_aes/core/keymem/FE_PHN419_n_171'.
**WARN: Instance 'u_crypto_synth_top/u_top/u_aes/core/keymem/g101851' has multiple input pins tied together to net 'u_crypto_synth_top/u_top/u_aes/core/keymem/n_461'.
**WARN: Instance 'u_crypto_synth_top/u_top/u_aes/core/keymem/g101851' has multiple input pins tied together to net 'u_crypto_synth_top/u_top/u_aes/core/keymem/FE_PHN260_n_135'.
**WARN: Instance 'u_crypto_synth_top/u_top/u_aes/core/keymem/g101852' has multiple input pins tied together to net 'u_crypto_synth_top/u_top/u_aes/core/keymem/n_417'.
**WARN: Instance 'u_crypto_synth_top/u_top/u_aes/core/keymem/g101852' has multiple input pins tied together to net 'u_crypto_synth_top/u_top/u_aes/core/keymem/FE_PHN842_n_31'.
**WARN: Instance 'u_crypto_synth_top/u_top/u_aes/core/keymem/g101853' has multiple input pins tied together to net 'u_crypto_synth_top/u_top/u_aes/core/keymem/n_425'.
**WARN: Instance 'u_crypto_synth_top/u_top/u_aes/core/keymem/g101853' has multiple input pins tied together to net 'u_crypto_synth_top/u_top/u_aes/core/keymem/FE_PHN894_n_196'.
**WARN: Instance 'u_crypto_synth_top/u_top/u_aes/core/keymem/g101854' has multiple input pins tied together to net 'u_crypto_synth_top/u_top/u_aes/core/keymem/n_469'.
**WARN: Instance 'u_crypto_synth_top/u_top/u_aes/core/keymem/g101854' has multiple input pins tied together to net 'u_crypto_synth_top/u_top/u_aes/core/keymem/FE_PHN590_n_155'.
**WARN: Instance 'u_crypto_synth_top/u_top/u_aes/core/keymem/g101855' has multiple input pins tied together to net 'u_crypto_synth_top/u_top/u_aes/core/keymem/n_409'.
**WARN: Instance 'u_crypto_synth_top/u_top/u_aes/core/keymem/g101855' has multiple input pins tied together to net 'u_crypto_synth_top/u_top/u_aes/core/keymem/FE_PHN260_n_135'.
**WARN: Instance 'u_crypto_synth_top/u_top/u_aes/core/keymem/g101856' has multiple input pins tied together to net 'u_crypto_synth_top/u_top/u_aes/core/keymem/n_403'.
**WARN: Instance 'u_crypto_synth_top/u_top/u_aes/core/keymem/g101856' has multiple input pins tied together to net 'u_crypto_synth_top/u_top/u_aes/core/keymem/FE_PHN419_n_171'.
**WARN: Instance 'u_crypto_synth_top/u_top/u_aes/core/keymem/g101857' has multiple input pins tied together to net 'u_crypto_synth_top/u_top/u_aes/core/keymem/n_416'.
**WARN: Instance 'u_crypto_synth_top/u_top/u_aes/core/keymem/g101857' has multiple input pins tied together to net 'u_crypto_synth_top/u_top/u_aes/core/keymem/FE_PHN541_n_48'.
**WARN: Instance 'u_crypto_synth_top/u_top/u_aes/core/keymem/g101858' has multiple input pins tied together to net 'u_crypto_synth_top/u_top/u_aes/core/keymem/n_427'.
**WARN: Instance 'u_crypto_synth_top/u_top/u_aes/core/keymem/g101858' has multiple input pins tied together to net 'u_crypto_synth_top/u_top/u_aes/core/keymem/FE_PHN450_n_189'.
**WARN: Instance 'u_crypto_synth_top/u_top/u_aes/core/keymem/g101859' has multiple input pins tied together to net 'u_crypto_synth_top/u_top/u_aes/core/keymem/n_426'.
**WARN: Instance 'u_crypto_synth_top/u_top/u_aes/core/keymem/g101859' has multiple input pins tied together to net 'u_crypto_synth_top/u_top/u_aes/core/keymem/FE_PHN216_n_153'.
**WARN: Instance 'u_crypto_synth_top/u_top/u_aes/core/keymem/g101860' has multiple input pins tied together to net 'u_crypto_synth_top/u_top/u_aes/core/keymem/n_385'.
**WARN: Instance 'u_crypto_synth_top/u_top/u_aes/core/keymem/g101860' has multiple input pins tied together to net 'u_crypto_synth_top/u_top/u_aes/core/keymem/FE_PHN286_n_18'.
**WARN: Instance 'u_crypto_synth_top/u_top/u_aes/core/keymem/g101861' has multiple input pins tied together to net 'u_crypto_synth_top/u_top/u_aes/core/keymem/n_482'.
**WARN: Instance 'u_crypto_synth_top/u_top/u_aes/core/keymem/g101861' has multiple input pins tied together to net 'u_crypto_synth_top/u_top/u_aes/core/keymem/FE_PHN371_n_194'.
**WARN: Instance 'u_crypto_synth_top/u_top/u_aes/core/keymem/g101863' has multiple input pins tied together to net 'u_crypto_synth_top/u_top/u_aes/core/keymem/n_472'.
**WARN: Instance 'u_crypto_synth_top/u_top/u_aes/core/keymem/g101863' has multiple input pins tied together to net 'u_crypto_synth_top/u_top/u_aes/core/keymem/prev_key1_reg[68]'.
**WARN: Instance 'u_crypto_synth_top/u_top/u_aes/core/keymem/g101864' has multiple input pins tied together to net 'u_crypto_synth_top/u_top/u_aes/core/keymem/n_479'.
**WARN: Instance 'u_crypto_synth_top/u_top/u_aes/core/keymem/g101864' has multiple input pins tied together to net 'u_crypto_synth_top/u_top/u_aes/core/keymem/FE_PHN296_n_46'.
**WARN: Instance 'u_crypto_synth_top/u_top/u_aes/core/keymem/g101865' has multiple input pins tied together to net 'u_crypto_synth_top/u_top/u_aes/core/keymem/n_410'.
**WARN: Instance 'u_crypto_synth_top/u_top/u_aes/core/keymem/g101865' has multiple input pins tied together to net 'u_crypto_synth_top/u_top/u_aes/core/keymem/prev_key1_reg[66]'.
**WARN: Instance 'u_crypto_synth_top/u_top/u_aes/core/keymem/g101868' has multiple input pins tied together to net 'u_crypto_synth_top/u_top/u_aes/core/keymem/n_418'.
**WARN: Instance 'u_crypto_synth_top/u_top/u_aes/core/keymem/g101868' has multiple input pins tied together to net 'u_crypto_synth_top/u_top/u_aes/core/keymem/prev_key1_reg[72]'.
**WARN: Instance 'u_crypto_synth_top/u_top/u_aes/core/keymem/g101869' has multiple input pins tied together to net 'u_crypto_synth_top/u_top/u_aes/core/keymem/n_478'.
**WARN: Instance 'u_crypto_synth_top/u_top/u_aes/core/keymem/g101869' has multiple input pins tied together to net 'u_crypto_synth_top/u_top/u_aes/core/keymem/FE_PHN350_n_133'.
**WARN: Instance 'u_crypto_synth_top/u_top/u_aes/core/keymem/g101870' has multiple input pins tied together to net 'u_crypto_synth_top/u_top/u_aes/core/keymem/n_429'.
**WARN: Instance 'u_crypto_synth_top/u_top/u_aes/core/keymem/g101870' has multiple input pins tied together to net 'u_crypto_synth_top/u_top/u_aes/core/keymem/prev_key1_reg[73]'.
**WARN: Instance 'u_crypto_synth_top/u_top/u_aes/core/keymem/g101871' has multiple input pins tied together to net 'u_crypto_synth_top/u_top/u_aes/core/keymem/n_481'.
**WARN: Instance 'u_crypto_synth_top/u_top/u_aes/core/keymem/g101871' has multiple input pins tied together to net 'u_crypto_synth_top/u_top/u_aes/core/keymem/FE_PHN251_n_183'.
**WARN: Instance 'u_crypto_synth_top/u_top/u_aes/core/keymem/g101872' has multiple input pins tied together to net 'u_crypto_synth_top/u_top/u_aes/core/keymem/n_451'.
**WARN: Instance 'u_crypto_synth_top/u_top/u_aes/core/keymem/g101872' has multiple input pins tied together to net 'u_crypto_synth_top/u_top/u_aes/core/keymem/prev_key1_reg[127]'.
**WARN: Instance 'u_crypto_synth_top/u_top/u_aes/core/keymem/g101873' has multiple input pins tied together to net 'u_crypto_synth_top/u_top/u_aes/core/keymem/n_460'.
**WARN: Instance 'u_crypto_synth_top/u_top/u_aes/core/keymem/g101873' has multiple input pins tied together to net 'u_crypto_synth_top/u_top/u_aes/core/keymem/FE_PHN274_n_54'.
**WARN: Instance 'u_crypto_synth_top/u_top/u_aes/core/keymem/g101874' has multiple input pins tied together to net 'u_crypto_synth_top/u_top/u_aes/core/keymem/n_404'.
**WARN: Instance 'u_crypto_synth_top/u_top/u_aes/core/keymem/g101874' has multiple input pins tied together to net 'u_crypto_synth_top/u_top/u_aes/core/keymem/FE_PHN293_n_22'.
**WARN: Instance 'u_crypto_synth_top/u_top/u_aes/core/keymem/g101875' has multiple input pins tied together to net 'u_crypto_synth_top/u_top/u_aes/core/keymem/n_392'.
**WARN: Instance 'u_crypto_synth_top/u_top/u_aes/core/keymem/g101875' has multiple input pins tied together to net 'u_crypto_synth_top/u_top/u_aes/core/keymem/prev_key1_reg[69]'.
**WARN: Instance 'u_crypto_synth_top/u_top/u_aes/core/keymem/g101876' has multiple input pins tied together to net 'u_crypto_synth_top/u_top/u_aes/core/keymem/n_411'.
**WARN: Instance 'u_crypto_synth_top/u_top/u_aes/core/keymem/g101876' has multiple input pins tied together to net 'u_crypto_synth_top/u_top/u_aes/core/keymem/FE_PHN926_n_59'.
**WARN: Instance 'u_crypto_synth_top/u_top/u_aes/core/keymem/g101877' has multiple input pins tied together to net 'u_crypto_synth_top/u_top/u_aes/core/keymem/n_412'.
**WARN: Instance 'u_crypto_synth_top/u_top/u_aes/core/keymem/g101877' has multiple input pins tied together to net 'u_crypto_synth_top/u_top/u_aes/core/keymem/FE_PHN926_n_59'.
**WARN: Instance 'u_crypto_synth_top/u_top/u_aes/core/keymem/g101878' has multiple input pins tied together to net 'u_crypto_synth_top/u_top/u_aes/core/keymem/n_430'.
**WARN: Instance 'u_crypto_synth_top/u_top/u_aes/core/keymem/g101878' has multiple input pins tied together to net 'u_crypto_synth_top/u_top/u_aes/core/keymem/prev_key1_reg[70]'.
**WARN: Instance 'u_crypto_synth_top/u_top/u_aes/core/keymem/g101879' has multiple input pins tied together to net 'u_crypto_synth_top/u_top/u_aes/core/keymem/n_378'.
**WARN: Instance 'u_crypto_synth_top/u_top/u_aes/core/keymem/g101879' has multiple input pins tied together to net 'u_crypto_synth_top/u_top/u_aes/core/keymem/FE_PHN1001_n_44'.
**WARN: Instance 'u_crypto_synth_top/u_top/u_aes/core/keymem/g101880' has multiple input pins tied together to net 'u_crypto_synth_top/u_top/u_aes/core/keymem/n_463'.
**WARN: Instance 'u_crypto_synth_top/u_top/u_aes/core/keymem/g101880' has multiple input pins tied together to net 'u_crypto_synth_top/u_top/u_aes/core/keymem/FE_PHN293_n_22'.
**WARN: Instance 'u_crypto_synth_top/u_top/u_aes/core/keymem/g101882' has multiple input pins tied together to net 'u_crypto_synth_top/u_top/u_aes/core/keymem/n_485'.
**WARN: Instance 'u_crypto_synth_top/u_top/u_aes/core/keymem/g101882' has multiple input pins tied together to net 'u_crypto_synth_top/u_top/u_aes/core/keymem/FE_PHN387_n_137'.
**WARN: Instance 'u_crypto_synth_top/u_top/u_aes/core/keymem/g101883' has multiple input pins tied together to net 'u_crypto_synth_top/u_top/u_aes/core/keymem/n_450'.
**WARN: Instance 'u_crypto_synth_top/u_top/u_aes/core/keymem/g101883' has multiple input pins tied together to net 'u_crypto_synth_top/u_top/u_aes/core/keymem/prev_key1_reg[126]'.
**WARN: Instance 'u_crypto_synth_top/u_top/u_aes/core/keymem/g101884' has multiple input pins tied together to net 'u_crypto_synth_top/u_top/u_aes/core/keymem/n_428'.
**WARN: Instance 'u_crypto_synth_top/u_top/u_aes/core/keymem/g101884' has multiple input pins tied together to net 'u_crypto_synth_top/u_top/u_aes/core/keymem/prev_key1_reg[71]'.
**WARN: Instance 'u_crypto_synth_top/u_top/u_aes/core/keymem/g101885' has multiple input pins tied together to net 'u_crypto_synth_top/u_top/u_aes/core/keymem/n_389'.
**WARN: Instance 'u_crypto_synth_top/u_top/u_aes/core/keymem/g101885' has multiple input pins tied together to net 'u_crypto_synth_top/u_top/u_aes/core/keymem/prev_key1_reg[81]'.
**WARN: Instance 'u_crypto_synth_top/u_top/u_aes/core/keymem/g101886' has multiple input pins tied together to net 'u_crypto_synth_top/u_top/u_aes/core/keymem/n_380'.
**WARN: Instance 'u_crypto_synth_top/u_top/u_aes/core/keymem/g101886' has multiple input pins tied together to net 'u_crypto_synth_top/u_top/u_aes/core/keymem/FE_PHN931_n_165'.
**WARN: Instance 'u_crypto_synth_top/u_top/u_aes/core/keymem/g101887' has multiple input pins tied together to net 'u_crypto_synth_top/u_top/u_aes/core/keymem/n_456'.
**WARN: Instance 'u_crypto_synth_top/u_top/u_aes/core/keymem/g101887' has multiple input pins tied together to net 'u_crypto_synth_top/u_top/u_aes/core/keymem/prev_key1_reg[125]'.
**WARN: Instance 'u_crypto_synth_top/u_top/u_aes/core/keymem/g101888' has multiple input pins tied together to net 'u_crypto_synth_top/u_top/u_aes/core/keymem/n_386'.
**WARN: Instance 'u_crypto_synth_top/u_top/u_aes/core/keymem/g101888' has multiple input pins tied together to net 'u_crypto_synth_top/u_top/u_aes/core/keymem/FE_PHN251_n_183'.
**WARN: Instance 'u_crypto_synth_top/u_top/u_aes/core/keymem/g101889' has multiple input pins tied together to net 'u_crypto_synth_top/u_top/u_aes/core/keymem/n_406'.
**WARN: Instance 'u_crypto_synth_top/u_top/u_aes/core/keymem/g101889' has multiple input pins tied together to net 'u_crypto_synth_top/u_top/u_aes/core/keymem/FE_PHN307_n_52'.
**WARN: Instance 'u_crypto_synth_top/u_top/u_aes/core/keymem/g101890' has multiple input pins tied together to net 'u_crypto_synth_top/u_top/u_aes/core/keymem/n_414'.
**WARN: Instance 'u_crypto_synth_top/u_top/u_aes/core/keymem/g101890' has multiple input pins tied together to net 'u_crypto_synth_top/u_top/u_aes/core/keymem/prev_key1_reg[85]'.
**WARN: Instance 'u_crypto_synth_top/u_top/u_aes/core/keymem/g101891' has multiple input pins tied together to net 'u_crypto_synth_top/u_top/u_aes/core/keymem/n_377'.
**WARN: Instance 'u_crypto_synth_top/u_top/u_aes/core/keymem/g101891' has multiple input pins tied together to net 'u_crypto_synth_top/u_top/u_aes/core/keymem/prev_key1_reg[80]'.
**WARN: Instance 'u_crypto_synth_top/u_top/u_aes/core/keymem/g101892' has multiple input pins tied together to net 'u_crypto_synth_top/u_top/u_aes/core/keymem/n_379'.
**WARN: Instance 'u_crypto_synth_top/u_top/u_aes/core/keymem/g101892' has multiple input pins tied together to net 'u_crypto_synth_top/u_top/u_aes/core/keymem/FE_PHN266_n_43'.
**WARN: Instance 'u_crypto_synth_top/u_top/u_aes/core/keymem/g101893' has multiple input pins tied together to net 'u_crypto_synth_top/u_top/u_aes/core/keymem/n_413'.
**WARN: Instance 'u_crypto_synth_top/u_top/u_aes/core/keymem/g101893' has multiple input pins tied together to net 'u_crypto_synth_top/u_top/u_aes/core/keymem/FE_PHN925_n_19'.
**WARN: Instance 'u_crypto_synth_top/u_top/u_aes/core/keymem/g101895' has multiple input pins tied together to net 'u_crypto_synth_top/u_top/u_aes/core/keymem/n_400'.
**WARN: Instance 'u_crypto_synth_top/u_top/u_aes/core/keymem/g101895' has multiple input pins tied together to net 'u_crypto_synth_top/u_top/u_aes/core/keymem/FE_PHN925_n_19'.
**WARN: Instance 'u_crypto_synth_top/u_top/u_aes/core/keymem/g101896' has multiple input pins tied together to net 'u_crypto_synth_top/u_top/u_aes/core/keymem/n_424'.
**WARN: Instance 'u_crypto_synth_top/u_top/u_aes/core/keymem/g101896' has multiple input pins tied together to net 'u_crypto_synth_top/u_top/u_aes/core/keymem/FE_PHN282_n_14'.
**WARN: Instance 'u_crypto_synth_top/u_top/u_aes/core/keymem/g101897' has multiple input pins tied together to net 'u_crypto_synth_top/u_top/u_aes/core/keymem/n_419'.
**WARN: Instance 'u_crypto_synth_top/u_top/u_aes/core/keymem/g101897' has multiple input pins tied together to net 'u_crypto_synth_top/u_top/u_aes/core/keymem/FE_PHN16588_prev_key1_reg_74'.
**WARN: Instance 'u_crypto_synth_top/u_top/u_aes/core/keymem/g101898' has multiple input pins tied together to net 'u_crypto_synth_top/u_top/u_aes/core/keymem/n_421'.
**WARN: Instance 'u_crypto_synth_top/u_top/u_aes/core/keymem/g101898' has multiple input pins tied together to net 'u_crypto_synth_top/u_top/u_aes/core/keymem/prev_key1_reg[82]'.
**WARN: Instance 'u_crypto_synth_top/u_top/u_aes/core/keymem/g101899' has multiple input pins tied together to net 'u_crypto_synth_top/u_top/u_aes/core/keymem/n_395'.
**WARN: Instance 'u_crypto_synth_top/u_top/u_aes/core/keymem/g101899' has multiple input pins tied together to net 'u_crypto_synth_top/u_top/u_aes/core/keymem/prev_key1_reg[79]'.
**WARN: Instance 'u_crypto_synth_top/u_top/u_aes/core/keymem/g101900' has multiple input pins tied together to net 'u_crypto_synth_top/u_top/u_aes/core/keymem/n_397'.
**WARN: Instance 'u_crypto_synth_top/u_top/u_aes/core/keymem/g101900' has multiple input pins tied together to net 'u_crypto_synth_top/u_top/u_aes/core/keymem/prev_key1_reg[77]'.
**WARN: Instance 'u_crypto_synth_top/u_top/u_aes/core/keymem/g101901' has multiple input pins tied together to net 'u_crypto_synth_top/u_top/u_aes/core/keymem/n_467'.
**WARN: Instance 'u_crypto_synth_top/u_top/u_aes/core/keymem/g101901' has multiple input pins tied together to net 'u_crypto_synth_top/u_top/u_aes/core/keymem/FE_PHN208_n_50'.
**WARN: Instance 'u_crypto_synth_top/u_top/u_aes/core/keymem/g101902' has multiple input pins tied together to net 'u_crypto_synth_top/u_top/u_aes/core/keymem/n_483'.
**WARN: Instance 'u_crypto_synth_top/u_top/u_aes/core/keymem/g101902' has multiple input pins tied together to net 'u_crypto_synth_top/u_top/u_aes/core/keymem/FE_PHN307_n_52'.
**WARN: Instance 'u_crypto_synth_top/u_top/u_aes/core/keymem/g101903' has multiple input pins tied together to net 'u_crypto_synth_top/u_top/u_aes/core/keymem/n_402'.
**WARN: Instance 'u_crypto_synth_top/u_top/u_aes/core/keymem/g101903' has multiple input pins tied together to net 'u_crypto_synth_top/u_top/u_aes/core/keymem/prev_key1_reg[65]'.
**WARN: Instance 'u_crypto_synth_top/u_top/u_aes/core/keymem/g101904' has multiple input pins tied together to net 'u_crypto_synth_top/u_top/u_aes/core/keymem/n_475'.
**WARN: Instance 'u_crypto_synth_top/u_top/u_aes/core/keymem/g101904' has multiple input pins tied together to net 'u_crypto_synth_top/u_top/u_aes/core/keymem/FE_PHN502_n_167'.
**WARN: Instance 'u_crypto_synth_top/u_top/u_aes/core/keymem/g101905' has multiple input pins tied together to net 'u_crypto_synth_top/u_top/u_aes/core/keymem/n_480'.
**WARN: Instance 'u_crypto_synth_top/u_top/u_aes/core/keymem/g101905' has multiple input pins tied together to net 'u_crypto_synth_top/u_top/u_aes/core/keymem/prev_key1_reg[83]'.
**WARN: Instance 'u_crypto_synth_top/u_top/u_aes/core/keymem/g101906' has multiple input pins tied together to net 'u_crypto_synth_top/u_top/u_aes/core/keymem/n_457'.
**WARN: Instance 'u_crypto_synth_top/u_top/u_aes/core/keymem/g101906' has multiple input pins tied together to net 'u_crypto_synth_top/u_top/u_aes/core/keymem/FE_PHN14286_prev_key1_reg_124'.
**WARN: Instance 'u_crypto_synth_top/u_top/u_aes/core/keymem/g101908' has multiple input pins tied together to net 'u_crypto_synth_top/u_top/u_aes/core/keymem/n_388'.
**WARN: Instance 'u_crypto_synth_top/u_top/u_aes/core/keymem/g101908' has multiple input pins tied together to net 'u_crypto_synth_top/u_top/u_aes/core/keymem/prev_key1_reg[64]'.
**WARN: Instance 'u_crypto_synth_top/u_top/u_aes/core/keymem/g101909' has multiple input pins tied together to net 'u_crypto_synth_top/u_top/u_aes/core/keymem/n_462'.
**WARN: Instance 'u_crypto_synth_top/u_top/u_aes/core/keymem/g101909' has multiple input pins tied together to net 'u_crypto_synth_top/u_top/u_aes/core/keymem/FE_PHN418_n_147'.
**WARN: Instance 'u_crypto_synth_top/u_top/u_aes/core/keymem/g101912' has multiple input pins tied together to net 'u_crypto_synth_top/u_top/u_aes/core/keymem/n_399'.
**WARN: Instance 'u_crypto_synth_top/u_top/u_aes/core/keymem/g101912' has multiple input pins tied together to net 'u_crypto_synth_top/u_top/u_aes/core/keymem/FE_PHN296_n_46'.
**WARN: Instance 'u_crypto_synth_top/u_top/u_aes/core/keymem/g101913' has multiple input pins tied together to net 'u_crypto_synth_top/u_top/u_aes/core/keymem/n_459'.
**WARN: Instance 'u_crypto_synth_top/u_top/u_aes/core/keymem/g101913' has multiple input pins tied together to net 'u_crypto_synth_top/u_top/u_aes/core/keymem/FE_PHN208_n_50'.
**WARN: Instance 'u_crypto_synth_top/u_top/u_aes/core/keymem/g101914' has multiple input pins tied together to net 'u_crypto_synth_top/u_top/u_aes/core/keymem/n_451'.
**WARN: Instance 'u_crypto_synth_top/u_top/u_aes/core/keymem/g101914' has multiple input pins tied together to net 'u_crypto_synth_top/u_top/u_aes/core/keymem/prev_key0_reg[127]'.
**WARN: Instance 'u_crypto_synth_top/u_top/u_aes/core/keymem/g101916' has multiple input pins tied together to net 'u_crypto_synth_top/u_top/u_aes/core/keymem/n_405'.
**WARN: Instance 'u_crypto_synth_top/u_top/u_aes/core/keymem/g101916' has multiple input pins tied together to net 'u_crypto_synth_top/u_top/u_aes/core/keymem/prev_key1_reg[76]'.
**WARN: Instance 'u_crypto_synth_top/u_top/u_aes/core/keymem/g101917' has multiple input pins tied together to net 'u_crypto_synth_top/u_top/u_aes/core/keymem/n_486'.
**WARN: Instance 'u_crypto_synth_top/u_top/u_aes/core/keymem/g101917' has multiple input pins tied together to net 'u_crypto_synth_top/u_top/u_aes/core/keymem/FE_PHN282_n_14'.
**WARN: Instance 'u_crypto_synth_top/u_top/u_aes/core/keymem/g101919' has multiple input pins tied together to net 'u_crypto_synth_top/u_top/u_aes/core/keymem/n_390'.
**WARN: Instance 'u_crypto_synth_top/u_top/u_aes/core/keymem/g101919' has multiple input pins tied together to net 'u_crypto_synth_top/u_top/u_aes/core/keymem/FE_PHN387_n_137'.
**WARN: Instance 'u_crypto_synth_top/u_top/u_aes/core/keymem/g101920' has multiple input pins tied together to net 'u_crypto_synth_top/u_top/u_aes/core/keymem/n_394'.
**WARN: Instance 'u_crypto_synth_top/u_top/u_aes/core/keymem/g101920' has multiple input pins tied together to net 'u_crypto_synth_top/u_top/u_aes/core/keymem/prev_key1_reg[84]'.
**WARN: Instance 'u_crypto_synth_top/u_top/u_aes/core/keymem/g101922' has multiple input pins tied together to net 'u_crypto_synth_top/u_top/u_aes/core/keymem/n_449'.
**WARN: Instance 'u_crypto_synth_top/u_top/u_aes/core/keymem/g101922' has multiple input pins tied together to net 'u_crypto_synth_top/u_top/u_aes/core/keymem/FE_PHN14315_prev_key1_reg_120'.
**WARN: Instance 'u_crypto_synth_top/u_top/u_aes/core/keymem/g101923' has multiple input pins tied together to net 'u_crypto_synth_top/u_top/u_aes/core/keymem/n_464'.
**WARN: Instance 'u_crypto_synth_top/u_top/u_aes/core/keymem/g101923' has multiple input pins tied together to net 'u_crypto_synth_top/u_top/u_aes/core/keymem/FE_PHN418_n_147'.
**WARN: Instance 'u_crypto_synth_top/u_top/u_aes/core/keymem/g101924' has multiple input pins tied together to net 'u_crypto_synth_top/u_top/u_aes/core/keymem/n_398'.
**WARN: Instance 'u_crypto_synth_top/u_top/u_aes/core/keymem/g101924' has multiple input pins tied together to net 'u_crypto_synth_top/u_top/u_aes/core/keymem/prev_key1_reg[86]'.
**WARN: Instance 'u_crypto_synth_top/u_top/u_aes/core/keymem/g101926' has multiple input pins tied together to net 'u_crypto_synth_top/u_top/u_aes/core/keymem/n_473'.
**WARN: Instance 'u_crypto_synth_top/u_top/u_aes/core/keymem/g101926' has multiple input pins tied together to net 'u_crypto_synth_top/u_top/u_aes/core/keymem/FE_PHN329_n_157'.
**WARN: Instance 'u_crypto_synth_top/u_top/u_aes/core/keymem/g101929' has multiple input pins tied together to net 'u_crypto_synth_top/u_top/u_aes/core/keymem/n_387'.
**WARN: Instance 'u_crypto_synth_top/u_top/u_aes/core/keymem/g101929' has multiple input pins tied together to net 'u_crypto_synth_top/u_top/u_aes/core/keymem/FE_PHN266_n_43'.
**WARN: Instance 'u_crypto_synth_top/u_top/u_aes/core/keymem/g101930' has multiple input pins tied together to net 'u_crypto_synth_top/u_top/u_aes/core/keymem/n_468'.
**WARN: Instance 'u_crypto_synth_top/u_top/u_aes/core/keymem/g101930' has multiple input pins tied together to net 'u_crypto_synth_top/u_top/u_aes/core/keymem/FE_PHN350_n_133'.
**WARN: Instance 'u_crypto_synth_top/u_top/u_aes/core/keymem/g101931' has multiple input pins tied together to net 'u_crypto_synth_top/u_top/u_aes/core/keymem/n_471'.
**WARN: Instance 'u_crypto_synth_top/u_top/u_aes/core/keymem/g101931' has multiple input pins tied together to net 'u_crypto_synth_top/u_top/u_aes/core/keymem/FE_PHN991_n_161'.
**WARN: Instance 'u_crypto_synth_top/u_top/u_aes/core/keymem/g101932' has multiple input pins tied together to net 'u_crypto_synth_top/u_top/u_aes/core/keymem/n_455'.
**WARN: Instance 'u_crypto_synth_top/u_top/u_aes/core/keymem/g101932' has multiple input pins tied together to net 'u_crypto_synth_top/u_top/u_aes/core/keymem/prev_key1_reg[121]'.
**WARN: Instance 'u_crypto_synth_top/u_top/u_aes/core/keymem/g101933' has multiple input pins tied together to net 'u_crypto_synth_top/u_top/u_aes/core/keymem/n_465'.
**WARN: Instance 'u_crypto_synth_top/u_top/u_aes/core/keymem/g101933' has multiple input pins tied together to net 'u_crypto_synth_top/u_top/u_aes/core/keymem/FE_PHN881_n_36'.
**WARN: Instance 'u_crypto_synth_top/u_top/u_aes/core/keymem/g101935' has multiple input pins tied together to net 'u_crypto_synth_top/u_top/u_aes/core/keymem/n_474'.
**WARN: Instance 'u_crypto_synth_top/u_top/u_aes/core/keymem/g101935' has multiple input pins tied together to net 'u_crypto_synth_top/u_top/u_aes/core/keymem/FE_PHN14638_prev_key1_reg_67'.
**WARN: Instance 'u_crypto_synth_top/u_top/u_aes/core/keymem/g101936' has multiple input pins tied together to net 'u_crypto_synth_top/u_top/u_aes/core/keymem/n_448'.
**WARN: Instance 'u_crypto_synth_top/u_top/u_aes/core/keymem/g101936' has multiple input pins tied together to net 'u_crypto_synth_top/u_top/u_aes/core/keymem/FE_PHN14644_prev_key1_reg_122'.
**WARN: Instance 'u_crypto_synth_top/u_top/u_aes/core/keymem/g101937' has multiple input pins tied together to net 'u_crypto_synth_top/u_top/u_aes/core/keymem/n_407'.
**WARN: Instance 'u_crypto_synth_top/u_top/u_aes/core/keymem/g101937' has multiple input pins tied together to net 'u_crypto_synth_top/u_top/u_aes/core/keymem/prev_key1_reg[75]'.
**WARN: Instance 'u_crypto_synth_top/u_top/u_aes/core/keymem/g101938' has multiple input pins tied together to net 'u_crypto_synth_top/u_top/u_aes/core/keymem/n_422'.
**WARN: Instance 'u_crypto_synth_top/u_top/u_aes/core/keymem/g101938' has multiple input pins tied together to net 'u_crypto_synth_top/u_top/u_aes/core/keymem/FE_PHN371_n_194'.
**WARN: Instance 'u_crypto_synth_top/u_top/u_aes/core/keymem/g101939' has multiple input pins tied together to net 'u_crypto_synth_top/u_top/u_aes/core/keymem/n_383'.
**WARN: Instance 'u_crypto_synth_top/u_top/u_aes/core/keymem/g101939' has multiple input pins tied together to net 'u_crypto_synth_top/u_top/u_aes/core/keymem/FE_PHN366_n_51'.
**WARN: Instance 'u_crypto_synth_top/u_top/u_aes/core/keymem/g101941' has multiple input pins tied together to net 'u_crypto_synth_top/u_top/u_aes/core/keymem/n_401'.
**WARN: Instance 'u_crypto_synth_top/u_top/u_aes/core/keymem/g101941' has multiple input pins tied together to net 'u_crypto_synth_top/u_top/u_aes/core/keymem/prev_key1_reg[87]'.
**WARN: Instance 'u_crypto_synth_top/u_top/u_aes/core/keymem/g101942' has multiple input pins tied together to net 'u_crypto_synth_top/u_top/u_aes/core/keymem/n_458'.
**WARN: Instance 'u_crypto_synth_top/u_top/u_aes/core/keymem/g101942' has multiple input pins tied together to net 'u_crypto_synth_top/u_top/u_aes/core/keymem/FE_PHN14285_prev_key1_reg_123'.
**WARN: Instance 'u_crypto_synth_top/u_top/u_aes/core/keymem/g101943' has multiple input pins tied together to net 'u_crypto_synth_top/u_top/u_aes/core/keymem/n_408'.
**WARN: Instance 'u_crypto_synth_top/u_top/u_aes/core/keymem/g101943' has multiple input pins tied together to net 'u_crypto_synth_top/u_top/u_aes/core/keymem/prev_key1_reg[78]'.
**WARN: Instance 'u_crypto_synth_top/u_top/u_aes/core/keymem/g101944' has multiple input pins tied together to net 'u_crypto_synth_top/u_top/u_aes/core/keymem/n_382'.
**WARN: Instance 'u_crypto_synth_top/u_top/u_aes/core/keymem/g101944' has multiple input pins tied together to net 'u_crypto_synth_top/u_top/u_aes/core/keymem/FE_PHN507_n_134'.
**WARN: Instance 'u_crypto_synth_top/u_top/u_aes/core/keymem/g101945' has multiple input pins tied together to net 'u_crypto_synth_top/u_top/u_aes/core/keymem/n_484'.
**WARN: Instance 'u_crypto_synth_top/u_top/u_aes/core/keymem/g101945' has multiple input pins tied together to net 'u_crypto_synth_top/u_top/u_aes/core/keymem/FE_PHN274_n_54'.
**WARN: Instance 'u_crypto_synth_top/u_top/u_aes/core/keymem/g102169' has multiple input pins tied together to net 'u_crypto_synth_top/u_top/u_aes/core/keymem/FE_PHN410_n_2'.
**WARN: Instance 'u_crypto_synth_top/u_top/u_aes/core/keymem/g102169' has multiple input pins tied together to net 'u_crypto_synth_top/u_top/u_aes/core/keymem/rcon_reg[3]'.
**WARN: Instance 'u_crypto_synth_top/u_top/u_aes/core/keymem/g102170' has multiple input pins tied together to net 'u_crypto_synth_top/u_top/u_aes/core/keymem/FE_PHN410_n_2'.
**WARN: Instance 'u_crypto_synth_top/u_top/u_aes/core/keymem/g102170' has multiple input pins tied together to net 'u_crypto_synth_top/u_top/u_aes/core/keymem/rcon_reg[2]'.
**WARN: Instance 'u_crypto_synth_top/u_top/u_aes/core/keymem/g102174' has multiple input pins tied together to net 'u_crypto_synth_top/u_top/u_aes/core/keymem/FE_PHN410_n_2'.
**WARN: Instance 'u_crypto_synth_top/u_top/u_aes/core/keymem/g102174' has multiple input pins tied together to net 'u_crypto_synth_top/u_top/u_aes/core/keymem/rcon_reg[0]'.
**WARN: Instance 'u_crypto_synth_top/u_top/u_aes/core/keymem/g102187' has multiple input pins tied together to net 'u_crypto_synth_top/u_top/u_aes/core/new_sboxw[11]'.
**WARN: Instance 'u_crypto_synth_top/u_top/u_aes/core/keymem/g102187' has multiple input pins tied together to net 'u_crypto_synth_top/u_top/u_aes/core/keymem/FE_PHN457_n_69'.
**WARN: Instance 'u_crypto_synth_top/u_top/u_aes/core/keymem/g102192' has multiple input pins tied together to net 'u_crypto_synth_top/u_top/u_aes/core/new_sboxw[27]'.
**WARN: Instance 'u_crypto_synth_top/u_top/u_aes/core/keymem/g102192' has multiple input pins tied together to net 'u_crypto_synth_top/u_top/u_aes/core/keymem/FE_PHN392_n_88'.
**WARN: Instance 'u_crypto_synth_top/u_top/u_aes/core/keymem/g102194' has multiple input pins tied together to net 'u_crypto_synth_top/u_top/u_aes/core/new_sboxw[28]'.
**WARN: Instance 'u_crypto_synth_top/u_top/u_aes/core/keymem/g102194' has multiple input pins tied together to net 'u_crypto_synth_top/u_top/u_aes/core/keymem/FE_PHN784_n_220'.
**WARN: Instance 'u_crypto_synth_top/u_top/u_aes/core/keymem/g102208' has multiple input pins tied together to net 'u_crypto_synth_top/u_top/u_aes/core/new_sboxw[19]'.
**WARN: Instance 'u_crypto_synth_top/u_top/u_aes/core/keymem/g102208' has multiple input pins tied together to net 'u_crypto_synth_top/u_top/u_aes/core/keymem/FE_PHN14646_n_174'.
**WARN: Instance 'u_crypto_synth_top/u_top/u_aes/core/keymem/g102209' has multiple input pins tied together to net 'u_crypto_synth_top/u_top/u_aes/core/new_sboxw[20]'.
**WARN: Instance 'u_crypto_synth_top/u_top/u_aes/core/keymem/g102209' has multiple input pins tied together to net 'u_crypto_synth_top/u_top/u_aes/core/keymem/FE_PHN14648_n_92'.
**WARN: Instance 'u_crypto_synth_top/u_top/u_aes/core/keymem/g102210' has multiple input pins tied together to net 'u_crypto_synth_top/u_top/u_aes/core/new_sboxw[21]'.
**WARN: Instance 'u_crypto_synth_top/u_top/u_aes/core/keymem/g102210' has multiple input pins tied together to net 'u_crypto_synth_top/u_top/u_aes/core/keymem/n_235'.
**WARN: Instance 'u_crypto_synth_top/u_top/u_aes/core/keymem/g102211' has multiple input pins tied together to net 'u_crypto_synth_top/u_top/u_aes/core/new_sboxw[17]'.
**WARN: Instance 'u_crypto_synth_top/u_top/u_aes/core/keymem/g102211' has multiple input pins tied together to net 'u_crypto_synth_top/u_top/u_aes/core/keymem/n_205'.
**WARN: Instance 'u_crypto_synth_top/u_top/u_aes/core/keymem/g102214' has multiple input pins tied together to net 'u_crypto_synth_top/u_top/u_aes/core/new_sboxw[23]'.
**WARN: Instance 'u_crypto_synth_top/u_top/u_aes/core/keymem/g102214' has multiple input pins tied together to net 'u_crypto_synth_top/u_top/u_aes/core/keymem/FE_PHN410_n_2'.
**WARN: Instance 'u_crypto_synth_top/u_top/u_aes/core/keymem/g102215' has multiple input pins tied together to net 'u_crypto_synth_top/u_top/u_aes/core/new_sboxw[22]'.
**WARN: Instance 'u_crypto_synth_top/u_top/u_aes/core/keymem/g102215' has multiple input pins tied together to net 'u_crypto_synth_top/u_top/u_aes/core/keymem/n_242'.
**WARN: Instance 'u_crypto_synth_top/u_top/u_aes/core/keymem/g102216' has multiple input pins tied together to net 'u_crypto_synth_top/u_top/u_aes/core/new_sboxw[16]'.
**WARN: Instance 'u_crypto_synth_top/u_top/u_aes/core/keymem/g102216' has multiple input pins tied together to net 'u_crypto_synth_top/u_top/u_aes/core/keymem/FE_PHN14317_n_139'.
**WARN: Instance 'u_crypto_synth_top/u_top/u_aes/core/keymem/g102217' has multiple input pins tied together to net 'u_crypto_synth_top/u_top/u_aes/core/new_sboxw[18]'.
**WARN: Instance 'u_crypto_synth_top/u_top/u_aes/core/keymem/g102217' has multiple input pins tied together to net 'u_crypto_synth_top/u_top/u_aes/core/keymem/FE_PHN14645_n_28'.
**WARN: Instance 'u_crypto_synth_top/u_top/u_aes/core/keymem/g102225' has multiple input pins tied together to net 'u_crypto_synth_top/u_top/u_aes/core/FE_OFN638_new_sboxw_1'.
**WARN: Instance 'u_crypto_synth_top/u_top/u_aes/core/keymem/g102225' has multiple input pins tied together to net 'u_crypto_synth_top/u_top/u_aes/core/keymem/FE_PHN400_n_99'.
**WARN: Instance 'u_crypto_synth_top/u_top/u_aes/core/keymem/g102235' has multiple input pins tied together to net 'u_crypto_synth_top/u_top/u_aes/core/new_sboxw[2]'.
**WARN: Instance 'u_crypto_synth_top/u_top/u_aes/core/keymem/g102235' has multiple input pins tied together to net 'u_crypto_synth_top/u_top/u_aes/core/keymem/FE_PHN246_n_73'.
**WARN: Instance 'u_crypto_synth_top/u_top/u_aes/core/keymem/g102240' has multiple input pins tied together to net 'u_crypto_synth_top/u_top/u_aes/core/new_sboxw[13]'.
**WARN: Instance 'u_crypto_synth_top/u_top/u_aes/core/keymem/g102240' has multiple input pins tied together to net 'u_crypto_synth_top/u_top/u_aes/core/keymem/FE_PHN340_n_108'.
**WARN: Instance 'u_crypto_synth_top/u_top/u_aes/core/keymem/g102246' has multiple input pins tied together to net 'u_crypto_synth_top/u_top/u_aes/core/new_sboxw[6]'.
**WARN: Instance 'u_crypto_synth_top/u_top/u_aes/core/keymem/g102246' has multiple input pins tied together to net 'u_crypto_synth_top/u_top/u_aes/core/keymem/FE_PHN361_n_211'.
**WARN: Instance 'u_crypto_synth_top/u_top/u_aes/core/keymem/g102256' has multiple input pins tied together to net 'u_crypto_synth_top/u_top/u_aes/core/new_sboxw[14]'.
**WARN: Instance 'u_crypto_synth_top/u_top/u_aes/core/keymem/g102256' has multiple input pins tied together to net 'u_crypto_synth_top/u_top/u_aes/core/keymem/FE_PHN386_n_93'.
**WARN: Instance 'u_crypto_synth_top/u_top/u_aes/core/keymem/g102257' has multiple input pins tied together to net 'u_crypto_synth_top/u_top/u_aes/core/new_sboxw[5]'.
**WARN: Instance 'u_crypto_synth_top/u_top/u_aes/core/keymem/g102257' has multiple input pins tied together to net 'u_crypto_synth_top/u_top/u_aes/core/keymem/FE_PHN301_n_105'.
**WARN: Instance 'u_crypto_synth_top/u_top/u_aes/core/keymem/g102262' has multiple input pins tied together to net 'u_crypto_synth_top/u_top/u_aes/core/new_sboxw[29]'.
**WARN: Instance 'u_crypto_synth_top/u_top/u_aes/core/keymem/g102262' has multiple input pins tied together to net 'u_crypto_synth_top/u_top/u_aes/core/keymem/FE_PHN273_n_98'.
**WARN: Instance 'u_crypto_synth_top/u_top/u_aes/core/keymem/g102265' has multiple input pins tied together to net 'u_crypto_synth_top/u_top/u_aes/core/new_sboxw[9]'.
**WARN: Instance 'u_crypto_synth_top/u_top/u_aes/core/keymem/g102265' has multiple input pins tied together to net 'u_crypto_synth_top/u_top/u_aes/core/keymem/FE_PHN451_n_233'.
**WARN: Instance 'u_crypto_synth_top/u_top/u_aes/core/keymem/g102277' has multiple input pins tied together to net 'u_crypto_synth_top/u_top/u_aes/core/new_sboxw[8]'.
**WARN: Instance 'u_crypto_synth_top/u_top/u_aes/core/keymem/g102277' has multiple input pins tied together to net 'u_crypto_synth_top/u_top/u_aes/core/keymem/FE_PHN234_n_83'.
**WARN: Instance 'u_crypto_synth_top/u_top/u_rsa/core_inst/message_mem/g51878' has multiple input pins tied together to net 'u_crypto_synth_top/u_top/u_rsa/core_inst/message_mem/n_1091'.
**WARN: Instance 'u_crypto_synth_top/u_top/u_rsa/core_inst/message_mem/g51878' has multiple input pins tied together to net 'u_crypto_synth_top/u_top/u_rsa/core_inst/message_mem/n_1'.
**WARN: Instance 'u_crypto_synth_top/u_top/u_rsa/core_inst/montprod_inst/g6177' has multiple input pins tied together to net 'u_crypto_synth_top/u_top/u_rsa/core_inst/montprod_inst/FE_PHN13600_n_192'.
**WARN: Instance 'u_crypto_synth_top/u_top/u_rsa/core_inst/montprod_inst/g6214' has multiple input pins tied together to net 'u_crypto_synth_top/u_top/u_rsa/core_inst/montprod_inst/n_166'.
**WARN: Instance 'u_crypto_synth_top/u_top/u_rsa/core_inst/montprod_inst/g6214' has multiple input pins tied together to net 'u_crypto_synth_top/u_top/u_rsa/core_inst/FE_OFN10583_montprod_result_data_0'.
**WARN: Instance 'u_crypto_synth_top/u_top/u_rsa/core_inst/montprod_inst/g6253' has multiple input pins tied together to net 'u_crypto_synth_top/u_top/u_rsa/core_inst/montprod_inst/n_112'.
**WARN: Instance 'u_crypto_synth_top/u_top/u_rsa/core_inst/montprod_inst/g6253' has multiple input pins tied together to net 'u_crypto_synth_top/u_top/u_rsa/core_inst/montprod_inst/FE_PHN707_loop_counter_3'.
**WARN: Instance 'u_crypto_synth_top/u_top/u_rsa/core_inst/montprod_inst/g6346' has multiple input pins tied together to net 'u_crypto_synth_top/u_top/u_rsa/core_inst/montprod_inst/n_247'.
**WARN: Instance 'u_crypto_synth_top/u_top/u_rsa/core_inst/montprod_inst/g6346' has multiple input pins tied together to net 'u_crypto_synth_top/u_top/u_rsa/core_inst/montprod_inst/FE_PHN1700_montprod_ctrl_reg_3'.
**WARN: Instance 'u_crypto_synth_top/u_top/u_rsa/core_inst/montprod_inst/g6351' has multiple input pins tied together to net 'u_crypto_synth_top/u_top/u_rsa/core_inst/montprod_opm_addr[4]'.
**WARN: Instance 'u_crypto_synth_top/u_top/u_rsa/core_inst/montprod_inst/g6351' has multiple input pins tied together to net 'u_crypto_synth_top/u_top/u_rsa/core_inst/montprod_inst/length_m1[4]'.
**WARN: Instance 'u_crypto_synth_top/u_top/u_rsa/core_inst/montprod_inst/g6353' has multiple input pins tied together to net 'u_crypto_synth_top/u_top/u_rsa/core_inst/montprod_inst/n_288'.
**WARN: Instance 'u_crypto_synth_top/u_top/u_rsa/core_inst/residue_inst/g3509' has multiple input pins tied together to net 'u_crypto_synth_top/u_top/u_rsa/core_inst/residue_inst/FE_PHN1074_loop_counter_1_to_nn_reg_13'.
**WARN: Instance 'u_crypto_synth_top/u_top/u_rsa/core_inst/residue_inst/g3509' has multiple input pins tied together to net 'u_crypto_synth_top/u_top/u_rsa/core_inst/residue_inst/n_159'.
**WARN: Instance 'u_crypto_synth_top/u_top/u_rsa/core_inst/residue_inst/g3510' has multiple input pins tied together to net 'u_crypto_synth_top/u_top/u_rsa/core_inst/residue_inst/FE_PHN1103_loop_counter_1_to_nn_reg_10'.
**WARN: Instance 'u_crypto_synth_top/u_top/u_rsa/core_inst/residue_inst/g3510' has multiple input pins tied together to net 'u_crypto_synth_top/u_top/u_rsa/core_inst/residue_inst/nn_reg[10]'.
**WARN: Instance 'u_crypto_synth_top/u_top/u_rsa/core_inst/residue_inst/g3516' has multiple input pins tied together to net 'u_crypto_synth_top/u_top/u_rsa/core_inst/residue_inst/FE_PHN1120_loop_counter_1_to_nn_reg_9'.
**WARN: Instance 'u_crypto_synth_top/u_top/u_rsa/core_inst/residue_inst/g3516' has multiple input pins tied together to net 'u_crypto_synth_top/u_top/u_rsa/core_inst/residue_inst/n_153'.
**WARN: Instance 'u_crypto_synth_top/u_top/u_rsa/core_inst/residue_inst/g3518' has multiple input pins tied together to net 'u_crypto_synth_top/u_top/u_rsa/core_inst/residue_inst/FE_PHN1040_loop_counter_1_to_nn_reg_12'.
**WARN: Instance 'u_crypto_synth_top/u_top/u_rsa/core_inst/residue_inst/g3518' has multiple input pins tied together to net 'u_crypto_synth_top/u_top/u_rsa/core_inst/residue_inst/n_156'.
**WARN: Instance 'u_crypto_synth_top/u_top/u_rsa/core_inst/residue_inst/g3519' has multiple input pins tied together to net 'u_crypto_synth_top/u_top/u_rsa/core_inst/residue_inst/FE_PHN1124_loop_counter_1_to_nn_reg_11'.
**WARN: Instance 'u_crypto_synth_top/u_top/u_rsa/core_inst/residue_inst/g3519' has multiple input pins tied together to net 'u_crypto_synth_top/u_top/u_rsa/core_inst/residue_inst/n_154'.
**WARN: Instance 'u_crypto_synth_top/u_top/u_rsa/core_inst/residue_inst/g3623' has multiple input pins tied together to net 'u_crypto_synth_top/u_top/u_rsa/core_inst/residue_opa_wr_addr[2]'.
**WARN: Instance 'u_crypto_synth_top/u_top/u_rsa/core_inst/residue_inst/g3623' has multiple input pins tied together to net 'u_crypto_synth_top/u_top/u_rsa/core_inst/residue_inst/FE_PHN1142_length_m1_reg_2'.
**WARN: Instance 'u_crypto_synth_top/u_top/u_rsa/core_inst/residue_inst/g3627' has multiple input pins tied together to net 'u_crypto_synth_top/u_top/u_rsa/core_inst/residue_opa_wr_addr[4]'.
**WARN: Instance 'u_crypto_synth_top/u_top/u_rsa/core_inst/residue_inst/g3627' has multiple input pins tied together to net 'u_crypto_synth_top/u_top/u_rsa/core_inst/residue_inst/n_103'.
**WARN: Instance 'u_crypto_synth_top/u_top/u_rsa/core_inst/residue_inst/g3628' has multiple input pins tied together to net 'u_crypto_synth_top/u_top/u_rsa/core_inst/residue_opa_wr_addr[3]'.
**WARN: Instance 'u_crypto_synth_top/u_top/u_rsa/core_inst/residue_inst/g3628' has multiple input pins tied together to net 'u_crypto_synth_top/u_top/u_rsa/core_inst/residue_inst/n_105'.
**WARN: Instance 'u_crypto_synth_top/u_top/u_rsa/core_inst/residue_inst/g3629' has multiple input pins tied together to net 'u_crypto_synth_top/u_top/u_rsa/core_inst/residue_opa_wr_addr[1]'.
**WARN: Instance 'u_crypto_synth_top/u_top/u_rsa/core_inst/residue_inst/g3629' has multiple input pins tied together to net 'u_crypto_synth_top/u_top/u_rsa/core_inst/residue_inst/n_99'.
**WARN: Instance 'u_crypto_synth_top/u_top/u_rsa/core_inst/residue_inst/g3630' has multiple input pins tied together to net 'u_crypto_synth_top/u_top/u_rsa/core_inst/residue_opa_wr_addr[6]'.
**WARN: Instance 'u_crypto_synth_top/u_top/u_rsa/core_inst/residue_inst/g3630' has multiple input pins tied together to net 'u_crypto_synth_top/u_top/u_rsa/core_inst/residue_inst/n_5'.
**WARN: Instance 'u_crypto_synth_top/u_top/u_rsa/core_inst/residue_inst/g3696' has multiple input pins tied together to net 'u_crypto_synth_top/u_top/u_rsa/core_inst/residue_inst/n_32'.
**WARN: Instance 'u_crypto_synth_top/u_top/u_rsa/core_inst/residue_inst/g3696' has multiple input pins tied together to net 'u_crypto_synth_top/u_top/u_rsa/FE_PHN33474_modulus_length_reg_7'.
**WARN: Instance 'u_crypto_synth_top/u_top/u_rsa/core_inst/residue_inst/g3716' has multiple input pins tied together to net 'u_crypto_synth_top/u_top/u_rsa/core_inst/residue_inst/n_17'.
**WARN: Instance 'u_crypto_synth_top/u_top/u_rsa/core_inst/result_mem/g441248' has multiple input pins tied together to net 'u_crypto_synth_top/u_top/u_rsa/core_inst/result_mem/n_9137'.
**WARN: Instance 'u_crypto_synth_top/u_top/u_rsa/core_inst/result_mem/g441248' has multiple input pins tied together to net 'u_crypto_synth_top/u_top/u_rsa/core_inst/result_mem/FE_PHN989_n_177'.
**WARN: Instance 'u_crypto_synth_top/u_top/u_rsa/core_inst/g8448' has multiple input pins tied together to net 'u_crypto_synth_top/u_top/u_rsa/core_inst/FE_PHN1456_loop_counter_reg_10'.
**WARN: Instance 'u_crypto_synth_top/u_top/u_rsa/core_inst/g8448' has multiple input pins tied together to net 'u_crypto_synth_top/u_top/u_rsa/core_inst/n_18'.
**WARN: Instance 'u_crypto_synth_top/u_top/u_rsa/core_inst/g8460' has multiple input pins tied together to net 'u_crypto_synth_top/u_top/u_rsa/core_inst/n_262'.
**WARN: Instance 'u_crypto_synth_top/u_top/u_rsa/core_inst/g8460' has multiple input pins tied together to net 'u_crypto_synth_top/u_top/u_rsa/core_inst/n_245'.
**WARN: Instance 'u_crypto_synth_top/u_top/u_rsa/core_inst/g10171' has multiple input pins tied together to net 'u_crypto_synth_top/u_top/u_rsa/core_inst/FE_OFN848_n_256'.
**WARN: Instance 'u_crypto_synth_top/u_top/u_rsa/core_inst/g10258' has multiple input pins tied together to net 'u_crypto_synth_top/u_top/u_rsa/core_inst/montprod_opa_addr[2]'.
**WARN: Instance 'u_crypto_synth_top/u_top/u_rsa/core_inst/g10258' has multiple input pins tied together to net 'u_crypto_synth_top/u_top/u_rsa/core_inst/length_m1[2]'.
**WARN: Instance 'u_crypto_synth_top/u_top/u_rsa/core_inst/g10259' has multiple input pins tied together to net 'u_crypto_synth_top/u_top/u_rsa/core_inst/montprod_opb_addr[0]'.
**WARN: Instance 'u_crypto_synth_top/u_top/u_rsa/core_inst/g10259' has multiple input pins tied together to net 'u_crypto_synth_top/u_top/u_rsa/core_inst/n_19'.
**WARN: Instance 'u_crypto_synth_top/u_top/u_rsa/core_inst/g10261' has multiple input pins tied together to net 'u_crypto_synth_top/u_top/u_rsa/core_inst/n_397'.
**WARN: Instance 'u_crypto_synth_top/u_top/u_rsa/core_inst/g10262' has multiple input pins tied together to net 'u_crypto_synth_top/u_top/u_rsa/core_inst/n_397'.
**WARN: Instance 'u_crypto_synth_top/u_top/u_rsa/core_inst/g10263' has multiple input pins tied together to net 'u_crypto_synth_top/u_top/u_rsa/core_inst/n_397'.
**WARN: Instance 'u_crypto_synth_top/u_top/u_rsa/core_inst/g10264' has multiple input pins tied together to net 'u_crypto_synth_top/u_top/u_rsa/core_inst/n_397'.
**WARN: Instance 'u_crypto_synth_top/u_top/u_rsa/core_inst/g10265' has multiple input pins tied together to net 'u_crypto_synth_top/u_top/u_rsa/core_inst/n_397'.
**WARN: Instance 'u_crypto_synth_top/u_top/u_rsa/core_inst/g10266' has multiple input pins tied together to net 'u_crypto_synth_top/u_top/u_rsa/core_inst/FE_OFN691_montprod_opa_addr_1'.
**WARN: Instance 'u_crypto_synth_top/u_top/u_rsa/core_inst/g10266' has multiple input pins tied together to net 'u_crypto_synth_top/u_top/u_rsa/core_inst/length_m1[1]'.
**WARN: Instance 'u_crypto_synth_top/u_top/u_rsa/core_inst/g10268' has multiple input pins tied together to net 'u_crypto_synth_top/u_top/u_rsa/core_inst/montprod_opb_addr[2]'.
**WARN: Instance 'u_crypto_synth_top/u_top/u_rsa/core_inst/g10268' has multiple input pins tied together to net 'u_crypto_synth_top/u_top/u_rsa/core_inst/length_m1[2]'.
**WARN: Instance 'u_crypto_synth_top/u_top/u_rsa/core_inst/g10269' has multiple input pins tied together to net 'u_crypto_synth_top/u_top/u_rsa/core_inst/montprod_opb_addr[3]'.
**WARN: Instance 'u_crypto_synth_top/u_top/u_rsa/core_inst/g10269' has multiple input pins tied together to net 'u_crypto_synth_top/u_top/u_rsa/core_inst/length_m1[3]'.
**WARN: Instance 'u_crypto_synth_top/u_top/u_rsa/core_inst/g10270' has multiple input pins tied together to net 'u_crypto_synth_top/u_top/u_rsa/core_inst/n_16'.
**WARN: Instance 'u_crypto_synth_top/u_top/u_rsa/core_inst/g10270' has multiple input pins tied together to net 'u_crypto_synth_top/u_top/u_rsa/core_inst/montprod_opb_addr[6]'.
**WARN: Instance 'u_crypto_synth_top/u_top/u_rsa/core_inst/g10271' has multiple input pins tied together to net 'u_crypto_synth_top/u_top/u_rsa/core_inst/n_20'.
**WARN: Instance 'u_crypto_synth_top/u_top/u_rsa/core_inst/g10271' has multiple input pins tied together to net 'u_crypto_synth_top/u_top/u_rsa/core_inst/montprod_opb_addr[7]'.
**WARN: Instance 'u_crypto_synth_top/u_top/u_rsa/core_inst/g10272' has multiple input pins tied together to net 'u_crypto_synth_top/u_top/u_rsa/core_inst/FE_DBTN5_montprod_opa_addr_0'.
**WARN: Instance 'u_crypto_synth_top/u_top/u_rsa/core_inst/g10272' has multiple input pins tied together to net 'u_crypto_synth_top/u_top/u_rsa/FE_PHN1659_modulus_length_reg_0'.
**WARN: Instance 'u_crypto_synth_top/u_top/u_rsa/core_inst/g10273' has multiple input pins tied together to net 'u_crypto_synth_top/u_top/u_rsa/core_inst/FE_DBTN7_montprod_opa_addr_6'.
**WARN: Instance 'u_crypto_synth_top/u_top/u_rsa/core_inst/g10273' has multiple input pins tied together to net 'u_crypto_synth_top/u_top/u_rsa/core_inst/length_m1[6]'.
**WARN: Instance 'u_crypto_synth_top/u_top/u_rsa/core_inst/g10274' has multiple input pins tied together to net 'u_crypto_synth_top/u_top/u_rsa/core_inst/FE_OFN238_montprod_opa_addr_4'.
**WARN: Instance 'u_crypto_synth_top/u_top/u_rsa/core_inst/g10274' has multiple input pins tied together to net 'u_crypto_synth_top/u_top/u_rsa/core_inst/n_274'.
**WARN: Instance 'u_crypto_synth_top/u_top/u_sha256/core/w_mem_inst/g13634' has multiple input pins tied together to net 'u_crypto_synth_top/u_top/u_sha256/core/w_mem_inst/n_951'.
**WARN: Instance 'u_crypto_synth_top/u_top/u_sha256/core/w_mem_inst/g13634' has multiple input pins tied together to net 'u_crypto_synth_top/u_top/u_sha256/core/w_mem_inst/FE_PHN215_w_mem_1_11'.
**WARN: Instance 'u_crypto_synth_top/u_top/u_sha256/core/w_mem_inst/g13635' has multiple input pins tied together to net 'u_crypto_synth_top/u_top/u_sha256/core/w_mem_inst/n_964'.
**WARN: Instance 'u_crypto_synth_top/u_top/u_sha256/core/w_mem_inst/g13635' has multiple input pins tied together to net 'u_crypto_synth_top/u_top/u_sha256/core/w_mem_inst/FE_PHN253_w_mem_1_29'.
**WARN: Instance 'u_crypto_synth_top/u_top/u_sha256/core/w_mem_inst/g13636' has multiple input pins tied together to net 'u_crypto_synth_top/u_top/u_sha256/core/w_mem_inst/n_959'.
**WARN: Instance 'u_crypto_synth_top/u_top/u_sha256/core/w_mem_inst/g13636' has multiple input pins tied together to net 'u_crypto_synth_top/u_top/u_sha256/core/w_mem_inst/FE_PHN240_w_mem_1_25'.
**WARN: Instance 'u_crypto_synth_top/u_top/u_sha256/core/w_mem_inst/g13637' has multiple input pins tied together to net 'u_crypto_synth_top/u_top/u_sha256/core/w_mem_inst/n_963'.
**WARN: Instance 'u_crypto_synth_top/u_top/u_sha256/core/w_mem_inst/g13637' has multiple input pins tied together to net 'u_crypto_synth_top/u_top/u_sha256/core/w_mem_inst/FE_PHN192_w_mem_1_16'.
**WARN: Instance 'u_crypto_synth_top/u_top/u_sha256/core/w_mem_inst/g13638' has multiple input pins tied together to net 'u_crypto_synth_top/u_top/u_sha256/core/w_mem_inst/n_961'.
**WARN: Instance 'u_crypto_synth_top/u_top/u_sha256/core/w_mem_inst/g13638' has multiple input pins tied together to net 'u_crypto_synth_top/u_top/u_sha256/core/w_mem_inst/FE_PHN180_w_mem_1_15'.
**WARN: Instance 'u_crypto_synth_top/u_top/u_sha256/core/w_mem_inst/g13639' has multiple input pins tied together to net 'u_crypto_synth_top/u_top/u_sha256/core/w_mem_inst/n_954'.
**WARN: Instance 'u_crypto_synth_top/u_top/u_sha256/core/w_mem_inst/g13639' has multiple input pins tied together to net 'u_crypto_synth_top/u_top/u_sha256/core/w_mem_inst/FE_PHN257_w_mem_1_24'.
**WARN: Instance 'u_crypto_synth_top/u_top/u_sha256/core/w_mem_inst/g13640' has multiple input pins tied together to net 'u_crypto_synth_top/u_top/u_sha256/core/w_mem_inst/n_958'.
**WARN: Instance 'u_crypto_synth_top/u_top/u_sha256/core/w_mem_inst/g13640' has multiple input pins tied together to net 'u_crypto_synth_top/u_top/u_sha256/core/w_mem_inst/FE_PHN178_w_mem_1_14'.
**WARN: Instance 'u_crypto_synth_top/u_top/u_sha256/core/w_mem_inst/g13641' has multiple input pins tied together to net 'u_crypto_synth_top/u_top/u_sha256/core/w_mem_inst/n_956'.
**WARN: Instance 'u_crypto_synth_top/u_top/u_sha256/core/w_mem_inst/g13641' has multiple input pins tied together to net 'u_crypto_synth_top/u_top/u_sha256/core/w_mem_inst/FE_PHN189_w_mem_1_13'.
**WARN: Instance 'u_crypto_synth_top/u_top/u_sha256/core/w_mem_inst/g13642' has multiple input pins tied together to net 'u_crypto_synth_top/u_top/u_sha256/core/w_mem_inst/n_953'.
**WARN: Instance 'u_crypto_synth_top/u_top/u_sha256/core/w_mem_inst/g13642' has multiple input pins tied together to net 'u_crypto_synth_top/u_top/u_sha256/core/w_mem_inst/FE_PHN164_w_mem_1_12'.
**WARN: Instance 'u_crypto_synth_top/u_top/u_sha256/core/w_mem_inst/g13643' has multiple input pins tied together to net 'u_crypto_synth_top/u_top/u_sha256/core/w_mem_inst/n_960'.
**WARN: Instance 'u_crypto_synth_top/u_top/u_sha256/core/w_mem_inst/g13643' has multiple input pins tied together to net 'u_crypto_synth_top/u_top/u_sha256/core/w_mem_inst/FE_PHN197_w_mem_14_24'.
**WARN: Instance 'u_crypto_synth_top/u_top/u_sha256/core/w_mem_inst/g13644' has multiple input pins tied together to net 'u_crypto_synth_top/u_top/u_sha256/core/w_mem_inst/n_970'.
**WARN: Instance 'u_crypto_synth_top/u_top/u_sha256/core/w_mem_inst/g13644' has multiple input pins tied together to net 'u_crypto_synth_top/u_top/u_sha256/core/w_mem_inst/FE_PHN190_w_mem_1_28'.
**WARN: Instance 'u_crypto_synth_top/u_top/u_sha256/core/w_mem_inst/g13645' has multiple input pins tied together to net 'u_crypto_synth_top/u_top/u_sha256/core/w_mem_inst/n_966'.
**WARN: Instance 'u_crypto_synth_top/u_top/u_sha256/core/w_mem_inst/g13645' has multiple input pins tied together to net 'u_crypto_synth_top/u_top/u_sha256/core/w_mem_inst/FE_PHN212_w_mem_1_23'.
**WARN: Instance 'u_crypto_synth_top/u_top/u_sha256/core/w_mem_inst/g13646' has multiple input pins tied together to net 'u_crypto_synth_top/u_top/u_sha256/core/w_mem_inst/n_957'.
**WARN: Instance 'u_crypto_synth_top/u_top/u_sha256/core/w_mem_inst/g13646' has multiple input pins tied together to net 'u_crypto_synth_top/u_top/u_sha256/core/w_mem_inst/FE_PHN211_w_mem_1_31'.
**WARN: Instance 'u_crypto_synth_top/u_top/u_sha256/core/w_mem_inst/g13647' has multiple input pins tied together to net 'u_crypto_synth_top/u_top/u_sha256/core/w_mem_inst/n_948'.
**WARN: Instance 'u_crypto_synth_top/u_top/u_sha256/core/w_mem_inst/g13647' has multiple input pins tied together to net 'u_crypto_synth_top/u_top/u_sha256/core/w_mem_inst/FE_PHN227_w_mem_14_23'.
**WARN: Instance 'u_crypto_synth_top/u_top/u_sha256/core/w_mem_inst/g13648' has multiple input pins tied together to net 'u_crypto_synth_top/u_top/u_sha256/core/w_mem_inst/n_952'.
**WARN: Instance 'u_crypto_synth_top/u_top/u_sha256/core/w_mem_inst/g13648' has multiple input pins tied together to net 'u_crypto_synth_top/u_top/u_sha256/core/w_mem_inst/FE_PHN172_w_mem_14_22'.
**WARN: Instance 'u_crypto_synth_top/u_top/u_sha256/core/w_mem_inst/g13649' has multiple input pins tied together to net 'u_crypto_synth_top/u_top/u_sha256/core/w_mem_inst/n_950'.
**WARN: Instance 'u_crypto_synth_top/u_top/u_sha256/core/w_mem_inst/g13649' has multiple input pins tied together to net 'u_crypto_synth_top/u_top/u_sha256/core/w_mem_inst/FE_PHN167_w_mem_14_21'.
**WARN: Instance 'u_crypto_synth_top/u_top/u_sha256/core/w_mem_inst/g13650' has multiple input pins tied together to net 'u_crypto_synth_top/u_top/u_sha256/core/w_mem_inst/n_949'.
**WARN: Instance 'u_crypto_synth_top/u_top/u_sha256/core/w_mem_inst/g13650' has multiple input pins tied together to net 'u_crypto_synth_top/u_top/u_sha256/core/w_mem_inst/FE_PHN166_w_mem_1_10'.
**WARN: Instance 'u_crypto_synth_top/u_top/u_sha256/core/w_mem_inst/g13651' has multiple input pins tied together to net 'u_crypto_synth_top/u_top/u_sha256/core/w_mem_inst/n_941'.
**WARN: Instance 'u_crypto_synth_top/u_top/u_sha256/core/w_mem_inst/g13651' has multiple input pins tied together to net 'u_crypto_synth_top/u_top/u_sha256/core/w_mem_inst/FE_PHN176_w_mem_14_20'.
**WARN: Instance 'u_crypto_synth_top/u_top/u_sha256/core/w_mem_inst/g13652' has multiple input pins tied together to net 'u_crypto_synth_top/u_top/u_sha256/core/w_mem_inst/n_962'.
**WARN: Instance 'u_crypto_synth_top/u_top/u_sha256/core/w_mem_inst/g13652' has multiple input pins tied together to net 'u_crypto_synth_top/u_top/u_sha256/core/w_mem_inst/FE_PHN187_w_mem_1_9'.
**WARN: Instance 'u_crypto_synth_top/u_top/u_sha256/core/w_mem_inst/g13653' has multiple input pins tied together to net 'u_crypto_synth_top/u_top/u_sha256/core/w_mem_inst/n_935'.
**WARN: Instance 'u_crypto_synth_top/u_top/u_sha256/core/w_mem_inst/g13653' has multiple input pins tied together to net 'u_crypto_synth_top/u_top/u_sha256/core/w_mem_inst/FE_PHN364_w_mem_14_19'.
**WARN: Instance 'u_crypto_synth_top/u_top/u_sha256/core/w_mem_inst/g13654' has multiple input pins tied together to net 'u_crypto_synth_top/u_top/u_sha256/core/w_mem_inst/n_943'.
**WARN: Instance 'u_crypto_synth_top/u_top/u_sha256/core/w_mem_inst/g13654' has multiple input pins tied together to net 'u_crypto_synth_top/u_top/u_sha256/core/w_mem_inst/FE_PHN226_w_mem_1_22'.
**WARN: Instance 'u_crypto_synth_top/u_top/u_sha256/core/w_mem_inst/g13655' has multiple input pins tied together to net 'u_crypto_synth_top/u_top/u_sha256/core/w_mem_inst/n_931'.
**WARN: Instance 'u_crypto_synth_top/u_top/u_sha256/core/w_mem_inst/g13655' has multiple input pins tied together to net 'u_crypto_synth_top/u_top/u_sha256/core/w_mem_inst/FE_PHN228_w_mem_1_8'.
**WARN: Instance 'u_crypto_synth_top/u_top/u_sha256/core/w_mem_inst/g13656' has multiple input pins tied together to net 'u_crypto_synth_top/u_top/u_sha256/core/w_mem_inst/FE_PHN1852_n_933'.
**WARN: Instance 'u_crypto_synth_top/u_top/u_sha256/core/w_mem_inst/g13656' has multiple input pins tied together to net 'u_crypto_synth_top/u_top/u_sha256/core/w_mem_inst/FE_PHN399_w_mem_14_18'.
**WARN: Instance 'u_crypto_synth_top/u_top/u_sha256/core/w_mem_inst/g13657' has multiple input pins tied together to net 'u_crypto_synth_top/u_top/u_sha256/core/w_mem_inst/FE_PHN1853_n_932'.
**WARN: Instance 'u_crypto_synth_top/u_top/u_sha256/core/w_mem_inst/g13657' has multiple input pins tied together to net 'u_crypto_synth_top/u_top/u_sha256/core/w_mem_inst/FE_PHN510_w_mem_14_17'.
**WARN: Instance 'u_crypto_synth_top/u_top/u_sha256/core/w_mem_inst/g13658' has multiple input pins tied together to net 'u_crypto_synth_top/u_top/u_sha256/core/w_mem_inst/n_928'.
**WARN: Instance 'u_crypto_synth_top/u_top/u_sha256/core/w_mem_inst/g13658' has multiple input pins tied together to net 'u_crypto_synth_top/u_top/u_sha256/core/w_mem_inst/FE_PHN188_w_mem_1_7'.
**WARN: Instance 'u_crypto_synth_top/u_top/u_sha256/core/w_mem_inst/g13659' has multiple input pins tied together to net 'u_crypto_synth_top/u_top/u_sha256/core/w_mem_inst/n_936'.
**WARN: Instance 'u_crypto_synth_top/u_top/u_sha256/core/w_mem_inst/g13659' has multiple input pins tied together to net 'u_crypto_synth_top/u_top/u_sha256/core/w_mem_inst/FE_PHN196_w_mem_1_20'.
**WARN: Instance 'u_crypto_synth_top/u_top/u_sha256/core/w_mem_inst/g13660' has multiple input pins tied together to net 'u_crypto_synth_top/u_top/u_sha256/core/w_mem_inst/n_929'.
**WARN: Instance 'u_crypto_synth_top/u_top/u_sha256/core/w_mem_inst/g13660' has multiple input pins tied together to net 'u_crypto_synth_top/u_top/u_sha256/core/w_mem_inst/FE_PHN96_w_mem_14_15'.
**WARN: Instance 'u_crypto_synth_top/u_top/u_sha256/core/w_mem_inst/g13661' has multiple input pins tied together to net 'u_crypto_synth_top/u_top/u_sha256/core/w_mem_inst/n_947'.
**WARN: Instance 'u_crypto_synth_top/u_top/u_sha256/core/w_mem_inst/g13661' has multiple input pins tied together to net 'u_crypto_synth_top/u_top/u_sha256/core/w_mem_inst/FE_PHN95_w_mem_14_14'.
**WARN: Instance 'u_crypto_synth_top/u_top/u_sha256/core/w_mem_inst/g13662' has multiple input pins tied together to net 'u_crypto_synth_top/u_top/u_sha256/core/w_mem_inst/n_969'.
**WARN: Instance 'u_crypto_synth_top/u_top/u_sha256/core/w_mem_inst/g13662' has multiple input pins tied together to net 'u_crypto_synth_top/u_top/u_sha256/core/w_mem_inst/FE_PHN244_w_mem_1_30'.
**WARN: Instance 'u_crypto_synth_top/u_top/u_sha256/core/w_mem_inst/g13663' has multiple input pins tied together to net 'u_crypto_synth_top/u_top/u_sha256/core/w_mem_inst/n_934'.
**WARN: Instance 'u_crypto_synth_top/u_top/u_sha256/core/w_mem_inst/g13663' has multiple input pins tied together to net 'u_crypto_synth_top/u_top/u_sha256/core/w_mem_inst/FE_PHN563_w_mem_1_27'.
**WARN: Instance 'u_crypto_synth_top/u_top/u_sha256/core/w_mem_inst/g13664' has multiple input pins tied together to net 'u_crypto_synth_top/u_top/u_sha256/core/w_mem_inst/n_955'.
**WARN: Instance 'u_crypto_synth_top/u_top/u_sha256/core/w_mem_inst/g13664' has multiple input pins tied together to net 'u_crypto_synth_top/u_top/u_sha256/core/w_mem_inst/FE_PHN122_w_mem_1_21'.
**WARN: Instance 'u_crypto_synth_top/u_top/u_sha256/core/w_mem_inst/g13665' has multiple input pins tied together to net 'u_crypto_synth_top/u_top/u_sha256/core/w_mem_inst/n_945'.
**WARN: Instance 'u_crypto_synth_top/u_top/u_sha256/core/w_mem_inst/g13665' has multiple input pins tied together to net 'u_crypto_synth_top/u_top/u_sha256/core/w_mem_inst/FE_PHN161_w_mem_1_6'.
**WARN: Instance 'u_crypto_synth_top/u_top/u_sha256/core/w_mem_inst/g13666' has multiple input pins tied together to net 'u_crypto_synth_top/u_top/u_sha256/core/w_mem_inst/n_946'.
**WARN: Instance 'u_crypto_synth_top/u_top/u_sha256/core/w_mem_inst/g13666' has multiple input pins tied together to net 'u_crypto_synth_top/u_top/u_sha256/core/w_mem_inst/FE_PHN154_w_mem_14_13'.
**WARN: Instance 'u_crypto_synth_top/u_top/u_sha256/core/w_mem_inst/g13667' has multiple input pins tied together to net 'u_crypto_synth_top/u_top/u_sha256/core/w_mem_inst/n_940'.
**WARN: Instance 'u_crypto_synth_top/u_top/u_sha256/core/w_mem_inst/g13667' has multiple input pins tied together to net 'u_crypto_synth_top/u_top/u_sha256/core/w_mem_inst/FE_PHN271_w_mem_1_5'.
**WARN: Instance 'u_crypto_synth_top/u_top/u_sha256/core/w_mem_inst/g13668' has multiple input pins tied together to net 'u_crypto_synth_top/u_top/u_sha256/core/w_mem_inst/n_944'.
**WARN: Instance 'u_crypto_synth_top/u_top/u_sha256/core/w_mem_inst/g13668' has multiple input pins tied together to net 'u_crypto_synth_top/u_top/u_sha256/core/w_mem_inst/FE_PHN270_w_mem_14_12'.
**WARN: Instance 'u_crypto_synth_top/u_top/u_sha256/core/w_mem_inst/g13669' has multiple input pins tied together to net 'u_crypto_synth_top/u_top/u_sha256/core/w_mem_inst/n_942'.
**WARN: Instance 'u_crypto_synth_top/u_top/u_sha256/core/w_mem_inst/g13669' has multiple input pins tied together to net 'u_crypto_synth_top/u_top/u_sha256/core/w_mem_inst/FE_PHN105_w_mem_14_11'.
**WARN: Instance 'u_crypto_synth_top/u_top/u_sha256/core/w_mem_inst/g13670' has multiple input pins tied together to net 'u_crypto_synth_top/u_top/u_sha256/core/w_mem_inst/n_938'.
**WARN: Instance 'u_crypto_synth_top/u_top/u_sha256/core/w_mem_inst/g13670' has multiple input pins tied together to net 'u_crypto_synth_top/u_top/u_sha256/core/w_mem_inst/FE_PHN334_w_mem_1_4'.
**WARN: Instance 'u_crypto_synth_top/u_top/u_sha256/core/w_mem_inst/g13671' has multiple input pins tied together to net 'u_crypto_synth_top/u_top/u_sha256/core/w_mem_inst/n_939'.
**WARN: Instance 'u_crypto_synth_top/u_top/u_sha256/core/w_mem_inst/g13671' has multiple input pins tied together to net 'u_crypto_synth_top/u_top/u_sha256/core/w_mem_inst/FE_PHN72_w_mem_14_10'.
**WARN: Instance 'u_crypto_synth_top/u_top/u_sha256/core/w_mem_inst/g13672' has multiple input pins tied together to net 'u_crypto_synth_top/u_top/u_sha256/core/w_mem_inst/n_930'.
**WARN: Instance 'u_crypto_synth_top/u_top/u_sha256/core/w_mem_inst/g13672' has multiple input pins tied together to net 'u_crypto_synth_top/u_top/u_sha256/core/w_mem_inst/FE_PHN309_w_mem_14_16'.
**WARN: Instance 'u_crypto_synth_top/u_top/u_sha256/core/w_mem_inst/g13673' has multiple input pins tied together to net 'u_crypto_synth_top/u_top/u_sha256/core/w_mem_inst/n_937'.
**WARN: Instance 'u_crypto_synth_top/u_top/u_sha256/core/w_mem_inst/g13673' has multiple input pins tied together to net 'u_crypto_synth_top/u_top/u_sha256/core/w_mem_inst/FE_PHN489_w_mem_1_3'.
**WARN: Instance 'u_crypto_synth_top/u_top/u_sha256/core/w_mem_inst/g13674' has multiple input pins tied together to net 'u_crypto_synth_top/u_top/u_sha256/core/w_mem_inst/n_927'.
**WARN: Instance 'u_crypto_synth_top/u_top/u_sha256/core/w_mem_inst/g13674' has multiple input pins tied together to net 'u_crypto_synth_top/u_top/u_sha256/core/w_mem_inst/FE_PHN220_w_mem_1_26'.
**WARN: Instance 'u_crypto_synth_top/u_top/u_sha256/core/w_mem_inst/g13675' has multiple input pins tied together to net 'u_crypto_synth_top/u_top/u_sha256/core/w_mem_inst/n_968'.
**WARN: Instance 'u_crypto_synth_top/u_top/u_sha256/core/w_mem_inst/g13675' has multiple input pins tied together to net 'u_crypto_synth_top/u_top/u_sha256/core/w_mem_inst/FE_PHN267_w_mem_1_19'.
**WARN: Instance 'u_crypto_synth_top/u_top/u_sha256/core/w_mem_inst/g13676' has multiple input pins tied together to net 'u_crypto_synth_top/u_top/u_sha256/core/w_mem_inst/n_967'.
**WARN: Instance 'u_crypto_synth_top/u_top/u_sha256/core/w_mem_inst/g13676' has multiple input pins tied together to net 'u_crypto_synth_top/u_top/u_sha256/core/w_mem_inst/FE_PHN261_w_mem_1_18'.
**WARN: Instance 'u_crypto_synth_top/u_top/u_sha256/core/w_mem_inst/g13677' has multiple input pins tied together to net 'u_crypto_synth_top/u_top/u_sha256/core/w_mem_inst/n_965'.
**WARN: Instance 'u_crypto_synth_top/u_top/u_sha256/core/w_mem_inst/g13677' has multiple input pins tied together to net 'u_crypto_synth_top/u_top/u_sha256/core/w_mem_inst/FE_PHN171_w_mem_1_17'.
**WARN: Instance 'u_crypto_synth_top/u_top/u_sha256/core/w_mem_inst/g13690' has multiple input pins tied together to net 'u_crypto_synth_top/u_top/u_sha256/core/w_mem_inst/FE_PHN184_n_888'.
**WARN: Instance 'u_crypto_synth_top/u_top/u_sha256/core/w_mem_inst/g13690' has multiple input pins tied together to net 'u_crypto_synth_top/u_top/u_sha256/core/w_mem_inst/FE_PHN210_w_mem_1_0'.
**WARN: Instance 'u_crypto_synth_top/u_top/u_sha256/core/w_mem_inst/g13691' has multiple input pins tied together to net 'u_crypto_synth_top/u_top/u_sha256/core/w_mem_inst/FE_PHN221_n_920'.
**WARN: Instance 'u_crypto_synth_top/u_top/u_sha256/core/w_mem_inst/g13691' has multiple input pins tied together to net 'u_crypto_synth_top/u_top/u_sha256/core/w_mem_inst/FE_PHN181_w_mem_1_2'.
**WARN: Instance 'u_crypto_synth_top/u_top/u_sha256/core/w_mem_inst/g13692' has multiple input pins tied together to net 'u_crypto_synth_top/u_top/u_sha256/core/w_mem_inst/FE_PHN115_n_916'.
**WARN: Instance 'u_crypto_synth_top/u_top/u_sha256/core/w_mem_inst/g13692' has multiple input pins tied together to net 'u_crypto_synth_top/u_top/u_sha256/core/w_mem_inst/FE_PHN181_w_mem_1_2'.
**WARN: Instance 'u_crypto_synth_top/u_top/u_sha256/core/w_mem_inst/g13693' has multiple input pins tied together to net 'u_crypto_synth_top/u_top/u_sha256/core/w_mem_inst/FE_PHN170_n_924'.
**WARN: Instance 'u_crypto_synth_top/u_top/u_sha256/core/w_mem_inst/g13693' has multiple input pins tied together to net 'u_crypto_synth_top/u_top/u_sha256/core/w_mem_inst/FE_PHN191_w_mem_1_1'.
**WARN: Instance 'u_crypto_synth_top/u_top/u_sha256/core/w_mem_inst/g13695' has multiple input pins tied together to net 'u_crypto_synth_top/u_top/u_sha256/core/w_mem_inst/FE_PHN153_n_898'.
**WARN: Instance 'u_crypto_synth_top/u_top/u_sha256/core/w_mem_inst/g13695' has multiple input pins tied together to net 'u_crypto_synth_top/u_top/u_sha256/core/w_mem_inst/FE_PHN210_w_mem_1_0'.
**WARN: Instance 'u_crypto_synth_top/u_top/u_sha256/core/w_mem_inst/g13696' has multiple input pins tied together to net 'u_crypto_synth_top/u_top/u_sha256/core/w_mem_inst/FE_PHN127_n_884'.
**WARN: Instance 'u_crypto_synth_top/u_top/u_sha256/core/w_mem_inst/g13696' has multiple input pins tied together to net 'u_crypto_synth_top/u_top/u_sha256/core/w_mem_inst/FE_PHN191_w_mem_1_1'.
**WARN: Instance 'u_crypto_synth_top/u_top/u_sha256/core/w_mem_inst/g13700' has multiple input pins tied together to net 'u_crypto_synth_top/u_top/u_sha256/core/w_mem_inst/FE_PHN113_n_918'.
**WARN: Instance 'u_crypto_synth_top/u_top/u_sha256/core/w_mem_inst/g13700' has multiple input pins tied together to net 'u_crypto_synth_top/u_top/u_sha256/core/w_mem_inst/FE_PHN194_w_mem_14_1'.
**WARN: Instance 'u_crypto_synth_top/u_top/u_sha256/core/w_mem_inst/g13712' has multiple input pins tied together to net 'u_crypto_synth_top/u_top/u_sha256/core/w_mem_inst/FE_PHN68_n_881'.
**WARN: Instance 'u_crypto_synth_top/u_top/u_sha256/core/w_mem_inst/g13712' has multiple input pins tied together to net 'u_crypto_synth_top/u_top/u_sha256/core/w_mem_inst/FE_PHN110_w_mem_14_0'.
**WARN: Instance 'u_crypto_synth_top/u_top/u_sha256/core/w_mem_inst/g13723' has multiple input pins tied together to net 'u_crypto_synth_top/u_top/u_sha256/core/w_mem_inst/FE_PHN153_n_898'.
**WARN: Instance 'u_crypto_synth_top/u_top/u_sha256/core/w_mem_inst/g13723' has multiple input pins tied together to net 'u_crypto_synth_top/u_top/u_sha256/core/w_mem_inst/FE_PHN166_w_mem_1_10'.
**WARN: Instance 'u_crypto_synth_top/u_top/u_sha256/core/w_mem_inst/g13725' has multiple input pins tied together to net 'u_crypto_synth_top/u_top/u_sha256/core/w_mem_inst/FE_PHN148_n_880'.
**WARN: Instance 'u_crypto_synth_top/u_top/u_sha256/core/w_mem_inst/g13725' has multiple input pins tied together to net 'u_crypto_synth_top/u_top/u_sha256/core/w_mem_inst/FE_PHN271_w_mem_1_5'.
**WARN: Instance 'u_crypto_synth_top/u_top/u_sha256/core/w_mem_inst/g13727' has multiple input pins tied together to net 'u_crypto_synth_top/u_top/u_sha256/core/w_mem_inst/FE_PHN116_n_911'.
**WARN: Instance 'u_crypto_synth_top/u_top/u_sha256/core/w_mem_inst/g13727' has multiple input pins tied together to net 'u_crypto_synth_top/u_top/u_sha256/core/w_mem_inst/FE_PHN236_w_mem_14_27'.
**WARN: Instance 'u_crypto_synth_top/u_top/u_sha256/core/w_mem_inst/g13728' has multiple input pins tied together to net 'u_crypto_synth_top/u_top/u_sha256/core/w_mem_inst/FE_PHN241_n_879'.
**WARN: Instance 'u_crypto_synth_top/u_top/u_sha256/core/w_mem_inst/g13728' has multiple input pins tied together to net 'u_crypto_synth_top/u_top/u_sha256/core/w_mem_inst/FE_PHN187_w_mem_1_9'.
**WARN: Instance 'u_crypto_synth_top/u_top/u_sha256/core/w_mem_inst/g13733' has multiple input pins tied together to net 'u_crypto_synth_top/u_top/u_sha256/core/w_mem_inst/FE_PHN56_n_891'.
**WARN: Instance 'u_crypto_synth_top/u_top/u_sha256/core/w_mem_inst/g13733' has multiple input pins tied together to net 'u_crypto_synth_top/u_top/u_sha256/core/w_mem_inst/FE_PHN346_w_mem_14_26'.
**WARN: Instance 'u_crypto_synth_top/u_top/u_sha256/core/w_mem_inst/g13734' has multiple input pins tied together to net 'u_crypto_synth_top/u_top/u_sha256/core/w_mem_inst/FE_PHN131_n_906'.
**WARN: Instance 'u_crypto_synth_top/u_top/u_sha256/core/w_mem_inst/g13734' has multiple input pins tied together to net 'u_crypto_synth_top/u_top/u_sha256/core/w_mem_inst/FE_PHN166_w_mem_1_10'.
**WARN: Instance 'u_crypto_synth_top/u_top/u_sha256/core/w_mem_inst/g13741' has multiple input pins tied together to net 'u_crypto_synth_top/u_top/u_sha256/core/w_mem_inst/FE_PHN146_n_878'.
**WARN: Instance 'u_crypto_synth_top/u_top/u_sha256/core/w_mem_inst/g13741' has multiple input pins tied together to net 'u_crypto_synth_top/u_top/u_sha256/core/w_mem_inst/FE_PHN187_w_mem_1_9'.
**WARN: Instance 'u_crypto_synth_top/u_top/u_sha256/core/w_mem_inst/csa_tree_add_193_29_groupi_g2215' has multiple input pins tied together to net 'u_crypto_synth_top/u_top/u_sha256/core/w_mem_inst/csa_tree_add_193_29_groupi_n_129'.
**WARN: Instance 'u_crypto_synth_top/u_top/u_sha256/core/w_mem_inst/csa_tree_add_193_29_groupi_g2246' has multiple input pins tied together to net 'u_crypto_synth_top/u_top/u_sha256/core/w_mem_inst/csa_tree_add_193_29_groupi_n_68'.
**WARN: Instance 'u_crypto_synth_top/u_top/u_sha256/core/w_mem_inst/csa_tree_add_193_29_groupi_g2246' has multiple input pins tied together to net 'u_crypto_synth_top/u_top/u_sha256/core/w_mem_inst/csa_tree_add_193_29_groupi_n_128'.
**WARN: Instance 'u_crypto_synth_top/u_top/u_sha256/core/w_mem_inst/csa_tree_add_193_29_groupi_g2277' has multiple input pins tied together to net 'u_crypto_synth_top/u_top/u_sha256/core/w_mem_inst/csa_tree_add_193_29_groupi_n_63'.
**WARN: Instance 'u_crypto_synth_top/u_top/u_sha256/core/w_mem_inst/csa_tree_add_193_29_groupi_g2277' has multiple input pins tied together to net 'u_crypto_synth_top/u_top/u_sha256/core/w_mem_inst/csa_tree_add_193_29_groupi_n_62'.
**WARN: Instance 'u_crypto_synth_top/u_top/u_sha256/core/w_mem_inst/csa_tree_add_193_29_groupi_g2280' has multiple input pins tied together to net 'u_crypto_synth_top/u_top/u_sha256/core/w_mem_inst/csa_tree_add_193_29_groupi_n_6'.
**WARN: Instance 'u_crypto_synth_top/u_top/u_sha256/core/w_mem_inst/csa_tree_add_193_29_groupi_g2280' has multiple input pins tied together to net 'u_crypto_synth_top/u_top/u_sha256/core/w_mem_inst/n_1013'.
**WARN: Instance 'u_crypto_synth_top/u_top/u_sha256/core/w_mem_inst/csa_tree_add_193_29_groupi_g2309' has multiple input pins tied together to net 'u_crypto_synth_top/u_top/u_sha256/core/w_mem_inst/n_1016'.
**WARN: Instance 'u_crypto_synth_top/u_top/u_sha256/core/w_mem_inst/csa_tree_add_193_29_groupi_g2309' has multiple input pins tied together to net 'u_crypto_synth_top/u_top/u_sha256/core/w_mem_inst/csa_tree_add_193_29_groupi_n_1'.
**WARN: Instance 'u_crypto_synth_top/u_top/u_sha256/core/w_mem_inst/csa_tree_add_193_29_groupi_g2312' has multiple input pins tied together to net 'u_crypto_synth_top/u_top/u_sha256/core/w_mem_inst/csa_tree_add_193_29_groupi_n_0'.
**WARN: Instance 'u_crypto_synth_top/u_top/u_sha256/core/w_mem_inst/csa_tree_add_193_29_groupi_g2312' has multiple input pins tied together to net 'u_crypto_synth_top/u_top/u_sha256/core/w_mem_inst/FE_PHN850_w_mem_9_31'.
**WARN: Instance 'u_crypto_synth_top/u_top/u_sha256/core/g18564' has multiple input pins tied together to net 'u_crypto_synth_top/u_top/u_sha256/core/n_916'.
**WARN: Instance 'u_crypto_synth_top/u_top/u_sha256/core/g18564' has multiple input pins tied together to net 'u_crypto_synth_top/u_top/u_sha256/core/FE_PHN1326_e_reg_14'.
**WARN: Instance 'u_crypto_synth_top/u_top/u_sha256/core/g18565' has multiple input pins tied together to net 'u_crypto_synth_top/u_top/u_sha256/core/n_892'.
**WARN: Instance 'u_crypto_synth_top/u_top/u_sha256/core/g18565' has multiple input pins tied together to net 'u_crypto_synth_top/u_top/u_sha256/core/FE_PHN1305_e_reg_23'.
**WARN: Instance 'u_crypto_synth_top/u_top/u_sha256/core/g18566' has multiple input pins tied together to net 'u_crypto_synth_top/u_top/u_sha256/core/n_889'.
**WARN: Instance 'u_crypto_synth_top/u_top/u_sha256/core/g18566' has multiple input pins tied together to net 'u_crypto_synth_top/u_top/u_sha256/core/FE_PHN1687_e_reg_20'.
**WARN: Instance 'u_crypto_synth_top/u_top/u_sha256/core/g18567' has multiple input pins tied together to net 'u_crypto_synth_top/u_top/u_sha256/core/n_946'.
**WARN: Instance 'u_crypto_synth_top/u_top/u_sha256/core/g18567' has multiple input pins tied together to net 'u_crypto_synth_top/u_top/u_sha256/core/FE_PHN1832_e_reg_16'.
**WARN: Instance 'u_crypto_synth_top/u_top/u_sha256/core/g18568' has multiple input pins tied together to net 'u_crypto_synth_top/u_top/u_sha256/core/n_944'.
**WARN: Instance 'u_crypto_synth_top/u_top/u_sha256/core/g18568' has multiple input pins tied together to net 'u_crypto_synth_top/u_top/u_sha256/core/FE_PHN1620_e_reg_8'.
**WARN: Instance 'u_crypto_synth_top/u_top/u_sha256/core/g18569' has multiple input pins tied together to net 'u_crypto_synth_top/u_top/u_sha256/core/n_949'.
**WARN: Instance 'u_crypto_synth_top/u_top/u_sha256/core/g18569' has multiple input pins tied together to net 'u_crypto_synth_top/u_top/u_sha256/core/FE_PHN1612_e_reg_7'.
**WARN: Instance 'u_crypto_synth_top/u_top/u_sha256/core/g18570' has multiple input pins tied together to net 'u_crypto_synth_top/u_top/u_sha256/core/n_947'.
**WARN: Instance 'u_crypto_synth_top/u_top/u_sha256/core/g18570' has multiple input pins tied together to net 'u_crypto_synth_top/u_top/u_sha256/core/FE_PHN1543_e_reg_6'.
**WARN: Instance 'u_crypto_synth_top/u_top/u_sha256/core/g18571' has multiple input pins tied together to net 'u_crypto_synth_top/u_top/u_sha256/core/n_932'.
**WARN: Instance 'u_crypto_synth_top/u_top/u_sha256/core/g18571' has multiple input pins tied together to net 'u_crypto_synth_top/u_top/u_sha256/core/FE_PHN1321_e_reg_15'.
**WARN: Instance 'u_crypto_synth_top/u_top/u_sha256/core/g18572' has multiple input pins tied together to net 'u_crypto_synth_top/u_top/u_sha256/core/n_945'.
**WARN: Instance 'u_crypto_synth_top/u_top/u_sha256/core/g18572' has multiple input pins tied together to net 'u_crypto_synth_top/u_top/u_sha256/core/FE_PHN1651_e_reg_5'.
**WARN: Instance 'u_crypto_synth_top/u_top/u_sha256/core/g18573' has multiple input pins tied together to net 'u_crypto_synth_top/u_top/u_sha256/core/n_941'.
**WARN: Instance 'u_crypto_synth_top/u_top/u_sha256/core/g18573' has multiple input pins tied together to net 'u_crypto_synth_top/u_top/u_sha256/core/FE_PHN1648_e_reg_4'.
**WARN: Instance 'u_crypto_synth_top/u_top/u_sha256/core/g18574' has multiple input pins tied together to net 'u_crypto_synth_top/u_top/u_sha256/core/n_951'.
**WARN: Instance 'u_crypto_synth_top/u_top/u_sha256/core/g18574' has multiple input pins tied together to net 'u_crypto_synth_top/u_top/u_sha256/core/FE_PHN1490_a_reg_21'.
**WARN: Instance 'u_crypto_synth_top/u_top/u_sha256/core/g18575' has multiple input pins tied together to net 'u_crypto_synth_top/u_top/u_sha256/core/n_943'.
**WARN: Instance 'u_crypto_synth_top/u_top/u_sha256/core/g18575' has multiple input pins tied together to net 'u_crypto_synth_top/u_top/u_sha256/core/FE_PHN1521_a_reg_20'.
**WARN: Instance 'u_crypto_synth_top/u_top/u_sha256/core/g18576' has multiple input pins tied together to net 'u_crypto_synth_top/u_top/u_sha256/core/n_942'.
**WARN: Instance 'u_crypto_synth_top/u_top/u_sha256/core/g18576' has multiple input pins tied together to net 'u_crypto_synth_top/u_top/u_sha256/core/FE_PHN1164_a_reg_19'.
**WARN: Instance 'u_crypto_synth_top/u_top/u_sha256/core/g18577' has multiple input pins tied together to net 'u_crypto_synth_top/u_top/u_sha256/core/n_940'.
**WARN: Instance 'u_crypto_synth_top/u_top/u_sha256/core/g18577' has multiple input pins tied together to net 'u_crypto_synth_top/u_top/u_sha256/core/FE_PHN1135_a_reg_18'.
**WARN: Instance 'u_crypto_synth_top/u_top/u_sha256/core/g18579' has multiple input pins tied together to net 'u_crypto_synth_top/u_top/u_sha256/core/n_948'.
**WARN: Instance 'u_crypto_synth_top/u_top/u_sha256/core/g18579' has multiple input pins tied together to net 'u_crypto_synth_top/u_top/u_sha256/core/FE_PHN1672_e_reg_22'.
**WARN: Instance 'u_crypto_synth_top/u_top/u_sha256/core/g18580' has multiple input pins tied together to net 'u_crypto_synth_top/u_top/u_sha256/core/n_910'.
**WARN: Instance 'u_crypto_synth_top/u_top/u_sha256/core/g18580' has multiple input pins tied together to net 'u_crypto_synth_top/u_top/u_sha256/core/FE_PHN1325_e_reg_24'.
**WARN: Instance 'u_crypto_synth_top/u_top/u_sha256/core/g18581' has multiple input pins tied together to net 'u_crypto_synth_top/u_top/u_sha256/core/n_935'.
**WARN: Instance 'u_crypto_synth_top/u_top/u_sha256/core/g18581' has multiple input pins tied together to net 'u_crypto_synth_top/u_top/u_sha256/core/FE_PHN1625_e_reg_3'.
**WARN: Instance 'u_crypto_synth_top/u_top/u_sha256/core/g18582' has multiple input pins tied together to net 'u_crypto_synth_top/u_top/u_sha256/core/n_939'.
**WARN: Instance 'u_crypto_synth_top/u_top/u_sha256/core/g18582' has multiple input pins tied together to net 'u_crypto_synth_top/u_top/u_sha256/core/FE_PHN979_a_reg_16'.
**WARN: Instance 'u_crypto_synth_top/u_top/u_sha256/core/g18583' has multiple input pins tied together to net 'u_crypto_synth_top/u_top/u_sha256/core/n_936'.
**WARN: Instance 'u_crypto_synth_top/u_top/u_sha256/core/g18583' has multiple input pins tied together to net 'u_crypto_synth_top/u_top/u_sha256/core/FE_PHN1003_a_reg_15'.
**WARN: Instance 'u_crypto_synth_top/u_top/u_sha256/core/g18584' has multiple input pins tied together to net 'u_crypto_synth_top/u_top/u_sha256/core/n_934'.
**WARN: Instance 'u_crypto_synth_top/u_top/u_sha256/core/g18584' has multiple input pins tied together to net 'u_crypto_synth_top/u_top/u_sha256/core/FE_PHN1415_a_reg_14'.
**WARN: Instance 'u_crypto_synth_top/u_top/u_sha256/core/g18585' has multiple input pins tied together to net 'u_crypto_synth_top/u_top/u_sha256/core/n_928'.
**WARN: Instance 'u_crypto_synth_top/u_top/u_sha256/core/g18585' has multiple input pins tied together to net 'u_crypto_synth_top/u_top/u_sha256/core/FE_PHN1619_e_reg_2'.
**WARN: Instance 'u_crypto_synth_top/u_top/u_sha256/core/g18586' has multiple input pins tied together to net 'u_crypto_synth_top/u_top/u_sha256/core/n_933'.
**WARN: Instance 'u_crypto_synth_top/u_top/u_sha256/core/g18586' has multiple input pins tied together to net 'u_crypto_synth_top/u_top/u_sha256/core/FE_PHN1127_a_reg_13'.
**WARN: Instance 'u_crypto_synth_top/u_top/u_sha256/core/g18587' has multiple input pins tied together to net 'u_crypto_synth_top/u_top/u_sha256/core/n_931'.
**WARN: Instance 'u_crypto_synth_top/u_top/u_sha256/core/g18587' has multiple input pins tied together to net 'u_crypto_synth_top/u_top/u_sha256/core/FE_PHN1613_a_reg_3'.
**WARN: Instance 'u_crypto_synth_top/u_top/u_sha256/core/g18588' has multiple input pins tied together to net 'u_crypto_synth_top/u_top/u_sha256/core/n_930'.
**WARN: Instance 'u_crypto_synth_top/u_top/u_sha256/core/g18588' has multiple input pins tied together to net 'u_crypto_synth_top/u_top/u_sha256/core/FE_PHN1452_a_reg_2'.
**WARN: Instance 'u_crypto_synth_top/u_top/u_sha256/core/g18589' has multiple input pins tied together to net 'u_crypto_synth_top/u_top/u_sha256/core/n_924'.
**WARN: Instance 'u_crypto_synth_top/u_top/u_sha256/core/g18589' has multiple input pins tied together to net 'u_crypto_synth_top/u_top/u_sha256/core/FE_PHN1595_e_reg_1'.
**WARN: Instance 'u_crypto_synth_top/u_top/u_sha256/core/g18590' has multiple input pins tied together to net 'u_crypto_synth_top/u_top/u_sha256/core/n_929'.
**WARN: Instance 'u_crypto_synth_top/u_top/u_sha256/core/g18590' has multiple input pins tied together to net 'u_crypto_synth_top/u_top/u_sha256/core/FE_PHN1176_a_reg_22'.
**WARN: Instance 'u_crypto_synth_top/u_top/u_sha256/core/g18591' has multiple input pins tied together to net 'u_crypto_synth_top/u_top/u_sha256/core/n_927'.
**WARN: Instance 'u_crypto_synth_top/u_top/u_sha256/core/g18591' has multiple input pins tied together to net 'u_crypto_synth_top/u_top/u_sha256/core/FE_PHN1490_a_reg_21'.
**WARN: Instance 'u_crypto_synth_top/u_top/u_sha256/core/g18592' has multiple input pins tied together to net 'u_crypto_synth_top/u_top/u_sha256/core/n_926'.
**WARN: Instance 'u_crypto_synth_top/u_top/u_sha256/core/g18592' has multiple input pins tied together to net 'u_crypto_synth_top/u_top/u_sha256/core/FE_PHN1119_a_reg_8'.
**WARN: Instance 'u_crypto_synth_top/u_top/u_sha256/core/g18593' has multiple input pins tied together to net 'u_crypto_synth_top/u_top/u_sha256/core/n_925'.
**WARN: Instance 'u_crypto_synth_top/u_top/u_sha256/core/g18593' has multiple input pins tied together to net 'u_crypto_synth_top/u_top/u_sha256/core/FE_PHN1164_a_reg_19'.
**WARN: Instance 'u_crypto_synth_top/u_top/u_sha256/core/g18594' has multiple input pins tied together to net 'u_crypto_synth_top/u_top/u_sha256/core/n_923'.
**WARN: Instance 'u_crypto_synth_top/u_top/u_sha256/core/g18594' has multiple input pins tied together to net 'u_crypto_synth_top/u_top/u_sha256/core/FE_PHN1042_a_reg_29'.
**WARN: Instance 'u_crypto_synth_top/u_top/u_sha256/core/g18595' has multiple input pins tied together to net 'u_crypto_synth_top/u_top/u_sha256/core/n_898'.
**WARN: Instance 'u_crypto_synth_top/u_top/u_sha256/core/g18595' has multiple input pins tied together to net 'u_crypto_synth_top/u_top/u_sha256/core/FE_PHN1682_e_reg_19'.
**WARN: Instance 'u_crypto_synth_top/u_top/u_sha256/core/g18596' has multiple input pins tied together to net 'u_crypto_synth_top/u_top/u_sha256/core/n_891'.
**WARN: Instance 'u_crypto_synth_top/u_top/u_sha256/core/g18596' has multiple input pins tied together to net 'u_crypto_synth_top/u_top/u_sha256/core/FE_PHN1675_e_reg_18'.
**WARN: Instance 'u_crypto_synth_top/u_top/u_sha256/core/g18597' has multiple input pins tied together to net 'u_crypto_synth_top/u_top/u_sha256/core/n_922'.
**WARN: Instance 'u_crypto_synth_top/u_top/u_sha256/core/g18597' has multiple input pins tied together to net 'u_crypto_synth_top/u_top/u_sha256/core/FE_PHN1002_a_reg_17'.
**WARN: Instance 'u_crypto_synth_top/u_top/u_sha256/core/g18598' has multiple input pins tied together to net 'u_crypto_synth_top/u_top/u_sha256/core/n_921'.
**WARN: Instance 'u_crypto_synth_top/u_top/u_sha256/core/g18598' has multiple input pins tied together to net 'u_crypto_synth_top/u_top/u_sha256/core/FE_PHN979_a_reg_16'.
**WARN: Instance 'u_crypto_synth_top/u_top/u_sha256/core/g18599' has multiple input pins tied together to net 'u_crypto_synth_top/u_top/u_sha256/core/n_920'.
**WARN: Instance 'u_crypto_synth_top/u_top/u_sha256/core/g18599' has multiple input pins tied together to net 'u_crypto_synth_top/u_top/u_sha256/core/FE_PHN1003_a_reg_15'.
**WARN: Instance 'u_crypto_synth_top/u_top/u_sha256/core/g18600' has multiple input pins tied together to net 'u_crypto_synth_top/u_top/u_sha256/core/n_918'.
**WARN: Instance 'u_crypto_synth_top/u_top/u_sha256/core/g18600' has multiple input pins tied together to net 'u_crypto_synth_top/u_top/u_sha256/core/FE_PHN1415_a_reg_14'.
**WARN: Instance 'u_crypto_synth_top/u_top/u_sha256/core/g18601' has multiple input pins tied together to net 'u_crypto_synth_top/u_top/u_sha256/core/n_917'.
**WARN: Instance 'u_crypto_synth_top/u_top/u_sha256/core/g18601' has multiple input pins tied together to net 'u_crypto_synth_top/u_top/u_sha256/core/FE_PHN1127_a_reg_13'.
**WARN: Instance 'u_crypto_synth_top/u_top/u_sha256/core/g18602' has multiple input pins tied together to net 'u_crypto_synth_top/u_top/u_sha256/core/n_903'.
**WARN: Instance 'u_crypto_synth_top/u_top/u_sha256/core/g18602' has multiple input pins tied together to net 'u_crypto_synth_top/u_top/u_sha256/core/FE_PHN1255_e_reg_13'.
**WARN: Instance 'u_crypto_synth_top/u_top/u_sha256/core/g18603' has multiple input pins tied together to net 'u_crypto_synth_top/u_top/u_sha256/core/n_914'.
**WARN: Instance 'u_crypto_synth_top/u_top/u_sha256/core/g18603' has multiple input pins tied together to net 'u_crypto_synth_top/u_top/u_sha256/core/FE_PHN1662_e_reg_31'.
**WARN: Instance 'u_crypto_synth_top/u_top/u_sha256/core/g18604' has multiple input pins tied together to net 'u_crypto_synth_top/u_top/u_sha256/core/n_915'.
**WARN: Instance 'u_crypto_synth_top/u_top/u_sha256/core/g18604' has multiple input pins tied together to net 'u_crypto_synth_top/u_top/u_sha256/core/FE_PHN1384_a_reg_23'.
**WARN: Instance 'u_crypto_synth_top/u_top/u_sha256/core/g18605' has multiple input pins tied together to net 'u_crypto_synth_top/u_top/u_sha256/core/n_913'.
**WARN: Instance 'u_crypto_synth_top/u_top/u_sha256/core/g18605' has multiple input pins tied together to net 'u_crypto_synth_top/u_top/u_sha256/core/FE_PHN1176_a_reg_22'.
**WARN: Instance 'u_crypto_synth_top/u_top/u_sha256/core/g18606' has multiple input pins tied together to net 'u_crypto_synth_top/u_top/u_sha256/core/n_912'.
**WARN: Instance 'u_crypto_synth_top/u_top/u_sha256/core/g18606' has multiple input pins tied together to net 'u_crypto_synth_top/u_top/u_sha256/core/FE_PHN1490_a_reg_21'.
**WARN: Instance 'u_crypto_synth_top/u_top/u_sha256/core/g18607' has multiple input pins tied together to net 'u_crypto_synth_top/u_top/u_sha256/core/n_905'.
**WARN: Instance 'u_crypto_synth_top/u_top/u_sha256/core/g18607' has multiple input pins tied together to net 'u_crypto_synth_top/u_top/u_sha256/core/FE_PHN1668_e_reg_30'.
**WARN: Instance 'u_crypto_synth_top/u_top/u_sha256/core/g18608' has multiple input pins tied together to net 'u_crypto_synth_top/u_top/u_sha256/core/n_911'.
**WARN: Instance 'u_crypto_synth_top/u_top/u_sha256/core/g18608' has multiple input pins tied together to net 'u_crypto_synth_top/u_top/u_sha256/core/FE_PHN1042_a_reg_29'.
**WARN: Instance 'u_crypto_synth_top/u_top/u_sha256/core/g18609' has multiple input pins tied together to net 'u_crypto_synth_top/u_top/u_sha256/core/n_908'.
**WARN: Instance 'u_crypto_synth_top/u_top/u_sha256/core/g18609' has multiple input pins tied together to net 'u_crypto_synth_top/u_top/u_sha256/core/FE_PHN1119_a_reg_8'.
**WARN: Instance 'u_crypto_synth_top/u_top/u_sha256/core/g18610' has multiple input pins tied together to net 'u_crypto_synth_top/u_top/u_sha256/core/n_909'.
**WARN: Instance 'u_crypto_synth_top/u_top/u_sha256/core/g18610' has multiple input pins tied together to net 'u_crypto_synth_top/u_top/u_sha256/core/FE_PHN1135_a_reg_18'.
**WARN: Instance 'u_crypto_synth_top/u_top/u_sha256/core/g18611' has multiple input pins tied together to net 'u_crypto_synth_top/u_top/u_sha256/core/n_938'.
**WARN: Instance 'u_crypto_synth_top/u_top/u_sha256/core/g18611' has multiple input pins tied together to net 'u_crypto_synth_top/u_top/u_sha256/core/FE_PHN1660_e_reg_21'.
**WARN: Instance 'u_crypto_synth_top/u_top/u_sha256/core/g18612' has multiple input pins tied together to net 'u_crypto_synth_top/u_top/u_sha256/core/n_919'.
**WARN: Instance 'u_crypto_synth_top/u_top/u_sha256/core/g18612' has multiple input pins tied together to net 'u_crypto_synth_top/u_top/u_sha256/core/FE_PHN1524_e_reg_0'.
**WARN: Instance 'u_crypto_synth_top/u_top/u_sha256/core/g18613' has multiple input pins tied together to net 'u_crypto_synth_top/u_top/u_sha256/core/n_896'.
**WARN: Instance 'u_crypto_synth_top/u_top/u_sha256/core/g18613' has multiple input pins tied together to net 'u_crypto_synth_top/u_top/u_sha256/core/FE_PHN1243_e_reg_12'.
**WARN: Instance 'u_crypto_synth_top/u_top/u_sha256/core/g18614' has multiple input pins tied together to net 'u_crypto_synth_top/u_top/u_sha256/core/n_901'.
**WARN: Instance 'u_crypto_synth_top/u_top/u_sha256/core/g18614' has multiple input pins tied together to net 'u_crypto_synth_top/u_top/u_sha256/core/FE_PHN1671_e_reg_29'.
**WARN: Instance 'u_crypto_synth_top/u_top/u_sha256/core/g18615' has multiple input pins tied together to net 'u_crypto_synth_top/u_top/u_sha256/core/n_907'.
**WARN: Instance 'u_crypto_synth_top/u_top/u_sha256/core/g18615' has multiple input pins tied together to net 'u_crypto_synth_top/u_top/u_sha256/core/FE_PHN1002_a_reg_17'.
**WARN: Instance 'u_crypto_synth_top/u_top/u_sha256/core/g18616' has multiple input pins tied together to net 'u_crypto_synth_top/u_top/u_sha256/core/n_906'.
**WARN: Instance 'u_crypto_synth_top/u_top/u_sha256/core/g18616' has multiple input pins tied together to net 'u_crypto_synth_top/u_top/u_sha256/core/FE_PHN979_a_reg_16'.
**WARN: Instance 'u_crypto_synth_top/u_top/u_sha256/core/g18617' has multiple input pins tied together to net 'u_crypto_synth_top/u_top/u_sha256/core/n_904'.
**WARN: Instance 'u_crypto_synth_top/u_top/u_sha256/core/g18617' has multiple input pins tied together to net 'u_crypto_synth_top/u_top/u_sha256/core/FE_PHN1003_a_reg_15'.
**WARN: Instance 'u_crypto_synth_top/u_top/u_sha256/core/g18618' has multiple input pins tied together to net 'u_crypto_synth_top/u_top/u_sha256/core/n_902'.
**WARN: Instance 'u_crypto_synth_top/u_top/u_sha256/core/g18618' has multiple input pins tied together to net 'u_crypto_synth_top/u_top/u_sha256/core/FE_PHN1415_a_reg_14'.
**WARN: Instance 'u_crypto_synth_top/u_top/u_sha256/core/g18619' has multiple input pins tied together to net 'u_crypto_synth_top/u_top/u_sha256/core/n_900'.
**WARN: Instance 'u_crypto_synth_top/u_top/u_sha256/core/g18619' has multiple input pins tied together to net 'u_crypto_synth_top/u_top/u_sha256/core/FE_PHN1127_a_reg_13'.
**WARN: Instance 'u_crypto_synth_top/u_top/u_sha256/core/g18620' has multiple input pins tied together to net 'u_crypto_synth_top/u_top/u_sha256/core/n_899'.
**WARN: Instance 'u_crypto_synth_top/u_top/u_sha256/core/g18620' has multiple input pins tied together to net 'u_crypto_synth_top/u_top/u_sha256/core/FE_PHN1670_e_reg_28'.
**WARN: Instance 'u_crypto_synth_top/u_top/u_sha256/core/g18621' has multiple input pins tied together to net 'u_crypto_synth_top/u_top/u_sha256/core/n_893'.
**WARN: Instance 'u_crypto_synth_top/u_top/u_sha256/core/g18621' has multiple input pins tied together to net 'u_crypto_synth_top/u_top/u_sha256/core/FE_PHN1221_e_reg_11'.
**WARN: Instance 'u_crypto_synth_top/u_top/u_sha256/core/g18622' has multiple input pins tied together to net 'u_crypto_synth_top/u_top/u_sha256/core/n_897'.
**WARN: Instance 'u_crypto_synth_top/u_top/u_sha256/core/g18622' has multiple input pins tied together to net 'u_crypto_synth_top/u_top/u_sha256/core/FE_PHN1635_e_reg_27'.
**WARN: Instance 'u_crypto_synth_top/u_top/u_sha256/core/g18623' has multiple input pins tied together to net 'u_crypto_synth_top/u_top/u_sha256/core/n_895'.
**WARN: Instance 'u_crypto_synth_top/u_top/u_sha256/core/g18623' has multiple input pins tied together to net 'u_crypto_synth_top/u_top/u_sha256/core/FE_PHN1605_e_reg_26'.
**WARN: Instance 'u_crypto_synth_top/u_top/u_sha256/core/g18624' has multiple input pins tied together to net 'u_crypto_synth_top/u_top/u_sha256/core/n_894'.
**WARN: Instance 'u_crypto_synth_top/u_top/u_sha256/core/g18624' has multiple input pins tied together to net 'u_crypto_synth_top/u_top/u_sha256/core/FE_PHN1629_e_reg_25'.
**WARN: Instance 'u_crypto_synth_top/u_top/u_sha256/core/g18625' has multiple input pins tied together to net 'u_crypto_synth_top/u_top/u_sha256/core/n_950'.
**WARN: Instance 'u_crypto_synth_top/u_top/u_sha256/core/g18625' has multiple input pins tied together to net 'u_crypto_synth_top/u_top/u_sha256/core/FE_PHN1674_e_reg_17'.
**WARN: Instance 'u_crypto_synth_top/u_top/u_sha256/core/g18626' has multiple input pins tied together to net 'u_crypto_synth_top/u_top/u_sha256/core/n_890'.
**WARN: Instance 'u_crypto_synth_top/u_top/u_sha256/core/g18626' has multiple input pins tied together to net 'u_crypto_synth_top/u_top/u_sha256/core/FE_PHN1380_e_reg_10'.
**WARN: Instance 'u_crypto_synth_top/u_top/u_sha256/core/g18627' has multiple input pins tied together to net 'u_crypto_synth_top/u_top/u_sha256/core/n_937'.
**WARN: Instance 'u_crypto_synth_top/u_top/u_sha256/core/g18627' has multiple input pins tied together to net 'u_crypto_synth_top/u_top/u_sha256/core/FE_PHN1647_e_reg_9'.
**WARN: Instance 'u_crypto_synth_top/u_top/u_sha256/core/g26408' has multiple input pins tied together to net 'u_crypto_synth_top/u_top/u_sha256/core/FE_PHN1397_t_ctr_reg_5'.
**WARN: Instance 'u_crypto_synth_top/u_top/u_sha256/core/add_312_27_g2208' has multiple input pins tied together to net 'u_crypto_synth_top/u_top/u_sha256/core/add_312_27_n_62'.
**WARN: Instance 'u_crypto_synth_top/u_top/u_sha256/core/add_312_27_g2208' has multiple input pins tied together to net 'u_crypto_synth_top/u_top/u_sha256/core/add_312_27_n_0'.
**WARN: Instance 'u_crypto_synth_top/u_top/u_sha256/core/add_312_27_g2240' has multiple input pins tied together to net 'u_crypto_synth_top/u_top/u_sha256/core/FE_PHN1433_a_reg_31'.
**WARN: Instance 'u_crypto_synth_top/u_top/u_sha256/core/add_312_27_g2240' has multiple input pins tied together to net 'u_crypto_synth_top/u_top/u_sha256/core_digest[255]'.
**WARN: Instance 'u_crypto_synth_top/u_top/u_sha256/core/add_313_27_g2208' has multiple input pins tied together to net 'u_crypto_synth_top/u_top/u_sha256/core/add_313_27_n_62'.
**WARN: Instance 'u_crypto_synth_top/u_top/u_sha256/core/add_313_27_g2208' has multiple input pins tied together to net 'u_crypto_synth_top/u_top/u_sha256/core/add_313_27_n_0'.
**WARN: Instance 'u_crypto_synth_top/u_top/u_sha256/core/add_313_27_g2240' has multiple input pins tied together to net 'u_crypto_synth_top/u_top/u_sha256/core/FE_PHN1037_b_reg_31'.
**WARN: Instance 'u_crypto_synth_top/u_top/u_sha256/core/add_313_27_g2240' has multiple input pins tied together to net 'u_crypto_synth_top/u_top/u_sha256/core_digest[223]'.
**WARN: Instance 'u_crypto_synth_top/u_top/u_sha256/core/add_314_27_g2208' has multiple input pins tied together to net 'u_crypto_synth_top/u_top/u_sha256/core/add_314_27_n_62'.
**WARN: Instance 'u_crypto_synth_top/u_top/u_sha256/core/add_314_27_g2208' has multiple input pins tied together to net 'u_crypto_synth_top/u_top/u_sha256/core/add_314_27_n_0'.
**WARN: Instance 'u_crypto_synth_top/u_top/u_sha256/core/add_314_27_g2240' has multiple input pins tied together to net 'u_crypto_synth_top/u_top/u_sha256/core/FE_PHN987_c_reg_31'.
**WARN: Instance 'u_crypto_synth_top/u_top/u_sha256/core/add_314_27_g2240' has multiple input pins tied together to net 'u_crypto_synth_top/u_top/u_sha256/core_digest[191]'.
**WARN: Instance 'u_crypto_synth_top/u_top/u_sha256/core/add_315_27_g2208' has multiple input pins tied together to net 'u_crypto_synth_top/u_top/u_sha256/core/add_315_27_n_62'.
**WARN: Instance 'u_crypto_synth_top/u_top/u_sha256/core/add_315_27_g2208' has multiple input pins tied together to net 'u_crypto_synth_top/u_top/u_sha256/core/add_315_27_n_0'.
**WARN: Instance 'u_crypto_synth_top/u_top/u_sha256/core/add_315_27_g2240' has multiple input pins tied together to net 'u_crypto_synth_top/u_top/u_sha256/core/d_reg[31]'.
**WARN: Instance 'u_crypto_synth_top/u_top/u_sha256/core/add_315_27_g2240' has multiple input pins tied together to net 'u_crypto_synth_top/u_top/u_sha256/core_digest[159]'.
**WARN: Instance 'u_crypto_synth_top/u_top/u_sha256/core/add_316_27_g2208' has multiple input pins tied together to net 'u_crypto_synth_top/u_top/u_sha256/core/add_316_27_n_62'.
**WARN: Instance 'u_crypto_synth_top/u_top/u_sha256/core/add_316_27_g2208' has multiple input pins tied together to net 'u_crypto_synth_top/u_top/u_sha256/core/add_316_27_n_0'.
**WARN: Instance 'u_crypto_synth_top/u_top/u_sha256/core/add_316_27_g2240' has multiple input pins tied together to net 'u_crypto_synth_top/u_top/u_sha256/core/FE_PHN1662_e_reg_31'.
**WARN: Instance 'u_crypto_synth_top/u_top/u_sha256/core/add_316_27_g2240' has multiple input pins tied together to net 'u_crypto_synth_top/u_top/u_sha256/core_digest[127]'.
**WARN: Instance 'u_crypto_synth_top/u_top/u_sha256/core/add_317_27_g2208' has multiple input pins tied together to net 'u_crypto_synth_top/u_top/u_sha256/core/add_317_27_n_62'.
**WARN: Instance 'u_crypto_synth_top/u_top/u_sha256/core/add_317_27_g2208' has multiple input pins tied together to net 'u_crypto_synth_top/u_top/u_sha256/core/add_317_27_n_0'.
**WARN: Instance 'u_crypto_synth_top/u_top/u_sha256/core/add_317_27_g2240' has multiple input pins tied together to net 'u_crypto_synth_top/u_top/u_sha256/core/f_reg[31]'.
**WARN: Instance 'u_crypto_synth_top/u_top/u_sha256/core/add_317_27_g2240' has multiple input pins tied together to net 'u_crypto_synth_top/u_top/u_sha256/core_digest[95]'.
**WARN: Instance 'u_crypto_synth_top/u_top/u_sha256/core/add_318_27_g2208' has multiple input pins tied together to net 'u_crypto_synth_top/u_top/u_sha256/core/add_318_27_n_62'.
**WARN: Instance 'u_crypto_synth_top/u_top/u_sha256/core/add_318_27_g2208' has multiple input pins tied together to net 'u_crypto_synth_top/u_top/u_sha256/core/add_318_27_n_0'.
**WARN: Instance 'u_crypto_synth_top/u_top/u_sha256/core/add_318_27_g2240' has multiple input pins tied together to net 'u_crypto_synth_top/u_top/u_sha256/core/g_reg[31]'.
**WARN: Instance 'u_crypto_synth_top/u_top/u_sha256/core/add_318_27_g2240' has multiple input pins tied together to net 'u_crypto_synth_top/u_top/u_sha256/core_digest[63]'.
**WARN: Instance 'u_crypto_synth_top/u_top/u_sha256/core/add_319_27_g2208' has multiple input pins tied together to net 'u_crypto_synth_top/u_top/u_sha256/core/add_319_27_n_62'.
**WARN: Instance 'u_crypto_synth_top/u_top/u_sha256/core/add_319_27_g2208' has multiple input pins tied together to net 'u_crypto_synth_top/u_top/u_sha256/core/add_319_27_n_0'.
**WARN: Instance 'u_crypto_synth_top/u_top/u_sha256/core/add_319_27_g2240' has multiple input pins tied together to net 'u_crypto_synth_top/u_top/u_sha256/core/FE_PHN14284_h_reg_31'.
**WARN: Instance 'u_crypto_synth_top/u_top/u_sha256/core/add_319_27_g2240' has multiple input pins tied together to net 'u_crypto_synth_top/u_top/u_sha256/core_digest[31]'.
**WARN: Instance 'u_crypto_synth_top/u_top/u_sha256/core/add_430_26_g2211' has multiple input pins tied together to net 'u_crypto_synth_top/u_top/u_sha256/core/add_430_26_n_62'.
**WARN: Instance 'u_crypto_synth_top/u_top/u_sha256/core/add_430_26_g2211' has multiple input pins tied together to net 'u_crypto_synth_top/u_top/u_sha256/core/add_430_26_n_0'.
**WARN: Instance 'u_crypto_synth_top/u_top/u_sha256/core/add_430_26_g2243' has multiple input pins tied together to net 'u_crypto_synth_top/u_top/u_sha256/core/n_1118'.
**WARN: Instance 'u_crypto_synth_top/u_top/u_sha256/core/csa_tree_add_341_39_groupi_g3321' has multiple input pins tied together to net 'u_crypto_synth_top/u_top/u_sha256/core/csa_tree_add_341_39_groupi_n_249'.
**WARN: Instance 'u_crypto_synth_top/u_top/u_sha256/core/csa_tree_add_341_39_groupi_g3321' has multiple input pins tied together to net 'u_crypto_synth_top/u_top/u_sha256/core/csa_tree_add_341_39_groupi_n_191'.
**WARN: Instance 'u_crypto_synth_top/u_top/u_sha256/core/csa_tree_add_341_39_groupi_g3351' has multiple input pins tied together to net 'u_crypto_synth_top/u_top/u_sha256/core/csa_tree_add_341_39_groupi_n_130'.
**WARN: Instance 'u_crypto_synth_top/u_top/u_sha256/core/csa_tree_add_341_39_groupi_g3351' has multiple input pins tied together to net 'u_crypto_synth_top/u_top/u_sha256/core/csa_tree_add_341_39_groupi_n_186'.
**WARN: Instance 'u_crypto_synth_top/u_top/u_sha256/core/csa_tree_add_341_39_groupi_g3382' has multiple input pins tied together to net 'u_crypto_synth_top/u_top/u_sha256/core/w_data[31]'.
**WARN: Instance 'u_crypto_synth_top/u_top/u_sha256/core/csa_tree_add_341_39_groupi_g3382' has multiple input pins tied together to net 'u_crypto_synth_top/u_top/u_sha256/core/csa_tree_add_341_39_groupi_n_129'.
**WARN: Instance 'u_crypto_synth_top/u_top/u_sha256/core/csa_tree_add_341_39_groupi_g3383' has multiple input pins tied together to net 'u_crypto_synth_top/u_top/u_sha256/core/csa_tree_add_341_39_groupi_n_126'.
**WARN: Instance 'u_crypto_synth_top/u_top/u_sha256/core/csa_tree_add_341_39_groupi_g3383' has multiple input pins tied together to net 'u_crypto_synth_top/u_top/u_sha256/core/csa_tree_add_341_39_groupi_n_70'.
**WARN: Instance 'u_crypto_synth_top/u_top/u_sha256/core/csa_tree_add_341_39_groupi_g3413' has multiple input pins tied together to net 'u_crypto_synth_top/u_top/u_sha256/core/k_data[31]'.
**WARN: Instance 'u_crypto_synth_top/u_top/u_sha256/core/csa_tree_add_341_39_groupi_g3413' has multiple input pins tied together to net 'u_crypto_synth_top/u_top/u_sha256/core/csa_tree_add_341_39_groupi_n_65'.
**WARN: Instance 'u_crypto_synth_top/u_top/u_sha256/core/csa_tree_add_341_39_groupi_g3416' has multiple input pins tied together to net 'u_crypto_synth_top/u_top/u_sha256/core/csa_tree_add_341_39_groupi_n_64'.
**WARN: Instance 'u_crypto_synth_top/u_top/u_sha256/core/csa_tree_add_341_39_groupi_g3416' has multiple input pins tied together to net 'u_crypto_synth_top/u_top/u_sha256/core/csa_tree_add_341_39_groupi_n_4'.
**WARN: Instance 'u_crypto_synth_top/u_top/u_sha256/core/csa_tree_add_341_39_groupi_g3447' has multiple input pins tied together to net 'u_crypto_synth_top/u_top/u_sha256/core/csa_tree_add_341_39_groupi_n_1'.
**WARN: Instance 'u_crypto_synth_top/u_top/u_sha256/core/csa_tree_add_341_39_groupi_g3447' has multiple input pins tied together to net 'u_crypto_synth_top/u_top/u_sha256/core/n_1150'.
**WARN: Instance 'u_crypto_synth_top/u_top/u_sha256/core/csa_tree_add_341_39_groupi_g3449' has multiple input pins tied together to net 'u_crypto_synth_top/u_top/u_sha256/core/n_1182'.
**WARN: Instance 'u_crypto_synth_top/u_top/u_sha256/core/csa_tree_add_341_39_groupi_g3449' has multiple input pins tied together to net 'u_crypto_synth_top/u_top/u_sha256/core/csa_tree_add_341_39_groupi_n_0'.
**WARN: Instance 'u_crypto_synth_top/u_top/u_sha256/core/csa_tree_add_426_23_groupi_g1472' has multiple input pins tied together to net 'u_crypto_synth_top/u_top/u_sha256/core/csa_tree_add_426_23_groupi_n_125'.
**WARN: Instance 'u_crypto_synth_top/u_top/u_sha256/core/csa_tree_add_426_23_groupi_g1472' has multiple input pins tied together to net 'u_crypto_synth_top/u_top/u_sha256/core/csa_tree_add_426_23_groupi_n_57'.
**WARN: Instance 'u_crypto_synth_top/u_top/u_sha256/core/csa_tree_add_426_23_groupi_g1507' has multiple input pins tied together to net 'u_crypto_synth_top/u_top/u_sha256/core/csa_tree_add_426_23_groupi_n_4'.
**WARN: Instance 'u_crypto_synth_top/u_top/u_sha256/core/csa_tree_add_426_23_groupi_g1507' has multiple input pins tied together to net 'u_crypto_synth_top/u_top/u_sha256/core/csa_tree_add_426_23_groupi_n_52'.
**WARN: Instance 'u_crypto_synth_top/u_top/u_sha256/core/csa_tree_add_426_23_groupi_g1534' has multiple input pins tied together to net 'u_crypto_synth_top/u_top/u_sha256/core/n_1118'.
**WARN: Instance 'u_crypto_synth_top/u_top/u_sha256/core/csa_tree_add_426_23_groupi_g1534' has multiple input pins tied together to net 'u_crypto_synth_top/u_top/u_sha256/core/csa_tree_add_426_23_groupi_n_1'.
**WARN: Instance 'u_crypto_synth_top/u_top/u_sha256/core/csa_tree_add_426_23_groupi_g1536' has multiple input pins tied together to net 'u_crypto_synth_top/u_top/u_sha256/core/n_1086'.
**WARN: Instance 'u_crypto_synth_top/u_top/u_sha256/core/csa_tree_add_426_23_groupi_g1536' has multiple input pins tied together to net 'u_crypto_synth_top/u_top/u_sha256/core/csa_tree_add_426_23_groupi_n_0'.

------ Primitive Net DRC Check

WARNING : Net u_crypto_synth_top/u_top/u_sha256/FE_OFN139_PRESETn has no FanOut pin
WARNING : Net u_crypto_synth_top/u_top/u_sha256/FE_OFN141_PRESETn has no FanOut pin
WARNING : Net u_crypto_synth_top/u_top/u_rsa/core_inst/residue_inst/nn_reg[0] has no FanOut pin
WARNING : Net u_crypto_synth_top/u_top/u_rsa/core_inst/residue_inst/nn_reg[1] has no FanOut pin
WARNING : Net u_crypto_synth_top/u_top/u_rsa/core_inst/residue_inst/nn_reg[2] has no FanOut pin
WARNING : Net u_crypto_synth_top/u_top/u_rsa/core_inst/residue_inst/nn_reg[3] has no FanOut pin
WARNING : Net u_crypto_synth_top/u_top/u_rsa/core_inst/residue_inst/nn_reg[4] has no FanOut pin
WARNING : Net u_crypto_synth_top/u_top/u_rsa/core_inst/residue_inst/nn_reg[5] has no FanOut pin
WARNING : Net u_crypto_synth_top/u_top/u_rsa/core_inst/residue_inst/nn_reg[14] has no FanOut pin
WARNING : Net u_crypto_synth_top/u_top/u_rsa/core_inst/residue_inst/length_m1_new[0] has no FanOut pin
WARNING : Net u_crypto_synth_top/u_top/u_rsa/core_inst/residue_inst/length_m1_new[5] has no FanOut pin
WARNING : Net u_crypto_synth_top/u_top/u_rsa/core_inst/residue_inst/length_m1_new[6] has no FanOut pin
WARNING : Net u_crypto_synth_top/u_top/u_rsa/core_inst/residue_inst/length_m1_new[7] has no FanOut pin
WARNING : Net u_crypto_synth_top/u_top/u_rsa/core_inst/residue_inst/length_m1_reg[7] has no FanOut pin
WARNING : Net u_crypto_synth_top/u_top/u_rsa/core_inst/montprod_inst/UNCONNECTED_HIER_Z1 has no FanOut pin
WARNING : Net u_crypto_synth_top/u_top/u_rsa/core_inst/montprod_inst/UNCONNECTED_HIER_Z0 has no FanOut pin
WARNING : Net u_crypto_synth_top/u_top/u_rsa/core_inst/montprod_inst/UNCONNECTED_HIER_Z has no FanOut pin
WARNING : Net u_crypto_synth_top/u_top/u_rsa/core_inst/montprod_inst/loop_counter[5] has no FanOut pin
WARNING : Net u_crypto_synth_top/u_top/u_rsa/core_inst/montprod_inst/loop_counter[6] has no FanOut pin
WARNING : Net u_crypto_synth_top/u_top/u_rsa/core_inst/montprod_inst/loop_counter[7] has no FanOut pin
WARNING : Net u_crypto_synth_top/u_top/u_rsa/core_inst/montprod_inst/loop_counter[8] has no FanOut pin
WARNING : Net u_crypto_synth_top/u_top/u_rsa/core_inst/montprod_inst/loop_counter[9] has no FanOut pin
WARNING : Net u_crypto_synth_top/u_top/u_rsa/core_inst/montprod_inst/loop_counter[10] has no FanOut pin
WARNING : Net u_crypto_synth_top/u_top/u_rsa/core_inst/montprod_inst/loop_counter[11] has no FanOut pin
WARNING : Net u_crypto_synth_top/u_top/u_rsa/core_inst/montprod_inst/loop_counter[12] has no FanOut pin
WARNING : Net u_crypto_synth_top/u_top/u_rsa/core_inst/montprod_inst/word_index[0] has no FanOut pin
WARNING : Net u_crypto_synth_top/u_top/u_rsa/core_inst/montprod_inst/word_index[1] has no FanOut pin
WARNING : Net u_crypto_synth_top/u_top/u_rsa/core_inst/montprod_inst/word_index[2] has no FanOut pin
WARNING : Net u_crypto_synth_top/u_top/u_rsa/core_inst/montprod_inst/word_index[3] has no FanOut pin
WARNING : Net u_crypto_synth_top/u_top/u_rsa/core_inst/montprod_inst/word_index[4] has no FanOut pin
WARNING : Net u_crypto_synth_top/u_top/u_rsa/core_inst/montprod_inst/length_m1[0] has no FanOut pin
WARNING : Net u_crypto_synth_top/u_top/u_rsa/core_inst/UNCONNECTED_HIER_Z37 has no FanOut pin
WARNING : Net u_crypto_synth_top/u_top/u_rsa/core_inst/UNCONNECTED_HIER_Z36 has no FanOut pin
WARNING : Net u_crypto_synth_top/u_top/u_rsa/core_inst/UNCONNECTED_HIER_Z35 has no FanOut pin
WARNING : Net u_crypto_synth_top/u_top/u_rsa/core_inst/UNCONNECTED_HIER_Z34 has no FanOut pin
WARNING : Net u_crypto_synth_top/u_top/u_rsa/core_inst/UNCONNECTED_HIER_Z33 has no FanOut pin
WARNING : Net u_crypto_synth_top/u_top/u_rsa/core_inst/UNCONNECTED_HIER_Z32 has no FanOut pin
WARNING : Net u_crypto_synth_top/u_top/u_rsa/core_inst/UNCONNECTED_HIER_Z31 has no FanOut pin
WARNING : Net u_crypto_synth_top/u_top/u_rsa/core_inst/UNCONNECTED_HIER_Z30 has no FanOut pin
WARNING : Net u_crypto_synth_top/u_top/u_rsa/core_inst/UNCONNECTED_HIER_Z29 has no FanOut pin
WARNING : Net u_crypto_synth_top/u_top/u_rsa/core_inst/UNCONNECTED_HIER_Z28 has no FanOut pin
WARNING : Net u_crypto_synth_top/u_top/u_rsa/core_inst/UNCONNECTED_HIER_Z27 has no FanOut pin
WARNING : Net u_crypto_synth_top/u_top/u_rsa/core_inst/UNCONNECTED_HIER_Z26 has no FanOut pin
WARNING : Net u_crypto_synth_top/u_top/u_rsa/core_inst/UNCONNECTED_HIER_Z25 has no FanOut pin
WARNING : Net u_crypto_synth_top/u_top/u_rsa/core_inst/UNCONNECTED_HIER_Z24 has no FanOut pin
WARNING : Net u_crypto_synth_top/u_top/u_rsa/core_inst/UNCONNECTED_HIER_Z23 has no FanOut pin
WARNING : Net u_crypto_synth_top/u_top/u_rsa/core_inst/UNCONNECTED_HIER_Z22 has no FanOut pin
WARNING : Net u_crypto_synth_top/u_top/u_rsa/core_inst/UNCONNECTED_HIER_Z21 has no FanOut pin
WARNING : Net u_crypto_synth_top/u_top/u_rsa/core_inst/UNCONNECTED_HIER_Z20 has no FanOut pin
WARNING : Net u_crypto_synth_top/u_top/u_rsa/core_inst/UNCONNECTED_HIER_Z19 has no FanOut pin
WARNING : Net u_crypto_synth_top/u_top/u_rsa/core_inst/UNCONNECTED_HIER_Z18 has no FanOut pin
WARNING : Net u_crypto_synth_top/u_top/u_rsa/core_inst/UNCONNECTED_HIER_Z17 has no FanOut pin
WARNING : Net u_crypto_synth_top/u_top/u_rsa/core_inst/UNCONNECTED_HIER_Z16 has no FanOut pin
WARNING : Net u_crypto_synth_top/u_top/u_rsa/core_inst/UNCONNECTED_HIER_Z15 has no FanOut pin
WARNING : Net u_crypto_synth_top/u_top/u_rsa/core_inst/UNCONNECTED_HIER_Z14 has no FanOut pin
WARNING : Net u_crypto_synth_top/u_top/u_rsa/core_inst/UNCONNECTED_HIER_Z13 has no FanOut pin
WARNING : Net u_crypto_synth_top/u_top/u_rsa/core_inst/UNCONNECTED_HIER_Z12 has no FanOut pin
WARNING : Net u_crypto_synth_top/u_top/u_rsa/core_inst/UNCONNECTED_HIER_Z11 has no FanOut pin
WARNING : Net u_crypto_synth_top/u_top/u_rsa/core_inst/UNCONNECTED_HIER_Z10 has no FanOut pin
WARNING : Net u_crypto_synth_top/u_top/u_rsa/core_inst/UNCONNECTED_HIER_Z9 has no FanOut pin
WARNING : Net u_crypto_synth_top/u_top/u_rsa/core_inst/UNCONNECTED_HIER_Z8 has no FanOut pin
WARNING : Net u_crypto_synth_top/u_top/u_rsa/core_inst/UNCONNECTED_HIER_Z7 has no FanOut pin
WARNING : Net u_crypto_synth_top/u_top/u_rsa/core_inst/UNCONNECTED_HIER_Z6 has no FanOut pin
WARNING : Net u_crypto_synth_top/u_top/u_rsa/core_inst/UNCONNECTED_HIER_Z5 has no FanOut pin
WARNING : Net u_crypto_synth_top/u_top/u_rsa/core_inst/UNCONNECTED_HIER_Z4 has no FanOut pin
WARNING : Net u_crypto_synth_top/u_top/u_rsa/core_inst/UNCONNECTED_HIER_Z3 has no FanOut pin
WARNING : Net u_crypto_synth_top/u_top/u_rsa/core_inst/UNCONNECTED_HIER_Z2 has no FanOut pin
WARNING : Net u_crypto_synth_top/u_top/u_rsa/core_inst/UNCONNECTED5 has no FanOut pin
WARNING : Net u_crypto_synth_top/u_top/u_rsa/core_inst/UNCONNECTED4 has no FanOut pin
WARNING : Net u_crypto_synth_top/u_top/u_rsa/core_inst/UNCONNECTED3 has no FanOut pin
WARNING : Net u_crypto_synth_top/u_top/u_rsa/core_inst/UNCONNECTED2 has no FanOut pin
WARNING : Net u_crypto_synth_top/u_top/u_rsa/core_inst/UNCONNECTED1 has no FanOut pin
WARNING : Net u_crypto_synth_top/u_top/u_rsa/core_inst/UNCONNECTED0 has no FanOut pin
WARNING : Net u_crypto_synth_top/u_top/u_rsa/core_inst/b_one_reg[1] has no FanOut pin
WARNING : Net u_crypto_synth_top/u_top/u_rsa/core_inst/b_one_reg[2] has no FanOut pin
WARNING : Net u_crypto_synth_top/u_top/u_rsa/core_inst/b_one_reg[3] has no FanOut pin
WARNING : Net u_crypto_synth_top/u_top/u_rsa/core_inst/b_one_reg[4] has no FanOut pin
WARNING : Net u_crypto_synth_top/u_top/u_rsa/core_inst/b_one_reg[5] has no FanOut pin
WARNING : Net u_crypto_synth_top/u_top/u_rsa/core_inst/b_one_reg[6] has no FanOut pin
WARNING : Net u_crypto_synth_top/u_top/u_rsa/core_inst/b_one_reg[7] has no FanOut pin
WARNING : Net u_crypto_synth_top/u_top/u_rsa/core_inst/b_one_reg[8] has no FanOut pin
WARNING : Net u_crypto_synth_top/u_top/u_rsa/core_inst/b_one_reg[9] has no FanOut pin
WARNING : Net u_crypto_synth_top/u_top/u_rsa/core_inst/b_one_reg[10] has no FanOut pin
WARNING : Net u_crypto_synth_top/u_top/u_rsa/core_inst/b_one_reg[11] has no FanOut pin
WARNING : Net u_crypto_synth_top/u_top/u_rsa/core_inst/b_one_reg[12] has no FanOut pin
WARNING : Net u_crypto_synth_top/u_top/u_rsa/core_inst/b_one_reg[13] has no FanOut pin
WARNING : Net u_crypto_synth_top/u_top/u_rsa/core_inst/b_one_reg[14] has no FanOut pin
WARNING : Net u_crypto_synth_top/u_top/u_rsa/core_inst/b_one_reg[15] has no FanOut pin
WARNING : Net u_crypto_synth_top/u_top/u_rsa/core_inst/b_one_reg[16] has no FanOut pin
WARNING : Net u_crypto_synth_top/u_top/u_rsa/core_inst/b_one_reg[17] has no FanOut pin
WARNING : Net u_crypto_synth_top/u_top/u_rsa/core_inst/b_one_reg[18] has no FanOut pin
WARNING : Net u_crypto_synth_top/u_top/u_rsa/core_inst/b_one_reg[19] has no FanOut pin
WARNING : Net u_crypto_synth_top/u_top/u_rsa/core_inst/b_one_reg[20] has no FanOut pin
WARNING : Net u_crypto_synth_top/u_top/u_rsa/core_inst/b_one_reg[21] has no FanOut pin
WARNING : Net u_crypto_synth_top/u_top/u_rsa/core_inst/b_one_reg[22] has no FanOut pin
WARNING : Net u_crypto_synth_top/u_top/u_rsa/core_inst/b_one_reg[23] has no FanOut pin
WARNING : Net u_crypto_synth_top/u_top/u_rsa/core_inst/b_one_reg[24] has no FanOut pin
WARNING : Net u_crypto_synth_top/u_top/u_rsa/core_inst/b_one_reg[25] has no FanOut pin
WARNING : Net u_crypto_synth_top/u_top/u_rsa/core_inst/b_one_reg[26] has no FanOut pin
WARNING : Net u_crypto_synth_top/u_top/u_rsa/core_inst/b_one_reg[27] has no FanOut pin
WARNING : Net u_crypto_synth_top/u_top/u_rsa/core_inst/b_one_reg[28] has no FanOut pin
WARNING : Net u_crypto_synth_top/u_top/u_rsa/core_inst/b_one_reg[29] has no FanOut pin
WARNING : Net u_crypto_synth_top/u_top/u_rsa/core_inst/b_one_reg[30] has no FanOut pin
WARNING : Net u_crypto_synth_top/u_top/u_rsa/core_inst/b_one_reg[31] has no FanOut pin
WARNING : Net u_crypto_synth_top/u_top/u_rsa/core_inst/montprod_dest_reg[0] has no FanOut pin
WARNING : Net u_crypto_synth_top/u_top/u_rsa/core_inst/length_m1[0] has no FanOut pin
WARNING : Net u_crypto_synth_top/u_top/u_rsa/core_inst/length_m1[5] has no FanOut pin
WARNING : Net u_crypto_synth_top/u_top/u_rsa/core_inst/length_m1[7] has no FanOut pin
WARNING : Net u_crypto_synth_top/u_top/u_rsa/core_inst/residue_opm_addr[0] has no FanOut pin
WARNING : Net u_crypto_synth_top/u_top/u_rsa/core_inst/residue_opm_addr[1] has no FanOut pin
WARNING : Net u_crypto_synth_top/u_top/u_rsa/core_inst/residue_opm_addr[2] has no FanOut pin
WARNING : Net u_crypto_synth_top/u_top/u_rsa/core_inst/residue_opm_addr[3] has no FanOut pin
WARNING : Net u_crypto_synth_top/u_top/u_rsa/core_inst/residue_opm_addr[4] has no FanOut pin
WARNING : Net u_crypto_synth_top/u_top/u_rsa/core_inst/residue_opm_addr[5] has no FanOut pin
WARNING : Net u_crypto_synth_top/u_top/u_rsa/core_inst/residue_opm_addr[6] has no FanOut pin
WARNING : Net u_crypto_synth_top/u_top/u_rsa/core_inst/residue_opm_addr[7] has no FanOut pin
WARNING : Net u_crypto_synth_top/u_top/u_rsa/core_inst/residue_opa_rd_addr[5] has no FanOut pin
WARNING : Net u_crypto_synth_top/u_top/u_rsa/core_inst/residue_opa_rd_addr[6] has no FanOut pin
WARNING : Net u_crypto_synth_top/u_top/u_rsa/core_inst/residue_opa_rd_addr[7] has no FanOut pin
WARNING : Net u_crypto_synth_top/u_top/u_rsa/core_inst/montprod_result_data[1] has no FanOut pin
WARNING : Net u_crypto_synth_top/u_top/u_rsa/core_inst/montprod_result_data[2] has no FanOut pin
WARNING : Net u_crypto_synth_top/u_top/u_rsa/core_inst/montprod_result_data[3] has no FanOut pin
WARNING : Net u_crypto_synth_top/u_top/u_rsa/core_inst/montprod_result_data[4] has no FanOut pin
WARNING : Net u_crypto_synth_top/u_top/u_rsa/core_inst/montprod_result_data[5] has no FanOut pin
WARNING : Net u_crypto_synth_top/u_top/u_rsa/core_inst/montprod_result_data[6] has no FanOut pin
WARNING : Net u_crypto_synth_top/u_top/u_rsa/core_inst/montprod_result_data[7] has no FanOut pin
WARNING : Net u_crypto_synth_top/u_top/u_rsa/core_inst/montprod_result_data[8] has no FanOut pin
WARNING : Net u_crypto_synth_top/u_top/u_rsa/core_inst/montprod_result_data[9] has no FanOut pin
WARNING : Net u_crypto_synth_top/u_top/u_rsa/core_inst/montprod_result_data[10] has no FanOut pin
WARNING : Net u_crypto_synth_top/u_top/u_rsa/core_inst/montprod_result_data[11] has no FanOut pin
WARNING : Net u_crypto_synth_top/u_top/u_rsa/core_inst/montprod_result_data[12] has no FanOut pin
WARNING : Net u_crypto_synth_top/u_top/u_rsa/core_inst/montprod_result_data[13] has no FanOut pin
WARNING : Net u_crypto_synth_top/u_top/u_rsa/core_inst/montprod_result_data[14] has no FanOut pin
WARNING : Net u_crypto_synth_top/u_top/u_rsa/core_inst/montprod_result_data[15] has no FanOut pin
WARNING : Net u_crypto_synth_top/u_top/u_rsa/core_inst/montprod_result_data[16] has no FanOut pin
WARNING : Net u_crypto_synth_top/u_top/u_rsa/core_inst/montprod_result_data[17] has no FanOut pin
WARNING : Net u_crypto_synth_top/u_top/u_rsa/core_inst/montprod_result_data[18] has no FanOut pin
WARNING : Net u_crypto_synth_top/u_top/u_rsa/core_inst/montprod_result_data[19] has no FanOut pin
WARNING : Net u_crypto_synth_top/u_top/u_rsa/core_inst/montprod_result_data[20] has no FanOut pin
WARNING : Net u_crypto_synth_top/u_top/u_rsa/core_inst/montprod_result_data[21] has no FanOut pin
WARNING : Net u_crypto_synth_top/u_top/u_rsa/core_inst/montprod_result_data[22] has no FanOut pin
WARNING : Net u_crypto_synth_top/u_top/u_rsa/core_inst/montprod_result_data[23] has no FanOut pin
WARNING : Net u_crypto_synth_top/u_top/u_rsa/core_inst/montprod_result_data[24] has no FanOut pin
WARNING : Net u_crypto_synth_top/u_top/u_rsa/core_inst/montprod_result_data[25] has no FanOut pin
WARNING : Net u_crypto_synth_top/u_top/u_rsa/core_inst/montprod_result_data[26] has no FanOut pin
WARNING : Net u_crypto_synth_top/u_top/u_rsa/core_inst/montprod_result_data[27] has no FanOut pin
WARNING : Net u_crypto_synth_top/u_top/u_rsa/core_inst/montprod_result_data[28] has no FanOut pin
WARNING : Net u_crypto_synth_top/u_top/u_rsa/core_inst/montprod_result_data[29] has no FanOut pin
WARNING : Net u_crypto_synth_top/u_top/u_rsa/core_inst/montprod_result_data[30] has no FanOut pin
WARNING : Net u_crypto_synth_top/u_top/u_rsa/core_inst/montprod_result_data[31] has no FanOut pin
WARNING : Net u_crypto_synth_top/u_top/u_rsa/core_inst/p_mem_wr_data[0] has no FanOut pin
WARNING : Net u_crypto_synth_top/u_top/u_rsa/core_inst/p_mem_wr_data[15] has no FanOut pin
WARNING : Net u_crypto_synth_top/u_top/u_rsa/core_inst/p_mem_wr_data[30] has no FanOut pin
WARNING : Net u_crypto_synth_top/u_top/u_rsa/core_inst/montprod_result_addr[1] has no FanOut pin
WARNING : Net u_crypto_synth_top/u_top/u_rsa/core_inst/montprod_result_addr[2] has no FanOut pin
WARNING : Net u_crypto_synth_top/u_top/u_rsa/core_inst/montprod_result_addr[3] has no FanOut pin
WARNING : Net u_crypto_synth_top/u_top/u_rsa/core_inst/montprod_result_addr[4] has no FanOut pin
WARNING : Net u_crypto_synth_top/u_top/u_rsa/core_inst/montprod_result_addr[5] has no FanOut pin
WARNING : Net u_crypto_synth_top/u_top/u_rsa/core_inst/montprod_result_addr[6] has no FanOut pin
WARNING : Net u_crypto_synth_top/u_top/u_rsa/core_inst/montprod_result_addr[7] has no FanOut pin
WARNING : Net u_crypto_synth_top/u_top/u_rsa/core_inst/p_mem_wr_addr[0] has no FanOut pin
WARNING : Net u_crypto_synth_top/u_top/u_rsa/core_inst/montprod_opm_addr[5] has no FanOut pin
WARNING : Net u_crypto_synth_top/u_top/u_rsa/core_inst/montprod_opm_addr[6] has no FanOut pin
WARNING : Net u_crypto_synth_top/u_top/u_rsa/core_inst/montprod_opm_addr[7] has no FanOut pin
WARNING : Net u_crypto_synth_top/u_top/u_rsa/core_inst/modulus_mem_int_rd_addr[5] has no FanOut pin
WARNING : Net u_crypto_synth_top/u_top/u_rsa/core_inst/modulus_mem_int_rd_addr[6] has no FanOut pin
WARNING : Net u_crypto_synth_top/u_top/u_rsa/core_inst/modulus_mem_int_rd_addr[7] has no FanOut pin
WARNING : Net u_crypto_synth_top/u_top/u_rsa/core_inst/exponent_mem_int_rd_addr[5] has no FanOut pin
WARNING : Net u_crypto_synth_top/u_top/u_rsa/core_inst/exponent_mem_int_rd_addr[6] has no FanOut pin
WARNING : Net u_crypto_synth_top/u_top/u_rsa/core_inst/exponent_mem_int_rd_addr[7] has no FanOut pin
WARNING : Net u_crypto_synth_top/u_top/u_rsa/core_inst/FE_OFN83_PRESETn has no FanOut pin
WARNING : Net u_crypto_synth_top/u_top/u_rsa/core_inst/FE_OFN202_montprod_opa_addr_5 has no FanOut pin
WARNING : Net u_crypto_synth_top/u_top/u_rsa/core_inst/FE_OFN256_montprod_opa_addr_2 has no FanOut pin
WARNING : Net u_crypto_synth_top/u_top/u_rsa/core_inst/FE_OFN718_p_mem_wr_data_29 has no FanOut pin
WARNING : Net u_crypto_synth_top/u_top/u_rsa/core_inst/FE_OFN746_p_mem_wr_data_22 has no FanOut pin
WARNING : Net u_crypto_synth_top/u_top/u_rsa/core_inst/FE_OFN747_p_mem_wr_data_22 has no FanOut pin
WARNING : Net u_crypto_synth_top/u_top/u_rsa/core_inst/FE_OFN770_p_mem_wr_data_17 has no FanOut pin
WARNING : Net u_crypto_synth_top/u_top/u_rsa/core_inst/FE_OFN777_p_mem_wr_data_15 has no FanOut pin
WARNING : Net u_crypto_synth_top/u_top/u_rsa/core_inst/FE_OFN789_p_mem_wr_data_12 has no FanOut pin
WARNING : Net u_crypto_synth_top/u_top/u_rsa/core_inst/FE_OFN800_p_mem_wr_data_9 has no FanOut pin
WARNING : Net u_crypto_synth_top/u_top/u_rsa/core_inst/FE_OFN834_montprod_result_data_0 has no FanOut pin
WARNING : Net u_crypto_synth_top/u_top/u_rsa/core_inst/FE_OFN1105_FE_DBTN6_montprod_opa_addr_3 has no FanOut pin
WARNING : Net u_crypto_synth_top/u_top/u_rsa/core_inst/FE_OFN1106_FE_DBTN6_montprod_opa_addr_3 has no FanOut pin
WARNING : Net u_crypto_synth_top/u_top/u_rsa/core_inst/FE_OFN1112_FE_DBTN4_montprod_opb_addr_1 has no FanOut pin
WARNING : Net u_crypto_synth_top/u_top/u_rsa/UNCONNECTED_HIER_Z109 has no FanOut pin
WARNING : Net u_crypto_synth_top/u_top/u_rsa/UNCONNECTED_HIER_Z108 has no FanOut pin
WARNING : Net u_crypto_synth_top/u_top/u_rsa/UNCONNECTED_HIER_Z107 has no FanOut pin
WARNING : Net u_crypto_synth_top/u_top/u_rsa/UNCONNECTED_HIER_Z106 has no FanOut pin
WARNING : Net u_crypto_synth_top/u_top/u_rsa/UNCONNECTED_HIER_Z105 has no FanOut pin
WARNING : Net u_crypto_synth_top/u_top/u_rsa/UNCONNECTED_HIER_Z104 has no FanOut pin
WARNING : Net u_crypto_synth_top/u_top/u_rsa/UNCONNECTED_HIER_Z103 has no FanOut pin
WARNING : Net u_crypto_synth_top/u_top/u_rsa/UNCONNECTED_HIER_Z102 has no FanOut pin
WARNING : Net u_crypto_synth_top/u_top/u_rsa/UNCONNECTED_HIER_Z101 has no FanOut pin
WARNING : Net u_crypto_synth_top/u_top/u_rsa/UNCONNECTED_HIER_Z100 has no FanOut pin
WARNING : Net u_crypto_synth_top/u_top/u_rsa/UNCONNECTED_HIER_Z99 has no FanOut pin
WARNING : Net u_crypto_synth_top/u_top/u_rsa/UNCONNECTED_HIER_Z98 has no FanOut pin
WARNING : Net u_crypto_synth_top/u_top/u_rsa/UNCONNECTED_HIER_Z97 has no FanOut pin
WARNING : Net u_crypto_synth_top/u_top/u_rsa/UNCONNECTED_HIER_Z96 has no FanOut pin
WARNING : Net u_crypto_synth_top/u_top/u_rsa/UNCONNECTED_HIER_Z95 has no FanOut pin
WARNING : Net u_crypto_synth_top/u_top/u_rsa/UNCONNECTED_HIER_Z94 has no FanOut pin
WARNING : Net u_crypto_synth_top/u_top/u_rsa/UNCONNECTED_HIER_Z93 has no FanOut pin
WARNING : Net u_crypto_synth_top/u_top/u_rsa/UNCONNECTED_HIER_Z92 has no FanOut pin
WARNING : Net u_crypto_synth_top/u_top/u_rsa/UNCONNECTED_HIER_Z91 has no FanOut pin
WARNING : Net u_crypto_synth_top/u_top/u_rsa/UNCONNECTED_HIER_Z90 has no FanOut pin
WARNING : Net u_crypto_synth_top/u_top/u_rsa/UNCONNECTED_HIER_Z89 has no FanOut pin
WARNING : Net u_crypto_synth_top/u_top/u_rsa/UNCONNECTED_HIER_Z88 has no FanOut pin
WARNING : Net u_crypto_synth_top/u_top/u_rsa/UNCONNECTED_HIER_Z87 has no FanOut pin
WARNING : Net u_crypto_synth_top/u_top/u_rsa/UNCONNECTED_HIER_Z86 has no FanOut pin
WARNING : Net u_crypto_synth_top/u_top/u_rsa/UNCONNECTED_HIER_Z85 has no FanOut pin
WARNING : Net u_crypto_synth_top/u_top/u_rsa/UNCONNECTED_HIER_Z84 has no FanOut pin
WARNING : Net u_crypto_synth_top/u_top/u_rsa/UNCONNECTED_HIER_Z83 has no FanOut pin
WARNING : Net u_crypto_synth_top/u_top/u_rsa/UNCONNECTED_HIER_Z82 has no FanOut pin
WARNING : Net u_crypto_synth_top/u_top/u_rsa/UNCONNECTED_HIER_Z81 has no FanOut pin
WARNING : Net u_crypto_synth_top/u_top/u_rsa/UNCONNECTED_HIER_Z80 has no FanOut pin
WARNING : Net u_crypto_synth_top/u_top/u_rsa/UNCONNECTED_HIER_Z79 has no FanOut pin
WARNING : Net u_crypto_synth_top/u_top/u_rsa/UNCONNECTED_HIER_Z78 has no FanOut pin
WARNING : Net u_crypto_synth_top/u_top/u_rsa/UNCONNECTED_HIER_Z77 has no FanOut pin
WARNING : Net u_crypto_synth_top/u_top/u_rsa/UNCONNECTED_HIER_Z76 has no FanOut pin
WARNING : Net u_crypto_synth_top/u_top/u_rsa/UNCONNECTED_HIER_Z75 has no FanOut pin
WARNING : Net u_crypto_synth_top/u_top/u_rsa/UNCONNECTED_HIER_Z74 has no FanOut pin
WARNING : Net u_crypto_synth_top/u_top/u_rsa/UNCONNECTED_HIER_Z73 has no FanOut pin
WARNING : Net u_crypto_synth_top/u_top/u_rsa/UNCONNECTED_HIER_Z72 has no FanOut pin
WARNING : Net u_crypto_synth_top/u_top/u_rsa/UNCONNECTED_HIER_Z71 has no FanOut pin
WARNING : Net u_crypto_synth_top/u_top/u_rsa/UNCONNECTED_HIER_Z70 has no FanOut pin
WARNING : Net u_crypto_synth_top/u_top/u_rsa/UNCONNECTED_HIER_Z69 has no FanOut pin
WARNING : Net u_crypto_synth_top/u_top/u_rsa/UNCONNECTED_HIER_Z68 has no FanOut pin
WARNING : Net u_crypto_synth_top/u_top/u_rsa/UNCONNECTED_HIER_Z67 has no FanOut pin
WARNING : Net u_crypto_synth_top/u_top/u_rsa/UNCONNECTED_HIER_Z66 has no FanOut pin
WARNING : Net u_crypto_synth_top/u_top/u_rsa/UNCONNECTED_HIER_Z65 has no FanOut pin
WARNING : Net u_crypto_synth_top/u_top/u_rsa/UNCONNECTED_HIER_Z64 has no FanOut pin
WARNING : Net u_crypto_synth_top/u_top/u_rsa/UNCONNECTED_HIER_Z63 has no FanOut pin
WARNING : Net u_crypto_synth_top/u_top/u_rsa/UNCONNECTED_HIER_Z62 has no FanOut pin
WARNING : Net u_crypto_synth_top/u_top/u_rsa/UNCONNECTED_HIER_Z61 has no FanOut pin
WARNING : Net u_crypto_synth_top/u_top/u_rsa/UNCONNECTED_HIER_Z60 has no FanOut pin
WARNING : Net u_crypto_synth_top/u_top/u_rsa/UNCONNECTED_HIER_Z59 has no FanOut pin
WARNING : Net u_crypto_synth_top/u_top/u_rsa/UNCONNECTED_HIER_Z58 has no FanOut pin
WARNING : Net u_crypto_synth_top/u_top/u_rsa/UNCONNECTED_HIER_Z57 has no FanOut pin
WARNING : Net u_crypto_synth_top/u_top/u_rsa/UNCONNECTED_HIER_Z56 has no FanOut pin
WARNING : Net u_crypto_synth_top/u_top/u_rsa/UNCONNECTED_HIER_Z55 has no FanOut pin
WARNING : Net u_crypto_synth_top/u_top/u_rsa/UNCONNECTED_HIER_Z54 has no FanOut pin
WARNING : Net u_crypto_synth_top/u_top/u_rsa/UNCONNECTED_HIER_Z53 has no FanOut pin
WARNING : Net u_crypto_synth_top/u_top/u_rsa/UNCONNECTED_HIER_Z52 has no FanOut pin
WARNING : Net u_crypto_synth_top/u_top/u_rsa/UNCONNECTED_HIER_Z51 has no FanOut pin
WARNING : Net u_crypto_synth_top/u_top/u_rsa/UNCONNECTED_HIER_Z50 has no FanOut pin
WARNING : Net u_crypto_synth_top/u_top/u_rsa/UNCONNECTED_HIER_Z49 has no FanOut pin
WARNING : Net u_crypto_synth_top/u_top/u_rsa/UNCONNECTED_HIER_Z48 has no FanOut pin
WARNING : Net u_crypto_synth_top/u_top/u_rsa/UNCONNECTED_HIER_Z47 has no FanOut pin
WARNING : Net u_crypto_synth_top/u_top/u_rsa/UNCONNECTED_HIER_Z46 has no FanOut pin
WARNING : Net u_crypto_synth_top/u_top/u_rsa/UNCONNECTED_HIER_Z45 has no FanOut pin
WARNING : Net u_crypto_synth_top/u_top/u_rsa/UNCONNECTED_HIER_Z44 has no FanOut pin
WARNING : Net u_crypto_synth_top/u_top/u_rsa/UNCONNECTED_HIER_Z43 has no FanOut pin
WARNING : Net u_crypto_synth_top/u_top/u_rsa/UNCONNECTED_HIER_Z42 has no FanOut pin
WARNING : Net u_crypto_synth_top/u_top/u_rsa/UNCONNECTED_HIER_Z41 has no FanOut pin
WARNING : Net u_crypto_synth_top/u_top/u_rsa/UNCONNECTED_HIER_Z40 has no FanOut pin
WARNING : Net u_crypto_synth_top/u_top/u_rsa/UNCONNECTED_HIER_Z39 has no FanOut pin
WARNING : Net u_crypto_synth_top/u_top/u_rsa/UNCONNECTED_HIER_Z38 has no FanOut pin
WARNING : Net u_crypto_synth_top/u_top/u_rsa/FE_OFN84_PRESETn has no FanOut pin
WARNING : Net u_crypto_synth_top/u_top/u_rsa/FE_OFN605_PWDATA_INT_7 has no FanOut pin
WARNING : Net u_crypto_synth_top/u_top/u_rsa/FE_OFN609_PWDATA_INT_5 has no FanOut pin
WARNING : Net u_crypto_synth_top/u_top/u_aes/core/keymem/prev_key1_reg[0] has no FanOut pin
WARNING : Net u_crypto_synth_top/u_top/u_aes/core/keymem/prev_key1_reg[1] has no FanOut pin
WARNING : Net u_crypto_synth_top/u_top/u_aes/core/keymem/prev_key1_reg[2] has no FanOut pin
WARNING : Net u_crypto_synth_top/u_top/u_aes/core/keymem/prev_key1_reg[3] has no FanOut pin
WARNING : Net u_crypto_synth_top/u_top/u_aes/core/keymem/prev_key1_reg[4] has no FanOut pin
WARNING : Net u_crypto_synth_top/u_top/u_aes/core/keymem/prev_key1_reg[5] has no FanOut pin
WARNING : Net u_crypto_synth_top/u_top/u_aes/core/keymem/prev_key1_reg[6] has no FanOut pin
WARNING : Net u_crypto_synth_top/u_top/u_aes/core/keymem/prev_key1_reg[7] has no FanOut pin
WARNING : Net u_crypto_synth_top/u_top/u_aes/core/keymem/prev_key1_reg[8] has no FanOut pin
WARNING : Net u_crypto_synth_top/u_top/u_aes/core/keymem/prev_key1_reg[9] has no FanOut pin
WARNING : Net u_crypto_synth_top/u_top/u_aes/core/keymem/prev_key1_reg[10] has no FanOut pin
WARNING : Net u_crypto_synth_top/u_top/u_aes/core/keymem/prev_key1_reg[11] has no FanOut pin
WARNING : Net u_crypto_synth_top/u_top/u_aes/core/keymem/prev_key1_reg[12] has no FanOut pin
WARNING : Net u_crypto_synth_top/u_top/u_aes/core/keymem/prev_key1_reg[13] has no FanOut pin
WARNING : Net u_crypto_synth_top/u_top/u_aes/core/keymem/prev_key1_reg[14] has no FanOut pin
WARNING : Net u_crypto_synth_top/u_top/u_aes/core/keymem/prev_key1_reg[15] has no FanOut pin
WARNING : Net u_crypto_synth_top/u_top/u_aes/core/keymem/prev_key1_reg[16] has no FanOut pin
WARNING : Net u_crypto_synth_top/u_top/u_aes/core/keymem/prev_key1_reg[17] has no FanOut pin
WARNING : Net u_crypto_synth_top/u_top/u_aes/core/keymem/prev_key1_reg[18] has no FanOut pin
WARNING : Net u_crypto_synth_top/u_top/u_aes/core/keymem/prev_key1_reg[19] has no FanOut pin
WARNING : Net u_crypto_synth_top/u_top/u_aes/core/keymem/prev_key1_reg[20] has no FanOut pin
WARNING : Net u_crypto_synth_top/u_top/u_aes/core/keymem/prev_key1_reg[21] has no FanOut pin
WARNING : Net u_crypto_synth_top/u_top/u_aes/core/keymem/prev_key1_reg[22] has no FanOut pin
WARNING : Net u_crypto_synth_top/u_top/u_aes/core/keymem/prev_key1_reg[23] has no FanOut pin
WARNING : Net u_crypto_synth_top/u_top/u_aes/core/keymem/prev_key1_reg[24] has no FanOut pin
WARNING : Net u_crypto_synth_top/u_top/u_aes/core/keymem/prev_key1_reg[25] has no FanOut pin
WARNING : Net u_crypto_synth_top/u_top/u_aes/core/keymem/prev_key1_reg[26] has no FanOut pin
WARNING : Net u_crypto_synth_top/u_top/u_aes/core/keymem/prev_key1_reg[27] has no FanOut pin
WARNING : Net u_crypto_synth_top/u_top/u_aes/core/keymem/prev_key1_reg[28] has no FanOut pin
WARNING : Net u_crypto_synth_top/u_top/u_aes/core/keymem/prev_key1_reg[29] has no FanOut pin
WARNING : Net u_crypto_synth_top/u_top/u_aes/core/keymem/prev_key1_reg[30] has no FanOut pin
WARNING : Net u_crypto_synth_top/u_top/u_aes/core/keymem/prev_key1_reg[31] has no FanOut pin
WARNING : Net u_crypto_synth_top/u_top/u_aes/core/keymem/prev_key0_reg[64] has no FanOut pin
WARNING : Net u_crypto_synth_top/u_top/u_aes/core/keymem/prev_key0_reg[65] has no FanOut pin
WARNING : Net u_crypto_synth_top/u_top/u_aes/core/keymem/prev_key0_reg[66] has no FanOut pin
WARNING : Net u_crypto_synth_top/u_top/u_aes/core/keymem/prev_key0_reg[67] has no FanOut pin
WARNING : Net u_crypto_synth_top/u_top/u_aes/core/keymem/prev_key0_reg[68] has no FanOut pin
WARNING : Net u_crypto_synth_top/u_top/u_aes/core/keymem/prev_key0_reg[69] has no FanOut pin
WARNING : Net u_crypto_synth_top/u_top/u_aes/core/keymem/prev_key0_reg[70] has no FanOut pin
WARNING : Net u_crypto_synth_top/u_top/u_aes/core/keymem/prev_key0_reg[71] has no FanOut pin
WARNING : Net u_crypto_synth_top/u_top/u_aes/core/keymem/prev_key0_reg[72] has no FanOut pin
WARNING : Net u_crypto_synth_top/u_top/u_aes/core/keymem/prev_key0_reg[73] has no FanOut pin
WARNING : Net u_crypto_synth_top/u_top/u_aes/core/keymem/prev_key0_reg[74] has no FanOut pin
WARNING : Net u_crypto_synth_top/u_top/u_aes/core/keymem/prev_key0_reg[75] has no FanOut pin
WARNING : Net u_crypto_synth_top/u_top/u_aes/core/keymem/prev_key0_reg[76] has no FanOut pin
WARNING : Net u_crypto_synth_top/u_top/u_aes/core/keymem/prev_key0_reg[77] has no FanOut pin
WARNING : Net u_crypto_synth_top/u_top/u_aes/core/keymem/prev_key0_reg[78] has no FanOut pin
WARNING : Net u_crypto_synth_top/u_top/u_aes/core/keymem/prev_key0_reg[79] has no FanOut pin
WARNING : Net u_crypto_synth_top/u_top/u_aes/core/keymem/prev_key0_reg[80] has no FanOut pin
WARNING : Net u_crypto_synth_top/u_top/u_aes/core/keymem/prev_key0_reg[81] has no FanOut pin
WARNING : Net u_crypto_synth_top/u_top/u_aes/core/keymem/prev_key0_reg[82] has no FanOut pin
WARNING : Net u_crypto_synth_top/u_top/u_aes/core/keymem/prev_key0_reg[83] has no FanOut pin
WARNING : Net u_crypto_synth_top/u_top/u_aes/core/keymem/prev_key0_reg[84] has no FanOut pin
WARNING : Net u_crypto_synth_top/u_top/u_aes/core/keymem/prev_key0_reg[85] has no FanOut pin
WARNING : Net u_crypto_synth_top/u_top/u_aes/core/keymem/prev_key0_reg[86] has no FanOut pin
WARNING : Net u_crypto_synth_top/u_top/u_aes/core/keymem/prev_key0_reg[87] has no FanOut pin
WARNING : Net u_crypto_synth_top/u_top/u_aes/core/keymem/prev_key0_reg[88] has no FanOut pin
WARNING : Net u_crypto_synth_top/u_top/u_aes/core/keymem/prev_key0_reg[89] has no FanOut pin
WARNING : Net u_crypto_synth_top/u_top/u_aes/core/keymem/prev_key0_reg[90] has no FanOut pin
WARNING : Net u_crypto_synth_top/u_top/u_aes/core/keymem/prev_key0_reg[91] has no FanOut pin
WARNING : Net u_crypto_synth_top/u_top/u_aes/core/keymem/prev_key0_reg[92] has no FanOut pin
WARNING : Net u_crypto_synth_top/u_top/u_aes/core/keymem/prev_key0_reg[93] has no FanOut pin
WARNING : Net u_crypto_synth_top/u_top/u_aes/core/keymem/prev_key0_reg[94] has no FanOut pin
WARNING : Net u_crypto_synth_top/u_top/u_aes/core/keymem/key_mem_ctrl_reg[2] has no FanOut pin
WARNING : Net u_crypto_synth_top/u_top/u_aes/core/UNCONNECTED has no FanOut pin
WARNING : Net u_crypto_synth_top/u_top/u_aes/core/FE_OFN110_PRESETn has no FanOut pin
WARNING : Net u_crypto_synth_top/u_top/u_aes/FE_OFN103_PRESETn has no FanOut pin
WARNING : Net u_crypto_synth_top/u_top/u_aes/FE_OFN106_PRESETn has no FanOut pin
WARNING : Net u_crypto_synth_top/u_top/u_aes/FE_OFN109_PRESETn has no FanOut pin
WARNING : Net u_crypto_synth_top/u_top/u_aes/FE_OFN169_PRESETn has no FanOut pin
WARNING : Net u_crypto_synth_top/u_top/u_aes/FE_OFN178_PRESETn has no FanOut pin
WARNING : Net u_crypto_synth_top/u_top/UNCONNECTED_HIER_Z414 has no FanOut pin
WARNING : Net u_crypto_synth_top/u_top/UNCONNECTED_HIER_Z413 has no FanOut pin
WARNING : Net u_crypto_synth_top/u_top/UNCONNECTED_HIER_Z412 has no FanOut pin
WARNING : Net u_crypto_synth_top/u_top/UNCONNECTED_HIER_Z411 has no FanOut pin
WARNING : Net u_crypto_synth_top/u_top/UNCONNECTED_HIER_Z410 has no FanOut pin
WARNING : Net u_crypto_synth_top/u_top/UNCONNECTED_HIER_Z409 has no FanOut pin
WARNING : Net u_crypto_synth_top/u_top/UNCONNECTED_HIER_Z408 has no FanOut pin
WARNING : Net u_crypto_synth_top/u_top/UNCONNECTED_HIER_Z407 has no FanOut pin
WARNING : Net u_crypto_synth_top/u_top/UNCONNECTED_HIER_Z406 has no FanOut pin
WARNING : Net u_crypto_synth_top/u_top/UNCONNECTED_HIER_Z405 has no FanOut pin
WARNING : Net u_crypto_synth_top/u_top/UNCONNECTED_HIER_Z404 has no FanOut pin
WARNING : Net u_crypto_synth_top/u_top/UNCONNECTED_HIER_Z403 has no FanOut pin
WARNING : Net u_crypto_synth_top/u_top/UNCONNECTED_HIER_Z402 has no FanOut pin
WARNING : Net u_crypto_synth_top/u_top/UNCONNECTED_HIER_Z401 has no FanOut pin
WARNING : Net u_crypto_synth_top/u_top/UNCONNECTED_HIER_Z400 has no FanOut pin
WARNING : Net u_crypto_synth_top/u_top/UNCONNECTED_HIER_Z399 has no FanOut pin
WARNING : Net u_crypto_synth_top/u_top/UNCONNECTED_HIER_Z398 has no FanOut pin
WARNING : Net u_crypto_synth_top/u_top/UNCONNECTED_HIER_Z397 has no FanOut pin
WARNING : Net u_crypto_synth_top/u_top/UNCONNECTED_HIER_Z396 has no FanOut pin
WARNING : Net u_crypto_synth_top/u_top/UNCONNECTED_HIER_Z395 has no FanOut pin
WARNING : Net u_crypto_synth_top/u_top/UNCONNECTED_HIER_Z394 has no FanOut pin
WARNING : Net u_crypto_synth_top/u_top/UNCONNECTED_HIER_Z393 has no FanOut pin
WARNING : Net u_crypto_synth_top/u_top/UNCONNECTED_HIER_Z392 has no FanOut pin
WARNING : Net u_crypto_synth_top/u_top/UNCONNECTED_HIER_Z391 has no FanOut pin
WARNING : Net u_crypto_synth_top/u_top/UNCONNECTED_HIER_Z390 has no FanOut pin
WARNING : Net u_crypto_synth_top/u_top/UNCONNECTED_HIER_Z389 has no FanOut pin
WARNING : Net u_crypto_synth_top/u_top/UNCONNECTED_HIER_Z388 has no FanOut pin
WARNING : Net u_crypto_synth_top/u_top/UNCONNECTED_HIER_Z387 has no FanOut pin
WARNING : Net u_crypto_synth_top/u_top/UNCONNECTED_HIER_Z386 has no FanOut pin
WARNING : Net u_crypto_synth_top/u_top/UNCONNECTED_HIER_Z385 has no FanOut pin
WARNING : Net u_crypto_synth_top/u_top/UNCONNECTED_HIER_Z384 has no FanOut pin
WARNING : Net u_crypto_synth_top/u_top/UNCONNECTED_HIER_Z383 has no FanOut pin
WARNING : Net u_crypto_synth_top/u_top/UNCONNECTED_HIER_Z382 has no FanOut pin
WARNING : Net u_crypto_synth_top/u_top/UNCONNECTED_HIER_Z381 has no FanOut pin
WARNING : Net u_crypto_synth_top/u_top/UNCONNECTED_HIER_Z380 has no FanOut pin
WARNING : Net u_crypto_synth_top/u_top/UNCONNECTED_HIER_Z379 has no FanOut pin
WARNING : Net u_crypto_synth_top/u_top/UNCONNECTED_HIER_Z378 has no FanOut pin
WARNING : Net u_crypto_synth_top/u_top/UNCONNECTED_HIER_Z377 has no FanOut pin
WARNING : Net u_crypto_synth_top/u_top/UNCONNECTED_HIER_Z376 has no FanOut pin
WARNING : Net u_crypto_synth_top/u_top/UNCONNECTED_HIER_Z375 has no FanOut pin
WARNING : Net u_crypto_synth_top/u_top/UNCONNECTED_HIER_Z374 has no FanOut pin
WARNING : Net u_crypto_synth_top/u_top/UNCONNECTED_HIER_Z373 has no FanOut pin
WARNING : Net u_crypto_synth_top/u_top/UNCONNECTED_HIER_Z372 has no FanOut pin
WARNING : Net u_crypto_synth_top/u_top/UNCONNECTED_HIER_Z371 has no FanOut pin
WARNING : Net u_crypto_synth_top/u_top/UNCONNECTED_HIER_Z370 has no FanOut pin
WARNING : Net u_crypto_synth_top/u_top/UNCONNECTED_HIER_Z369 has no FanOut pin
WARNING : Net u_crypto_synth_top/u_top/UNCONNECTED_HIER_Z368 has no FanOut pin
WARNING : Net u_crypto_synth_top/u_top/UNCONNECTED_HIER_Z367 has no FanOut pin
WARNING : Net u_crypto_synth_top/u_top/UNCONNECTED_HIER_Z366 has no FanOut pin
WARNING : Net u_crypto_synth_top/u_top/UNCONNECTED_HIER_Z365 has no FanOut pin
WARNING : Net u_crypto_synth_top/u_top/UNCONNECTED_HIER_Z364 has no FanOut pin
WARNING : Net u_crypto_synth_top/u_top/UNCONNECTED_HIER_Z363 has no FanOut pin
WARNING : Net u_crypto_synth_top/u_top/UNCONNECTED_HIER_Z362 has no FanOut pin
WARNING : Net u_crypto_synth_top/u_top/UNCONNECTED_HIER_Z361 has no FanOut pin
WARNING : Net u_crypto_synth_top/u_top/UNCONNECTED_HIER_Z360 has no FanOut pin
WARNING : Net u_crypto_synth_top/u_top/UNCONNECTED_HIER_Z359 has no FanOut pin
WARNING : Net u_crypto_synth_top/u_top/UNCONNECTED_HIER_Z358 has no FanOut pin
WARNING : Net u_crypto_synth_top/u_top/UNCONNECTED_HIER_Z357 has no FanOut pin
WARNING : Net u_crypto_synth_top/u_top/UNCONNECTED_HIER_Z356 has no FanOut pin
WARNING : Net u_crypto_synth_top/u_top/UNCONNECTED_HIER_Z355 has no FanOut pin
WARNING : Net u_crypto_synth_top/u_top/UNCONNECTED_HIER_Z354 has no FanOut pin
WARNING : Net u_crypto_synth_top/u_top/UNCONNECTED_HIER_Z353 has no FanOut pin
WARNING : Net u_crypto_synth_top/u_top/UNCONNECTED_HIER_Z352 has no FanOut pin
WARNING : Net u_crypto_synth_top/u_top/UNCONNECTED_HIER_Z351 has no FanOut pin
WARNING : Net u_crypto_synth_top/u_top/UNCONNECTED_HIER_Z350 has no FanOut pin
WARNING : Net u_crypto_synth_top/u_top/UNCONNECTED_HIER_Z349 has no FanOut pin
WARNING : Net u_crypto_synth_top/u_top/UNCONNECTED_HIER_Z348 has no FanOut pin
WARNING : Net u_crypto_synth_top/u_top/UNCONNECTED_HIER_Z347 has no FanOut pin
WARNING : Net u_crypto_synth_top/u_top/UNCONNECTED_HIER_Z346 has no FanOut pin
WARNING : Net u_crypto_synth_top/u_top/UNCONNECTED_HIER_Z345 has no FanOut pin
WARNING : Net u_crypto_synth_top/u_top/UNCONNECTED_HIER_Z344 has no FanOut pin
WARNING : Net u_crypto_synth_top/u_top/UNCONNECTED_HIER_Z343 has no FanOut pin
WARNING : Net u_crypto_synth_top/u_top/UNCONNECTED_HIER_Z342 has no FanOut pin
WARNING : Net u_crypto_synth_top/u_top/UNCONNECTED_HIER_Z341 has no FanOut pin
WARNING : Net u_crypto_synth_top/u_top/UNCONNECTED_HIER_Z340 has no FanOut pin
WARNING : Net u_crypto_synth_top/u_top/UNCONNECTED_HIER_Z339 has no FanOut pin
WARNING : Net u_crypto_synth_top/u_top/UNCONNECTED_HIER_Z338 has no FanOut pin
WARNING : Net u_crypto_synth_top/u_top/UNCONNECTED_HIER_Z337 has no FanOut pin
WARNING : Net u_crypto_synth_top/u_top/UNCONNECTED_HIER_Z336 has no FanOut pin
WARNING : Net u_crypto_synth_top/u_top/UNCONNECTED_HIER_Z335 has no FanOut pin
WARNING : Net u_crypto_synth_top/u_top/UNCONNECTED_HIER_Z334 has no FanOut pin
WARNING : Net u_crypto_synth_top/u_top/UNCONNECTED_HIER_Z333 has no FanOut pin
WARNING : Net u_crypto_synth_top/u_top/UNCONNECTED_HIER_Z332 has no FanOut pin
WARNING : Net u_crypto_synth_top/u_top/UNCONNECTED_HIER_Z331 has no FanOut pin
WARNING : Net u_crypto_synth_top/u_top/UNCONNECTED_HIER_Z330 has no FanOut pin
WARNING : Net u_crypto_synth_top/u_top/UNCONNECTED_HIER_Z329 has no FanOut pin
WARNING : Net u_crypto_synth_top/u_top/UNCONNECTED_HIER_Z328 has no FanOut pin
WARNING : Net u_crypto_synth_top/u_top/UNCONNECTED_HIER_Z327 has no FanOut pin
WARNING : Net u_crypto_synth_top/u_top/UNCONNECTED_HIER_Z326 has no FanOut pin
WARNING : Net u_crypto_synth_top/u_top/UNCONNECTED_HIER_Z325 has no FanOut pin
WARNING : Net u_crypto_synth_top/u_top/UNCONNECTED_HIER_Z324 has no FanOut pin
WARNING : Net u_crypto_synth_top/u_top/UNCONNECTED_HIER_Z323 has no FanOut pin
WARNING : Net u_crypto_synth_top/u_top/UNCONNECTED_HIER_Z322 has no FanOut pin
WARNING : Net u_crypto_synth_top/u_top/UNCONNECTED_HIER_Z321 has no FanOut pin
WARNING : Net u_crypto_synth_top/u_top/UNCONNECTED_HIER_Z320 has no FanOut pin
WARNING : Net u_crypto_synth_top/u_top/UNCONNECTED_HIER_Z319 has no FanOut pin
WARNING : Net u_crypto_synth_top/u_top/UNCONNECTED_HIER_Z318 has no FanOut pin
WARNING : Net u_crypto_synth_top/u_top/UNCONNECTED_HIER_Z317 has no FanOut pin
WARNING : Net u_crypto_synth_top/u_top/UNCONNECTED_HIER_Z316 has no FanOut pin
WARNING : Net u_crypto_synth_top/u_top/UNCONNECTED_HIER_Z315 has no FanOut pin
WARNING : Net u_crypto_synth_top/u_top/UNCONNECTED_HIER_Z314 has no FanOut pin
WARNING : Net u_crypto_synth_top/u_top/UNCONNECTED_HIER_Z313 has no FanOut pin
WARNING : Net u_crypto_synth_top/u_top/UNCONNECTED_HIER_Z312 has no FanOut pin
WARNING : Net u_crypto_synth_top/u_top/UNCONNECTED_HIER_Z311 has no FanOut pin
WARNING : Net u_crypto_synth_top/u_top/UNCONNECTED_HIER_Z310 has no FanOut pin
WARNING : Net u_crypto_synth_top/u_top/UNCONNECTED_HIER_Z309 has no FanOut pin
WARNING : Net u_crypto_synth_top/u_top/UNCONNECTED_HIER_Z308 has no FanOut pin
WARNING : Net u_crypto_synth_top/u_top/UNCONNECTED_HIER_Z307 has no FanOut pin
WARNING : Net u_crypto_synth_top/u_top/UNCONNECTED_HIER_Z306 has no FanOut pin
WARNING : Net u_crypto_synth_top/u_top/UNCONNECTED_HIER_Z305 has no FanOut pin
WARNING : Net u_crypto_synth_top/u_top/UNCONNECTED_HIER_Z304 has no FanOut pin
WARNING : Net u_crypto_synth_top/u_top/UNCONNECTED_HIER_Z303 has no FanOut pin
WARNING : Net u_crypto_synth_top/u_top/UNCONNECTED_HIER_Z302 has no FanOut pin
WARNING : Net u_crypto_synth_top/u_top/UNCONNECTED_HIER_Z301 has no FanOut pin
WARNING : Net u_crypto_synth_top/u_top/UNCONNECTED_HIER_Z300 has no FanOut pin
WARNING : Net u_crypto_synth_top/u_top/UNCONNECTED_HIER_Z299 has no FanOut pin
WARNING : Net u_crypto_synth_top/u_top/UNCONNECTED_HIER_Z298 has no FanOut pin
WARNING : Net u_crypto_synth_top/u_top/UNCONNECTED_HIER_Z297 has no FanOut pin
WARNING : Net u_crypto_synth_top/u_top/UNCONNECTED_HIER_Z296 has no FanOut pin
WARNING : Net u_crypto_synth_top/u_top/UNCONNECTED_HIER_Z295 has no FanOut pin
WARNING : Net u_crypto_synth_top/u_top/UNCONNECTED_HIER_Z294 has no FanOut pin
WARNING : Net u_crypto_synth_top/u_top/UNCONNECTED_HIER_Z293 has no FanOut pin
WARNING : Net u_crypto_synth_top/u_top/UNCONNECTED_HIER_Z292 has no FanOut pin
WARNING : Net u_crypto_synth_top/u_top/UNCONNECTED_HIER_Z291 has no FanOut pin
WARNING : Net u_crypto_synth_top/u_top/UNCONNECTED_HIER_Z290 has no FanOut pin
WARNING : Net u_crypto_synth_top/u_top/UNCONNECTED_HIER_Z289 has no FanOut pin
WARNING : Net u_crypto_synth_top/u_top/UNCONNECTED_HIER_Z288 has no FanOut pin
WARNING : Net u_crypto_synth_top/u_top/UNCONNECTED_HIER_Z287 has no FanOut pin
WARNING : Net u_crypto_synth_top/u_top/UNCONNECTED_HIER_Z286 has no FanOut pin
WARNING : Net u_crypto_synth_top/u_top/UNCONNECTED_HIER_Z285 has no FanOut pin
WARNING : Net u_crypto_synth_top/u_top/UNCONNECTED_HIER_Z284 has no FanOut pin
WARNING : Net u_crypto_synth_top/u_top/UNCONNECTED_HIER_Z283 has no FanOut pin
WARNING : Net u_crypto_synth_top/u_top/UNCONNECTED_HIER_Z282 has no FanOut pin
WARNING : Net u_crypto_synth_top/u_top/UNCONNECTED_HIER_Z281 has no FanOut pin
WARNING : Net u_crypto_synth_top/u_top/UNCONNECTED_HIER_Z280 has no FanOut pin
WARNING : Net u_crypto_synth_top/u_top/UNCONNECTED_HIER_Z279 has no FanOut pin
WARNING : Net u_crypto_synth_top/u_top/UNCONNECTED_HIER_Z278 has no FanOut pin
WARNING : Net u_crypto_synth_top/u_top/UNCONNECTED_HIER_Z277 has no FanOut pin
WARNING : Net u_crypto_synth_top/u_top/UNCONNECTED_HIER_Z276 has no FanOut pin
WARNING : Net u_crypto_synth_top/u_top/UNCONNECTED_HIER_Z275 has no FanOut pin
WARNING : Net u_crypto_synth_top/u_top/UNCONNECTED_HIER_Z274 has no FanOut pin
WARNING : Net u_crypto_synth_top/u_top/UNCONNECTED_HIER_Z273 has no FanOut pin
WARNING : Net u_crypto_synth_top/u_top/UNCONNECTED_HIER_Z272 has no FanOut pin
WARNING : Net u_crypto_synth_top/u_top/UNCONNECTED_HIER_Z271 has no FanOut pin
WARNING : Net u_crypto_synth_top/u_top/UNCONNECTED_HIER_Z270 has no FanOut pin
WARNING : Net u_crypto_synth_top/u_top/UNCONNECTED_HIER_Z269 has no FanOut pin
WARNING : Net u_crypto_synth_top/u_top/UNCONNECTED_HIER_Z268 has no FanOut pin
WARNING : Net u_crypto_synth_top/u_top/UNCONNECTED_HIER_Z267 has no FanOut pin
WARNING : Net u_crypto_synth_top/u_top/UNCONNECTED_HIER_Z266 has no FanOut pin
WARNING : Net u_crypto_synth_top/u_top/UNCONNECTED_HIER_Z265 has no FanOut pin
WARNING : Net u_crypto_synth_top/u_top/UNCONNECTED_HIER_Z264 has no FanOut pin
WARNING : Net u_crypto_synth_top/u_top/UNCONNECTED_HIER_Z263 has no FanOut pin
WARNING : Net u_crypto_synth_top/u_top/UNCONNECTED_HIER_Z262 has no FanOut pin
WARNING : Net u_crypto_synth_top/u_top/UNCONNECTED_HIER_Z261 has no FanOut pin
WARNING : Net u_crypto_synth_top/u_top/UNCONNECTED_HIER_Z260 has no FanOut pin
WARNING : Net u_crypto_synth_top/u_top/UNCONNECTED_HIER_Z259 has no FanOut pin
WARNING : Net u_crypto_synth_top/u_top/UNCONNECTED_HIER_Z258 has no FanOut pin
WARNING : Net u_crypto_synth_top/u_top/UNCONNECTED_HIER_Z257 has no FanOut pin
WARNING : Net u_crypto_synth_top/u_top/UNCONNECTED_HIER_Z256 has no FanOut pin
WARNING : Net u_crypto_synth_top/u_top/UNCONNECTED_HIER_Z255 has no FanOut pin
WARNING : Net u_crypto_synth_top/u_top/UNCONNECTED_HIER_Z254 has no FanOut pin
WARNING : Net u_crypto_synth_top/u_top/UNCONNECTED_HIER_Z253 has no FanOut pin
WARNING : Net u_crypto_synth_top/u_top/UNCONNECTED_HIER_Z252 has no FanOut pin
WARNING : Net u_crypto_synth_top/u_top/UNCONNECTED_HIER_Z251 has no FanOut pin
WARNING : Net u_crypto_synth_top/u_top/UNCONNECTED_HIER_Z250 has no FanOut pin
WARNING : Net u_crypto_synth_top/u_top/UNCONNECTED_HIER_Z249 has no FanOut pin
WARNING : Net u_crypto_synth_top/u_top/UNCONNECTED_HIER_Z248 has no FanOut pin
WARNING : Net u_crypto_synth_top/u_top/UNCONNECTED_HIER_Z247 has no FanOut pin
WARNING : Net u_crypto_synth_top/u_top/UNCONNECTED_HIER_Z246 has no FanOut pin
WARNING : Net u_crypto_synth_top/u_top/UNCONNECTED_HIER_Z245 has no FanOut pin
WARNING : Net u_crypto_synth_top/u_top/UNCONNECTED_HIER_Z244 has no FanOut pin
WARNING : Net u_crypto_synth_top/u_top/UNCONNECTED_HIER_Z243 has no FanOut pin
WARNING : Net u_crypto_synth_top/u_top/UNCONNECTED_HIER_Z242 has no FanOut pin
WARNING : Net u_crypto_synth_top/u_top/UNCONNECTED_HIER_Z241 has no FanOut pin
WARNING : Net u_crypto_synth_top/u_top/UNCONNECTED_HIER_Z240 has no FanOut pin
WARNING : Net u_crypto_synth_top/u_top/UNCONNECTED_HIER_Z239 has no FanOut pin
WARNING : Net u_crypto_synth_top/u_top/UNCONNECTED_HIER_Z238 has no FanOut pin
WARNING : Net u_crypto_synth_top/u_top/UNCONNECTED_HIER_Z237 has no FanOut pin
WARNING : Net u_crypto_synth_top/u_top/UNCONNECTED_HIER_Z236 has no FanOut pin
WARNING : Net u_crypto_synth_top/u_top/UNCONNECTED_HIER_Z235 has no FanOut pin
WARNING : Net u_crypto_synth_top/u_top/UNCONNECTED_HIER_Z234 has no FanOut pin
WARNING : Net u_crypto_synth_top/u_top/UNCONNECTED_HIER_Z233 has no FanOut pin
WARNING : Net u_crypto_synth_top/u_top/UNCONNECTED_HIER_Z232 has no FanOut pin
WARNING : Net u_crypto_synth_top/u_top/UNCONNECTED_HIER_Z231 has no FanOut pin
WARNING : Net u_crypto_synth_top/u_top/UNCONNECTED_HIER_Z230 has no FanOut pin
WARNING : Net u_crypto_synth_top/u_top/UNCONNECTED_HIER_Z229 has no FanOut pin
WARNING : Net u_crypto_synth_top/u_top/UNCONNECTED_HIER_Z228 has no FanOut pin
WARNING : Net u_crypto_synth_top/u_top/UNCONNECTED_HIER_Z227 has no FanOut pin
WARNING : Net u_crypto_synth_top/u_top/UNCONNECTED_HIER_Z226 has no FanOut pin
WARNING : Net u_crypto_synth_top/u_top/UNCONNECTED_HIER_Z225 has no FanOut pin
WARNING : Net u_crypto_synth_top/u_top/UNCONNECTED_HIER_Z224 has no FanOut pin
WARNING : Net u_crypto_synth_top/u_top/UNCONNECTED_HIER_Z223 has no FanOut pin
WARNING : Net u_crypto_synth_top/u_top/UNCONNECTED_HIER_Z222 has no FanOut pin
WARNING : Net u_crypto_synth_top/u_top/UNCONNECTED_HIER_Z221 has no FanOut pin
WARNING : Net u_crypto_synth_top/u_top/UNCONNECTED_HIER_Z220 has no FanOut pin
WARNING : Net u_crypto_synth_top/u_top/UNCONNECTED_HIER_Z219 has no FanOut pin
WARNING : Net u_crypto_synth_top/u_top/UNCONNECTED_HIER_Z218 has no FanOut pin
WARNING : Net u_crypto_synth_top/u_top/UNCONNECTED_HIER_Z217 has no FanOut pin
WARNING : Net u_crypto_synth_top/u_top/UNCONNECTED_HIER_Z216 has no FanOut pin
WARNING : Net u_crypto_synth_top/u_top/UNCONNECTED_HIER_Z215 has no FanOut pin
WARNING : Net u_crypto_synth_top/u_top/UNCONNECTED_HIER_Z214 has no FanOut pin
WARNING : Net u_crypto_synth_top/u_top/UNCONNECTED_HIER_Z213 has no FanOut pin
WARNING : Net u_crypto_synth_top/u_top/UNCONNECTED_HIER_Z212 has no FanOut pin
WARNING : Net u_crypto_synth_top/u_top/UNCONNECTED_HIER_Z211 has no FanOut pin
WARNING : Net u_crypto_synth_top/u_top/UNCONNECTED_HIER_Z210 has no FanOut pin
WARNING : Net u_crypto_synth_top/u_top/UNCONNECTED_HIER_Z209 has no FanOut pin
WARNING : Net u_crypto_synth_top/u_top/UNCONNECTED_HIER_Z208 has no FanOut pin
WARNING : Net u_crypto_synth_top/u_top/UNCONNECTED_HIER_Z207 has no FanOut pin
WARNING : Net u_crypto_synth_top/u_top/UNCONNECTED_HIER_Z206 has no FanOut pin
WARNING : Net u_crypto_synth_top/u_top/UNCONNECTED_HIER_Z205 has no FanOut pin
WARNING : Net u_crypto_synth_top/u_top/UNCONNECTED_HIER_Z204 has no FanOut pin
WARNING : Net u_crypto_synth_top/u_top/UNCONNECTED_HIER_Z203 has no FanOut pin
WARNING : Net u_crypto_synth_top/u_top/UNCONNECTED_HIER_Z202 has no FanOut pin
WARNING : Net u_crypto_synth_top/u_top/UNCONNECTED_HIER_Z201 has no FanOut pin
WARNING : Net u_crypto_synth_top/u_top/UNCONNECTED_HIER_Z200 has no FanOut pin
WARNING : Net u_crypto_synth_top/u_top/UNCONNECTED_HIER_Z199 has no FanOut pin
WARNING : Net u_crypto_synth_top/u_top/UNCONNECTED_HIER_Z198 has no FanOut pin
WARNING : Net u_crypto_synth_top/u_top/UNCONNECTED_HIER_Z197 has no FanOut pin
WARNING : Net u_crypto_synth_top/u_top/UNCONNECTED_HIER_Z196 has no FanOut pin
WARNING : Net u_crypto_synth_top/u_top/UNCONNECTED_HIER_Z195 has no FanOut pin
WARNING : Net u_crypto_synth_top/u_top/UNCONNECTED_HIER_Z194 has no FanOut pin
WARNING : Net u_crypto_synth_top/u_top/UNCONNECTED_HIER_Z193 has no FanOut pin
WARNING : Net u_crypto_synth_top/u_top/UNCONNECTED_HIER_Z192 has no FanOut pin
WARNING : Net u_crypto_synth_top/u_top/UNCONNECTED_HIER_Z191 has no FanOut pin
WARNING : Net u_crypto_synth_top/u_top/UNCONNECTED_HIER_Z190 has no FanOut pin
WARNING : Net u_crypto_synth_top/u_top/UNCONNECTED_HIER_Z189 has no FanOut pin
WARNING : Net u_crypto_synth_top/u_top/UNCONNECTED_HIER_Z188 has no FanOut pin
WARNING : Net u_crypto_synth_top/u_top/UNCONNECTED_HIER_Z187 has no FanOut pin
WARNING : Net u_crypto_synth_top/u_top/UNCONNECTED_HIER_Z186 has no FanOut pin
WARNING : Net u_crypto_synth_top/u_top/UNCONNECTED_HIER_Z185 has no FanOut pin
WARNING : Net u_crypto_synth_top/u_top/UNCONNECTED_HIER_Z184 has no FanOut pin
WARNING : Net u_crypto_synth_top/u_top/UNCONNECTED_HIER_Z183 has no FanOut pin
WARNING : Net u_crypto_synth_top/u_top/UNCONNECTED_HIER_Z182 has no FanOut pin
WARNING : Net u_crypto_synth_top/u_top/UNCONNECTED_HIER_Z181 has no FanOut pin
WARNING : Net u_crypto_synth_top/u_top/UNCONNECTED_HIER_Z180 has no FanOut pin
WARNING : Net u_crypto_synth_top/u_top/UNCONNECTED_HIER_Z179 has no FanOut pin
WARNING : Net u_crypto_synth_top/u_top/UNCONNECTED_HIER_Z178 has no FanOut pin
WARNING : Net u_crypto_synth_top/u_top/UNCONNECTED_HIER_Z177 has no FanOut pin
WARNING : Net u_crypto_synth_top/u_top/UNCONNECTED_HIER_Z176 has no FanOut pin
WARNING : Net u_crypto_synth_top/u_top/UNCONNECTED_HIER_Z175 has no FanOut pin
WARNING : Net u_crypto_synth_top/u_top/UNCONNECTED_HIER_Z174 has no FanOut pin
WARNING : Net u_crypto_synth_top/u_top/UNCONNECTED_HIER_Z173 has no FanOut pin
WARNING : Net u_crypto_synth_top/u_top/UNCONNECTED_HIER_Z172 has no FanOut pin
WARNING : Net u_crypto_synth_top/u_top/UNCONNECTED_HIER_Z171 has no FanOut pin
WARNING : Net u_crypto_synth_top/u_top/UNCONNECTED_HIER_Z170 has no FanOut pin
WARNING : Net u_crypto_synth_top/u_top/UNCONNECTED_HIER_Z169 has no FanOut pin
WARNING : Net u_crypto_synth_top/u_top/UNCONNECTED_HIER_Z168 has no FanOut pin
WARNING : Net u_crypto_synth_top/u_top/UNCONNECTED_HIER_Z167 has no FanOut pin
WARNING : Net u_crypto_synth_top/u_top/UNCONNECTED_HIER_Z166 has no FanOut pin
WARNING : Net u_crypto_synth_top/u_top/UNCONNECTED_HIER_Z165 has no FanOut pin
WARNING : Net u_crypto_synth_top/u_top/UNCONNECTED_HIER_Z164 has no FanOut pin
WARNING : Net u_crypto_synth_top/u_top/UNCONNECTED_HIER_Z163 has no FanOut pin
WARNING : Net u_crypto_synth_top/u_top/UNCONNECTED_HIER_Z162 has no FanOut pin
WARNING : Net u_crypto_synth_top/u_top/UNCONNECTED_HIER_Z161 has no FanOut pin
WARNING : Net u_crypto_synth_top/u_top/UNCONNECTED_HIER_Z160 has no FanOut pin
WARNING : Net u_crypto_synth_top/u_top/UNCONNECTED_HIER_Z159 has no FanOut pin
WARNING : Net u_crypto_synth_top/u_top/UNCONNECTED_HIER_Z158 has no FanOut pin
WARNING : Net u_crypto_synth_top/u_top/UNCONNECTED_HIER_Z157 has no FanOut pin
WARNING : Net u_crypto_synth_top/u_top/UNCONNECTED_HIER_Z156 has no FanOut pin
WARNING : Net u_crypto_synth_top/u_top/UNCONNECTED_HIER_Z155 has no FanOut pin
WARNING : Net u_crypto_synth_top/u_top/UNCONNECTED_HIER_Z154 has no FanOut pin
WARNING : Net u_crypto_synth_top/u_top/UNCONNECTED_HIER_Z153 has no FanOut pin
WARNING : Net u_crypto_synth_top/u_top/UNCONNECTED_HIER_Z152 has no FanOut pin
WARNING : Net u_crypto_synth_top/u_top/UNCONNECTED_HIER_Z151 has no FanOut pin
WARNING : Net u_crypto_synth_top/u_top/UNCONNECTED_HIER_Z150 has no FanOut pin
WARNING : Net u_crypto_synth_top/u_top/UNCONNECTED_HIER_Z149 has no FanOut pin
WARNING : Net u_crypto_synth_top/u_top/UNCONNECTED_HIER_Z148 has no FanOut pin
WARNING : Net u_crypto_synth_top/u_top/UNCONNECTED_HIER_Z147 has no FanOut pin
WARNING : Net u_crypto_synth_top/u_top/UNCONNECTED_HIER_Z146 has no FanOut pin
WARNING : Net u_crypto_synth_top/u_top/UNCONNECTED_HIER_Z145 has no FanOut pin
WARNING : Net u_crypto_synth_top/u_top/UNCONNECTED_HIER_Z144 has no FanOut pin
WARNING : Net u_crypto_synth_top/u_top/UNCONNECTED_HIER_Z143 has no FanOut pin
WARNING : Net u_crypto_synth_top/u_top/UNCONNECTED_HIER_Z142 has no FanOut pin
WARNING : Net u_crypto_synth_top/u_top/UNCONNECTED_HIER_Z141 has no FanOut pin
WARNING : Net u_crypto_synth_top/u_top/UNCONNECTED_HIER_Z140 has no FanOut pin
WARNING : Net u_crypto_synth_top/u_top/UNCONNECTED_HIER_Z139 has no FanOut pin
WARNING : Net u_crypto_synth_top/u_top/UNCONNECTED_HIER_Z138 has no FanOut pin
WARNING : Net u_crypto_synth_top/u_top/UNCONNECTED_HIER_Z137 has no FanOut pin
WARNING : Net u_crypto_synth_top/u_top/UNCONNECTED_HIER_Z136 has no FanOut pin
WARNING : Net u_crypto_synth_top/u_top/UNCONNECTED_HIER_Z135 has no FanOut pin
WARNING : Net u_crypto_synth_top/u_top/UNCONNECTED_HIER_Z134 has no FanOut pin
WARNING : Net u_crypto_synth_top/u_top/UNCONNECTED_HIER_Z133 has no FanOut pin
WARNING : Net u_crypto_synth_top/u_top/UNCONNECTED_HIER_Z132 has no FanOut pin
WARNING : Net u_crypto_synth_top/u_top/UNCONNECTED_HIER_Z131 has no FanOut pin
WARNING : Net u_crypto_synth_top/u_top/UNCONNECTED_HIER_Z130 has no FanOut pin
WARNING : Net u_crypto_synth_top/u_top/UNCONNECTED_HIER_Z129 has no FanOut pin
WARNING : Net u_crypto_synth_top/u_top/UNCONNECTED_HIER_Z128 has no FanOut pin
WARNING : Net u_crypto_synth_top/u_top/UNCONNECTED_HIER_Z127 has no FanOut pin
WARNING : Net u_crypto_synth_top/u_top/UNCONNECTED_HIER_Z126 has no FanOut pin
WARNING : Net u_crypto_synth_top/u_top/UNCONNECTED_HIER_Z125 has no FanOut pin
WARNING : Net u_crypto_synth_top/u_top/UNCONNECTED_HIER_Z124 has no FanOut pin
WARNING : Net u_crypto_synth_top/u_top/UNCONNECTED_HIER_Z123 has no FanOut pin
WARNING : Net u_crypto_synth_top/u_top/UNCONNECTED_HIER_Z122 has no FanOut pin
WARNING : Net u_crypto_synth_top/u_top/UNCONNECTED_HIER_Z121 has no FanOut pin
WARNING : Net u_crypto_synth_top/u_top/UNCONNECTED_HIER_Z120 has no FanOut pin
WARNING : Net u_crypto_synth_top/u_top/UNCONNECTED_HIER_Z119 has no FanOut pin
WARNING : Net u_crypto_synth_top/u_top/UNCONNECTED_HIER_Z118 has no FanOut pin
WARNING : Net u_crypto_synth_top/u_top/UNCONNECTED_HIER_Z117 has no FanOut pin
WARNING : Net u_crypto_synth_top/u_top/UNCONNECTED_HIER_Z116 has no FanOut pin
WARNING : Net u_crypto_synth_top/u_top/UNCONNECTED_HIER_Z115 has no FanOut pin
WARNING : Net u_crypto_synth_top/u_top/UNCONNECTED_HIER_Z114 has no FanOut pin
WARNING : Net u_crypto_synth_top/u_top/UNCONNECTED_HIER_Z113 has no FanOut pin
WARNING : Net u_crypto_synth_top/u_top/UNCONNECTED_HIER_Z112 has no FanOut pin
WARNING : Net u_crypto_synth_top/u_top/UNCONNECTED_HIER_Z111 has no FanOut pin
WARNING : Net u_crypto_synth_top/u_top/UNCONNECTED_HIER_Z110 has no FanOut pin
WARNING : Net u_crypto_synth_top/u_top/UNCONNECTED232 has no FanOut pin
WARNING : Net u_crypto_synth_top/u_top/UNCONNECTED231 has no FanOut pin
WARNING : Net u_crypto_synth_top/u_top/UNCONNECTED230 has no FanOut pin
WARNING : Net u_crypto_synth_top/u_top/UNCONNECTED229 has no FanOut pin
WARNING : Net u_crypto_synth_top/u_top/UNCONNECTED228 has no FanOut pin
WARNING : Net u_crypto_synth_top/u_top/UNCONNECTED227 has no FanOut pin
WARNING : Net u_crypto_synth_top/u_top/UNCONNECTED226 has no FanOut pin
WARNING : Net u_crypto_synth_top/u_top/UNCONNECTED225 has no FanOut pin
WARNING : Net u_crypto_synth_top/u_top/UNCONNECTED224 has no FanOut pin
WARNING : Net u_crypto_synth_top/u_top/UNCONNECTED223 has no FanOut pin
WARNING : Net u_crypto_synth_top/u_top/UNCONNECTED222 has no FanOut pin
WARNING : Net u_crypto_synth_top/u_top/UNCONNECTED221 has no FanOut pin
WARNING : Net u_crypto_synth_top/u_top/UNCONNECTED220 has no FanOut pin
WARNING : Net u_crypto_synth_top/u_top/UNCONNECTED219 has no FanOut pin
WARNING : Net u_crypto_synth_top/u_top/UNCONNECTED218 has no FanOut pin
WARNING : Net u_crypto_synth_top/u_top/UNCONNECTED217 has no FanOut pin
WARNING : Net u_crypto_synth_top/u_top/UNCONNECTED216 has no FanOut pin
WARNING : Net u_crypto_synth_top/u_top/UNCONNECTED215 has no FanOut pin
WARNING : Net u_crypto_synth_top/u_top/UNCONNECTED214 has no FanOut pin
WARNING : Net u_crypto_synth_top/u_top/UNCONNECTED213 has no FanOut pin
WARNING : Net u_crypto_synth_top/u_top/UNCONNECTED212 has no FanOut pin
WARNING : Net u_crypto_synth_top/u_top/UNCONNECTED211 has no FanOut pin
WARNING : Net u_crypto_synth_top/u_top/UNCONNECTED210 has no FanOut pin
WARNING : Net u_crypto_synth_top/u_top/UNCONNECTED209 has no FanOut pin
WARNING : Net u_crypto_synth_top/u_top/UNCONNECTED208 has no FanOut pin
WARNING : Net u_crypto_synth_top/u_top/UNCONNECTED207 has no FanOut pin
WARNING : Net u_crypto_synth_top/u_top/UNCONNECTED206 has no FanOut pin
WARNING : Net u_crypto_synth_top/u_top/UNCONNECTED205 has no FanOut pin
WARNING : Net u_crypto_synth_top/u_top/UNCONNECTED204 has no FanOut pin
WARNING : Net u_crypto_synth_top/u_top/UNCONNECTED203 has no FanOut pin
WARNING : Net u_crypto_synth_top/u_top/UNCONNECTED202 has no FanOut pin
WARNING : Net u_crypto_synth_top/u_top/UNCONNECTED201 has no FanOut pin
WARNING : Net u_crypto_synth_top/u_top/UNCONNECTED200 has no FanOut pin
WARNING : Net u_crypto_synth_top/u_top/UNCONNECTED199 has no FanOut pin
WARNING : Net u_crypto_synth_top/u_top/UNCONNECTED198 has no FanOut pin
WARNING : Net u_crypto_synth_top/u_top/UNCONNECTED197 has no FanOut pin
WARNING : Net u_crypto_synth_top/u_top/UNCONNECTED196 has no FanOut pin
WARNING : Net u_crypto_synth_top/u_top/UNCONNECTED195 has no FanOut pin
WARNING : Net u_crypto_synth_top/u_top/UNCONNECTED194 has no FanOut pin
WARNING : Net u_crypto_synth_top/u_top/UNCONNECTED193 has no FanOut pin
WARNING : Net u_crypto_synth_top/u_top/UNCONNECTED192 has no FanOut pin
WARNING : Net u_crypto_synth_top/u_top/UNCONNECTED191 has no FanOut pin
WARNING : Net u_crypto_synth_top/u_top/UNCONNECTED190 has no FanOut pin
WARNING : Net u_crypto_synth_top/u_top/UNCONNECTED189 has no FanOut pin
WARNING : Net u_crypto_synth_top/u_top/UNCONNECTED188 has no FanOut pin
WARNING : Net u_crypto_synth_top/u_top/UNCONNECTED187 has no FanOut pin
WARNING : Net u_crypto_synth_top/u_top/UNCONNECTED186 has no FanOut pin
WARNING : Net u_crypto_synth_top/u_top/UNCONNECTED185 has no FanOut pin
WARNING : Net u_crypto_synth_top/u_top/UNCONNECTED184 has no FanOut pin
WARNING : Net u_crypto_synth_top/u_top/UNCONNECTED183 has no FanOut pin
WARNING : Net u_crypto_synth_top/u_top/UNCONNECTED182 has no FanOut pin
WARNING : Net u_crypto_synth_top/u_top/UNCONNECTED181 has no FanOut pin
WARNING : Net u_crypto_synth_top/u_top/UNCONNECTED180 has no FanOut pin
WARNING : Net u_crypto_synth_top/u_top/UNCONNECTED179 has no FanOut pin
WARNING : Net u_crypto_synth_top/u_top/UNCONNECTED178 has no FanOut pin
WARNING : Net u_crypto_synth_top/u_top/UNCONNECTED177 has no FanOut pin
WARNING : Net u_crypto_synth_top/u_top/UNCONNECTED176 has no FanOut pin
WARNING : Net u_crypto_synth_top/u_top/UNCONNECTED175 has no FanOut pin
WARNING : Net u_crypto_synth_top/u_top/UNCONNECTED174 has no FanOut pin
WARNING : Net u_crypto_synth_top/u_top/UNCONNECTED173 has no FanOut pin
WARNING : Net u_crypto_synth_top/u_top/UNCONNECTED172 has no FanOut pin
WARNING : Net u_crypto_synth_top/u_top/UNCONNECTED171 has no FanOut pin
WARNING : Net u_crypto_synth_top/u_top/UNCONNECTED170 has no FanOut pin
WARNING : Net u_crypto_synth_top/u_top/UNCONNECTED169 has no FanOut pin
WARNING : Net u_crypto_synth_top/u_top/UNCONNECTED168 has no FanOut pin
WARNING : Net u_crypto_synth_top/u_top/UNCONNECTED167 has no FanOut pin
WARNING : Net u_crypto_synth_top/u_top/UNCONNECTED166 has no FanOut pin
WARNING : Net u_crypto_synth_top/u_top/UNCONNECTED165 has no FanOut pin
WARNING : Net u_crypto_synth_top/u_top/UNCONNECTED164 has no FanOut pin
WARNING : Net u_crypto_synth_top/u_top/UNCONNECTED163 has no FanOut pin
WARNING : Net u_crypto_synth_top/u_top/UNCONNECTED162 has no FanOut pin
WARNING : Net u_crypto_synth_top/u_top/UNCONNECTED161 has no FanOut pin
WARNING : Net u_crypto_synth_top/u_top/UNCONNECTED160 has no FanOut pin
WARNING : Net u_crypto_synth_top/u_top/UNCONNECTED159 has no FanOut pin
WARNING : Net u_crypto_synth_top/u_top/UNCONNECTED158 has no FanOut pin
WARNING : Net u_crypto_synth_top/u_top/UNCONNECTED157 has no FanOut pin
WARNING : Net u_crypto_synth_top/u_top/UNCONNECTED156 has no FanOut pin
WARNING : Net u_crypto_synth_top/u_top/UNCONNECTED155 has no FanOut pin
WARNING : Net u_crypto_synth_top/u_top/UNCONNECTED154 has no FanOut pin
WARNING : Net u_crypto_synth_top/u_top/UNCONNECTED153 has no FanOut pin
WARNING : Net u_crypto_synth_top/u_top/UNCONNECTED152 has no FanOut pin
WARNING : Net u_crypto_synth_top/u_top/UNCONNECTED151 has no FanOut pin
WARNING : Net u_crypto_synth_top/u_top/UNCONNECTED150 has no FanOut pin
WARNING : Net u_crypto_synth_top/u_top/UNCONNECTED149 has no FanOut pin
WARNING : Net u_crypto_synth_top/u_top/UNCONNECTED148 has no FanOut pin
WARNING : Net u_crypto_synth_top/u_top/UNCONNECTED147 has no FanOut pin
WARNING : Net u_crypto_synth_top/u_top/UNCONNECTED146 has no FanOut pin
WARNING : Net u_crypto_synth_top/u_top/UNCONNECTED145 has no FanOut pin
WARNING : Net u_crypto_synth_top/u_top/UNCONNECTED144 has no FanOut pin
WARNING : Net u_crypto_synth_top/u_top/UNCONNECTED143 has no FanOut pin
WARNING : Net u_crypto_synth_top/u_top/UNCONNECTED142 has no FanOut pin
WARNING : Net u_crypto_synth_top/u_top/UNCONNECTED141 has no FanOut pin
WARNING : Net u_crypto_synth_top/u_top/UNCONNECTED140 has no FanOut pin
WARNING : Net u_crypto_synth_top/u_top/UNCONNECTED139 has no FanOut pin
WARNING : Net u_crypto_synth_top/u_top/UNCONNECTED138 has no FanOut pin
WARNING : Net u_crypto_synth_top/u_top/UNCONNECTED137 has no FanOut pin
WARNING : Net u_crypto_synth_top/u_top/UNCONNECTED136 has no FanOut pin
WARNING : Net u_crypto_synth_top/u_top/UNCONNECTED135 has no FanOut pin
WARNING : Net u_crypto_synth_top/u_top/UNCONNECTED134 has no FanOut pin
WARNING : Net u_crypto_synth_top/u_top/UNCONNECTED133 has no FanOut pin
WARNING : Net u_crypto_synth_top/u_top/UNCONNECTED132 has no FanOut pin
WARNING : Net u_crypto_synth_top/u_top/UNCONNECTED131 has no FanOut pin
WARNING : Net u_crypto_synth_top/u_top/UNCONNECTED130 has no FanOut pin
WARNING : Net u_crypto_synth_top/u_top/UNCONNECTED129 has no FanOut pin
WARNING : Net u_crypto_synth_top/u_top/UNCONNECTED128 has no FanOut pin
WARNING : Net u_crypto_synth_top/u_top/UNCONNECTED127 has no FanOut pin
WARNING : Net u_crypto_synth_top/u_top/UNCONNECTED126 has no FanOut pin
WARNING : Net u_crypto_synth_top/u_top/UNCONNECTED125 has no FanOut pin
WARNING : Net u_crypto_synth_top/u_top/UNCONNECTED124 has no FanOut pin
WARNING : Net u_crypto_synth_top/u_top/UNCONNECTED123 has no FanOut pin
WARNING : Net u_crypto_synth_top/u_top/UNCONNECTED122 has no FanOut pin
WARNING : Net u_crypto_synth_top/u_top/UNCONNECTED121 has no FanOut pin
WARNING : Net u_crypto_synth_top/u_top/UNCONNECTED120 has no FanOut pin
WARNING : Net u_crypto_synth_top/u_top/UNCONNECTED119 has no FanOut pin
WARNING : Net u_crypto_synth_top/u_top/UNCONNECTED118 has no FanOut pin
WARNING : Net u_crypto_synth_top/u_top/UNCONNECTED117 has no FanOut pin
WARNING : Net u_crypto_synth_top/u_top/UNCONNECTED116 has no FanOut pin
WARNING : Net u_crypto_synth_top/u_top/UNCONNECTED115 has no FanOut pin
WARNING : Net u_crypto_synth_top/u_top/UNCONNECTED114 has no FanOut pin
WARNING : Net u_crypto_synth_top/u_top/UNCONNECTED113 has no FanOut pin
WARNING : Net u_crypto_synth_top/u_top/UNCONNECTED112 has no FanOut pin
WARNING : Net u_crypto_synth_top/u_top/UNCONNECTED111 has no FanOut pin
WARNING : Net u_crypto_synth_top/u_top/UNCONNECTED110 has no FanOut pin
WARNING : Net u_crypto_synth_top/u_top/UNCONNECTED109 has no FanOut pin
WARNING : Net u_crypto_synth_top/u_top/UNCONNECTED108 has no FanOut pin
WARNING : Net u_crypto_synth_top/u_top/UNCONNECTED107 has no FanOut pin
WARNING : Net u_crypto_synth_top/u_top/UNCONNECTED106 has no FanOut pin
WARNING : Net u_crypto_synth_top/u_top/UNCONNECTED105 has no FanOut pin
WARNING : Net u_crypto_synth_top/u_top/UNCONNECTED104 has no FanOut pin
WARNING : Net u_crypto_synth_top/u_top/UNCONNECTED103 has no FanOut pin
WARNING : Net u_crypto_synth_top/u_top/UNCONNECTED102 has no FanOut pin
WARNING : Net u_crypto_synth_top/u_top/UNCONNECTED101 has no FanOut pin
WARNING : Net u_crypto_synth_top/u_top/UNCONNECTED100 has no FanOut pin
WARNING : Net u_crypto_synth_top/u_top/UNCONNECTED99 has no FanOut pin
WARNING : Net u_crypto_synth_top/u_top/UNCONNECTED98 has no FanOut pin
WARNING : Net u_crypto_synth_top/u_top/UNCONNECTED97 has no FanOut pin
WARNING : Net u_crypto_synth_top/u_top/UNCONNECTED96 has no FanOut pin
WARNING : Net u_crypto_synth_top/u_top/UNCONNECTED95 has no FanOut pin
WARNING : Net u_crypto_synth_top/u_top/UNCONNECTED94 has no FanOut pin
WARNING : Net u_crypto_synth_top/u_top/UNCONNECTED93 has no FanOut pin
WARNING : Net u_crypto_synth_top/u_top/UNCONNECTED92 has no FanOut pin
WARNING : Net u_crypto_synth_top/u_top/UNCONNECTED91 has no FanOut pin
WARNING : Net u_crypto_synth_top/u_top/UNCONNECTED90 has no FanOut pin
WARNING : Net u_crypto_synth_top/u_top/UNCONNECTED89 has no FanOut pin
WARNING : Net u_crypto_synth_top/u_top/UNCONNECTED88 has no FanOut pin
WARNING : Net u_crypto_synth_top/u_top/UNCONNECTED87 has no FanOut pin
WARNING : Net u_crypto_synth_top/u_top/UNCONNECTED86 has no FanOut pin
WARNING : Net u_crypto_synth_top/u_top/UNCONNECTED85 has no FanOut pin
WARNING : Net u_crypto_synth_top/u_top/UNCONNECTED84 has no FanOut pin
WARNING : Net u_crypto_synth_top/u_top/UNCONNECTED83 has no FanOut pin
WARNING : Net u_crypto_synth_top/u_top/UNCONNECTED82 has no FanOut pin
WARNING : Net u_crypto_synth_top/u_top/UNCONNECTED81 has no FanOut pin
WARNING : Net u_crypto_synth_top/u_top/UNCONNECTED80 has no FanOut pin
WARNING : Net u_crypto_synth_top/u_top/UNCONNECTED79 has no FanOut pin
WARNING : Net u_crypto_synth_top/u_top/UNCONNECTED78 has no FanOut pin
WARNING : Net u_crypto_synth_top/u_top/UNCONNECTED77 has no FanOut pin
WARNING : Net u_crypto_synth_top/u_top/UNCONNECTED76 has no FanOut pin
WARNING : Net u_crypto_synth_top/u_top/UNCONNECTED75 has no FanOut pin
WARNING : Net u_crypto_synth_top/u_top/UNCONNECTED74 has no FanOut pin
WARNING : Net u_crypto_synth_top/u_top/UNCONNECTED73 has no FanOut pin
WARNING : Net u_crypto_synth_top/u_top/UNCONNECTED72 has no FanOut pin
WARNING : Net u_crypto_synth_top/u_top/UNCONNECTED71 has no FanOut pin
WARNING : Net u_crypto_synth_top/u_top/UNCONNECTED70 has no FanOut pin
WARNING : Net u_crypto_synth_top/u_top/UNCONNECTED69 has no FanOut pin
WARNING : Net u_crypto_synth_top/u_top/UNCONNECTED68 has no FanOut pin
WARNING : Net u_crypto_synth_top/u_top/UNCONNECTED67 has no FanOut pin
WARNING : Net u_crypto_synth_top/u_top/UNCONNECTED66 has no FanOut pin
WARNING : Net u_crypto_synth_top/u_top/UNCONNECTED65 has no FanOut pin
WARNING : Net u_crypto_synth_top/u_top/UNCONNECTED64 has no FanOut pin
WARNING : Net u_crypto_synth_top/u_top/UNCONNECTED63 has no FanOut pin
WARNING : Net u_crypto_synth_top/u_top/UNCONNECTED62 has no FanOut pin
WARNING : Net u_crypto_synth_top/u_top/UNCONNECTED61 has no FanOut pin
WARNING : Net u_crypto_synth_top/u_top/UNCONNECTED60 has no FanOut pin
WARNING : Net u_crypto_synth_top/u_top/UNCONNECTED59 has no FanOut pin
WARNING : Net u_crypto_synth_top/u_top/UNCONNECTED58 has no FanOut pin
WARNING : Net u_crypto_synth_top/u_top/UNCONNECTED57 has no FanOut pin
WARNING : Net u_crypto_synth_top/u_top/UNCONNECTED56 has no FanOut pin
WARNING : Net u_crypto_synth_top/u_top/UNCONNECTED55 has no FanOut pin
WARNING : Net u_crypto_synth_top/u_top/UNCONNECTED54 has no FanOut pin
WARNING : Net u_crypto_synth_top/u_top/UNCONNECTED53 has no FanOut pin
WARNING : Net u_crypto_synth_top/u_top/UNCONNECTED52 has no FanOut pin
WARNING : Net u_crypto_synth_top/u_top/UNCONNECTED51 has no FanOut pin
WARNING : Net u_crypto_synth_top/u_top/UNCONNECTED50 has no FanOut pin
WARNING : Net u_crypto_synth_top/u_top/UNCONNECTED49 has no FanOut pin
WARNING : Net u_crypto_synth_top/u_top/UNCONNECTED48 has no FanOut pin
WARNING : Net u_crypto_synth_top/u_top/UNCONNECTED47 has no FanOut pin
WARNING : Net u_crypto_synth_top/u_top/UNCONNECTED46 has no FanOut pin
WARNING : Net u_crypto_synth_top/u_top/UNCONNECTED45 has no FanOut pin
WARNING : Net u_crypto_synth_top/u_top/UNCONNECTED44 has no FanOut pin
WARNING : Net u_crypto_synth_top/u_top/UNCONNECTED43 has no FanOut pin
WARNING : Net u_crypto_synth_top/u_top/UNCONNECTED42 has no FanOut pin
WARNING : Net u_crypto_synth_top/u_top/UNCONNECTED41 has no FanOut pin
WARNING : Net u_crypto_synth_top/u_top/UNCONNECTED40 has no FanOut pin
WARNING : Net u_crypto_synth_top/u_top/UNCONNECTED39 has no FanOut pin
WARNING : Net u_crypto_synth_top/u_top/UNCONNECTED38 has no FanOut pin
WARNING : Net u_crypto_synth_top/u_top/UNCONNECTED37 has no FanOut pin
WARNING : Net u_crypto_synth_top/u_top/UNCONNECTED36 has no FanOut pin
WARNING : Net u_crypto_synth_top/u_top/UNCONNECTED35 has no FanOut pin
WARNING : Net u_crypto_synth_top/u_top/UNCONNECTED34 has no FanOut pin
WARNING : Net u_crypto_synth_top/u_top/UNCONNECTED33 has no FanOut pin
WARNING : Net u_crypto_synth_top/u_top/UNCONNECTED32 has no FanOut pin
WARNING : Net u_crypto_synth_top/u_top/UNCONNECTED31 has no FanOut pin
WARNING : Net u_crypto_synth_top/u_top/UNCONNECTED30 has no FanOut pin
WARNING : Net u_crypto_synth_top/u_top/UNCONNECTED29 has no FanOut pin
WARNING : Net u_crypto_synth_top/u_top/UNCONNECTED28 has no FanOut pin
WARNING : Net u_crypto_synth_top/u_top/UNCONNECTED27 has no FanOut pin
WARNING : Net u_crypto_synth_top/u_top/UNCONNECTED26 has no FanOut pin
WARNING : Net u_crypto_synth_top/u_top/UNCONNECTED25 has no FanOut pin
WARNING : Net u_crypto_synth_top/u_top/UNCONNECTED24 has no FanOut pin
WARNING : Net u_crypto_synth_top/u_top/UNCONNECTED23 has no FanOut pin
WARNING : Net u_crypto_synth_top/u_top/UNCONNECTED22 has no FanOut pin
WARNING : Net u_crypto_synth_top/u_top/UNCONNECTED21 has no FanOut pin
WARNING : Net u_crypto_synth_top/u_top/UNCONNECTED20 has no FanOut pin
WARNING : Net u_crypto_synth_top/u_top/UNCONNECTED19 has no FanOut pin
WARNING : Net u_crypto_synth_top/u_top/UNCONNECTED18 has no FanOut pin
WARNING : Net u_crypto_synth_top/u_top/UNCONNECTED17 has no FanOut pin
WARNING : Net u_crypto_synth_top/u_top/UNCONNECTED16 has no FanOut pin
WARNING : Net u_crypto_synth_top/u_top/UNCONNECTED15 has no FanOut pin
WARNING : Net u_crypto_synth_top/u_top/UNCONNECTED14 has no FanOut pin
WARNING : Net u_crypto_synth_top/u_top/UNCONNECTED13 has no FanOut pin
WARNING : Net u_crypto_synth_top/u_top/UNCONNECTED12 has no FanOut pin
WARNING : Net u_crypto_synth_top/u_top/UNCONNECTED11 has no FanOut pin
WARNING : Net u_crypto_synth_top/u_top/UNCONNECTED10 has no FanOut pin
WARNING : Net u_crypto_synth_top/u_top/UNCONNECTED9 has no FanOut pin
WARNING : Net u_crypto_synth_top/u_top/UNCONNECTED8 has no FanOut pin
WARNING : Net u_crypto_synth_top/u_top/UNCONNECTED7 has no FanOut pin
WARNING : Net u_crypto_synth_top/u_top/UNCONNECTED6 has no FanOut pin
WARNING : Net u_crypto_synth_top/u_top/sha_address[0] has no FanOut pin
WARNING : Net u_crypto_synth_top/u_top/sha_address[1] has no FanOut pin
WARNING : Net u_crypto_synth_top/u_top/sha_address[2] has no FanOut pin
WARNING : Net u_crypto_synth_top/u_top/sha_address[3] has no FanOut pin
WARNING : Net u_crypto_synth_top/u_top/sha_address[4] has no FanOut pin
WARNING : Net u_crypto_synth_top/u_top/sha_address[5] has no FanOut pin
WARNING : Net u_crypto_synth_top/u_top/sha_address[6] has no FanOut pin
WARNING : Net u_crypto_synth_top/u_top/rsa_address[0] has no FanOut pin
WARNING : Net u_crypto_synth_top/u_top/rsa_address[1] has no FanOut pin
WARNING : Net u_crypto_synth_top/u_top/rsa_address[2] has no FanOut pin
WARNING : Net u_crypto_synth_top/u_top/rsa_address[3] has no FanOut pin
WARNING : Net u_crypto_synth_top/u_top/rsa_address[4] has no FanOut pin
WARNING : Net u_crypto_synth_top/u_top/rsa_address[5] has no FanOut pin
WARNING : Net u_crypto_synth_top/u_top/rsa_address[6] has no FanOut pin
WARNING : Net u_crypto_synth_top/u_top/rsa_address[7] has no FanOut pin
WARNING : Net u_crypto_synth_top/u_top/rsa_address[8] has no FanOut pin
WARNING : Net u_crypto_synth_top/u_top/rsa_address[9] has no FanOut pin
WARNING : Net u_crypto_synth_top/u_top/rsa_address[10] has no FanOut pin
WARNING : Net u_crypto_synth_top/u_top/reg_addr[0] has no FanOut pin
WARNING : Net u_crypto_synth_top/u_top/reg_addr[1] has no FanOut pin
WARNING : Net u_crypto_synth_top/u_top/reg_addr[2] has no FanOut pin
WARNING : Net u_crypto_synth_top/u_top/reg_addr[3] has no FanOut pin
WARNING : Net u_crypto_synth_top/u_top/reg_addr[4] has no FanOut pin
WARNING : Net u_crypto_synth_top/u_top/reg_addr[5] has no FanOut pin
WARNING : Net u_crypto_synth_top/u_top/reg_addr[6] has no FanOut pin
WARNING : Net u_crypto_synth_top/u_top/reg_addr[7] has no FanOut pin
WARNING : Net u_crypto_synth_top/u_top/reg_addr[8] has no FanOut pin
WARNING : Net u_crypto_synth_top/u_top/reg_addr[9] has no FanOut pin
WARNING : Net u_crypto_synth_top/u_top/reg_addr[10] has no FanOut pin
WARNING : Net u_crypto_synth_top/u_top/reg_addr[11] has no FanOut pin
WARNING : Net u_crypto_synth_top/u_top/reg_addr[12] has no FanOut pin
WARNING : Net u_crypto_synth_top/u_top/reg_addr[13] has no FanOut pin
WARNING : Net u_crypto_synth_top/u_top/reg_addr[14] has no FanOut pin
WARNING : Net u_crypto_synth_top/u_top/reg_addr[15] has no FanOut pin
WARNING : Net u_crypto_synth_top/u_top/reg_addr[16] has no FanOut pin
WARNING : Net u_crypto_synth_top/u_top/reg_addr[17] has no FanOut pin
WARNING : Net u_crypto_synth_top/u_top/reg_addr[18] has no FanOut pin
WARNING : Net u_crypto_synth_top/u_top/reg_addr[19] has no FanOut pin
WARNING : Net u_crypto_synth_top/u_top/reg_addr[20] has no FanOut pin
WARNING : Net u_crypto_synth_top/u_top/reg_addr[21] has no FanOut pin
WARNING : Net u_crypto_synth_top/u_top/reg_addr[22] has no FanOut pin
WARNING : Net u_crypto_synth_top/u_top/reg_addr[23] has no FanOut pin
WARNING : Net u_crypto_synth_top/u_top/reg_addr[24] has no FanOut pin
WARNING : Net u_crypto_synth_top/u_top/reg_addr[25] has no FanOut pin
WARNING : Net u_crypto_synth_top/u_top/reg_addr[26] has no FanOut pin
WARNING : Net u_crypto_synth_top/u_top/reg_addr[27] has no FanOut pin
WARNING : Net u_crypto_synth_top/u_top/reg_addr[28] has no FanOut pin
WARNING : Net u_crypto_synth_top/u_top/reg_addr[29] has no FanOut pin
WARNING : Net u_crypto_synth_top/u_top/reg_addr[30] has no FanOut pin
WARNING : Net u_crypto_synth_top/u_top/reg_addr[31] has no FanOut pin
WARNING : Net u_crypto_synth_top/u_top/FE_OFN177_PRESETn has no FanOut pin
WARNING : Net u_crypto_synth_top/u_top/FE_OFN561_PWDATA_INT_29 has no FanOut pin
WARNING : Net u_crypto_synth_top/u_top/FE_OFN593_PWDATA_INT_13 has no FanOut pin
WARNING : Net u_crypto_synth_top/u_top/FE_OFN615_PWDATA_INT_2 has no FanOut pin
WARNING : Net u_crypto_synth_top/u_sipo/shift_reg[31] has no FanOut pin
WARNING : Net u_crypto_synth_top/u_piso/shift_reg[31] has no FanOut pin
WARNING : Net u_crypto_synth_top/u_piso/bit_count[5] has no FanOut pin
WARNING : Net u_crypto_synth_top/word_ready has no FanOut pin
WARNING : Net u_crypto_synth_top/piso_done has no FanOut pin
WARNING : Net u_crypto_synth_top/UNCONNECTED_HIER_Z438 has no FanOut pin
WARNING : Net u_crypto_synth_top/UNCONNECTED_HIER_Z437 has no FanOut pin
WARNING : Net u_crypto_synth_top/UNCONNECTED_HIER_Z436 has no FanOut pin
WARNING : Net u_crypto_synth_top/UNCONNECTED_HIER_Z435 has no FanOut pin
WARNING : Net u_crypto_synth_top/UNCONNECTED_HIER_Z434 has no FanOut pin
WARNING : Net u_crypto_synth_top/UNCONNECTED_HIER_Z433 has no FanOut pin
WARNING : Net u_crypto_synth_top/UNCONNECTED_HIER_Z432 has no FanOut pin
WARNING : Net u_crypto_synth_top/UNCONNECTED_HIER_Z431 has no FanOut pin
WARNING : Net u_crypto_synth_top/UNCONNECTED_HIER_Z430 has no FanOut pin
WARNING : Net u_crypto_synth_top/UNCONNECTED_HIER_Z429 has no FanOut pin
WARNING : Net u_crypto_synth_top/UNCONNECTED_HIER_Z428 has no FanOut pin
WARNING : Net u_crypto_synth_top/UNCONNECTED_HIER_Z427 has no FanOut pin
WARNING : Net u_crypto_synth_top/UNCONNECTED_HIER_Z426 has no FanOut pin
WARNING : Net u_crypto_synth_top/UNCONNECTED_HIER_Z425 has no FanOut pin
WARNING : Net u_crypto_synth_top/UNCONNECTED_HIER_Z424 has no FanOut pin
WARNING : Net u_crypto_synth_top/UNCONNECTED_HIER_Z423 has no FanOut pin
WARNING : Net u_crypto_synth_top/UNCONNECTED_HIER_Z422 has no FanOut pin
WARNING : Net u_crypto_synth_top/UNCONNECTED_HIER_Z421 has no FanOut pin
WARNING : Net u_crypto_synth_top/UNCONNECTED_HIER_Z420 has no FanOut pin
WARNING : Net u_crypto_synth_top/UNCONNECTED_HIER_Z419 has no FanOut pin
WARNING : Net u_crypto_synth_top/UNCONNECTED_HIER_Z418 has no FanOut pin
WARNING : Net u_crypto_synth_top/UNCONNECTED_HIER_Z417 has no FanOut pin
WARNING : Net u_crypto_synth_top/UNCONNECTED_HIER_Z416 has no FanOut pin
WARNING : Net u_crypto_synth_top/UNCONNECTED_HIER_Z415 has no FanOut pin
WARNING : Net u_crypto_synth_top/UNCONNECTED234 has no FanOut pin
WARNING : Net u_crypto_synth_top/UNCONNECTED233 has no FanOut pin
WARNING : Net u_crypto_synth_top/bit_count[0] has no FanOut pin
WARNING : Net u_crypto_synth_top/bit_count[1] has no FanOut pin
WARNING : Net u_crypto_synth_top/bit_count[2] has no FanOut pin
WARNING : Net u_crypto_synth_top/bit_count[3] has no FanOut pin
WARNING : Net u_crypto_synth_top/bit_count[4] has no FanOut pin
WARNING : Net u_crypto_synth_top/bit_count[5] has no FanOut pin
WARNING : Net UNCONNECTED236 has no FanOut pin
WARNING : Net UNCONNECTED235 has no FanOut pin
WARNING : Net u_crypto_synth_top/u_top/u_sha256/core/w_mem_inst/FE_OFN42_FE_DBTN10_n_0 has 59 fanout
WARNING : Net u_crypto_synth_top/u_top/u_sha256/core/w_mem_inst/FE_OFN43_FE_DBTN10_n_0 has 58 fanout
WARNING : Net u_crypto_synth_top/u_top/u_sha256/core/w_mem_inst/FE_OFN44_FE_DBTN10_n_0 has 59 fanout
WARNING : Net u_crypto_synth_top/u_top/u_sha256/core/w_mem_inst/FE_OFN45_FE_DBTN10_n_0 has 61 fanout
WARNING : Net u_crypto_synth_top/u_top/u_sha256/core/w_mem_inst/FE_OFN46_FE_DBTN10_n_0 has 65 fanout
WARNING : Net u_crypto_synth_top/u_top/u_sha256/core/w_mem_inst/FE_OFN47_FE_DBTN10_n_0 has 58 fanout
WARNING : Net u_crypto_synth_top/u_top/u_sha256/core/w_mem_inst/FE_OFN49_FE_DBTN10_n_0 has 60 fanout
WARNING : Net u_crypto_synth_top/u_top/u_sha256/core/w_mem_inst/FE_OFN50_FE_DBTN9_n_19 has 51 fanout
WARNING : Net u_crypto_synth_top/u_top/u_sha256/core/w_mem_inst/FE_OFN51_FE_DBTN9_n_19 has 59 fanout
WARNING : Net u_crypto_synth_top/u_top/u_sha256/core/w_mem_inst/FE_OFN52_FE_DBTN9_n_19 has 62 fanout
WARNING : Net u_crypto_synth_top/u_top/u_sha256/core/w_mem_inst/FE_OFN53_FE_DBTN9_n_19 has 59 fanout
WARNING : Net u_crypto_synth_top/u_top/u_sha256/core/w_mem_inst/FE_OFN54_FE_DBTN9_n_19 has 66 fanout
WARNING : Net u_crypto_synth_top/u_top/u_sha256/core/w_mem_inst/FE_OFN55_FE_DBTN9_n_19 has 58 fanout
WARNING : Net u_crypto_synth_top/u_top/u_sha256/core/w_mem_inst/FE_OFN56_FE_DBTN9_n_19 has 60 fanout
WARNING : Net u_crypto_synth_top/u_top/u_sha256/core/w_mem_inst/FE_OFN57_FE_DBTN9_n_19 has 55 fanout
WARNING : Net u_crypto_synth_top/u_top/u_sha256/core/w_mem_inst/FE_OFN486_n_9 has 57 fanout
WARNING : Net u_crypto_synth_top/u_top/u_sha256/core/w_mem_inst/FE_OFN487_n_9 has 60 fanout
WARNING : Net u_crypto_synth_top/u_top/u_sha256/core/w_mem_inst/FE_OFN488_n_9 has 55 fanout
WARNING : Net u_crypto_synth_top/u_top/u_sha256/core/w_mem_inst/FE_OFN489_n_9 has 61 fanout
WARNING : Net u_crypto_synth_top/u_top/u_sha256/core/w_mem_inst/FE_OFN490_n_9 has 53 fanout
WARNING : Net u_crypto_synth_top/u_top/u_sha256/core/w_mem_inst/FE_OFN491_n_9 has 51 fanout
WARNING : Net u_crypto_synth_top/u_top/u_sha256/core/w_mem_inst/FE_OFN492_n_9 has 57 fanout
WARNING : Net u_crypto_synth_top/u_top/u_sha256/core/w_mem_inst/FE_OFN493_n_9 has 60 fanout
WARNING : Net u_crypto_synth_top/u_top/u_sha256/core/w_mem_inst/FE_OFN494_n_9 has 60 fanout
WARNING : Net u_crypto_synth_top/u_top/u_sha256/core/n_97 has 64 fanout
WARNING : Net u_crypto_synth_top/u_top/u_sha256/core/n_96 has 63 fanout
WARNING : Net u_crypto_synth_top/u_top/u_sha256/core/n_95 has 70 fanout
WARNING : Net u_crypto_synth_top/u_top/u_sha256/core/n_94 has 69 fanout
WARNING : Net u_crypto_synth_top/u_top/u_sha256/core/n_67 has 70 fanout
WARNING : Net u_crypto_synth_top/u_top/u_sha256/core/n_66 has 67 fanout
WARNING : Net u_crypto_synth_top/u_top/u_sha256/core/FE_DBTN2_n_63 has 68 fanout
WARNING : Net u_crypto_synth_top/u_top/u_sha256/core/FE_DBTN3_n_42 has 60 fanout
WARNING : Net u_crypto_synth_top/u_top/u_sha256/core/FE_OFN543_FE_DBTN3_n_42 has 61 fanout
WARNING : Net u_crypto_synth_top/u_top/u_sha256/core/FE_OFN544_FE_DBTN3_n_42 has 73 fanout
WARNING : Net u_crypto_synth_top/u_top/u_sha256/core/FE_OFN545_FE_DBTN3_n_42 has 70 fanout
WARNING : Net u_crypto_synth_top/u_top/u_sha256/core/FE_OFN546_FE_DBTN2_n_63 has 75 fanout
WARNING : Net u_crypto_synth_top/u_top/u_sha256/core/FE_OFN547_FE_DBTN2_n_63 has 63 fanout
WARNING : Net u_crypto_synth_top/u_top/u_sha256/core/FE_OFN1029_n_17 has 75 fanout
WARNING : Net u_crypto_synth_top/u_top/u_sha256/core/FE_OFN1032_n_17 has 69 fanout
WARNING : Net u_crypto_synth_top/u_top/u_sha256/core/FE_OFN1033_n_31 has 73 fanout
WARNING : Net u_crypto_synth_top/u_top/u_sha256/core/FE_OFN1034_n_31 has 74 fanout
WARNING : Net u_crypto_synth_top/u_top/u_sha256/core/FE_OFN1035_n_31 has 72 fanout
WARNING : Net u_crypto_synth_top/u_top/u_sha256/core/FE_OFN1038_n_80 has 75 fanout
WARNING : Net u_crypto_synth_top/u_top/u_sha256/core/FE_OFN1039_n_80 has 75 fanout
WARNING : Net u_crypto_synth_top/u_top/u_sha256/core/FE_OFN10539_FE_DBTN2_n_63 has 54 fanout
WARNING : Net u_crypto_synth_top/u_top/u_sha256/core/FE_OFN10636_n_17 has 51 fanout
WARNING : Net u_crypto_synth_top/u_top/u_sha256/core/FE_OFN10637_n_17 has 68 fanout
WARNING : Net u_crypto_synth_top/u_top/u_sha256/core/FE_OFN10639_n_80 has 63 fanout
WARNING : Net u_crypto_synth_top/u_top/u_sha256/FE_OFN86_PRESETn has 52 fanout
WARNING : Net u_crypto_synth_top/u_top/u_sha256/FE_OFN91_PRESETn has 52 fanout
WARNING : Net u_crypto_synth_top/u_top/u_sha256/FE_OFN93_PRESETn has 51 fanout
WARNING : Net u_crypto_synth_top/u_top/u_sha256/FE_OFN94_PRESETn has 56 fanout
WARNING : Net u_crypto_synth_top/u_top/u_sha256/FE_OFN95_PRESETn has 55 fanout
WARNING : Net u_crypto_synth_top/u_top/u_sha256/FE_OFN99_PRESETn has 55 fanout
WARNING : Net u_crypto_synth_top/u_top/u_sha256/FE_OFN100_PRESETn has 57 fanout
WARNING : Net u_crypto_synth_top/u_top/u_sha256/FE_OFN101_PRESETn has 65 fanout
WARNING : Net u_crypto_synth_top/u_top/u_sha256/FE_OFN140_PRESETn has 53 fanout
WARNING : Net u_crypto_synth_top/u_top/u_sha256/FE_OFN143_PRESETn has 53 fanout
WARNING : Net u_crypto_synth_top/u_top/u_sha256/FE_OFN144_PRESETn has 55 fanout
WARNING : Net u_crypto_synth_top/u_top/u_sha256/FE_OFN145_PRESETn has 61 fanout
WARNING : Net u_crypto_synth_top/u_top/u_sha256/FE_OFN146_PRESETn has 53 fanout
WARNING : Net u_crypto_synth_top/u_top/u_sha256/FE_OFN148_PRESETn has 54 fanout
WARNING : Net u_crypto_synth_top/u_top/u_sha256/FE_OFN149_PRESETn has 54 fanout
WARNING : Net u_crypto_synth_top/u_top/u_sha256/FE_OFN150_PRESETn has 58 fanout
WARNING : Net u_crypto_synth_top/u_top/u_sha256/FE_OFN151_PRESETn has 65 fanout
WARNING : Net u_crypto_synth_top/u_top/u_sha256/FE_OFN550_FE_DBTN1_core_digest_valid has 59 fanout
WARNING : Net u_crypto_synth_top/u_top/u_sha256/FE_OFN551_FE_DBTN1_core_digest_valid has 74 fanout
WARNING : Net u_crypto_synth_top/u_top/u_sha256/FE_OFN10453_FE_OFN97_PRESETn has 56 fanout
WARNING : Net u_crypto_synth_top/u_top/u_sha256/FE_OFN10496_FE_OFN89_PRESETn has 60 fanout
WARNING : Net u_crypto_synth_top/u_top/u_sha256/FE_OFN10540_FE_DBTN1_core_digest_valid has 75 fanout
WARNING : Net u_crypto_synth_top/u_top/u_sha256/CTS_12 has 100 fanout
WARNING : Net u_crypto_synth_top/u_top/u_sha256/CTS_13 has 100 fanout
WARNING : Net u_crypto_synth_top/u_top/u_sha256/CTS_1 has 97 fanout
WARNING : Net u_crypto_synth_top/u_top/u_sha256/CTS_2 has 100 fanout
WARNING : Net u_crypto_synth_top/u_top/u_sha256/CTS_3 has 99 fanout
WARNING : Net u_crypto_synth_top/u_top/u_sha256/CTS_4 has 99 fanout
WARNING : Net u_crypto_synth_top/u_top/u_sha256/CTS_5 has 100 fanout
WARNING : Net u_crypto_synth_top/u_top/u_sha256/CTS_6 has 100 fanout
WARNING : Net u_crypto_synth_top/u_top/u_sha256/CTS_7 has 100 fanout
WARNING : Net u_crypto_synth_top/u_top/u_sha256/CTS_8 has 98 fanout
WARNING : Net u_crypto_synth_top/u_top/u_sha256/CTS_9 has 100 fanout
WARNING : Net u_crypto_synth_top/u_top/u_sha256/CTS_10 has 100 fanout
WARNING : Net u_crypto_synth_top/u_top/u_rsa/core_inst/result_mem/n_10484 has 66 fanout
WARNING : Net u_crypto_synth_top/u_top/u_rsa/core_inst/result_mem/n_10482 has 68 fanout
WARNING : Net u_crypto_synth_top/u_top/u_rsa/core_inst/result_mem/n_10481 has 68 fanout
WARNING : Net u_crypto_synth_top/u_top/u_rsa/core_inst/result_mem/n_10480 has 54 fanout
WARNING : Net u_crypto_synth_top/u_top/u_rsa/core_inst/result_mem/n_10478 has 51 fanout
WARNING : Net u_crypto_synth_top/u_top/u_rsa/core_inst/result_mem/n_10430 has 51 fanout
WARNING : Net u_crypto_synth_top/u_top/u_rsa/core_inst/result_mem/n_9912 has 61 fanout
WARNING : Net u_crypto_synth_top/u_top/u_rsa/core_inst/result_mem/n_9881 has 73 fanout
WARNING : Net u_crypto_synth_top/u_top/u_rsa/core_inst/result_mem/n_9877 has 52 fanout
WARNING : Net u_crypto_synth_top/u_top/u_rsa/core_inst/result_mem/n_9871 has 68 fanout
WARNING : Net u_crypto_synth_top/u_top/u_rsa/core_inst/result_mem/n_9870 has 53 fanout
WARNING : Net u_crypto_synth_top/u_top/u_rsa/core_inst/result_mem/n_9861 has 69 fanout
WARNING : Net u_crypto_synth_top/u_top/u_rsa/core_inst/result_mem/n_9830 has 53 fanout
WARNING : Net u_crypto_synth_top/u_top/u_rsa/core_inst/result_mem/n_9812 has 67 fanout
WARNING : Net u_crypto_synth_top/u_top/u_rsa/core_inst/result_mem/n_9802 has 58 fanout
WARNING : Net u_crypto_synth_top/u_top/u_rsa/core_inst/result_mem/n_9780 has 58 fanout
WARNING : Net u_crypto_synth_top/u_top/u_rsa/core_inst/result_mem/n_9717 has 53 fanout
WARNING : Net u_crypto_synth_top/u_top/u_rsa/core_inst/result_mem/n_9673 has 67 fanout
WARNING : Net u_crypto_synth_top/u_top/u_rsa/core_inst/result_mem/n_9668 has 63 fanout
WARNING : Net u_crypto_synth_top/u_top/u_rsa/core_inst/result_mem/n_9663 has 53 fanout
WARNING : Net u_crypto_synth_top/u_top/u_rsa/core_inst/result_mem/n_9659 has 60 fanout
WARNING : Net u_crypto_synth_top/u_top/u_rsa/core_inst/result_mem/n_9644 has 61 fanout
WARNING : Net u_crypto_synth_top/u_top/u_rsa/core_inst/result_mem/n_9637 has 64 fanout
WARNING : Net u_crypto_synth_top/u_top/u_rsa/core_inst/result_mem/n_9630 has 69 fanout
WARNING : Net u_crypto_synth_top/u_top/u_rsa/core_inst/result_mem/n_9615 has 67 fanout
WARNING : Net u_crypto_synth_top/u_top/u_rsa/core_inst/result_mem/n_9607 has 59 fanout
WARNING : Net u_crypto_synth_top/u_top/u_rsa/core_inst/result_mem/n_9590 has 70 fanout
WARNING : Net u_crypto_synth_top/u_top/u_rsa/core_inst/result_mem/n_9580 has 52 fanout
WARNING : Net u_crypto_synth_top/u_top/u_rsa/core_inst/result_mem/n_9571 has 57 fanout
WARNING : Net u_crypto_synth_top/u_top/u_rsa/core_inst/result_mem/n_9562 has 53 fanout
WARNING : Net u_crypto_synth_top/u_top/u_rsa/core_inst/result_mem/n_9557 has 55 fanout
WARNING : Net u_crypto_synth_top/u_top/u_rsa/core_inst/result_mem/n_9555 has 51 fanout
WARNING : Net u_crypto_synth_top/u_top/u_rsa/core_inst/result_mem/n_9546 has 64 fanout
WARNING : Net u_crypto_synth_top/u_top/u_rsa/core_inst/result_mem/n_9542 has 70 fanout
WARNING : Net u_crypto_synth_top/u_top/u_rsa/core_inst/result_mem/n_9537 has 57 fanout
WARNING : Net u_crypto_synth_top/u_top/u_rsa/core_inst/result_mem/n_9533 has 63 fanout
WARNING : Net u_crypto_synth_top/u_top/u_rsa/core_inst/result_mem/n_9526 has 59 fanout
WARNING : Net u_crypto_synth_top/u_top/u_rsa/core_inst/result_mem/n_9516 has 51 fanout
WARNING : Net u_crypto_synth_top/u_top/u_rsa/core_inst/result_mem/n_9450 has 51 fanout
WARNING : Net u_crypto_synth_top/u_top/u_rsa/core_inst/result_mem/n_9394 has 51 fanout
WARNING : Net u_crypto_synth_top/u_top/u_rsa/core_inst/result_mem/n_9364 has 63 fanout
WARNING : Net u_crypto_synth_top/u_top/u_rsa/core_inst/result_mem/n_9306 has 71 fanout
WARNING : Net u_crypto_synth_top/u_top/u_rsa/core_inst/result_mem/n_9293 has 75 fanout
WARNING : Net u_crypto_synth_top/u_top/u_rsa/core_inst/result_mem/n_9279 has 53 fanout
WARNING : Net u_crypto_synth_top/u_top/u_rsa/core_inst/result_mem/n_9253 has 70 fanout
WARNING : Net u_crypto_synth_top/u_top/u_rsa/core_inst/result_mem/n_9235 has 62 fanout
WARNING : Net u_crypto_synth_top/u_top/u_rsa/core_inst/result_mem/n_9225 has 63 fanout
WARNING : Net u_crypto_synth_top/u_top/u_rsa/core_inst/result_mem/n_9212 has 66 fanout
WARNING : Net u_crypto_synth_top/u_top/u_rsa/core_inst/result_mem/n_9184 has 51 fanout
WARNING : Net u_crypto_synth_top/u_top/u_rsa/core_inst/result_mem/FE_DBTN11_n_9940 has 52 fanout
WARNING : Net u_crypto_synth_top/u_top/u_rsa/core_inst/result_mem/FE_DBTN14_n_10402 has 54 fanout
WARNING : Net u_crypto_synth_top/u_top/u_rsa/core_inst/result_mem/FE_DBTN18_n_9830 has 62 fanout
WARNING : Net u_crypto_synth_top/u_top/u_rsa/core_inst/result_mem/FE_DBTN19_n_9812 has 57 fanout
WARNING : Net u_crypto_synth_top/u_top/u_rsa/core_inst/result_mem/FE_DBTN20_n_10474 has 54 fanout
WARNING : Net u_crypto_synth_top/u_top/u_rsa/core_inst/result_mem/FE_DBTN21_n_10476 has 52 fanout
WARNING : Net u_crypto_synth_top/u_top/u_rsa/core_inst/result_mem/FE_DBTN22_n_9142 has 58 fanout
WARNING : Net u_crypto_synth_top/u_top/u_rsa/core_inst/result_mem/FE_DBTN25_n_9639 has 52 fanout
WARNING : Net u_crypto_synth_top/u_top/u_rsa/core_inst/result_mem/FE_DBTN28_n_9663 has 65 fanout
WARNING : Net u_crypto_synth_top/u_top/u_rsa/core_inst/result_mem/FE_DBTN31_n_9253 has 66 fanout
WARNING : Net u_crypto_synth_top/u_top/u_rsa/core_inst/result_mem/FE_DBTN42_n_9780 has 70 fanout
WARNING : Net u_crypto_synth_top/u_top/u_rsa/core_inst/result_mem/FE_DBTN44_n_9469 has 57 fanout
WARNING : Net u_crypto_synth_top/u_top/u_rsa/core_inst/result_mem/FE_DBTN46_n_9516 has 71 fanout
WARNING : Net u_crypto_synth_top/u_top/u_rsa/core_inst/result_mem/FE_DBTN47_n_9526 has 67 fanout
WARNING : Net u_crypto_synth_top/u_top/u_rsa/core_inst/result_mem/FE_OFN13_FE_DBTN32_n_9279 has 72 fanout
WARNING : Net u_crypto_synth_top/u_top/u_rsa/core_inst/result_mem/FE_OFN17_FE_DBTN32_n_9279 has 53 fanout
WARNING : Net u_crypto_synth_top/u_top/u_rsa/core_inst/result_mem/FE_OFN18_FE_DBTN32_n_9279 has 52 fanout
WARNING : Net u_crypto_synth_top/u_top/u_rsa/core_inst/result_mem/FE_OFN19_FE_DBTN32_n_9279 has 61 fanout
WARNING : Net u_crypto_synth_top/u_top/u_rsa/core_inst/result_mem/FE_OFN24_FE_DBTN32_n_9279 has 69 fanout
WARNING : Net u_crypto_synth_top/u_top/u_rsa/core_inst/result_mem/FE_OFN25_FE_DBTN32_n_9279 has 61 fanout
WARNING : Net u_crypto_synth_top/u_top/u_rsa/core_inst/result_mem/FE_OFN26_FE_DBTN32_n_9279 has 52 fanout
WARNING : Net u_crypto_synth_top/u_top/u_rsa/core_inst/result_mem/FE_OFN28_FE_DBTN31_n_9253 has 73 fanout
WARNING : Net u_crypto_synth_top/u_top/u_rsa/core_inst/result_mem/FE_OFN30_FE_DBTN31_n_9253 has 75 fanout
WARNING : Net u_crypto_synth_top/u_top/u_rsa/core_inst/result_mem/FE_OFN31_FE_DBTN31_n_9253 has 68 fanout
WARNING : Net u_crypto_synth_top/u_top/u_rsa/core_inst/result_mem/FE_OFN32_FE_DBTN31_n_9253 has 74 fanout
WARNING : Net u_crypto_synth_top/u_top/u_rsa/core_inst/result_mem/FE_OFN36_FE_DBTN31_n_9253 has 51 fanout
WARNING : Net u_crypto_synth_top/u_top/u_rsa/core_inst/result_mem/FE_OFN39_FE_DBTN31_n_9253 has 70 fanout
WARNING : Net u_crypto_synth_top/u_top/u_rsa/core_inst/result_mem/FE_OFN201_montprod_opa_addr_5 has 52 fanout
WARNING : Net u_crypto_synth_top/u_top/u_rsa/core_inst/result_mem/FE_OFN207_montprod_opa_addr_5 has 54 fanout
WARNING : Net u_crypto_synth_top/u_top/u_rsa/core_inst/result_mem/FE_OFN209_montprod_opa_addr_5 has 62 fanout
WARNING : Net u_crypto_synth_top/u_top/u_rsa/core_inst/result_mem/FE_OFN210_montprod_opa_addr_5 has 61 fanout
WARNING : Net u_crypto_synth_top/u_top/u_rsa/core_inst/result_mem/FE_OFN211_montprod_opa_addr_5 has 72 fanout
WARNING : Net u_crypto_synth_top/u_top/u_rsa/core_inst/result_mem/FE_OFN212_montprod_opa_addr_5 has 57 fanout
WARNING : Net u_crypto_synth_top/u_top/u_rsa/core_inst/result_mem/FE_OFN213_montprod_opa_addr_5 has 53 fanout
WARNING : Net u_crypto_synth_top/u_top/u_rsa/core_inst/result_mem/FE_OFN214_montprod_opa_addr_5 has 60 fanout
WARNING : Net u_crypto_synth_top/u_top/u_rsa/core_inst/result_mem/FE_OFN216_montprod_opa_addr_5 has 52 fanout
WARNING : Net u_crypto_synth_top/u_top/u_rsa/core_inst/result_mem/FE_OFN218_montprod_opa_addr_5 has 61 fanout
WARNING : Net u_crypto_synth_top/u_top/u_rsa/core_inst/result_mem/FE_OFN222_montprod_opa_addr_5 has 52 fanout
WARNING : Net u_crypto_synth_top/u_top/u_rsa/core_inst/result_mem/FE_OFN223_montprod_opa_addr_5 has 51 fanout
WARNING : Net u_crypto_synth_top/u_top/u_rsa/core_inst/result_mem/FE_OFN224_montprod_opa_addr_5 has 58 fanout
WARNING : Net u_crypto_synth_top/u_top/u_rsa/core_inst/result_mem/FE_OFN226_montprod_opa_addr_5 has 52 fanout
WARNING : Net u_crypto_synth_top/u_top/u_rsa/core_inst/result_mem/FE_OFN228_montprod_opa_addr_5 has 54 fanout
WARNING : Net u_crypto_synth_top/u_top/u_rsa/core_inst/result_mem/FE_OFN229_montprod_opa_addr_5 has 55 fanout
WARNING : Net u_crypto_synth_top/u_top/u_rsa/core_inst/result_mem/FE_OFN230_montprod_opa_addr_5 has 72 fanout
WARNING : Net u_crypto_synth_top/u_top/u_rsa/core_inst/result_mem/FE_OFN245_montprod_opa_addr_4 has 68 fanout
WARNING : Net u_crypto_synth_top/u_top/u_rsa/core_inst/result_mem/FE_OFN254_montprod_opa_addr_2 has 75 fanout
WARNING : Net u_crypto_synth_top/u_top/u_rsa/core_inst/result_mem/FE_OFN261_montprod_opa_addr_2 has 58 fanout
WARNING : Net u_crypto_synth_top/u_top/u_rsa/core_inst/result_mem/FE_OFN265_montprod_opa_addr_2 has 53 fanout
WARNING : Net u_crypto_synth_top/u_top/u_rsa/core_inst/result_mem/FE_OFN266_montprod_opa_addr_2 has 61 fanout
WARNING : Net u_crypto_synth_top/u_top/u_rsa/core_inst/result_mem/FE_OFN271_montprod_opa_addr_2 has 59 fanout
WARNING : Net u_crypto_synth_top/u_top/u_rsa/core_inst/result_mem/FE_OFN275_montprod_opa_addr_2 has 74 fanout
WARNING : Net u_crypto_synth_top/u_top/u_rsa/core_inst/result_mem/FE_OFN282_montprod_opa_addr_2 has 52 fanout
WARNING : Net u_crypto_synth_top/u_top/u_rsa/core_inst/result_mem/FE_OFN285_montprod_opa_addr_2 has 61 fanout
WARNING : Net u_crypto_synth_top/u_top/u_rsa/core_inst/result_mem/FE_OFN286_montprod_opa_addr_2 has 51 fanout
WARNING : Net u_crypto_synth_top/u_top/u_rsa/core_inst/result_mem/FE_OFN287_montprod_opa_addr_2 has 75 fanout
WARNING : Net u_crypto_synth_top/u_top/u_rsa/core_inst/result_mem/FE_OFN290_montprod_opa_addr_2 has 51 fanout
WARNING : Net u_crypto_synth_top/u_top/u_rsa/core_inst/result_mem/FE_OFN296_ptr_reg_3 has 64 fanout
WARNING : Net u_crypto_synth_top/u_top/u_rsa/core_inst/result_mem/FE_OFN304_ptr_reg_3 has 72 fanout
WARNING : Net u_crypto_synth_top/u_top/u_rsa/core_inst/result_mem/FE_OFN307_ptr_reg_3 has 74 fanout
WARNING : Net u_crypto_synth_top/u_top/u_rsa/core_inst/result_mem/FE_OFN308_ptr_reg_3 has 52 fanout
WARNING : Net u_crypto_synth_top/u_top/u_rsa/core_inst/result_mem/FE_OFN311_ptr_reg_3 has 54 fanout
WARNING : Net u_crypto_synth_top/u_top/u_rsa/core_inst/result_mem/FE_OFN314_ptr_reg_3 has 58 fanout
WARNING : Net u_crypto_synth_top/u_top/u_rsa/core_inst/result_mem/FE_OFN315_ptr_reg_3 has 71 fanout
WARNING : Net u_crypto_synth_top/u_top/u_rsa/core_inst/result_mem/FE_OFN333_n_9279 has 72 fanout
WARNING : Net u_crypto_synth_top/u_top/u_rsa/core_inst/result_mem/FE_OFN337_n_9279 has 57 fanout
WARNING : Net u_crypto_synth_top/u_top/u_rsa/core_inst/result_mem/FE_OFN338_n_9279 has 73 fanout
WARNING : Net u_crypto_synth_top/u_top/u_rsa/core_inst/result_mem/FE_OFN339_n_9279 has 72 fanout
WARNING : Net u_crypto_synth_top/u_top/u_rsa/core_inst/result_mem/FE_OFN344_n_9279 has 68 fanout
WARNING : Net u_crypto_synth_top/u_top/u_rsa/core_inst/result_mem/FE_OFN348_n_9279 has 67 fanout
WARNING : Net u_crypto_synth_top/u_top/u_rsa/core_inst/result_mem/FE_OFN352_n_9333 has 61 fanout
WARNING : Net u_crypto_synth_top/u_top/u_rsa/core_inst/result_mem/FE_OFN354_n_9333 has 63 fanout
WARNING : Net u_crypto_synth_top/u_top/u_rsa/core_inst/result_mem/FE_OFN355_n_9333 has 55 fanout
WARNING : Net u_crypto_synth_top/u_top/u_rsa/core_inst/result_mem/FE_OFN356_n_9333 has 62 fanout
WARNING : Net u_crypto_synth_top/u_top/u_rsa/core_inst/result_mem/FE_OFN357_n_9333 has 52 fanout
WARNING : Net u_crypto_synth_top/u_top/u_rsa/core_inst/result_mem/FE_OFN361_n_9333 has 55 fanout
WARNING : Net u_crypto_synth_top/u_top/u_rsa/core_inst/result_mem/FE_OFN362_n_9333 has 71 fanout
WARNING : Net u_crypto_synth_top/u_top/u_rsa/core_inst/result_mem/FE_OFN366_n_9333 has 52 fanout
WARNING : Net u_crypto_synth_top/u_top/u_rsa/core_inst/result_mem/FE_OFN367_n_9333 has 54 fanout
WARNING : Net u_crypto_synth_top/u_top/u_rsa/core_inst/result_mem/FE_OFN369_n_9333 has 54 fanout
WARNING : Net u_crypto_synth_top/u_top/u_rsa/core_inst/result_mem/FE_OFN371_n_9333 has 56 fanout
WARNING : Net u_crypto_synth_top/u_top/u_rsa/core_inst/result_mem/FE_OFN373_n_9333 has 54 fanout
WARNING : Net u_crypto_synth_top/u_top/u_rsa/core_inst/result_mem/FE_OFN377_n_9333 has 56 fanout
WARNING : Net u_crypto_synth_top/u_top/u_rsa/core_inst/result_mem/FE_OFN380_n_9333 has 51 fanout
WARNING : Net u_crypto_synth_top/u_top/u_rsa/core_inst/result_mem/FE_OFN388_n_9450 has 68 fanout
WARNING : Net u_crypto_synth_top/u_top/u_rsa/core_inst/result_mem/FE_OFN393_n_9450 has 52 fanout
WARNING : Net u_crypto_synth_top/u_top/u_rsa/core_inst/result_mem/FE_OFN403_n_9589 has 63 fanout
WARNING : Net u_crypto_synth_top/u_top/u_rsa/core_inst/result_mem/FE_OFN404_n_9589 has 59 fanout
WARNING : Net u_crypto_synth_top/u_top/u_rsa/core_inst/result_mem/FE_OFN405_n_9589 has 72 fanout
WARNING : Net u_crypto_synth_top/u_top/u_rsa/core_inst/result_mem/FE_OFN406_n_9589 has 62 fanout
WARNING : Net u_crypto_synth_top/u_top/u_rsa/core_inst/result_mem/FE_OFN408_n_9589 has 54 fanout
WARNING : Net u_crypto_synth_top/u_top/u_rsa/core_inst/result_mem/FE_OFN418_n_9589 has 54 fanout
WARNING : Net u_crypto_synth_top/u_top/u_rsa/core_inst/result_mem/FE_OFN419_n_9589 has 57 fanout
WARNING : Net u_crypto_synth_top/u_top/u_rsa/core_inst/result_mem/FE_OFN420_n_9589 has 52 fanout
WARNING : Net u_crypto_synth_top/u_top/u_rsa/core_inst/result_mem/FE_OFN422_n_9589 has 52 fanout
WARNING : Net u_crypto_synth_top/u_top/u_rsa/core_inst/result_mem/FE_OFN423_n_9589 has 55 fanout
WARNING : Net u_crypto_synth_top/u_top/u_rsa/core_inst/result_mem/FE_OFN425_n_9589 has 53 fanout
WARNING : Net u_crypto_synth_top/u_top/u_rsa/core_inst/result_mem/FE_OFN426_n_9589 has 74 fanout
WARNING : Net u_crypto_synth_top/u_top/u_rsa/core_inst/result_mem/FE_OFN431_n_9672 has 52 fanout
WARNING : Net u_crypto_synth_top/u_top/u_rsa/core_inst/result_mem/FE_OFN434_n_9672 has 53 fanout
WARNING : Net u_crypto_synth_top/u_top/u_rsa/core_inst/result_mem/FE_OFN436_n_9672 has 51 fanout
WARNING : Net u_crypto_synth_top/u_top/u_rsa/core_inst/result_mem/FE_OFN438_n_9672 has 53 fanout
WARNING : Net u_crypto_synth_top/u_top/u_rsa/core_inst/result_mem/FE_OFN439_n_9672 has 65 fanout
WARNING : Net u_crypto_synth_top/u_top/u_rsa/core_inst/result_mem/FE_OFN440_n_9672 has 60 fanout
WARNING : Net u_crypto_synth_top/u_top/u_rsa/core_inst/result_mem/FE_OFN441_n_9672 has 57 fanout
WARNING : Net u_crypto_synth_top/u_top/u_rsa/core_inst/result_mem/FE_OFN444_n_9672 has 54 fanout
WARNING : Net u_crypto_synth_top/u_top/u_rsa/core_inst/result_mem/FE_OFN445_n_9672 has 56 fanout
WARNING : Net u_crypto_synth_top/u_top/u_rsa/core_inst/result_mem/FE_OFN447_n_9672 has 55 fanout
WARNING : Net u_crypto_synth_top/u_top/u_rsa/core_inst/result_mem/FE_OFN449_n_9672 has 53 fanout
WARNING : Net u_crypto_synth_top/u_top/u_rsa/core_inst/result_mem/FE_OFN450_n_9672 has 60 fanout
WARNING : Net u_crypto_synth_top/u_top/u_rsa/core_inst/result_mem/FE_OFN456_n_9717 has 74 fanout
WARNING : Net u_crypto_synth_top/u_top/u_rsa/core_inst/result_mem/FE_OFN457_n_9717 has 54 fanout
WARNING : Net u_crypto_synth_top/u_top/u_rsa/core_inst/result_mem/FE_OFN462_n_9717 has 55 fanout
WARNING : Net u_crypto_synth_top/u_top/u_rsa/core_inst/result_mem/FE_OFN465_n_9717 has 63 fanout
WARNING : Net u_crypto_synth_top/u_top/u_rsa/core_inst/result_mem/FE_OFN468_n_9717 has 58 fanout
WARNING : Net u_crypto_synth_top/u_top/u_rsa/core_inst/result_mem/FE_OFN471_n_9768 has 66 fanout
WARNING : Net u_crypto_synth_top/u_top/u_rsa/core_inst/result_mem/FE_OFN474_n_9768 has 51 fanout
WARNING : Net u_crypto_synth_top/u_top/u_rsa/core_inst/result_mem/FE_OFN475_n_9768 has 51 fanout
WARNING : Net u_crypto_synth_top/u_top/u_rsa/core_inst/result_mem/FE_OFN476_n_9768 has 51 fanout
WARNING : Net u_crypto_synth_top/u_top/u_rsa/core_inst/result_mem/FE_OFN535_FE_DBTN12_n_9920 has 73 fanout
WARNING : Net u_crypto_synth_top/u_top/u_rsa/core_inst/result_mem/FE_OFN537_FE_DBTN12_n_9920 has 71 fanout
WARNING : Net u_crypto_synth_top/u_top/u_rsa/core_inst/result_mem/FE_OFN539_FE_DBTN12_n_9920 has 53 fanout
WARNING : Net u_crypto_synth_top/u_top/u_rsa/core_inst/result_mem/FE_OFN540_FE_DBTN12_n_9920 has 56 fanout
WARNING : Net u_crypto_synth_top/u_top/u_rsa/core_inst/result_mem/FE_OFN694_montprod_opa_addr_0 has 52 fanout
WARNING : Net u_crypto_synth_top/u_top/u_rsa/core_inst/result_mem/FE_OFN695_montprod_opa_addr_0 has 67 fanout
WARNING : Net u_crypto_synth_top/u_top/u_rsa/core_inst/result_mem/FE_OFN708_p_mem_wr_data_31 has 58 fanout
WARNING : Net u_crypto_synth_top/u_top/u_rsa/core_inst/result_mem/FE_OFN709_p_mem_wr_data_31 has 72 fanout
WARNING : Net u_crypto_synth_top/u_top/u_rsa/core_inst/result_mem/FE_OFN710_p_mem_wr_data_31 has 62 fanout
WARNING : Net u_crypto_synth_top/u_top/u_rsa/core_inst/result_mem/FE_OFN711_p_mem_wr_data_31 has 67 fanout
WARNING : Net u_crypto_synth_top/u_top/u_rsa/core_inst/result_mem/FE_OFN714_p_mem_wr_data_30 has 65 fanout
WARNING : Net u_crypto_synth_top/u_top/u_rsa/core_inst/result_mem/FE_OFN720_p_mem_wr_data_29 has 73 fanout
WARNING : Net u_crypto_synth_top/u_top/u_rsa/core_inst/result_mem/FE_OFN725_p_mem_wr_data_28 has 71 fanout
WARNING : Net u_crypto_synth_top/u_top/u_rsa/core_inst/result_mem/FE_OFN727_p_mem_wr_data_27 has 75 fanout
WARNING : Net u_crypto_synth_top/u_top/u_rsa/core_inst/result_mem/FE_OFN728_p_mem_wr_data_27 has 74 fanout
WARNING : Net u_crypto_synth_top/u_top/u_rsa/core_inst/result_mem/FE_OFN729_p_mem_wr_data_27 has 66 fanout
WARNING : Net u_crypto_synth_top/u_top/u_rsa/core_inst/result_mem/FE_OFN733_p_mem_wr_data_26 has 66 fanout
WARNING : Net u_crypto_synth_top/u_top/u_rsa/core_inst/result_mem/FE_OFN734_p_mem_wr_data_25 has 66 fanout
WARNING : Net u_crypto_synth_top/u_top/u_rsa/core_inst/result_mem/FE_OFN737_p_mem_wr_data_25 has 74 fanout
WARNING : Net u_crypto_synth_top/u_top/u_rsa/core_inst/result_mem/FE_OFN738_p_mem_wr_data_24 has 68 fanout
WARNING : Net u_crypto_synth_top/u_top/u_rsa/core_inst/result_mem/FE_OFN739_p_mem_wr_data_24 has 54 fanout
WARNING : Net u_crypto_synth_top/u_top/u_rsa/core_inst/result_mem/FE_OFN740_p_mem_wr_data_24 has 72 fanout
WARNING : Net u_crypto_synth_top/u_top/u_rsa/core_inst/result_mem/FE_OFN742_p_mem_wr_data_23 has 64 fanout
WARNING : Net u_crypto_synth_top/u_top/u_rsa/core_inst/result_mem/FE_OFN744_p_mem_wr_data_23 has 75 fanout
WARNING : Net u_crypto_synth_top/u_top/u_rsa/core_inst/result_mem/FE_OFN753_p_mem_wr_data_21 has 68 fanout
WARNING : Net u_crypto_synth_top/u_top/u_rsa/core_inst/result_mem/FE_OFN754_p_mem_wr_data_21 has 66 fanout
WARNING : Net u_crypto_synth_top/u_top/u_rsa/core_inst/result_mem/FE_OFN755_p_mem_wr_data_20 has 61 fanout
WARNING : Net u_crypto_synth_top/u_top/u_rsa/core_inst/result_mem/FE_OFN756_p_mem_wr_data_20 has 75 fanout
WARNING : Net u_crypto_synth_top/u_top/u_rsa/core_inst/result_mem/FE_OFN757_p_mem_wr_data_20 has 73 fanout
WARNING : Net u_crypto_synth_top/u_top/u_rsa/core_inst/result_mem/FE_OFN759_p_mem_wr_data_19 has 75 fanout
WARNING : Net u_crypto_synth_top/u_top/u_rsa/core_inst/result_mem/FE_OFN764_p_mem_wr_data_18 has 74 fanout
WARNING : Net u_crypto_synth_top/u_top/u_rsa/core_inst/result_mem/FE_OFN765_p_mem_wr_data_18 has 64 fanout
WARNING : Net u_crypto_synth_top/u_top/u_rsa/core_inst/result_mem/FE_OFN767_p_mem_wr_data_18 has 65 fanout
WARNING : Net u_crypto_synth_top/u_top/u_rsa/core_inst/result_mem/FE_OFN768_p_mem_wr_data_17 has 69 fanout
WARNING : Net u_crypto_synth_top/u_top/u_rsa/core_inst/result_mem/FE_OFN769_p_mem_wr_data_17 has 65 fanout
WARNING : Net u_crypto_synth_top/u_top/u_rsa/core_inst/result_mem/FE_OFN771_p_mem_wr_data_17 has 56 fanout
WARNING : Net u_crypto_synth_top/u_top/u_rsa/core_inst/result_mem/FE_OFN772_p_mem_wr_data_16 has 70 fanout
WARNING : Net u_crypto_synth_top/u_top/u_rsa/core_inst/result_mem/FE_OFN773_p_mem_wr_data_16 has 75 fanout
WARNING : Net u_crypto_synth_top/u_top/u_rsa/core_inst/result_mem/FE_OFN774_p_mem_wr_data_16 has 71 fanout
WARNING : Net u_crypto_synth_top/u_top/u_rsa/core_inst/result_mem/FE_OFN779_p_mem_wr_data_15 has 64 fanout
WARNING : Net u_crypto_synth_top/u_top/u_rsa/core_inst/result_mem/FE_OFN781_p_mem_wr_data_14 has 64 fanout
WARNING : Net u_crypto_synth_top/u_top/u_rsa/core_inst/result_mem/FE_OFN782_p_mem_wr_data_14 has 64 fanout
WARNING : Net u_crypto_synth_top/u_top/u_rsa/core_inst/result_mem/FE_OFN783_p_mem_wr_data_14 has 70 fanout
WARNING : Net u_crypto_synth_top/u_top/u_rsa/core_inst/result_mem/FE_OFN784_p_mem_wr_data_13 has 58 fanout
WARNING : Net u_crypto_synth_top/u_top/u_rsa/core_inst/result_mem/FE_OFN785_p_mem_wr_data_13 has 69 fanout
WARNING : Net u_crypto_synth_top/u_top/u_rsa/core_inst/result_mem/FE_OFN786_p_mem_wr_data_13 has 59 fanout
WARNING : Net u_crypto_synth_top/u_top/u_rsa/core_inst/result_mem/FE_OFN787_p_mem_wr_data_13 has 73 fanout
WARNING : Net u_crypto_synth_top/u_top/u_rsa/core_inst/result_mem/FE_OFN788_p_mem_wr_data_12 has 75 fanout
WARNING : Net u_crypto_synth_top/u_top/u_rsa/core_inst/result_mem/FE_OFN791_p_mem_wr_data_12 has 65 fanout
WARNING : Net u_crypto_synth_top/u_top/u_rsa/core_inst/result_mem/FE_OFN793_p_mem_wr_data_11 has 75 fanout
WARNING : Net u_crypto_synth_top/u_top/u_rsa/core_inst/result_mem/FE_OFN794_p_mem_wr_data_11 has 73 fanout
WARNING : Net u_crypto_synth_top/u_top/u_rsa/core_inst/result_mem/FE_OFN795_p_mem_wr_data_11 has 65 fanout
WARNING : Net u_crypto_synth_top/u_top/u_rsa/core_inst/result_mem/FE_OFN797_p_mem_wr_data_10 has 62 fanout
WARNING : Net u_crypto_synth_top/u_top/u_rsa/core_inst/result_mem/FE_OFN798_p_mem_wr_data_10 has 75 fanout
WARNING : Net u_crypto_synth_top/u_top/u_rsa/core_inst/result_mem/FE_OFN799_p_mem_wr_data_10 has 75 fanout
WARNING : Net u_crypto_synth_top/u_top/u_rsa/core_inst/result_mem/FE_OFN801_p_mem_wr_data_9 has 69 fanout
WARNING : Net u_crypto_synth_top/u_top/u_rsa/core_inst/result_mem/FE_OFN803_p_mem_wr_data_8 has 64 fanout
WARNING : Net u_crypto_synth_top/u_top/u_rsa/core_inst/result_mem/FE_OFN804_p_mem_wr_data_8 has 75 fanout
WARNING : Net u_crypto_synth_top/u_top/u_rsa/core_inst/result_mem/FE_OFN808_p_mem_wr_data_7 has 72 fanout
WARNING : Net u_crypto_synth_top/u_top/u_rsa/core_inst/result_mem/FE_OFN809_p_mem_wr_data_7 has 71 fanout
WARNING : Net u_crypto_synth_top/u_top/u_rsa/core_inst/result_mem/FE_OFN810_p_mem_wr_data_7 has 74 fanout
WARNING : Net u_crypto_synth_top/u_top/u_rsa/core_inst/result_mem/FE_OFN812_p_mem_wr_data_6 has 60 fanout
WARNING : Net u_crypto_synth_top/u_top/u_rsa/core_inst/result_mem/FE_OFN813_p_mem_wr_data_6 has 73 fanout
WARNING : Net u_crypto_synth_top/u_top/u_rsa/core_inst/result_mem/FE_OFN814_p_mem_wr_data_6 has 69 fanout
WARNING : Net u_crypto_synth_top/u_top/u_rsa/core_inst/result_mem/FE_OFN815_p_mem_wr_data_5 has 75 fanout
WARNING : Net u_crypto_synth_top/u_top/u_rsa/core_inst/result_mem/FE_OFN817_p_mem_wr_data_5 has 70 fanout
WARNING : Net u_crypto_synth_top/u_top/u_rsa/core_inst/result_mem/FE_OFN818_p_mem_wr_data_5 has 69 fanout
WARNING : Net u_crypto_synth_top/u_top/u_rsa/core_inst/result_mem/FE_OFN820_p_mem_wr_data_4 has 74 fanout
WARNING : Net u_crypto_synth_top/u_top/u_rsa/core_inst/result_mem/FE_OFN821_p_mem_wr_data_4 has 75 fanout
WARNING : Net u_crypto_synth_top/u_top/u_rsa/core_inst/result_mem/FE_OFN822_p_mem_wr_data_3 has 75 fanout
WARNING : Net u_crypto_synth_top/u_top/u_rsa/core_inst/result_mem/FE_OFN823_p_mem_wr_data_3 has 54 fanout
WARNING : Net u_crypto_synth_top/u_top/u_rsa/core_inst/result_mem/FE_OFN825_p_mem_wr_data_3 has 75 fanout
WARNING : Net u_crypto_synth_top/u_top/u_rsa/core_inst/result_mem/FE_OFN827_p_mem_wr_data_2 has 64 fanout
WARNING : Net u_crypto_synth_top/u_top/u_rsa/core_inst/result_mem/FE_OFN829_p_mem_wr_data_2 has 69 fanout
WARNING : Net u_crypto_synth_top/u_top/u_rsa/core_inst/result_mem/FE_OFN831_p_mem_wr_data_1 has 73 fanout
WARNING : Net u_crypto_synth_top/u_top/u_rsa/core_inst/result_mem/FE_OFN832_p_mem_wr_data_1 has 75 fanout
WARNING : Net u_crypto_synth_top/u_top/u_rsa/core_inst/result_mem/FE_OFN835_montprod_result_data_0 has 75 fanout
WARNING : Net u_crypto_synth_top/u_top/u_rsa/core_inst/result_mem/FE_OFN836_montprod_result_data_0 has 71 fanout
WARNING : Net u_crypto_synth_top/u_top/u_rsa/core_inst/result_mem/FE_OFN888_ptr_reg_0 has 63 fanout
WARNING : Net u_crypto_synth_top/u_top/u_rsa/core_inst/result_mem/FE_OFN890_n_9212 has 62 fanout
WARNING : Net u_crypto_synth_top/u_top/u_rsa/core_inst/result_mem/FE_OFN891_n_9212 has 75 fanout
WARNING : Net u_crypto_synth_top/u_top/u_rsa/core_inst/result_mem/FE_OFN896_n_9235 has 61 fanout
WARNING : Net u_crypto_synth_top/u_top/u_rsa/core_inst/result_mem/FE_OFN897_n_9235 has 64 fanout
WARNING : Net u_crypto_synth_top/u_top/u_rsa/core_inst/result_mem/FE_OFN898_n_9235 has 58 fanout
WARNING : Net u_crypto_synth_top/u_top/u_rsa/core_inst/result_mem/FE_OFN903_n_9253 has 63 fanout
WARNING : Net u_crypto_synth_top/u_top/u_rsa/core_inst/result_mem/FE_OFN906_n_9253 has 70 fanout
WARNING : Net u_crypto_synth_top/u_top/u_rsa/core_inst/result_mem/FE_OFN907_n_9287 has 56 fanout
WARNING : Net u_crypto_synth_top/u_top/u_rsa/core_inst/result_mem/FE_OFN913_n_9325 has 68 fanout
WARNING : Net u_crypto_synth_top/u_top/u_rsa/core_inst/result_mem/FE_OFN914_n_9325 has 72 fanout
WARNING : Net u_crypto_synth_top/u_top/u_rsa/core_inst/result_mem/FE_OFN919_n_9337 has 67 fanout
WARNING : Net u_crypto_synth_top/u_top/u_rsa/core_inst/result_mem/FE_OFN920_n_9337 has 67 fanout
WARNING : Net u_crypto_synth_top/u_top/u_rsa/core_inst/result_mem/FE_OFN921_n_9337 has 63 fanout
WARNING : Net u_crypto_synth_top/u_top/u_rsa/core_inst/result_mem/FE_OFN924_n_9364 has 74 fanout
WARNING : Net u_crypto_synth_top/u_top/u_rsa/core_inst/result_mem/FE_OFN926_n_9364 has 75 fanout
WARNING : Net u_crypto_synth_top/u_top/u_rsa/core_inst/result_mem/FE_OFN930_n_9394 has 67 fanout
WARNING : Net u_crypto_synth_top/u_top/u_rsa/core_inst/result_mem/FE_OFN934_n_9394 has 69 fanout
WARNING : Net u_crypto_synth_top/u_top/u_rsa/core_inst/result_mem/FE_OFN936_n_9469 has 74 fanout
WARNING : Net u_crypto_synth_top/u_top/u_rsa/core_inst/result_mem/FE_OFN937_n_9469 has 64 fanout
WARNING : Net u_crypto_synth_top/u_top/u_rsa/core_inst/result_mem/FE_OFN938_n_9491 has 63 fanout
WARNING : Net u_crypto_synth_top/u_top/u_rsa/core_inst/result_mem/FE_OFN939_n_9491 has 67 fanout
WARNING : Net u_crypto_synth_top/u_top/u_rsa/core_inst/result_mem/FE_OFN943_n_9491 has 68 fanout
WARNING : Net u_crypto_synth_top/u_top/u_rsa/core_inst/result_mem/FE_OFN944_n_9516 has 72 fanout
WARNING : Net u_crypto_synth_top/u_top/u_rsa/core_inst/result_mem/FE_OFN946_n_9516 has 74 fanout
WARNING : Net u_crypto_synth_top/u_top/u_rsa/core_inst/result_mem/FE_OFN951_n_9526 has 58 fanout
WARNING : Net u_crypto_synth_top/u_top/u_rsa/core_inst/result_mem/FE_OFN954_n_9555 has 51 fanout
WARNING : Net u_crypto_synth_top/u_top/u_rsa/core_inst/result_mem/FE_OFN955_n_9555 has 54 fanout
WARNING : Net u_crypto_synth_top/u_top/u_rsa/core_inst/result_mem/FE_OFN960_n_9600 has 53 fanout
WARNING : Net u_crypto_synth_top/u_top/u_rsa/core_inst/result_mem/FE_OFN961_n_9600 has 57 fanout
WARNING : Net u_crypto_synth_top/u_top/u_rsa/core_inst/result_mem/FE_OFN964_n_9615 has 61 fanout
WARNING : Net u_crypto_synth_top/u_top/u_rsa/core_inst/result_mem/FE_OFN966_n_9615 has 74 fanout
WARNING : Net u_crypto_synth_top/u_top/u_rsa/core_inst/result_mem/FE_OFN967_n_9630 has 60 fanout
WARNING : Net u_crypto_synth_top/u_top/u_rsa/core_inst/result_mem/FE_OFN968_n_9630 has 63 fanout
WARNING : Net u_crypto_synth_top/u_top/u_rsa/core_inst/result_mem/FE_OFN970_n_9637 has 72 fanout
WARNING : Net u_crypto_synth_top/u_top/u_rsa/core_inst/result_mem/FE_OFN973_n_9659 has 63 fanout
WARNING : Net u_crypto_synth_top/u_top/u_rsa/core_inst/result_mem/FE_OFN975_n_9659 has 62 fanout
WARNING : Net u_crypto_synth_top/u_top/u_rsa/core_inst/result_mem/FE_OFN976_n_9659 has 71 fanout
WARNING : Net u_crypto_synth_top/u_top/u_rsa/core_inst/result_mem/FE_OFN980_n_9780 has 67 fanout
WARNING : Net u_crypto_synth_top/u_top/u_rsa/core_inst/result_mem/FE_OFN985_n_9812 has 74 fanout
WARNING : Net u_crypto_synth_top/u_top/u_rsa/core_inst/result_mem/FE_OFN986_n_9812 has 64 fanout
WARNING : Net u_crypto_synth_top/u_top/u_rsa/core_inst/result_mem/FE_OFN988_n_9812 has 75 fanout
WARNING : Net u_crypto_synth_top/u_top/u_rsa/core_inst/result_mem/FE_OFN989_n_9812 has 51 fanout
WARNING : Net u_crypto_synth_top/u_top/u_rsa/core_inst/result_mem/FE_OFN996_n_9895 has 74 fanout
WARNING : Net u_crypto_synth_top/u_top/u_rsa/core_inst/result_mem/FE_OFN998_n_9912 has 72 fanout
WARNING : Net u_crypto_synth_top/u_top/u_rsa/core_inst/result_mem/FE_OFN999_n_9912 has 71 fanout
WARNING : Net u_crypto_synth_top/u_top/u_rsa/core_inst/result_mem/FE_OFN1000_n_9912 has 70 fanout
WARNING : Net u_crypto_synth_top/u_top/u_rsa/core_inst/result_mem/FE_OFN1003_n_9940 has 63 fanout
WARNING : Net u_crypto_synth_top/u_top/u_rsa/core_inst/result_mem/FE_OFN1006_n_9940 has 73 fanout
WARNING : Net u_crypto_synth_top/u_top/u_rsa/core_inst/result_mem/FE_OFN1007_n_9940 has 62 fanout
WARNING : Net u_crypto_synth_top/u_top/u_rsa/core_inst/result_mem/FE_OFN1042_FE_DBTN47_n_9526 has 54 fanout
WARNING : Net u_crypto_synth_top/u_top/u_rsa/core_inst/result_mem/FE_OFN1043_FE_DBTN47_n_9526 has 51 fanout
WARNING : Net u_crypto_synth_top/u_top/u_rsa/core_inst/result_mem/FE_OFN1044_FE_DBTN46_n_9516 has 66 fanout
WARNING : Net u_crypto_synth_top/u_top/u_rsa/core_inst/result_mem/FE_OFN1046_FE_DBTN46_n_9516 has 72 fanout
WARNING : Net u_crypto_synth_top/u_top/u_rsa/core_inst/result_mem/FE_OFN1048_FE_DBTN46_n_9516 has 63 fanout
WARNING : Net u_crypto_synth_top/u_top/u_rsa/core_inst/result_mem/FE_OFN1050_FE_DBTN45_n_9491 has 57 fanout
WARNING : Net u_crypto_synth_top/u_top/u_rsa/core_inst/result_mem/FE_OFN1052_FE_DBTN45_n_9491 has 68 fanout
WARNING : Net u_crypto_synth_top/u_top/u_rsa/core_inst/result_mem/FE_OFN1054_FE_DBTN45_n_9491 has 70 fanout
WARNING : Net u_crypto_synth_top/u_top/u_rsa/core_inst/result_mem/FE_OFN1057_FE_DBTN44_n_9469 has 75 fanout
WARNING : Net u_crypto_synth_top/u_top/u_rsa/core_inst/result_mem/FE_OFN1065_FE_DBTN42_n_9780 has 65 fanout
WARNING : Net u_crypto_synth_top/u_top/u_rsa/core_inst/result_mem/FE_OFN1066_FE_DBTN42_n_9780 has 62 fanout
WARNING : Net u_crypto_synth_top/u_top/u_rsa/core_inst/result_mem/FE_OFN1067_FE_DBTN42_n_9780 has 67 fanout
WARNING : Net u_crypto_synth_top/u_top/u_rsa/core_inst/result_mem/FE_OFN1085_FE_DBTN30_n_9235 has 75 fanout
WARNING : Net u_crypto_synth_top/u_top/u_rsa/core_inst/result_mem/FE_OFN1086_FE_DBTN30_n_9235 has 60 fanout
WARNING : Net u_crypto_synth_top/u_top/u_rsa/core_inst/result_mem/FE_OFN1088_FE_DBTN29_n_9668 has 69 fanout
WARNING : Net u_crypto_synth_top/u_top/u_rsa/core_inst/result_mem/FE_OFN1089_FE_DBTN29_n_9668 has 52 fanout
WARNING : Net u_crypto_synth_top/u_top/u_rsa/core_inst/result_mem/FE_OFN1093_FE_DBTN27_n_9659 has 63 fanout
WARNING : Net u_crypto_synth_top/u_top/u_rsa/core_inst/result_mem/FE_OFN1099_FE_DBTN14_n_10402 has 59 fanout
WARNING : Net u_crypto_synth_top/u_top/u_rsa/core_inst/result_mem/FE_OFN1102_FE_DBTN11_n_9940 has 62 fanout
WARNING : Net u_crypto_synth_top/u_top/u_rsa/core_inst/result_mem/FE_OFN1103_FE_DBTN11_n_9940 has 71 fanout
WARNING : Net u_crypto_synth_top/u_top/u_rsa/core_inst/result_mem/FE_OFN1109_FE_DBTN5_montprod_opa_addr_0 has 62 fanout
WARNING : Net u_crypto_synth_top/u_top/u_rsa/core_inst/result_mem/FE_OFN1181_n_9841 has 57 fanout
WARNING : Net u_crypto_synth_top/u_top/u_rsa/core_inst/result_mem/FE_OFN1182_n_9841 has 52 fanout
WARNING : Net u_crypto_synth_top/u_top/u_rsa/core_inst/result_mem/FE_OFN1184_n_9841 has 53 fanout
WARNING : Net u_crypto_synth_top/u_top/u_rsa/core_inst/result_mem/FE_OFN1185_n_9841 has 59 fanout
WARNING : Net u_crypto_synth_top/u_top/u_rsa/core_inst/result_mem/FE_OFN1187_n_9851 has 74 fanout
WARNING : Net u_crypto_synth_top/u_top/u_rsa/core_inst/result_mem/FE_OFN1207_FE_DBTN23_n_9141 has 63 fanout
WARNING : Net u_crypto_synth_top/u_top/u_rsa/core_inst/result_mem/FE_OFN1209_FE_DBTN22_n_9142 has 65 fanout
WARNING : Net u_crypto_synth_top/u_top/u_rsa/core_inst/result_mem/FE_OFN1235_n_9830 has 64 fanout
WARNING : Net u_crypto_synth_top/u_top/u_rsa/core_inst/result_mem/FE_OFN1240_n_9877 has 57 fanout
WARNING : Net u_crypto_synth_top/u_top/u_rsa/core_inst/result_mem/FE_OFN1242_n_9881 has 75 fanout
WARNING : Net u_crypto_synth_top/u_top/u_rsa/core_inst/result_mem/FE_OFN1262_FE_DBTN18_n_9830 has 68 fanout
WARNING : Net u_crypto_synth_top/u_top/u_rsa/core_inst/result_mem/FE_OFN1263_FE_DBTN15_n_9861 has 73 fanout
WARNING : Net u_crypto_synth_top/u_top/u_rsa/core_inst/result_mem/FE_OFN1466_FE_DBTN18_n_9830 has 56 fanout
WARNING : Net u_crypto_synth_top/u_top/u_rsa/core_inst/result_mem/FE_OFN10417_n has 58 fanout
WARNING : Net u_crypto_synth_top/u_top/u_rsa/core_inst/result_mem/FE_OFN10420_n has 56 fanout
WARNING : Net u_crypto_synth_top/u_top/u_rsa/core_inst/result_mem/FE_RN_1 has 71 fanout
WARNING : Net u_crypto_synth_top/u_top/u_rsa/core_inst/result_mem/FE_OFN10428_n_9212 has 68 fanout
WARNING : Net u_crypto_synth_top/u_top/u_rsa/core_inst/result_mem/FE_RN_3 has 65 fanout
WARNING : Net u_crypto_synth_top/u_top/u_rsa/core_inst/result_mem/FE_RN_4 has 64 fanout
WARNING : Net u_crypto_synth_top/u_top/u_rsa/core_inst/result_mem/FE_RN_5 has 64 fanout
WARNING : Net u_crypto_synth_top/u_top/u_rsa/core_inst/result_mem/FE_RN_6 has 72 fanout
WARNING : Net u_crypto_synth_top/u_top/u_rsa/core_inst/result_mem/FE_RN_7 has 64 fanout
WARNING : Net u_crypto_synth_top/u_top/u_rsa/core_inst/result_mem/FE_RN_8 has 64 fanout
WARNING : Net u_crypto_synth_top/u_top/u_rsa/core_inst/result_mem/FE_OFN10440_p_mem_wr_data_17 has 64 fanout
WARNING : Net u_crypto_synth_top/u_top/u_rsa/core_inst/result_mem/FE_RN_9 has 75 fanout
WARNING : Net u_crypto_synth_top/u_top/u_rsa/core_inst/result_mem/FE_OFN10462_FE_OFN1186_n_9851 has 63 fanout
WARNING : Net u_crypto_synth_top/u_top/u_rsa/core_inst/result_mem/FE_OFN10464_FE_OFN1067_FE_DBTN42_n_9780 has 63 fanout
WARNING : Net u_crypto_synth_top/u_top/u_rsa/core_inst/result_mem/FE_OFN10466_FE_OFN778_p_mem_wr_data_15 has 63 fanout
WARNING : Net u_crypto_synth_top/u_top/u_rsa/core_inst/result_mem/FE_OFN10467_FE_OFN731_p_mem_wr_data_26 has 66 fanout
WARNING : Net u_crypto_synth_top/u_top/u_rsa/core_inst/result_mem/FE_OFN10468_FE_OFN731_p_mem_wr_data_26 has 63 fanout
WARNING : Net u_crypto_synth_top/u_top/u_rsa/core_inst/result_mem/FE_OFN10493_FE_OFN295_ptr_reg_3 has 58 fanout
WARNING : Net u_crypto_synth_top/u_top/u_rsa/core_inst/result_mem/FE_OFN10528_FE_DBTN30_n_9235 has 63 fanout
WARNING : Net u_crypto_synth_top/u_top/u_rsa/core_inst/result_mem/FE_OFN10529_FE_DBTN26_n_9644 has 62 fanout
WARNING : Net u_crypto_synth_top/u_top/u_rsa/core_inst/result_mem/FE_OFN10535_FE_DBTN12_n_9920 has 69 fanout
WARNING : Net u_crypto_synth_top/u_top/u_rsa/core_inst/result_mem/FE_OFN10536_FE_DBTN11_n_9940 has 51 fanout
WARNING : Net u_crypto_synth_top/u_top/u_rsa/core_inst/result_mem/FE_OFN10553_p_mem_wr_data_28 has 62 fanout
WARNING : Net u_crypto_synth_top/u_top/u_rsa/core_inst/result_mem/FE_OFN10554_p_mem_wr_data_28 has 53 fanout
WARNING : Net u_crypto_synth_top/u_top/u_rsa/core_inst/result_mem/FE_OFN10555_p_mem_wr_data_28 has 73 fanout
WARNING : Net u_crypto_synth_top/u_top/u_rsa/core_inst/result_mem/FE_OFN10557_p_mem_wr_data_24 has 65 fanout
WARNING : Net u_crypto_synth_top/u_top/u_rsa/core_inst/result_mem/FE_OFN10558_p_mem_wr_data_23 has 55 fanout
WARNING : Net u_crypto_synth_top/u_top/u_rsa/core_inst/result_mem/FE_OFN10559_p_mem_wr_data_23 has 65 fanout
WARNING : Net u_crypto_synth_top/u_top/u_rsa/core_inst/result_mem/FE_OFN10562_p_mem_wr_data_21 has 75 fanout
WARNING : Net u_crypto_synth_top/u_top/u_rsa/core_inst/result_mem/FE_OFN10565_p_mem_wr_data_18 has 56 fanout
WARNING : Net u_crypto_synth_top/u_top/u_rsa/core_inst/result_mem/FE_OFN10567_p_mem_wr_data_14 has 61 fanout
WARNING : Net u_crypto_synth_top/u_top/u_rsa/core_inst/result_mem/FE_OFN10568_p_mem_wr_data_12 has 54 fanout
WARNING : Net u_crypto_synth_top/u_top/u_rsa/core_inst/result_mem/FE_OFN10572_p_mem_wr_data_9 has 60 fanout
WARNING : Net u_crypto_synth_top/u_top/u_rsa/core_inst/result_mem/FE_OFN10574_p_mem_wr_data_8 has 55 fanout
WARNING : Net u_crypto_synth_top/u_top/u_rsa/core_inst/result_mem/FE_OFN10575_p_mem_wr_data_8 has 65 fanout
WARNING : Net u_crypto_synth_top/u_top/u_rsa/core_inst/result_mem/FE_OFN10577_p_mem_wr_data_6 has 57 fanout
WARNING : Net u_crypto_synth_top/u_top/u_rsa/core_inst/result_mem/FE_OFN10579_p_mem_wr_data_4 has 75 fanout
WARNING : Net u_crypto_synth_top/u_top/u_rsa/core_inst/result_mem/FE_OFN10580_p_mem_wr_data_2 has 75 fanout
WARNING : Net u_crypto_synth_top/u_top/u_rsa/core_inst/result_mem/FE_OFN10582_p_mem_wr_data_1 has 68 fanout
WARNING : Net u_crypto_synth_top/u_top/u_rsa/core_inst/result_mem/FE_OFN10611_n_9325 has 55 fanout
WARNING : Net u_crypto_synth_top/u_top/u_rsa/core_inst/result_mem/FE_OFN10612_n_9337 has 66 fanout
WARNING : Net u_crypto_synth_top/u_top/u_rsa/core_inst/result_mem/FE_OFN10613_n_9364 has 68 fanout
WARNING : Net u_crypto_synth_top/u_top/u_rsa/core_inst/result_mem/FE_OFN10614_n_9364 has 53 fanout
WARNING : Net u_crypto_synth_top/u_top/u_rsa/core_inst/result_mem/FE_OFN10616_n_9394 has 70 fanout
WARNING : Net u_crypto_synth_top/u_top/u_rsa/core_inst/result_mem/FE_OFN10617_n_9469 has 52 fanout
WARNING : Net u_crypto_synth_top/u_top/u_rsa/core_inst/result_mem/FE_OFN10621_n_9516 has 63 fanout
WARNING : Net u_crypto_synth_top/u_top/u_rsa/core_inst/result_mem/FE_OFN10622_n_9526 has 52 fanout
WARNING : Net u_crypto_synth_top/u_top/u_rsa/core_inst/result_mem/FE_OFN10629_n_9780 has 64 fanout
WARNING : Net u_crypto_synth_top/u_top/u_rsa/core_inst/result_mem/FE_OFN10631_n_9830 has 61 fanout
WARNING : Net u_crypto_synth_top/u_top/u_rsa/core_inst/result_mem/FE_OFN10632_n_9841 has 75 fanout
WARNING : Net u_crypto_synth_top/u_top/u_rsa/core_inst/result_mem/FE_OFN10633_n_9841 has 75 fanout
WARNING : Net u_crypto_synth_top/u_top/u_rsa/core_inst/result_mem/FE_OFN10655_FE_DBTN12_n_9920 has 75 fanout
WARNING : Net u_crypto_synth_top/u_top/u_rsa/core_inst/result_mem/CTS_40 has 100 fanout
WARNING : Net u_crypto_synth_top/u_top/u_rsa/core_inst/result_mem/CTS_41 has 100 fanout
WARNING : Net u_crypto_synth_top/u_top/u_rsa/core_inst/result_mem/CTS_1 has 100 fanout
WARNING : Net u_crypto_synth_top/u_top/u_rsa/core_inst/result_mem/CTS_2 has 100 fanout
WARNING : Net u_crypto_synth_top/u_top/u_rsa/core_inst/result_mem/CTS_3 has 100 fanout
WARNING : Net u_crypto_synth_top/u_top/u_rsa/core_inst/result_mem/CTS_4 has 100 fanout
WARNING : Net u_crypto_synth_top/u_top/u_rsa/core_inst/result_mem/CTS_5 has 100 fanout
WARNING : Net u_crypto_synth_top/u_top/u_rsa/core_inst/result_mem/CTS_6 has 100 fanout
WARNING : Net u_crypto_synth_top/u_top/u_rsa/core_inst/result_mem/CTS_7 has 100 fanout
WARNING : Net u_crypto_synth_top/u_top/u_rsa/core_inst/result_mem/CTS_8 has 100 fanout
WARNING : Net u_crypto_synth_top/u_top/u_rsa/core_inst/result_mem/CTS_9 has 100 fanout
WARNING : Net u_crypto_synth_top/u_top/u_rsa/core_inst/result_mem/CTS_10 has 100 fanout
WARNING : Net u_crypto_synth_top/u_top/u_rsa/core_inst/result_mem/CTS_11 has 100 fanout
WARNING : Net u_crypto_synth_top/u_top/u_rsa/core_inst/result_mem/CTS_12 has 100 fanout
WARNING : Net u_crypto_synth_top/u_top/u_rsa/core_inst/result_mem/CTS_13 has 100 fanout
WARNING : Net u_crypto_synth_top/u_top/u_rsa/core_inst/result_mem/CTS_14 has 100 fanout
WARNING : Net u_crypto_synth_top/u_top/u_rsa/core_inst/result_mem/CTS_15 has 100 fanout
WARNING : Net u_crypto_synth_top/u_top/u_rsa/core_inst/result_mem/CTS_16 has 100 fanout
WARNING : Net u_crypto_synth_top/u_top/u_rsa/core_inst/result_mem/CTS_17 has 100 fanout
WARNING : Net u_crypto_synth_top/u_top/u_rsa/core_inst/result_mem/CTS_18 has 100 fanout
WARNING : Net u_crypto_synth_top/u_top/u_rsa/core_inst/result_mem/CTS_19 has 100 fanout
WARNING : Net u_crypto_synth_top/u_top/u_rsa/core_inst/result_mem/CTS_20 has 100 fanout
WARNING : Net u_crypto_synth_top/u_top/u_rsa/core_inst/result_mem/CTS_21 has 100 fanout
WARNING : Net u_crypto_synth_top/u_top/u_rsa/core_inst/result_mem/CTS_22 has 100 fanout
WARNING : Net u_crypto_synth_top/u_top/u_rsa/core_inst/result_mem/CTS_23 has 100 fanout
WARNING : Net u_crypto_synth_top/u_top/u_rsa/core_inst/result_mem/CTS_24 has 100 fanout
WARNING : Net u_crypto_synth_top/u_top/u_rsa/core_inst/result_mem/CTS_25 has 100 fanout
WARNING : Net u_crypto_synth_top/u_top/u_rsa/core_inst/result_mem/CTS_26 has 99 fanout
WARNING : Net u_crypto_synth_top/u_top/u_rsa/core_inst/result_mem/CTS_27 has 100 fanout
WARNING : Net u_crypto_synth_top/u_top/u_rsa/core_inst/result_mem/CTS_28 has 100 fanout
WARNING : Net u_crypto_synth_top/u_top/u_rsa/core_inst/result_mem/CTS_29 has 100 fanout
WARNING : Net u_crypto_synth_top/u_top/u_rsa/core_inst/result_mem/CTS_30 has 100 fanout
WARNING : Net u_crypto_synth_top/u_top/u_rsa/core_inst/result_mem/CTS_31 has 100 fanout
WARNING : Net u_crypto_synth_top/u_top/u_rsa/core_inst/result_mem/CTS_32 has 100 fanout
WARNING : Net u_crypto_synth_top/u_top/u_rsa/core_inst/result_mem/CTS_33 has 100 fanout
WARNING : Net u_crypto_synth_top/u_top/u_rsa/core_inst/result_mem/CTS_34 has 100 fanout
WARNING : Net u_crypto_synth_top/u_top/u_rsa/core_inst/result_mem/CTS_35 has 100 fanout
WARNING : Net u_crypto_synth_top/u_top/u_rsa/core_inst/result_mem/CTS_36 has 100 fanout
WARNING : Net u_crypto_synth_top/u_top/u_rsa/core_inst/result_mem/CTS_37 has 99 fanout
WARNING : Net u_crypto_synth_top/u_top/u_rsa/core_inst/result_mem/CTS_38 has 100 fanout
WARNING : Net u_crypto_synth_top/u_top/u_rsa/core_inst/result_mem/CTS_77 has 100 fanout
WARNING : Net u_crypto_synth_top/u_top/u_rsa/core_inst/result_mem/CTS_78 has 100 fanout
WARNING : Net u_crypto_synth_top/u_top/u_rsa/core_inst/result_mem/CTS_42 has 100 fanout
WARNING : Net u_crypto_synth_top/u_top/u_rsa/core_inst/result_mem/CTS_43 has 99 fanout
WARNING : Net u_crypto_synth_top/u_top/u_rsa/core_inst/result_mem/CTS_44 has 97 fanout
WARNING : Net u_crypto_synth_top/u_top/u_rsa/core_inst/result_mem/CTS_45 has 100 fanout
WARNING : Net u_crypto_synth_top/u_top/u_rsa/core_inst/result_mem/CTS_46 has 95 fanout
WARNING : Net u_crypto_synth_top/u_top/u_rsa/core_inst/result_mem/CTS_47 has 100 fanout
WARNING : Net u_crypto_synth_top/u_top/u_rsa/core_inst/result_mem/CTS_48 has 99 fanout
WARNING : Net u_crypto_synth_top/u_top/u_rsa/core_inst/result_mem/CTS_49 has 100 fanout
WARNING : Net u_crypto_synth_top/u_top/u_rsa/core_inst/result_mem/CTS_50 has 100 fanout
WARNING : Net u_crypto_synth_top/u_top/u_rsa/core_inst/result_mem/CTS_51 has 100 fanout
WARNING : Net u_crypto_synth_top/u_top/u_rsa/core_inst/result_mem/CTS_52 has 100 fanout
WARNING : Net u_crypto_synth_top/u_top/u_rsa/core_inst/result_mem/CTS_53 has 99 fanout
WARNING : Net u_crypto_synth_top/u_top/u_rsa/core_inst/result_mem/CTS_54 has 100 fanout
WARNING : Net u_crypto_synth_top/u_top/u_rsa/core_inst/result_mem/CTS_55 has 100 fanout
WARNING : Net u_crypto_synth_top/u_top/u_rsa/core_inst/result_mem/CTS_56 has 100 fanout
WARNING : Net u_crypto_synth_top/u_top/u_rsa/core_inst/result_mem/CTS_57 has 100 fanout
WARNING : Net u_crypto_synth_top/u_top/u_rsa/core_inst/result_mem/CTS_58 has 100 fanout
WARNING : Net u_crypto_synth_top/u_top/u_rsa/core_inst/result_mem/CTS_59 has 100 fanout
WARNING : Net u_crypto_synth_top/u_top/u_rsa/core_inst/result_mem/CTS_60 has 99 fanout
WARNING : Net u_crypto_synth_top/u_top/u_rsa/core_inst/result_mem/CTS_61 has 100 fanout
WARNING : Net u_crypto_synth_top/u_top/u_rsa/core_inst/result_mem/CTS_62 has 100 fanout
WARNING : Net u_crypto_synth_top/u_top/u_rsa/core_inst/result_mem/CTS_63 has 100 fanout
WARNING : Net u_crypto_synth_top/u_top/u_rsa/core_inst/result_mem/CTS_64 has 100 fanout
WARNING : Net u_crypto_synth_top/u_top/u_rsa/core_inst/result_mem/CTS_65 has 100 fanout
WARNING : Net u_crypto_synth_top/u_top/u_rsa/core_inst/result_mem/CTS_66 has 100 fanout
WARNING : Net u_crypto_synth_top/u_top/u_rsa/core_inst/result_mem/CTS_67 has 100 fanout
WARNING : Net u_crypto_synth_top/u_top/u_rsa/core_inst/result_mem/CTS_68 has 99 fanout
WARNING : Net u_crypto_synth_top/u_top/u_rsa/core_inst/result_mem/CTS_69 has 96 fanout
WARNING : Net u_crypto_synth_top/u_top/u_rsa/core_inst/result_mem/CTS_70 has 100 fanout
WARNING : Net u_crypto_synth_top/u_top/u_rsa/core_inst/result_mem/CTS_71 has 100 fanout
WARNING : Net u_crypto_synth_top/u_top/u_rsa/core_inst/result_mem/CTS_72 has 100 fanout
WARNING : Net u_crypto_synth_top/u_top/u_rsa/core_inst/result_mem/CTS_73 has 98 fanout
WARNING : Net u_crypto_synth_top/u_top/u_rsa/core_inst/result_mem/CTS_74 has 100 fanout
WARNING : Net u_crypto_synth_top/u_top/u_rsa/core_inst/result_mem/CTS_75 has 100 fanout
WARNING : Net u_crypto_synth_top/u_top/u_rsa/core_inst/residue_mem/FE_DBTN41_residue_opa_rd_addr_4 has 69 fanout
WARNING : Net u_crypto_synth_top/u_top/u_rsa/core_inst/residue_mem/FE_OFN838_residue_opa_rd_addr_4 has 75 fanout
WARNING : Net u_crypto_synth_top/u_top/u_rsa/core_inst/residue_mem/FE_OFN839_residue_opa_rd_addr_4 has 75 fanout
WARNING : Net u_crypto_synth_top/u_top/u_rsa/core_inst/residue_mem/FE_OFN840_residue_opa_rd_addr_4 has 75 fanout
WARNING : Net u_crypto_synth_top/u_top/u_rsa/core_inst/residue_mem/FE_OFN841_residue_opa_rd_addr_4 has 74 fanout
WARNING : Net u_crypto_synth_top/u_top/u_rsa/core_inst/residue_mem/FE_OFN842_residue_opa_rd_addr_4 has 75 fanout
WARNING : Net u_crypto_synth_top/u_top/u_rsa/core_inst/residue_mem/FE_OFN843_residue_opa_rd_addr_4 has 75 fanout
WARNING : Net u_crypto_synth_top/u_top/u_rsa/core_inst/residue_mem/FE_OFN1069_FE_DBTN41_residue_opa_rd_addr_4 has 70 fanout
WARNING : Net u_crypto_synth_top/u_top/u_rsa/core_inst/residue_mem/FE_OFN1070_FE_DBTN41_residue_opa_rd_addr_4 has 69 fanout
WARNING : Net u_crypto_synth_top/u_top/u_rsa/core_inst/residue_mem/FE_OFN1071_FE_DBTN41_residue_opa_rd_addr_4 has 66 fanout
WARNING : Net u_crypto_synth_top/u_top/u_rsa/core_inst/residue_mem/FE_OFN1072_FE_DBTN41_residue_opa_rd_addr_4 has 73 fanout
WARNING : Net u_crypto_synth_top/u_top/u_rsa/core_inst/residue_mem/FE_OFN1074_FE_DBTN41_residue_opa_rd_addr_4 has 71 fanout
WARNING : Net u_crypto_synth_top/u_top/u_rsa/core_inst/residue_mem/FE_OFN1140_residue_opa_rd_addr_3 has 75 fanout
WARNING : Net u_crypto_synth_top/u_top/u_rsa/core_inst/residue_mem/FE_OFN1141_residue_opa_rd_addr_3 has 68 fanout
WARNING : Net u_crypto_synth_top/u_top/u_rsa/core_inst/residue_mem/FE_OFN1170_n_1083 has 65 fanout
WARNING : Net u_crypto_synth_top/u_top/u_rsa/core_inst/residue_mem/FE_OFN1171_n_1083 has 64 fanout
WARNING : Net u_crypto_synth_top/u_top/u_rsa/core_inst/residue_mem/FE_OFN1173_n_1120 has 65 fanout
WARNING : Net u_crypto_synth_top/u_top/u_rsa/core_inst/residue_mem/FE_OFN1174_n_1131 has 75 fanout
WARNING : Net u_crypto_synth_top/u_top/u_rsa/core_inst/residue_mem/FE_OFN1205_FE_DBTN33_n_1174 has 59 fanout
WARNING : Net u_crypto_synth_top/u_top/u_rsa/core_inst/residue_mem/FE_OFN1206_FE_DBTN33_n_1174 has 62 fanout
WARNING : Net u_crypto_synth_top/u_top/u_rsa/core_inst/residue_mem/FE_OFN1231_n_1110 has 67 fanout
WARNING : Net u_crypto_synth_top/u_top/u_rsa/core_inst/residue_mem/FE_OFN1232_n_1110 has 61 fanout
WARNING : Net u_crypto_synth_top/u_top/u_rsa/core_inst/residue_mem/FE_OFN10521_FE_DBTN41_residue_opa_rd_addr_4 has 60 fanout
WARNING : Net u_crypto_synth_top/u_top/u_rsa/core_inst/residue_mem/FE_OFN10605_n_1120 has 59 fanout
WARNING : Net u_crypto_synth_top/u_top/u_rsa/core_inst/residue_mem/FE_OFN10607_n_1131 has 56 fanout
WARNING : Net u_crypto_synth_top/u_top/u_rsa/core_inst/residue_mem/FE_OFN10652_n_1110 has 63 fanout
WARNING : Net u_crypto_synth_top/u_top/u_rsa/core_inst/residue_mem/CTS_9 has 100 fanout
WARNING : Net u_crypto_synth_top/u_top/u_rsa/core_inst/residue_mem/CTS_10 has 100 fanout
WARNING : Net u_crypto_synth_top/u_top/u_rsa/core_inst/residue_mem/CTS_1 has 100 fanout
WARNING : Net u_crypto_synth_top/u_top/u_rsa/core_inst/residue_mem/CTS_2 has 100 fanout
WARNING : Net u_crypto_synth_top/u_top/u_rsa/core_inst/residue_mem/CTS_3 has 99 fanout
WARNING : Net u_crypto_synth_top/u_top/u_rsa/core_inst/residue_mem/CTS_4 has 100 fanout
WARNING : Net u_crypto_synth_top/u_top/u_rsa/core_inst/residue_mem/CTS_5 has 100 fanout
WARNING : Net u_crypto_synth_top/u_top/u_rsa/core_inst/residue_mem/CTS_6 has 100 fanout
WARNING : Net u_crypto_synth_top/u_top/u_rsa/core_inst/residue_mem/CTS_7 has 100 fanout
WARNING : Net u_crypto_synth_top/u_top/u_rsa/core_inst/p_mem/n_1183 has 59 fanout
WARNING : Net u_crypto_synth_top/u_top/u_rsa/core_inst/p_mem/n_1181 has 64 fanout
WARNING : Net u_crypto_synth_top/u_top/u_rsa/core_inst/p_mem/n_1141 has 54 fanout
WARNING : Net u_crypto_synth_top/u_top/u_rsa/core_inst/p_mem/n_1124 has 70 fanout
WARNING : Net u_crypto_synth_top/u_top/u_rsa/core_inst/p_mem/n_1117 has 61 fanout
WARNING : Net u_crypto_synth_top/u_top/u_rsa/core_inst/p_mem/n_1115 has 59 fanout
WARNING : Net u_crypto_synth_top/u_top/u_rsa/core_inst/p_mem/FE_OFN233_montprod_opa_addr_4 has 63 fanout
WARNING : Net u_crypto_synth_top/u_top/u_rsa/core_inst/p_mem/FE_OFN239_montprod_opa_addr_4 has 69 fanout
WARNING : Net u_crypto_synth_top/u_top/u_rsa/core_inst/p_mem/FE_OFN242_montprod_opa_addr_4 has 69 fanout
WARNING : Net u_crypto_synth_top/u_top/u_rsa/core_inst/p_mem/FE_OFN689_montprod_opa_addr_3 has 71 fanout
WARNING : Net u_crypto_synth_top/u_top/u_rsa/core_inst/p_mem/FE_OFN699_montprod_opb_addr_2 has 69 fanout
WARNING : Net u_crypto_synth_top/u_top/u_rsa/core_inst/p_mem/FE_OFN702_montprod_opb_addr_2 has 73 fanout
WARNING : Net u_crypto_synth_top/u_top/u_rsa/core_inst/p_mem/FE_OFN703_montprod_opb_addr_2 has 67 fanout
WARNING : Net u_crypto_synth_top/u_top/u_rsa/core_inst/p_mem/FE_OFN1113_FE_DBTN4_montprod_opb_addr_1 has 74 fanout
WARNING : Net u_crypto_synth_top/u_top/u_rsa/core_inst/p_mem/FE_OFN1114_FE_DBTN4_montprod_opb_addr_1 has 72 fanout
WARNING : Net u_crypto_synth_top/u_top/u_rsa/core_inst/p_mem/FE_RN_1 has 69 fanout
WARNING : Net u_crypto_synth_top/u_top/u_rsa/core_inst/p_mem/FE_RN_2 has 63 fanout
WARNING : Net u_crypto_synth_top/u_top/u_rsa/core_inst/p_mem/FE_OFN10596_n_1108 has 75 fanout
WARNING : Net u_crypto_synth_top/u_top/u_rsa/core_inst/p_mem/FE_OFN10598_n_1124 has 57 fanout
WARNING : Net u_crypto_synth_top/u_top/u_rsa/core_inst/p_mem/FE_OFN10599_n_1141 has 75 fanout
WARNING : Net u_crypto_synth_top/u_top/u_rsa/core_inst/p_mem/FE_OFN10600_n_1141 has 75 fanout
WARNING : Net u_crypto_synth_top/u_top/u_rsa/core_inst/p_mem/FE_OFN10601_n_1141 has 75 fanout
WARNING : Net u_crypto_synth_top/u_top/u_rsa/core_inst/p_mem/FE_OFN10603_n_1141 has 75 fanout
WARNING : Net u_crypto_synth_top/u_top/u_rsa/core_inst/p_mem/FE_OFN10604_n_1141 has 75 fanout
WARNING : Net u_crypto_synth_top/u_top/u_rsa/core_inst/p_mem/FE_OFN10657_n_1117 has 57 fanout
WARNING : Net u_crypto_synth_top/u_top/u_rsa/core_inst/p_mem/CTS_2 has 100 fanout
WARNING : Net u_crypto_synth_top/u_top/u_rsa/core_inst/p_mem/CTS_3 has 100 fanout
WARNING : Net u_crypto_synth_top/u_top/u_rsa/core_inst/montprod_inst/s_mem/CTS_6 has 100 fanout
WARNING : Net u_crypto_synth_top/u_top/u_rsa/core_inst/montprod_inst/s_mem/CTS_7 has 100 fanout
WARNING : Net u_crypto_synth_top/u_top/u_rsa/core_inst/montprod_inst/s_mem/CTS_1 has 100 fanout
WARNING : Net u_crypto_synth_top/u_top/u_rsa/core_inst/montprod_inst/s_mem/CTS_2 has 100 fanout
WARNING : Net u_crypto_synth_top/u_top/u_rsa/core_inst/montprod_inst/s_mem/CTS_3 has 100 fanout
WARNING : Net u_crypto_synth_top/u_top/u_rsa/core_inst/montprod_inst/s_mem/CTS_4 has 100 fanout
WARNING : Net u_crypto_synth_top/u_top/u_rsa/core_inst/montprod_inst/CTS_1 has 100 fanout
WARNING : Net u_crypto_synth_top/u_top/u_rsa/core_inst/modulus_mem/n_80 has 70 fanout
WARNING : Net u_crypto_synth_top/u_top/u_rsa/core_inst/modulus_mem/n_62 has 59 fanout
WARNING : Net u_crypto_synth_top/u_top/u_rsa/core_inst/modulus_mem/FE_OFN528_FE_DBTN37_n_35 has 55 fanout
WARNING : Net u_crypto_synth_top/u_top/u_rsa/core_inst/modulus_mem/FE_OFN529_FE_DBTN36_n_82 has 64 fanout
WARNING : Net u_crypto_synth_top/u_top/u_rsa/core_inst/modulus_mem/FE_OFN532_FE_DBTN35_n_34 has 62 fanout
WARNING : Net u_crypto_synth_top/u_top/u_rsa/core_inst/modulus_mem/FE_OFN533_FE_DBTN34_n_2954 has 55 fanout
WARNING : Net u_crypto_synth_top/u_top/u_rsa/core_inst/modulus_mem/FE_OFN534_FE_DBTN34_n_2954 has 61 fanout
WARNING : Net u_crypto_synth_top/u_top/u_rsa/core_inst/modulus_mem/FE_OFN1127_modulus_mem_int_rd_addr_4 has 71 fanout
WARNING : Net u_crypto_synth_top/u_top/u_rsa/core_inst/modulus_mem/FE_OFN1128_modulus_mem_int_rd_addr_4 has 52 fanout
WARNING : Net u_crypto_synth_top/u_top/u_rsa/core_inst/modulus_mem/FE_OFN1129_modulus_mem_int_rd_addr_4 has 70 fanout
WARNING : Net u_crypto_synth_top/u_top/u_rsa/core_inst/modulus_mem/FE_OFN1130_modulus_mem_int_rd_addr_4 has 59 fanout
WARNING : Net u_crypto_synth_top/u_top/u_rsa/core_inst/modulus_mem/FE_OFN1132_modulus_mem_int_rd_addr_4 has 73 fanout
WARNING : Net u_crypto_synth_top/u_top/u_rsa/core_inst/modulus_mem/FE_OFN1134_modulus_mem_int_rd_addr_4 has 62 fanout
WARNING : Net u_crypto_synth_top/u_top/u_rsa/core_inst/modulus_mem/FE_OFN1135_modulus_mem_int_rd_addr_4 has 75 fanout
WARNING : Net u_crypto_synth_top/u_top/u_rsa/core_inst/modulus_mem/FE_OFN1136_modulus_mem_int_rd_addr_2 has 69 fanout
WARNING : Net u_crypto_synth_top/u_top/u_rsa/core_inst/modulus_mem/FE_OFN1137_modulus_mem_int_rd_addr_2 has 74 fanout
WARNING : Net u_crypto_synth_top/u_top/u_rsa/core_inst/modulus_mem/FE_OFN1138_modulus_mem_int_rd_addr_2 has 53 fanout
WARNING : Net u_crypto_synth_top/u_top/u_rsa/core_inst/modulus_mem/FE_OFN1219_n_62 has 74 fanout
WARNING : Net u_crypto_synth_top/u_top/u_rsa/core_inst/modulus_mem/FE_OFN1220_n_62 has 75 fanout
WARNING : Net u_crypto_synth_top/u_top/u_rsa/core_inst/modulus_mem/FE_OFN1221_n_62 has 69 fanout
WARNING : Net u_crypto_synth_top/u_top/u_rsa/core_inst/modulus_mem/FE_OFN1222_n_62 has 72 fanout
WARNING : Net u_crypto_synth_top/u_top/u_rsa/core_inst/modulus_mem/FE_OFN1223_n_62 has 67 fanout
WARNING : Net u_crypto_synth_top/u_top/u_rsa/core_inst/modulus_mem/FE_OFN1224_n_62 has 71 fanout
WARNING : Net u_crypto_synth_top/u_top/u_rsa/core_inst/modulus_mem/FE_OFN1225_n_80 has 55 fanout
WARNING : Net u_crypto_synth_top/u_top/u_rsa/core_inst/modulus_mem/FE_OFN1226_n_80 has 66 fanout
WARNING : Net u_crypto_synth_top/u_top/u_rsa/core_inst/modulus_mem/FE_OFN10525_FE_DBTN37_n_35 has 70 fanout
WARNING : Net u_crypto_synth_top/u_top/u_rsa/core_inst/modulus_mem/FE_OFN10526_FE_DBTN36_n_82 has 63 fanout
WARNING : Net u_crypto_synth_top/u_top/u_rsa/core_inst/modulus_mem/FE_OFN10527_FE_DBTN35_n_34 has 57 fanout
WARNING : Net u_crypto_synth_top/u_top/u_rsa/core_inst/modulus_mem/CTS_4 has 100 fanout
WARNING : Net u_crypto_synth_top/u_top/u_rsa/core_inst/modulus_mem/CTS_5 has 100 fanout
WARNING : Net u_crypto_synth_top/u_top/u_rsa/core_inst/modulus_mem/CTS_1 has 100 fanout
WARNING : Net u_crypto_synth_top/u_top/u_rsa/core_inst/modulus_mem/CTS_2 has 100 fanout
WARNING : Net u_crypto_synth_top/u_top/u_rsa/core_inst/message_mem/n_1225 has 58 fanout
WARNING : Net u_crypto_synth_top/u_top/u_rsa/core_inst/message_mem/n_1221 has 61 fanout
WARNING : Net u_crypto_synth_top/u_top/u_rsa/core_inst/message_mem/n_1219 has 61 fanout
WARNING : Net u_crypto_synth_top/u_top/u_rsa/core_inst/message_mem/n_1145 has 64 fanout
WARNING : Net u_crypto_synth_top/u_top/u_rsa/core_inst/message_mem/n_1113 has 73 fanout
WARNING : Net u_crypto_synth_top/u_top/u_rsa/core_inst/message_mem/FE_DBTN38_n_1116 has 51 fanout
WARNING : Net u_crypto_synth_top/u_top/u_rsa/core_inst/message_mem/FE_OFN244_montprod_opa_addr_4 has 65 fanout
WARNING : Net u_crypto_synth_top/u_top/u_rsa/core_inst/message_mem/FE_OFN249_montprod_opa_addr_4 has 52 fanout
WARNING : Net u_crypto_synth_top/u_top/u_rsa/core_inst/message_mem/FE_OFN250_montprod_opa_addr_4 has 56 fanout
WARNING : Net u_crypto_synth_top/u_top/u_rsa/core_inst/message_mem/FE_OFN251_montprod_opa_addr_4 has 58 fanout
WARNING : Net u_crypto_synth_top/u_top/u_rsa/core_inst/message_mem/FE_OFN859_ptr_reg_0 has 73 fanout
WARNING : Net u_crypto_synth_top/u_top/u_rsa/core_inst/message_mem/FE_OFN860_ptr_reg_0 has 72 fanout
WARNING : Net u_crypto_synth_top/u_top/u_rsa/core_inst/message_mem/FE_OFN861_ptr_reg_0 has 65 fanout
WARNING : Net u_crypto_synth_top/u_top/u_rsa/core_inst/message_mem/FE_OFN863_ptr_reg_0 has 75 fanout
WARNING : Net u_crypto_synth_top/u_top/u_rsa/core_inst/message_mem/FE_OFN866_n_1113 has 75 fanout
WARNING : Net u_crypto_synth_top/u_top/u_rsa/core_inst/message_mem/FE_OFN867_n_1113 has 75 fanout
WARNING : Net u_crypto_synth_top/u_top/u_rsa/core_inst/message_mem/FE_OFN869_n_1116 has 64 fanout
WARNING : Net u_crypto_synth_top/u_top/u_rsa/core_inst/message_mem/FE_OFN870_n_1116 has 65 fanout
WARNING : Net u_crypto_synth_top/u_top/u_rsa/core_inst/message_mem/FE_OFN872_n_1145 has 75 fanout
WARNING : Net u_crypto_synth_top/u_top/u_rsa/core_inst/message_mem/FE_OFN873_n_1145 has 63 fanout
WARNING : Net u_crypto_synth_top/u_top/u_rsa/core_inst/message_mem/FE_OFN875_n_1145 has 62 fanout
WARNING : Net u_crypto_synth_top/u_top/u_rsa/core_inst/message_mem/FE_OFN876_n_1145 has 66 fanout
WARNING : Net u_crypto_synth_top/u_top/u_rsa/core_inst/message_mem/FE_OFN878_n_1145 has 56 fanout
WARNING : Net u_crypto_synth_top/u_top/u_rsa/core_inst/message_mem/FE_OFN879_n_1145 has 72 fanout
WARNING : Net u_crypto_synth_top/u_top/u_rsa/core_inst/message_mem/FE_OFN1062_FE_DBTN43_n_1113 has 69 fanout
WARNING : Net u_crypto_synth_top/u_top/u_rsa/core_inst/message_mem/FE_OFN1063_FE_DBTN43_n_1113 has 75 fanout
WARNING : Net u_crypto_synth_top/u_top/u_rsa/core_inst/message_mem/FE_OFN1076_FE_DBTN39_ptr_reg_0 has 69 fanout
WARNING : Net u_crypto_synth_top/u_top/u_rsa/core_inst/message_mem/FE_OFN1077_FE_DBTN39_ptr_reg_0 has 75 fanout
WARNING : Net u_crypto_synth_top/u_top/u_rsa/core_inst/message_mem/FE_OFN1078_FE_DBTN39_ptr_reg_0 has 72 fanout
WARNING : Net u_crypto_synth_top/u_top/u_rsa/core_inst/message_mem/FE_OFN1079_FE_DBTN39_ptr_reg_0 has 68 fanout
WARNING : Net u_crypto_synth_top/u_top/u_rsa/core_inst/message_mem/FE_OFN1080_FE_DBTN39_ptr_reg_0 has 61 fanout
WARNING : Net u_crypto_synth_top/u_top/u_rsa/core_inst/message_mem/FE_OFN10520_FE_DBTN43_n_1113 has 67 fanout
WARNING : Net u_crypto_synth_top/u_top/u_rsa/core_inst/message_mem/FE_OFN10523_FE_DBTN38_n_1116 has 57 fanout
WARNING : Net u_crypto_synth_top/u_top/u_rsa/core_inst/message_mem/FE_OFN10595_ptr_reg_0 has 72 fanout
WARNING : Net u_crypto_synth_top/u_top/u_rsa/core_inst/message_mem/CTS_4 has 100 fanout
WARNING : Net u_crypto_synth_top/u_top/u_rsa/core_inst/message_mem/CTS_5 has 99 fanout
WARNING : Net u_crypto_synth_top/u_top/u_rsa/core_inst/message_mem/CTS_1 has 100 fanout
WARNING : Net u_crypto_synth_top/u_top/u_rsa/core_inst/message_mem/CTS_2 has 100 fanout
WARNING : Net u_crypto_synth_top/u_top/u_rsa/core_inst/message_mem/FE_PHN1835_ptr_reg_0 has 64 fanout
WARNING : Net u_crypto_synth_top/u_top/u_rsa/core_inst/exponent_mem/n_1220 has 64 fanout
WARNING : Net u_crypto_synth_top/u_top/u_rsa/core_inst/exponent_mem/n_1210 has 64 fanout
WARNING : Net u_crypto_synth_top/u_top/u_rsa/core_inst/exponent_mem/n_1209 has 64 fanout
WARNING : Net u_crypto_synth_top/u_top/u_rsa/core_inst/exponent_mem/FE_OFN1_FE_DBTN49_exponent_mem_int_rd_addr_4 has 67 fanout
WARNING : Net u_crypto_synth_top/u_top/u_rsa/core_inst/exponent_mem/FE_OFN2_FE_DBTN49_exponent_mem_int_rd_addr_4 has 55 fanout
WARNING : Net u_crypto_synth_top/u_top/u_rsa/core_inst/exponent_mem/FE_OFN3_FE_DBTN49_exponent_mem_int_rd_addr_4 has 70 fanout
WARNING : Net u_crypto_synth_top/u_top/u_rsa/core_inst/exponent_mem/FE_OFN5_FE_DBTN49_exponent_mem_int_rd_addr_4 has 63 fanout
WARNING : Net u_crypto_synth_top/u_top/u_rsa/core_inst/exponent_mem/FE_OFN7_FE_DBTN49_exponent_mem_int_rd_addr_4 has 63 fanout
WARNING : Net u_crypto_synth_top/u_top/u_rsa/core_inst/exponent_mem/FE_OFN9_FE_DBTN49_exponent_mem_int_rd_addr_4 has 61 fanout
WARNING : Net u_crypto_synth_top/u_top/u_rsa/core_inst/exponent_mem/FE_OFN190_exponent_mem_int_rd_addr_4 has 65 fanout
WARNING : Net u_crypto_synth_top/u_top/u_rsa/core_inst/exponent_mem/FE_OFN191_exponent_mem_int_rd_addr_4 has 54 fanout
WARNING : Net u_crypto_synth_top/u_top/u_rsa/core_inst/exponent_mem/FE_OFN192_exponent_mem_int_rd_addr_4 has 54 fanout
WARNING : Net u_crypto_synth_top/u_top/u_rsa/core_inst/exponent_mem/FE_OFN193_exponent_mem_int_rd_addr_4 has 67 fanout
WARNING : Net u_crypto_synth_top/u_top/u_rsa/core_inst/exponent_mem/FE_OFN194_exponent_mem_int_rd_addr_4 has 65 fanout
WARNING : Net u_crypto_synth_top/u_top/u_rsa/core_inst/exponent_mem/FE_OFN195_exponent_mem_int_rd_addr_4 has 58 fanout
WARNING : Net u_crypto_synth_top/u_top/u_rsa/core_inst/exponent_mem/FE_OFN196_exponent_mem_int_rd_addr_4 has 64 fanout
WARNING : Net u_crypto_synth_top/u_top/u_rsa/core_inst/exponent_mem/FE_OFN525_FE_DBTN40_n_1149 has 66 fanout
WARNING : Net u_crypto_synth_top/u_top/u_rsa/core_inst/exponent_mem/FE_OFN1125_exponent_mem_int_rd_addr_2 has 75 fanout
WARNING : Net u_crypto_synth_top/u_top/u_rsa/core_inst/exponent_mem/FE_OFN1126_exponent_mem_int_rd_addr_2 has 60 fanout
WARNING : Net u_crypto_synth_top/u_top/u_rsa/core_inst/exponent_mem/FE_OFN1202_FE_DBTN48_exponent_mem_int_rd_addr_2 has 74 fanout
WARNING : Net u_crypto_synth_top/u_top/u_rsa/core_inst/exponent_mem/FE_OFN1204_FE_DBTN48_exponent_mem_int_rd_addr_2 has 75 fanout
WARNING : Net u_crypto_synth_top/u_top/u_rsa/core_inst/exponent_mem/FE_OFN10463_FE_OFN1123_exponent_mem_int_rd_addr_2 has 75 fanout
WARNING : Net u_crypto_synth_top/u_top/u_rsa/core_inst/exponent_mem/FE_OFN10522_FE_DBTN40_n_1149 has 68 fanout
WARNING : Net u_crypto_synth_top/u_top/u_rsa/core_inst/exponent_mem/FE_OFN10586_n_1145 has 53 fanout
WARNING : Net u_crypto_synth_top/u_top/u_rsa/core_inst/exponent_mem/FE_OFN10587_n_1145 has 67 fanout
WARNING : Net u_crypto_synth_top/u_top/u_rsa/core_inst/exponent_mem/FE_OFN10588_n_1145 has 51 fanout
WARNING : Net u_crypto_synth_top/u_top/u_rsa/core_inst/exponent_mem/FE_OFN10590_n_1151 has 66 fanout
WARNING : Net u_crypto_synth_top/u_top/u_rsa/core_inst/exponent_mem/FE_OFN10591_n_1151 has 64 fanout
WARNING : Net u_crypto_synth_top/u_top/u_rsa/core_inst/exponent_mem/FE_OFN10593_n_1155 has 63 fanout
WARNING : Net u_crypto_synth_top/u_top/u_rsa/core_inst/exponent_mem/FE_OFN10594_n_1155 has 64 fanout
WARNING : Net u_crypto_synth_top/u_top/u_rsa/core_inst/exponent_mem/FE_OFN10651_FE_DBTN48_exponent_mem_int_rd_addr_2 has 75 fanout
WARNING : Net u_crypto_synth_top/u_top/u_rsa/core_inst/exponent_mem/CTS_5 has 100 fanout
WARNING : Net u_crypto_synth_top/u_top/u_rsa/core_inst/exponent_mem/CTS_6 has 100 fanout
WARNING : Net u_crypto_synth_top/u_top/u_rsa/core_inst/exponent_mem/CTS_1 has 97 fanout
WARNING : Net u_crypto_synth_top/u_top/u_rsa/core_inst/exponent_mem/CTS_2 has 99 fanout
WARNING : Net u_crypto_synth_top/u_top/u_rsa/core_inst/exponent_mem/CTS_3 has 100 fanout
WARNING : Net u_crypto_synth_top/u_top/u_rsa/core_inst/montprod_result_data[0] has 55 fanout
WARNING : Net u_crypto_synth_top/u_top/u_rsa/core_inst/p_mem_wr_data[2] has 59 fanout
WARNING : Net u_crypto_synth_top/u_top/u_rsa/core_inst/p_mem_wr_data[3] has 62 fanout
WARNING : Net u_crypto_synth_top/u_top/u_rsa/core_inst/p_mem_wr_data[4] has 70 fanout
WARNING : Net u_crypto_synth_top/u_top/u_rsa/core_inst/p_mem_wr_data[25] has 66 fanout
WARNING : Net u_crypto_synth_top/u_top/u_rsa/core_inst/p_mem_wr_data[26] has 66 fanout
WARNING : Net u_crypto_synth_top/u_top/u_rsa/core_inst/p_mem_wr_data[29] has 60 fanout
WARNING : Net u_crypto_synth_top/u_top/u_rsa/core_inst/montprod_opa_addr[2] has 60 fanout
WARNING : Net u_crypto_synth_top/u_top/u_rsa/core_inst/montprod_opa_addr[3] has 73 fanout
WARNING : Net u_crypto_synth_top/u_top/u_rsa/core_inst/FE_OFN61_PRESETn has 75 fanout
WARNING : Net u_crypto_synth_top/u_top/u_rsa/core_inst/FE_OFN232_montprod_opa_addr_4 has 54 fanout
WARNING : Net u_crypto_synth_top/u_top/u_rsa/core_inst/FE_OFN236_montprod_opa_addr_4 has 64 fanout
WARNING : Net u_crypto_synth_top/u_top/u_rsa/core_inst/FE_OFN237_montprod_opa_addr_4 has 55 fanout
WARNING : Net u_crypto_synth_top/u_top/u_rsa/core_inst/FE_OFN238_montprod_opa_addr_4 has 58 fanout
WARNING : Net u_crypto_synth_top/u_top/u_rsa/core_inst/FE_OFN240_montprod_opa_addr_4 has 71 fanout
WARNING : Net u_crypto_synth_top/u_top/u_rsa/core_inst/FE_OFN246_montprod_opa_addr_4 has 67 fanout
WARNING : Net u_crypto_synth_top/u_top/u_rsa/core_inst/FE_OFN255_montprod_opa_addr_2 has 73 fanout
WARNING : Net u_crypto_synth_top/u_top/u_rsa/core_inst/FE_OFN263_montprod_opa_addr_2 has 60 fanout
WARNING : Net u_crypto_synth_top/u_top/u_rsa/core_inst/FE_OFN272_montprod_opa_addr_2 has 74 fanout
WARNING : Net u_crypto_synth_top/u_top/u_rsa/core_inst/FE_OFN567_PWDATA_INT_26 has 64 fanout
WARNING : Net u_crypto_synth_top/u_top/u_rsa/core_inst/FE_OFN581_PWDATA_INT_19 has 64 fanout
WARNING : Net u_crypto_synth_top/u_top/u_rsa/core_inst/FE_OFN582_PWDATA_INT_18 has 64 fanout
WARNING : Net u_crypto_synth_top/u_top/u_rsa/core_inst/FE_OFN597_PWDATA_INT_11 has 67 fanout
WARNING : Net u_crypto_synth_top/u_top/u_rsa/core_inst/FE_OFN600_PWDATA_INT_9 has 64 fanout
WARNING : Net u_crypto_synth_top/u_top/u_rsa/core_inst/FE_OFN688_montprod_opa_addr_3 has 54 fanout
WARNING : Net u_crypto_synth_top/u_top/u_rsa/core_inst/FE_OFN690_montprod_opa_addr_3 has 68 fanout
WARNING : Net u_crypto_synth_top/u_top/u_rsa/core_inst/FE_OFN692_montprod_opa_addr_0 has 75 fanout
WARNING : Net u_crypto_synth_top/u_top/u_rsa/core_inst/FE_OFN698_montprod_opb_addr_2 has 53 fanout
WARNING : Net u_crypto_synth_top/u_top/u_rsa/core_inst/FE_OFN701_montprod_opb_addr_2 has 74 fanout
WARNING : Net u_crypto_synth_top/u_top/u_rsa/core_inst/FE_OFN704_montprod_opb_addr_2 has 67 fanout
WARNING : Net u_crypto_synth_top/u_top/u_rsa/core_inst/FE_OFN705_montprod_opb_addr_1 has 71 fanout
WARNING : Net u_crypto_synth_top/u_top/u_rsa/core_inst/FE_OFN706_montprod_opb_addr_1 has 75 fanout
WARNING : Net u_crypto_synth_top/u_top/u_rsa/core_inst/FE_OFN707_montprod_opb_addr_1 has 68 fanout
WARNING : Net u_crypto_synth_top/u_top/u_rsa/core_inst/FE_OFN713_p_mem_wr_data_30 has 65 fanout
WARNING : Net u_crypto_synth_top/u_top/u_rsa/core_inst/FE_OFN719_p_mem_wr_data_29 has 71 fanout
WARNING : Net u_crypto_synth_top/u_top/u_rsa/core_inst/FE_OFN735_p_mem_wr_data_25 has 64 fanout
WARNING : Net u_crypto_synth_top/u_top/u_rsa/core_inst/FE_OFN760_p_mem_wr_data_19 has 72 fanout
WARNING : Net u_crypto_synth_top/u_top/u_rsa/core_inst/FE_OFN1107_FE_DBTN6_montprod_opa_addr_3 has 71 fanout
WARNING : Net u_crypto_synth_top/u_top/u_rsa/core_inst/FE_OFN1110_FE_DBTN5_montprod_opa_addr_0 has 68 fanout
WARNING : Net u_crypto_synth_top/u_top/u_rsa/core_inst/FE_OFN10422_n has 63 fanout
WARNING : Net u_crypto_synth_top/u_top/u_rsa/core_inst/FE_OFN10439_p_mem_wr_data_19 has 63 fanout
WARNING : Net u_crypto_synth_top/u_top/u_rsa/core_inst/FE_OFN10476_FE_OFN606_PWDATA_INT_6 has 64 fanout
WARNING : Net u_crypto_synth_top/u_top/u_rsa/core_inst/FE_OFN10478_FE_OFN594_PWDATA_INT_12 has 67 fanout
WARNING : Net u_crypto_synth_top/u_top/u_rsa/core_inst/FE_OFN10480_FE_OFN588_PWDATA_INT_15 has 64 fanout
WARNING : Net u_crypto_synth_top/u_top/u_rsa/core_inst/FE_OFN10482_FE_OFN578_PWDATA_INT_20 has 64 fanout
WARNING : Net u_crypto_synth_top/u_top/u_rsa/core_inst/FE_OFN10483_FE_OFN576_PWDATA_INT_21 has 64 fanout
WARNING : Net u_crypto_synth_top/u_top/u_rsa/core_inst/FE_OFN10484_FE_OFN574_PWDATA_INT_22 has 64 fanout
WARNING : Net u_crypto_synth_top/u_top/u_rsa/core_inst/FE_OFN10485_FE_OFN572_PWDATA_INT_23 has 64 fanout
WARNING : Net u_crypto_synth_top/u_top/u_rsa/core_inst/FE_OFN10487_FE_OFN568_PWDATA_INT_25 has 64 fanout
WARNING : Net u_crypto_synth_top/u_top/u_rsa/core_inst/FE_OFN10488_FE_OFN564_PWDATA_INT_27 has 64 fanout
WARNING : Net u_crypto_synth_top/u_top/u_rsa/core_inst/FE_OFN10489_FE_OFN562_PWDATA_INT_28 has 64 fanout
WARNING : Net u_crypto_synth_top/u_top/u_rsa/core_inst/FE_OFN10492_FE_OFN556_PWDATA_INT_31 has 64 fanout
WARNING : Net u_crypto_synth_top/u_top/u_rsa/core_inst/FE_OFN10537_FE_DBTN6_montprod_opa_addr_3 has 75 fanout
WARNING : Net u_crypto_synth_top/u_top/u_rsa/core_inst/FE_OFN10538_FE_DBTN4_montprod_opb_addr_1 has 69 fanout
WARNING : Net u_crypto_synth_top/u_top/u_rsa/core_inst/FE_OFN10563_p_mem_wr_data_20 has 53 fanout
WARNING : Net u_crypto_synth_top/u_top/u_rsa/core_inst/FE_OFN10564_p_mem_wr_data_19 has 72 fanout
WARNING : Net u_crypto_synth_top/u_top/u_rsa/core_inst/FE_OFN10569_p_mem_wr_data_12 has 67 fanout
WARNING : Net u_crypto_synth_top/u_top/u_rsa/core_inst/FE_OFN10573_p_mem_wr_data_9 has 59 fanout
WARNING : Net u_crypto_synth_top/u_top/u_rsa/core_inst/FE_OFN10583_montprod_result_data_0 has 70 fanout
WARNING : Net u_crypto_synth_top/u_top/u_rsa/core_inst/FE_OFN10584_residue_opa_rd_addr_3 has 73 fanout
WARNING : Net u_crypto_synth_top/u_top/u_rsa/core_inst/CTS_20 has 100 fanout
WARNING : Net u_crypto_synth_top/u_top/u_rsa/core_inst/CTS_21 has 100 fanout
WARNING : Net u_crypto_synth_top/u_top/u_rsa/core_inst/CTS_1 has 100 fanout
WARNING : Net u_crypto_synth_top/u_top/u_rsa/core_inst/CTS_2 has 100 fanout
WARNING : Net u_crypto_synth_top/u_top/u_rsa/core_inst/CTS_3 has 99 fanout
WARNING : Net u_crypto_synth_top/u_top/u_rsa/core_inst/CTS_4 has 100 fanout
WARNING : Net u_crypto_synth_top/u_top/u_rsa/core_inst/CTS_5 has 100 fanout
WARNING : Net u_crypto_synth_top/u_top/u_rsa/core_inst/CTS_6 has 100 fanout
WARNING : Net u_crypto_synth_top/u_top/u_rsa/core_inst/CTS_7 has 100 fanout
WARNING : Net u_crypto_synth_top/u_top/u_rsa/core_inst/CTS_8 has 100 fanout
WARNING : Net u_crypto_synth_top/u_top/u_rsa/core_inst/CTS_9 has 100 fanout
WARNING : Net u_crypto_synth_top/u_top/u_rsa/core_inst/CTS_10 has 100 fanout
WARNING : Net u_crypto_synth_top/u_top/u_rsa/core_inst/CTS_11 has 100 fanout
WARNING : Net u_crypto_synth_top/u_top/u_rsa/core_inst/CTS_12 has 100 fanout
WARNING : Net u_crypto_synth_top/u_top/u_rsa/core_inst/CTS_13 has 100 fanout
WARNING : Net u_crypto_synth_top/u_top/u_rsa/core_inst/CTS_14 has 100 fanout
WARNING : Net u_crypto_synth_top/u_top/u_rsa/core_inst/CTS_15 has 100 fanout
WARNING : Net u_crypto_synth_top/u_top/u_rsa/core_inst/CTS_16 has 94 fanout
WARNING : Net u_crypto_synth_top/u_top/u_rsa/core_inst/CTS_17 has 98 fanout
WARNING : Net u_crypto_synth_top/u_top/u_rsa/core_inst/CTS_18 has 100 fanout
WARNING : Net u_crypto_synth_top/u_top/u_rsa/core_inst/CTS_25 has 99 fanout
WARNING : Net u_crypto_synth_top/u_top/u_rsa/core_inst/CTS_26 has 100 fanout
WARNING : Net u_crypto_synth_top/u_top/u_rsa/core_inst/CTS_22 has 100 fanout
WARNING : Net u_crypto_synth_top/u_top/u_rsa/core_inst/CTS_23 has 100 fanout
WARNING : Net u_crypto_synth_top/u_top/u_rsa/core_inst/CTS_36 has 100 fanout
WARNING : Net u_crypto_synth_top/u_top/u_rsa/core_inst/CTS_37 has 100 fanout
WARNING : Net u_crypto_synth_top/u_top/u_rsa/core_inst/CTS_27 has 100 fanout
WARNING : Net u_crypto_synth_top/u_top/u_rsa/core_inst/CTS_28 has 100 fanout
WARNING : Net u_crypto_synth_top/u_top/u_rsa/core_inst/CTS_29 has 100 fanout
WARNING : Net u_crypto_synth_top/u_top/u_rsa/core_inst/CTS_30 has 100 fanout
WARNING : Net u_crypto_synth_top/u_top/u_rsa/core_inst/CTS_31 has 100 fanout
WARNING : Net u_crypto_synth_top/u_top/u_rsa/core_inst/CTS_32 has 100 fanout
WARNING : Net u_crypto_synth_top/u_top/u_rsa/core_inst/CTS_33 has 100 fanout
WARNING : Net u_crypto_synth_top/u_top/u_rsa/core_inst/CTS_34 has 98 fanout
WARNING : Net u_crypto_synth_top/u_top/u_rsa/FE_OFN62_PRESETn has 62 fanout
WARNING : Net u_crypto_synth_top/u_top/u_rsa/FE_OFN10475_FE_OFN608_PWDATA_INT_5 has 66 fanout
WARNING : Net u_crypto_synth_top/u_top/u_rsa/FE_OFN10477_FE_OFN604_PWDATA_INT_7 has 75 fanout
WARNING : Net u_crypto_synth_top/u_top/u_rsa/CTS_1 has 100 fanout
WARNING : Net u_crypto_synth_top/u_top/u_aes/core/keymem/n_2252 has 62 fanout
WARNING : Net u_crypto_synth_top/u_top/u_aes/core/keymem/n_2251 has 62 fanout
WARNING : Net u_crypto_synth_top/u_top/u_aes/core/keymem/n_2250 has 62 fanout
WARNING : Net u_crypto_synth_top/u_top/u_aes/core/keymem/n_2249 has 62 fanout
WARNING : Net u_crypto_synth_top/u_top/u_aes/core/keymem/n_2248 has 63 fanout
WARNING : Net u_crypto_synth_top/u_top/u_aes/core/keymem/n_2247 has 63 fanout
WARNING : Net u_crypto_synth_top/u_top/u_aes/core/keymem/n_2246 has 63 fanout
WARNING : Net u_crypto_synth_top/u_top/u_aes/core/keymem/n_2245 has 63 fanout
WARNING : Net u_crypto_synth_top/u_top/u_aes/core/keymem/n_2050 has 66 fanout
WARNING : Net u_crypto_synth_top/u_top/u_aes/core/keymem/n_2048 has 70 fanout
WARNING : Net u_crypto_synth_top/u_top/u_aes/core/keymem/n_2041 has 67 fanout
WARNING : Net u_crypto_synth_top/u_top/u_aes/core/keymem/n_2040 has 62 fanout
WARNING : Net u_crypto_synth_top/u_top/u_aes/core/keymem/n_1971 has 75 fanout
WARNING : Net u_crypto_synth_top/u_top/u_aes/core/keymem/n_499 has 57 fanout
WARNING : Net u_crypto_synth_top/u_top/u_aes/core/keymem/n_498 has 58 fanout
WARNING : Net u_crypto_synth_top/u_top/u_aes/core/keymem/n_271 has 68 fanout
WARNING : Net u_crypto_synth_top/u_top/u_aes/core/keymem/n_259 has 66 fanout
WARNING : Net u_crypto_synth_top/u_top/u_aes/core/keymem/n_128 has 65 fanout
WARNING : Net u_crypto_synth_top/u_top/u_aes/core/keymem/FE_DBTN50_n_2046 has 75 fanout
WARNING : Net u_crypto_synth_top/u_top/u_aes/core/keymem/FE_DBTN53_n_752 has 74 fanout
WARNING : Net u_crypto_synth_top/u_top/u_aes/core/keymem/FE_DBTN54_n_743 has 69 fanout
WARNING : Net u_crypto_synth_top/u_top/u_aes/core/keymem/FE_DBTN55_n_734 has 72 fanout
WARNING : Net u_crypto_synth_top/u_top/u_aes/core/keymem/FE_DBTN56_n_611 has 74 fanout
WARNING : Net u_crypto_synth_top/u_top/u_aes/core/keymem/FE_DBTN57_n_602 has 60 fanout
WARNING : Net u_crypto_synth_top/u_top/u_aes/core/keymem/FE_DBTN58_n_593 has 71 fanout
WARNING : Net u_crypto_synth_top/u_top/u_aes/core/keymem/FE_DBTN59_n_584 has 60 fanout
WARNING : Net u_crypto_synth_top/u_top/u_aes/core/keymem/FE_DBTN60_n_575 has 62 fanout
WARNING : Net u_crypto_synth_top/u_top/u_aes/core/keymem/FE_DBTN61_n_566 has 67 fanout
WARNING : Net u_crypto_synth_top/u_top/u_aes/core/keymem/FE_DBTN62_n_557 has 66 fanout
WARNING : Net u_crypto_synth_top/u_top/u_aes/core/keymem/FE_DBTN63_n_548 has 70 fanout
WARNING : Net u_crypto_synth_top/u_top/u_aes/core/keymem/FE_DBTN64_n_536 has 58 fanout
WARNING : Net u_crypto_synth_top/u_top/u_aes/core/keymem/FE_DBTN65_n_516 has 67 fanout
WARNING : Net u_crypto_synth_top/u_top/u_aes/core/keymem/FE_DBTN66_n_507 has 67 fanout
WARNING : Net u_crypto_synth_top/u_top/u_aes/core/keymem/FE_DBTN67_n_288 has 62 fanout
WARNING : Net u_crypto_synth_top/u_top/u_aes/core/keymem/FE_DBTN70_n_1 has 65 fanout
WARNING : Net u_crypto_synth_top/u_top/u_aes/core/keymem/FE_OFN82_PRESETn has 56 fanout
WARNING : Net u_crypto_synth_top/u_top/u_aes/core/keymem/FE_OFN112_PRESETn has 53 fanout
WARNING : Net u_crypto_synth_top/u_top/u_aes/core/keymem/FE_OFN119_PRESETn has 55 fanout
WARNING : Net u_crypto_synth_top/u_top/u_aes/core/keymem/FE_OFN120_PRESETn has 71 fanout
WARNING : Net u_crypto_synth_top/u_top/u_aes/core/keymem/FE_OFN121_PRESETn has 60 fanout
WARNING : Net u_crypto_synth_top/u_top/u_aes/core/keymem/FE_OFN125_PRESETn has 74 fanout
WARNING : Net u_crypto_synth_top/u_top/u_aes/core/keymem/FE_OFN127_PRESETn has 63 fanout
WARNING : Net u_crypto_synth_top/u_top/u_aes/core/keymem/FE_OFN128_PRESETn has 74 fanout
WARNING : Net u_crypto_synth_top/u_top/u_aes/core/keymem/FE_OFN131_PRESETn has 59 fanout
WARNING : Net u_crypto_synth_top/u_top/u_aes/core/keymem/FE_OFN133_PRESETn has 64 fanout
WARNING : Net u_crypto_synth_top/u_top/u_aes/core/keymem/FE_OFN137_PRESETn has 69 fanout
WARNING : Net u_crypto_synth_top/u_top/u_aes/core/keymem/FE_OFN152_PRESETn has 58 fanout
WARNING : Net u_crypto_synth_top/u_top/u_aes/core/keymem/FE_OFN153_PRESETn has 56 fanout
WARNING : Net u_crypto_synth_top/u_top/u_aes/core/keymem/FE_OFN154_PRESETn has 62 fanout
WARNING : Net u_crypto_synth_top/u_top/u_aes/core/keymem/FE_OFN500_FE_DBTN66_n_507 has 62 fanout
WARNING : Net u_crypto_synth_top/u_top/u_aes/core/keymem/FE_OFN509_FE_DBTN57_n_602 has 69 fanout
WARNING : Net u_crypto_synth_top/u_top/u_aes/core/keymem/FE_OFN514_FE_DBTN52_n_1987 has 58 fanout
WARNING : Net u_crypto_synth_top/u_top/u_aes/core/keymem/FE_OFN516_FE_DBTN52_n_1987 has 53 fanout
WARNING : Net u_crypto_synth_top/u_top/u_aes/core/keymem/FE_OFN520_FE_DBTN51_n_1995 has 74 fanout
WARNING : Net u_crypto_synth_top/u_top/u_aes/core/keymem/FE_OFN522_FE_DBTN51_n_1995 has 69 fanout
WARNING : Net u_crypto_synth_top/u_top/u_aes/core/keymem/FE_OFN524_FE_DBTN50_n_2046 has 54 fanout
WARNING : Net u_crypto_synth_top/u_top/u_aes/core/keymem/FE_OFN633_keylen_reg has 66 fanout
WARNING : Net u_crypto_synth_top/u_top/u_aes/core/keymem/FE_OFN634_keylen_reg has 67 fanout
WARNING : Net u_crypto_synth_top/u_top/u_aes/core/keymem/FE_OFN668_n_266 has 75 fanout
WARNING : Net u_crypto_synth_top/u_top/u_aes/core/keymem/FE_OFN672_n_1971 has 67 fanout
WARNING : Net u_crypto_synth_top/u_top/u_aes/core/keymem/FE_OFN674_n_1971 has 62 fanout
WARNING : Net u_crypto_synth_top/u_top/u_aes/core/keymem/FE_OFN675_n_1971 has 69 fanout
WARNING : Net u_crypto_synth_top/u_top/u_aes/core/keymem/FE_OFN676_n_1971 has 69 fanout
WARNING : Net u_crypto_synth_top/u_top/u_aes/core/keymem/FE_OFN679_n_1971 has 52 fanout
WARNING : Net u_crypto_synth_top/u_top/u_aes/core/keymem/FE_OFN680_n_1972 has 64 fanout
WARNING : Net u_crypto_synth_top/u_top/u_aes/core/keymem/FE_OFN681_n_1972 has 68 fanout
WARNING : Net u_crypto_synth_top/u_top/u_aes/core/keymem/FE_OFN682_n_1972 has 51 fanout
WARNING : Net u_crypto_synth_top/u_top/u_aes/core/keymem/FE_OFN1121_n_275 has 56 fanout
WARNING : Net u_crypto_synth_top/u_top/u_aes/core/keymem/FE_OFN1216_n_282 has 63 fanout
WARNING : Net u_crypto_synth_top/u_top/u_aes/core/keymem/FE_OFN1217_n_282 has 61 fanout
WARNING : Net u_crypto_synth_top/u_top/u_aes/core/keymem/FE_OFN1258_FE_DBTN67_n_288 has 60 fanout
WARNING : Net u_crypto_synth_top/u_top/u_aes/core/keymem/FE_OFN1468_n_275 has 62 fanout
WARNING : Net u_crypto_synth_top/u_top/u_aes/core/keymem/FE_OFN10494_FE_OFN132_PRESETn has 67 fanout
WARNING : Net u_crypto_synth_top/u_top/u_aes/core/keymem/FE_OFN10503_FE_DBTN70_n_1 has 64 fanout
WARNING : Net u_crypto_synth_top/u_top/u_aes/core/keymem/FE_OFN10505_FE_DBTN65_n_516 has 62 fanout
WARNING : Net u_crypto_synth_top/u_top/u_aes/core/keymem/FE_OFN10506_FE_DBTN64_n_536 has 72 fanout
WARNING : Net u_crypto_synth_top/u_top/u_aes/core/keymem/FE_OFN10507_FE_DBTN63_n_548 has 59 fanout
WARNING : Net u_crypto_synth_top/u_top/u_aes/core/keymem/FE_OFN10508_FE_DBTN62_n_557 has 63 fanout
WARNING : Net u_crypto_synth_top/u_top/u_aes/core/keymem/FE_OFN10509_FE_DBTN61_n_566 has 62 fanout
WARNING : Net u_crypto_synth_top/u_top/u_aes/core/keymem/FE_OFN10510_FE_DBTN60_n_575 has 67 fanout
WARNING : Net u_crypto_synth_top/u_top/u_aes/core/keymem/FE_OFN10511_FE_DBTN59_n_584 has 69 fanout
WARNING : Net u_crypto_synth_top/u_top/u_aes/core/keymem/FE_OFN10512_FE_DBTN58_n_593 has 58 fanout
WARNING : Net u_crypto_synth_top/u_top/u_aes/core/keymem/FE_OFN10513_FE_DBTN56_n_611 has 55 fanout
WARNING : Net u_crypto_synth_top/u_top/u_aes/core/keymem/FE_OFN10514_FE_DBTN55_n_734 has 57 fanout
WARNING : Net u_crypto_synth_top/u_top/u_aes/core/keymem/FE_OFN10516_FE_DBTN53_n_752 has 55 fanout
WARNING : Net u_crypto_synth_top/u_top/u_aes/core/keymem/FE_OFN10518_FE_DBTN51_n_1995 has 74 fanout
WARNING : Net u_crypto_synth_top/u_top/u_aes/core/keymem/FE_OFN10519_FE_DBTN51_n_1995 has 71 fanout
WARNING : Net u_crypto_synth_top/u_top/u_aes/core/keymem/FE_OFN10543_n_128 has 67 fanout
WARNING : Net u_crypto_synth_top/u_top/u_aes/core/keymem/FE_OFN10544_n_259 has 58 fanout
WARNING : Net u_crypto_synth_top/u_top/u_aes/core/keymem/FE_OFN10545_n_266 has 55 fanout
WARNING : Net u_crypto_synth_top/u_top/u_aes/core/keymem/FE_OFN10546_n_266 has 58 fanout
WARNING : Net u_crypto_synth_top/u_top/u_aes/core/keymem/FE_OFN10547_n_266 has 72 fanout
WARNING : Net u_crypto_synth_top/u_top/u_aes/core/keymem/FE_OFN10549_n_438 has 54 fanout
WARNING : Net u_crypto_synth_top/u_top/u_aes/core/keymem/FE_OFN10550_n_1972 has 68 fanout
WARNING : Net u_crypto_synth_top/u_top/u_aes/core/keymem/FE_OFN10551_n_1972 has 75 fanout
WARNING : Net u_crypto_synth_top/u_top/u_aes/core/keymem/CTS_11 has 100 fanout
WARNING : Net u_crypto_synth_top/u_top/u_aes/core/keymem/CTS_12 has 100 fanout
WARNING : Net u_crypto_synth_top/u_top/u_aes/core/keymem/CTS_1 has 100 fanout
WARNING : Net u_crypto_synth_top/u_top/u_aes/core/keymem/CTS_2 has 99 fanout
WARNING : Net u_crypto_synth_top/u_top/u_aes/core/keymem/CTS_3 has 98 fanout
WARNING : Net u_crypto_synth_top/u_top/u_aes/core/keymem/CTS_4 has 97 fanout
WARNING : Net u_crypto_synth_top/u_top/u_aes/core/keymem/CTS_5 has 98 fanout
WARNING : Net u_crypto_synth_top/u_top/u_aes/core/keymem/CTS_6 has 98 fanout
WARNING : Net u_crypto_synth_top/u_top/u_aes/core/keymem/CTS_7 has 100 fanout
WARNING : Net u_crypto_synth_top/u_top/u_aes/core/keymem/CTS_8 has 99 fanout
WARNING : Net u_crypto_synth_top/u_top/u_aes/core/keymem/CTS_9 has 99 fanout
WARNING : Net u_crypto_synth_top/u_top/u_aes/core/enc_block/FE_DBTN71_n_1024 has 59 fanout
WARNING : Net u_crypto_synth_top/u_top/u_aes/core/enc_block/FE_DBTN72_n_1017 has 60 fanout
WARNING : Net u_crypto_synth_top/u_top/u_aes/core/enc_block/FE_OFN663_enc_ctrl_reg_1 has 59 fanout
WARNING : Net u_crypto_synth_top/u_top/u_aes/core/enc_block/FE_OFN664_enc_ctrl_reg_1 has 75 fanout
WARNING : Net u_crypto_synth_top/u_top/u_aes/core/enc_block/FE_OFN10499_FE_DBTN73_n_4 has 75 fanout
WARNING : Net u_crypto_synth_top/u_top/u_aes/core/enc_block/FE_OFN10500_FE_DBTN73_n_4 has 51 fanout
WARNING : Net u_crypto_synth_top/u_top/u_aes/core/enc_block/FE_OFN10501_FE_DBTN72_n_1017 has 70 fanout
WARNING : Net u_crypto_synth_top/u_top/u_aes/core/enc_block/FE_OFN10502_FE_DBTN71_n_1024 has 70 fanout
WARNING : Net u_crypto_synth_top/u_top/u_aes/core/dec_block/n_35 has 59 fanout
WARNING : Net u_crypto_synth_top/u_top/u_aes/core/dec_block/n_33 has 54 fanout
WARNING : Net u_crypto_synth_top/u_top/u_aes/core/dec_block/FE_DBTN74_n_1990 has 57 fanout
WARNING : Net u_crypto_synth_top/u_top/u_aes/core/dec_block/FE_OFN10498_FE_DBTN74_n_1990 has 72 fanout
WARNING : Net u_crypto_synth_top/u_top/u_aes/core/dec_block/FE_OFN10542_n_33 has 75 fanout
WARNING : Net u_crypto_synth_top/u_top/u_aes/core/dec_block/FE_OFN10656_n_35 has 69 fanout
WARNING : Net u_crypto_synth_top/u_top/u_aes/core/muxed_round_nr[1] has 69 fanout
WARNING : Net u_crypto_synth_top/u_top/u_aes/core/muxed_round_nr[3] has 69 fanout
WARNING : Net u_crypto_synth_top/u_top/u_aes/core/FE_OFN79_PRESETn has 63 fanout
WARNING : Net u_crypto_synth_top/u_top/u_aes/core/FE_OFN10472_FE_OFN631_encdec_reg has 57 fanout
WARNING : Net u_crypto_synth_top/u_top/u_aes/FE_OFN71_PRESETn has 51 fanout
WARNING : Net u_crypto_synth_top/u_top/u_aes/FE_OFN73_PRESETn has 62 fanout
WARNING : Net u_crypto_synth_top/u_top/u_aes/FE_OFN75_PRESETn has 60 fanout
WARNING : Net u_crypto_synth_top/u_top/u_aes/FE_OFN77_PRESETn has 59 fanout
WARNING : Net u_crypto_synth_top/u_top/u_aes/FE_OFN78_PRESETn has 58 fanout
WARNING : Net u_crypto_synth_top/u_top/u_aes/FE_OFN80_PRESETn has 53 fanout
WARNING : Net u_crypto_synth_top/u_top/u_aes/FE_OFN102_PRESETn has 57 fanout
WARNING : Net u_crypto_synth_top/u_top/u_aes/FE_OFN105_PRESETn has 57 fanout
WARNING : Net u_crypto_synth_top/u_top/u_aes/FE_OFN117_PRESETn has 61 fanout
WARNING : Net u_crypto_synth_top/u_top/u_aes/FE_OFN129_PRESETn has 69 fanout
WARNING : Net u_crypto_synth_top/u_top/u_aes/FE_OFN130_PRESETn has 73 fanout
WARNING : Net u_crypto_synth_top/u_top/u_aes/FE_OFN135_PRESETn has 71 fanout
WARNING : Net u_crypto_synth_top/u_top/u_aes/FE_OFN155_PRESETn has 60 fanout
WARNING : Net u_crypto_synth_top/u_top/u_aes/FE_OFN157_PRESETn has 60 fanout
WARNING : Net u_crypto_synth_top/u_top/u_aes/FE_OFN158_PRESETn has 54 fanout
WARNING : Net u_crypto_synth_top/u_top/u_aes/FE_OFN159_PRESETn has 55 fanout
WARNING : Net u_crypto_synth_top/u_top/u_aes/FE_OFN162_PRESETn has 54 fanout
WARNING : Net u_crypto_synth_top/u_top/u_aes/FE_OFN183_PRESETn has 59 fanout
WARNING : Net u_crypto_synth_top/u_top/u_aes/FE_OFN184_PRESETn has 64 fanout
WARNING : Net u_crypto_synth_top/u_top/u_aes/FE_OFN185_PRESETn has 52 fanout
WARNING : Net u_crypto_synth_top/u_top/u_aes/FE_OFN186_PRESETn has 63 fanout
WARNING : Net u_crypto_synth_top/u_top/u_aes/FE_OFN631_encdec_reg has 74 fanout
WARNING : Net u_crypto_synth_top/u_top/u_aes/FE_OFN10497_FE_OFN76_PRESETn has 58 fanout
WARNING : Net u_crypto_synth_top/u_top/u_aes/CTS_15 has 100 fanout
WARNING : Net u_crypto_synth_top/u_top/u_aes/CTS_16 has 93 fanout
WARNING : Net u_crypto_synth_top/u_top/u_aes/CTS_1 has 100 fanout
WARNING : Net u_crypto_synth_top/u_top/u_aes/CTS_2 has 93 fanout
WARNING : Net u_crypto_synth_top/u_top/u_aes/CTS_3 has 98 fanout
WARNING : Net u_crypto_synth_top/u_top/u_aes/CTS_4 has 99 fanout
WARNING : Net u_crypto_synth_top/u_top/u_aes/CTS_5 has 96 fanout
WARNING : Net u_crypto_synth_top/u_top/u_aes/CTS_6 has 100 fanout
WARNING : Net u_crypto_synth_top/u_top/u_aes/CTS_7 has 100 fanout
WARNING : Net u_crypto_synth_top/u_top/u_aes/CTS_8 has 96 fanout
WARNING : Net u_crypto_synth_top/u_top/u_aes/CTS_9 has 97 fanout
WARNING : Net u_crypto_synth_top/u_top/u_aes/CTS_10 has 99 fanout
WARNING : Net u_crypto_synth_top/u_top/u_aes/CTS_11 has 100 fanout
WARNING : Net u_crypto_synth_top/u_top/u_aes/CTS_12 has 99 fanout
WARNING : Net u_crypto_synth_top/u_top/u_aes/CTS_13 has 93 fanout
WARNING : Net u_crypto_synth_top/u_top/FE_OFN107_PRESETn has 61 fanout
WARNING : Net u_crypto_synth_top/u_top/FE_OFN134_PRESETn has 72 fanout
WARNING : Net u_crypto_synth_top/u_top/FE_OFN136_PRESETn has 59 fanout
WARNING : Net u_crypto_synth_top/u_top/FE_OFN176_PRESETn has 60 fanout
WARNING : Net u_crypto_synth_top/u_top/FE_OFN179_PRESETn has 59 fanout
WARNING : Net u_crypto_synth_top/u_top/FE_OFN187_PRESETn has 64 fanout
WARNING : Net u_crypto_synth_top/u_top/FE_OFN556_PWDATA_INT_31 has 61 fanout
WARNING : Net u_crypto_synth_top/u_top/FE_OFN558_PWDATA_INT_30 has 73 fanout
WARNING : Net u_crypto_synth_top/u_top/FE_OFN560_PWDATA_INT_29 has 65 fanout
WARNING : Net u_crypto_synth_top/u_top/FE_OFN562_PWDATA_INT_28 has 61 fanout
WARNING : Net u_crypto_synth_top/u_top/FE_OFN564_PWDATA_INT_27 has 61 fanout
WARNING : Net u_crypto_synth_top/u_top/FE_OFN566_PWDATA_INT_26 has 60 fanout
WARNING : Net u_crypto_synth_top/u_top/FE_OFN568_PWDATA_INT_25 has 61 fanout
WARNING : Net u_crypto_synth_top/u_top/FE_OFN570_PWDATA_INT_24 has 65 fanout
WARNING : Net u_crypto_synth_top/u_top/FE_OFN572_PWDATA_INT_23 has 61 fanout
WARNING : Net u_crypto_synth_top/u_top/FE_OFN574_PWDATA_INT_22 has 61 fanout
WARNING : Net u_crypto_synth_top/u_top/FE_OFN576_PWDATA_INT_21 has 61 fanout
WARNING : Net u_crypto_synth_top/u_top/FE_OFN578_PWDATA_INT_20 has 61 fanout
WARNING : Net u_crypto_synth_top/u_top/FE_OFN580_PWDATA_INT_19 has 61 fanout
WARNING : Net u_crypto_synth_top/u_top/FE_OFN583_PWDATA_INT_18 has 59 fanout
WARNING : Net u_crypto_synth_top/u_top/FE_OFN584_PWDATA_INT_17 has 65 fanout
WARNING : Net u_crypto_synth_top/u_top/FE_OFN586_PWDATA_INT_16 has 65 fanout
WARNING : Net u_crypto_synth_top/u_top/FE_OFN587_PWDATA_INT_16 has 60 fanout
WARNING : Net u_crypto_synth_top/u_top/FE_OFN588_PWDATA_INT_15 has 61 fanout
WARNING : Net u_crypto_synth_top/u_top/FE_OFN590_PWDATA_INT_14 has 65 fanout
WARNING : Net u_crypto_synth_top/u_top/FE_OFN591_PWDATA_INT_14 has 60 fanout
WARNING : Net u_crypto_synth_top/u_top/FE_OFN592_PWDATA_INT_13 has 72 fanout
WARNING : Net u_crypto_synth_top/u_top/FE_OFN596_PWDATA_INT_11 has 58 fanout
WARNING : Net u_crypto_synth_top/u_top/FE_OFN598_PWDATA_INT_10 has 65 fanout
WARNING : Net u_crypto_synth_top/u_top/FE_OFN599_PWDATA_INT_10 has 60 fanout
WARNING : Net u_crypto_synth_top/u_top/FE_OFN601_PWDATA_INT_9 has 60 fanout
WARNING : Net u_crypto_synth_top/u_top/FE_OFN602_PWDATA_INT_8 has 65 fanout
WARNING : Net u_crypto_synth_top/u_top/FE_OFN603_PWDATA_INT_8 has 60 fanout
WARNING : Net u_crypto_synth_top/u_top/FE_OFN604_PWDATA_INT_7 has 52 fanout
WARNING : Net u_crypto_synth_top/u_top/FE_OFN606_PWDATA_INT_6 has 63 fanout
WARNING : Net u_crypto_synth_top/u_top/FE_OFN608_PWDATA_INT_5 has 61 fanout
WARNING : Net u_crypto_synth_top/u_top/FE_OFN610_PWDATA_INT_4 has 65 fanout
WARNING : Net u_crypto_synth_top/u_top/FE_OFN612_PWDATA_INT_3 has 65 fanout
WARNING : Net u_crypto_synth_top/u_top/FE_OFN613_PWDATA_INT_3 has 62 fanout
WARNING : Net u_crypto_synth_top/u_top/FE_OFN614_PWDATA_INT_2 has 68 fanout
WARNING : Net u_crypto_synth_top/u_top/FE_OFN616_PWDATA_INT_1 has 51 fanout
WARNING : Net u_crypto_synth_top/u_top/FE_OFN617_PWDATA_INT_1 has 63 fanout
WARNING : Net u_crypto_synth_top/u_top/FE_OFN618_PWDATA_INT_0 has 68 fanout
WARNING : Net u_crypto_synth_top/u_top/FE_OFN619_PWDATA_INT_0 has 63 fanout
WARNING : Net u_crypto_synth_top/u_top/FE_OFN10473_FE_OFN614_PWDATA_INT_2 has 60 fanout
WARNING : Net u_crypto_synth_top/u_top/FE_OFN10474_FE_OFN610_PWDATA_INT_4 has 62 fanout
WARNING : Net u_crypto_synth_top/u_top/FE_OFN10479_FE_OFN592_PWDATA_INT_13 has 53 fanout
WARNING : Net u_crypto_synth_top/u_top/FE_OFN10481_FE_OFN584_PWDATA_INT_17 has 60 fanout
WARNING : Net u_crypto_synth_top/u_top/FE_OFN10486_FE_OFN570_PWDATA_INT_24 has 60 fanout
WARNING : Net u_crypto_synth_top/u_top/FE_OFN10490_FE_OFN560_PWDATA_INT_29 has 60 fanout
WARNING : Net u_crypto_synth_top/u_top/FE_OFN10491_FE_OFN558_PWDATA_INT_30 has 52 fanout
WARNING : Net u_crypto_synth_top/u_top/CTS_12 has 100 fanout
WARNING : Net u_crypto_synth_top/u_top/CTS_13 has 100 fanout
WARNING : Net u_crypto_synth_top/u_top/CTS_1 has 100 fanout
WARNING : Net u_crypto_synth_top/u_top/CTS_2 has 99 fanout
WARNING : Net u_crypto_synth_top/u_top/CTS_3 has 100 fanout
WARNING : Net u_crypto_synth_top/u_top/CTS_4 has 100 fanout
WARNING : Net u_crypto_synth_top/u_top/CTS_5 has 92 fanout
WARNING : Net u_crypto_synth_top/u_top/CTS_6 has 100 fanout
WARNING : Net u_crypto_synth_top/u_top/CTS_7 has 100 fanout
WARNING : Net u_crypto_synth_top/u_top/CTS_8 has 100 fanout
WARNING : Net u_crypto_synth_top/u_top/CTS_9 has 100 fanout
WARNING : Net u_crypto_synth_top/u_top/CTS_10 has 98 fanout
WARNING : Net u_crypto_synth_top/FE_OFN64_PRESETn has 54 fanout
WARNING : Net u_crypto_synth_top/FE_OFN67_PRESETn has 51 fanout
WARNING : Net u_crypto_synth_top/FE_OFN85_PRESETn has 55 fanout
WARNING : Net u_crypto_synth_top/FE_OFN87_PRESETn has 65 fanout
WARNING : Net u_crypto_synth_top/FE_OFN90_PRESETn has 57 fanout
WARNING : Net u_crypto_synth_top/FE_OFN138_PRESETn has 58 fanout
WARNING : Net u_crypto_synth_top/CTS_8 has 100 fanout
WARNING : Net u_crypto_synth_top/CTS_9 has 100 fanout
WARNING : Net u_crypto_synth_top/CTS_1 has 100 fanout
WARNING : Net u_crypto_synth_top/CTS_2 has 100 fanout
WARNING : Net u_crypto_synth_top/CTS_3 has 100 fanout
WARNING : Net u_crypto_synth_top/CTS_4 has 98 fanout
WARNING : Net u_crypto_synth_top/CTS_5 has 100 fanout
WARNING : Net u_crypto_synth_top/CTS_6 has 100 fanout

