
Cadence Innovus(TM) Implementation System.
Copyright 2020 Cadence Design Systems, Inc. All rights reserved worldwide.

Version:	v20.14-s095_1, built Mon Apr 19 14:41:42 PDT 2021
Options:	
Date:		Mon Jul 27 14:55:44 2026
Host:		c2sgpr065.Cambridge.edu.in (x86_64 w/Linux 3.10.0-1160.el7.x86_64) (20cores*80cpus*Intel(R) Xeon(R) Gold 6242R CPU @ 3.10GHz 36608KB)
OS:		Red Hat Enterprise Linux Server release 7.9 (Maipo)

License:
		invs	Innovus Implementation System	20.1	checkout succeeded
		8 CPU jobs allowed with the current license(s). Use setMultiCpuUsage to set your required CPU count.
Change the soft stacksize limit to 0.2%RAM (514 mbytes). Set global soft_stack_size_limit to change the value.

**INFO:  MMMC transition support version v31-84 

<CMD> set_global _enable_mmmc_by_default_flow      $CTE::mmmc_default
<CMD> suppressMessage ENCEXT-2799
<CMD> getVersion
[INFO] Loading PVS 20.11 fill procedures
<CMD> win
<CMD> encMessage warning 0
Suppress "**WARN ..." messages.
<CMD> encMessage debug 0
<CMD> encMessage info 0
rc_best rc_worst
**WARN: (IMPLF-200):	Pin 'PAD' in macro 'apc3d01' has no ANTENNAGATEAREA value defined. The library data is incomplete and some process antenna rules will not be checked correctly.
**WARN: (IMPLF-200):	Pin 'PAD' in macro 'pc3b01' has no ANTENNAGATEAREA value defined. The library data is incomplete and some process antenna rules will not be checked correctly.
**WARN: (IMPLF-200):	Pin 'PAD' in macro 'pc3b01d' has no ANTENNAGATEAREA value defined. The library data is incomplete and some process antenna rules will not be checked correctly.
**WARN: (IMPLF-200):	Pin 'PAD' in macro 'pc3b01u' has no ANTENNAGATEAREA value defined. The library data is incomplete and some process antenna rules will not be checked correctly.
**WARN: (IMPLF-200):	Pin 'PAD' in macro 'pc3b02' has no ANTENNAGATEAREA value defined. The library data is incomplete and some process antenna rules will not be checked correctly.
**WARN: (IMPLF-200):	Pin 'PAD' in macro 'pc3b02d' has no ANTENNAGATEAREA value defined. The library data is incomplete and some process antenna rules will not be checked correctly.
**WARN: (IMPLF-200):	Pin 'PAD' in macro 'pc3b02u' has no ANTENNAGATEAREA value defined. The library data is incomplete and some process antenna rules will not be checked correctly.
**WARN: (IMPLF-200):	Pin 'PAD' in macro 'pc3b03' has no ANTENNAGATEAREA value defined. The library data is incomplete and some process antenna rules will not be checked correctly.
**WARN: (IMPLF-200):	Pin 'PAD' in macro 'pc3b03d' has no ANTENNAGATEAREA value defined. The library data is incomplete and some process antenna rules will not be checked correctly.
**WARN: (IMPLF-200):	Pin 'PAD' in macro 'pc3b03ed' has no ANTENNAGATEAREA value defined. The library data is incomplete and some process antenna rules will not be checked correctly.
**WARN: (IMPLF-200):	Pin 'PAD' in macro 'pc3b03u' has no ANTENNAGATEAREA value defined. The library data is incomplete and some process antenna rules will not be checked correctly.
**WARN: (IMPLF-200):	Pin 'PAD' in macro 'pc3b04' has no ANTENNAGATEAREA value defined. The library data is incomplete and some process antenna rules will not be checked correctly.
**WARN: (IMPLF-200):	Pin 'PAD' in macro 'pc3b04d' has no ANTENNAGATEAREA value defined. The library data is incomplete and some process antenna rules will not be checked correctly.
**WARN: (IMPLF-200):	Pin 'PAD' in macro 'pc3b04u' has no ANTENNAGATEAREA value defined. The library data is incomplete and some process antenna rules will not be checked correctly.
**WARN: (IMPLF-200):	Pin 'PAD' in macro 'pc3b05' has no ANTENNAGATEAREA value defined. The library data is incomplete and some process antenna rules will not be checked correctly.
**WARN: (IMPLF-200):	Pin 'PAD' in macro 'pc3b05d' has no ANTENNAGATEAREA value defined. The library data is incomplete and some process antenna rules will not be checked correctly.
**WARN: (IMPLF-200):	Pin 'PAD' in macro 'pc3b05u' has no ANTENNAGATEAREA value defined. The library data is incomplete and some process antenna rules will not be checked correctly.
**WARN: (IMPLF-200):	Pin 'PAD' in macro 'pc3b21eu' has no ANTENNAGATEAREA value defined. The library data is incomplete and some process antenna rules will not be checked correctly.
**WARN: (IMPLF-200):	Pin 'PAD' in macro 'pc3b25eu' has no ANTENNAGATEAREA value defined. The library data is incomplete and some process antenna rules will not be checked correctly.
**WARN: (IMPLF-200):	Pin 'PAD' in macro 'pc3d00' has no ANTENNAGATEAREA value defined. The library data is incomplete and some process antenna rules will not be checked correctly.
**WARN: (EMS-27):	Message (IMPLF-200) has exceeded the current message display limit of 20.
To increase the message display limit, refer to the product command reference manual.
Loading view definition file from /home/scl_shuttle_8_3/tapeout/pnr/cts/C2S0306_cts.enc.dat/viewDefinition.tcl
*** End library_loading (cpu=0.02min, real=0.02min, mem=20.3M, fe_cpu=0.29min, fe_real=1.70min, fe_mem=806.9M) ***
**WARN: (IMPVL-159):	Pin 'VDD' of cell 'aoim22d1' is defined in LEF but not in the timing library.
**WARN: (IMPVL-159):	Pin 'VSS' of cell 'aoim22d1' is defined in LEF but not in the timing library.
**WARN: (IMPVL-159):	Pin 'VDD' of cell 'or04d2' is defined in LEF but not in the timing library.
**WARN: (IMPVL-159):	Pin 'VSS' of cell 'or04d2' is defined in LEF but not in the timing library.
**WARN: (IMPVL-159):	Pin 'VDD' of cell 'an02d1' is defined in LEF but not in the timing library.
**WARN: (IMPVL-159):	Pin 'VSS' of cell 'an02d1' is defined in LEF but not in the timing library.
**WARN: (IMPVL-159):	Pin 'VDD' of cell 'nd02da' is defined in LEF but not in the timing library.
**WARN: (IMPVL-159):	Pin 'VSS' of cell 'nd02da' is defined in LEF but not in the timing library.
**WARN: (IMPVL-159):	Pin 'VDD' of cell 'dl03d2' is defined in LEF but not in the timing library.
**WARN: (IMPVL-159):	Pin 'VSS' of cell 'dl03d2' is defined in LEF but not in the timing library.
**WARN: (IMPVL-159):	Pin 'VDD' of cell 'invtd7' is defined in LEF but not in the timing library.
**WARN: (IMPVL-159):	Pin 'VSS' of cell 'invtd7' is defined in LEF but not in the timing library.
**WARN: (IMPVL-159):	Pin 'VDD' of cell 'slnht2' is defined in LEF but not in the timing library.
**WARN: (IMPVL-159):	Pin 'VSS' of cell 'slnht2' is defined in LEF but not in the timing library.
**WARN: (IMPVL-159):	Pin 'VDD' of cell 'aoim22d2' is defined in LEF but not in the timing library.
**WARN: (IMPVL-159):	Pin 'VSS' of cell 'aoim22d2' is defined in LEF but not in the timing library.
**WARN: (IMPVL-159):	Pin 'VDD' of cell 'mffnrb2' is defined in LEF but not in the timing library.
**WARN: (IMPVL-159):	Pin 'VSS' of cell 'mffnrb2' is defined in LEF but not in the timing library.
**WARN: (IMPVL-159):	Pin 'VDD' of cell 'nr03d7' is defined in LEF but not in the timing library.
**WARN: (IMPVL-159):	Pin 'VSS' of cell 'nr03d7' is defined in LEF but not in the timing library.
**WARN: (EMS-27):	Message (IMPVL-159) has exceeded the current message display limit of 20.
To increase the message display limit, refer to the product command reference manual.
**WARN: (IMPTS-282):	Cell 'pt3t03u' is not a level shifter cell but has 'input_signal_level' and 'output_signal_level' specified on pins, or it has different related_power_pin specified on input and output pins. To mark this cell as level shifter, use 'is_level_shifter' attribute.
**WARN: (IMPTS-282):	Cell 'pt3t03d' is not a level shifter cell but has 'input_signal_level' and 'output_signal_level' specified on pins, or it has different related_power_pin specified on input and output pins. To mark this cell as level shifter, use 'is_level_shifter' attribute.
**WARN: (IMPTS-282):	Cell 'pt3t03' is not a level shifter cell but has 'input_signal_level' and 'output_signal_level' specified on pins, or it has different related_power_pin specified on input and output pins. To mark this cell as level shifter, use 'is_level_shifter' attribute.
**WARN: (IMPTS-282):	Cell 'pt3t02u' is not a level shifter cell but has 'input_signal_level' and 'output_signal_level' specified on pins, or it has different related_power_pin specified on input and output pins. To mark this cell as level shifter, use 'is_level_shifter' attribute.
**WARN: (IMPTS-282):	Cell 'pt3t02d' is not a level shifter cell but has 'input_signal_level' and 'output_signal_level' specified on pins, or it has different related_power_pin specified on input and output pins. To mark this cell as level shifter, use 'is_level_shifter' attribute.
**WARN: (IMPTS-282):	Cell 'pt3t02' is not a level shifter cell but has 'input_signal_level' and 'output_signal_level' specified on pins, or it has different related_power_pin specified on input and output pins. To mark this cell as level shifter, use 'is_level_shifter' attribute.
**WARN: (IMPTS-282):	Cell 'pt3t01u' is not a level shifter cell but has 'input_signal_level' and 'output_signal_level' specified on pins, or it has different related_power_pin specified on input and output pins. To mark this cell as level shifter, use 'is_level_shifter' attribute.
**WARN: (IMPTS-282):	Cell 'pt3t01d' is not a level shifter cell but has 'input_signal_level' and 'output_signal_level' specified on pins, or it has different related_power_pin specified on input and output pins. To mark this cell as level shifter, use 'is_level_shifter' attribute.
**WARN: (IMPTS-282):	Cell 'pt3t01' is not a level shifter cell but has 'input_signal_level' and 'output_signal_level' specified on pins, or it has different related_power_pin specified on input and output pins. To mark this cell as level shifter, use 'is_level_shifter' attribute.
**WARN: (IMPTS-282):	Cell 'pt3o03' is not a level shifter cell but has 'input_signal_level' and 'output_signal_level' specified on pins, or it has different related_power_pin specified on input and output pins. To mark this cell as level shifter, use 'is_level_shifter' attribute.
**WARN: (IMPTS-282):	Cell 'pt3o02' is not a level shifter cell but has 'input_signal_level' and 'output_signal_level' specified on pins, or it has different related_power_pin specified on input and output pins. To mark this cell as level shifter, use 'is_level_shifter' attribute.
**WARN: (IMPTS-282):	Cell 'pt3o01' is not a level shifter cell but has 'input_signal_level' and 'output_signal_level' specified on pins, or it has different related_power_pin specified on input and output pins. To mark this cell as level shifter, use 'is_level_shifter' attribute.
**WARN: (IMPTS-282):	Cell 'pc3t05u' is not a level shifter cell but has 'input_signal_level' and 'output_signal_level' specified on pins, or it has different related_power_pin specified on input and output pins. To mark this cell as level shifter, use 'is_level_shifter' attribute.
**WARN: (IMPTS-282):	Cell 'pc3t05d' is not a level shifter cell but has 'input_signal_level' and 'output_signal_level' specified on pins, or it has different related_power_pin specified on input and output pins. To mark this cell as level shifter, use 'is_level_shifter' attribute.
**WARN: (IMPTS-282):	Cell 'pc3t05' is not a level shifter cell but has 'input_signal_level' and 'output_signal_level' specified on pins, or it has different related_power_pin specified on input and output pins. To mark this cell as level shifter, use 'is_level_shifter' attribute.
**WARN: (IMPTS-282):	Cell 'pc3t04u' is not a level shifter cell but has 'input_signal_level' and 'output_signal_level' specified on pins, or it has different related_power_pin specified on input and output pins. To mark this cell as level shifter, use 'is_level_shifter' attribute.
**WARN: (IMPTS-282):	Cell 'pc3t04d' is not a level shifter cell but has 'input_signal_level' and 'output_signal_level' specified on pins, or it has different related_power_pin specified on input and output pins. To mark this cell as level shifter, use 'is_level_shifter' attribute.
**WARN: (IMPTS-282):	Cell 'pc3t04' is not a level shifter cell but has 'input_signal_level' and 'output_signal_level' specified on pins, or it has different related_power_pin specified on input and output pins. To mark this cell as level shifter, use 'is_level_shifter' attribute.
**WARN: (IMPTS-282):	Cell 'pc3t03u' is not a level shifter cell but has 'input_signal_level' and 'output_signal_level' specified on pins, or it has different related_power_pin specified on input and output pins. To mark this cell as level shifter, use 'is_level_shifter' attribute.
**WARN: (IMPTS-282):	Cell 'pc3t03d' is not a level shifter cell but has 'input_signal_level' and 'output_signal_level' specified on pins, or it has different related_power_pin specified on input and output pins. To mark this cell as level shifter, use 'is_level_shifter' attribute.
**WARN: (EMS-27):	Message (IMPTS-282) has exceeded the current message display limit of 20.
To increase the message display limit, refer to the product command reference manual.
*** Netlist is unique.
**WARN: (IMPFP-3961):	The techSite 'CO_MSTR_c' has no related standard cells in LEF/OA library. Cannot make calculations for this site type unless standard cell models of this type exist in the LEF/OA library. If the SITE is not used by the library you can ignore this warning or remove the SITE definition from the LEF/OA to avoid this message.
**WARN: (IMPFP-3961):	The techSite 'IOSite_c' has no related standard cells in LEF/OA library. Cannot make calculations for this site type unless standard cell models of this type exist in the LEF/OA library. If the SITE is not used by the library you can ignore this warning or remove the SITE definition from the LEF/OA to avoid this message.
Loading preference file /home/scl_shuttle_8_3/tapeout/pnr/cts/C2S0306_cts.enc.dat/gui.pref.tcl ...
**WARN: (IMPPSP-1003):	Found use of 'setRouteMode -earlyGlobalMaxRouteLayer'. This will continue to work in this release; however, it is recommended to use 'setDesignMode -topRoutingLayer' instead.
**WARN: (IMPPSP-1003):	Found use of 'setRouteMode -earlyGlobalMinRouteLayer'. This will continue to work in this release; however, it is recommended to use 'setDesignMode -bottomRoutingLayer' instead.
**WARN: (IMPFP-3961):	The techSite 'CO_MSTR_c' has no related standard cells in LEF/OA library. Cannot make calculations for this site type unless standard cell models of this type exist in the LEF/OA library. If the SITE is not used by the library you can ignore this warning or remove the SITE definition from the LEF/OA to avoid this message.
**WARN: (IMPFP-3961):	The techSite 'IOSite_c' has no related standard cells in LEF/OA library. Cannot make calculations for this site type unless standard cell models of this type exist in the LEF/OA library. If the SITE is not used by the library you can ignore this warning or remove the SITE definition from the LEF/OA to avoid this message.
Loading place ...
**WARN: (IMPEXT-2662):	Cap table /home/scl_shuttle_8_3/tapeout/pnr/cts/C2S0306_cts.enc.dat/libs/mmmc/C2S0306.CapTbl does not have the EXTENDED section. It will use only BASIC cap table section for RC extraction.
**WARN: (IMPEXT-2662):	Cap table /home/scl_shuttle_8_3/tapeout/pnr/cts/C2S0306_cts.enc.dat/libs/mmmc/C2S0306.CapTbl does not have the EXTENDED section. It will use only BASIC cap table section for RC extraction.
'set_default_switching_activity' finished successfully.
max_delay min_delay
**WARN: (IMPESI-3505):	setDelayCalMode -eng_copyNetPropToNewNet true (default=false) will be obsoleted along with its sgs2set equivalent.  This parameter will continue to be supported in the current release, but will be removed in the next major release of the software.
**WARN: (IMPCTE-107):	The following globals have been obsoleted since version 20.14-s095_1. They will be removed in the next release. 
timing_enable_default_delay_arc
<CMD> fit
<CMD> zoomOut
<CMD> fit
<CMD> setNanoRouteMode -quiet -routeInsertAntennaDiode 1
<CMD> setNanoRouteMode -quiet -routeAntennaCellName ADIODE
<CMD> setNanoRouteMode -quiet -routeWithTimingDriven 1
<CMD> setNanoRouteMode -quiet -routeWithSiDriven 1
<CMD> setNanoRouteMode -quiet -routeTdrEffort 6
<CMD> setNanoRouteMode -quiet -routeTopRoutingLayer 6
#WARNING (NRIF-91) Option setNanoRouteMode -routeTopRoutingLayer is obsolete. It will continue to work for the current release. To ensure compatibility with future releases, use option setDesignMode -topRoutingLayer instead.
<CMD> setNanoRouteMode -quiet -routeBottomRoutingLayer 1
#WARNING (NRIF-90) Option setNanoRouteMode -routeBottomRoutingLayer is obsolete. It will continue to work for the current release. To ensure compatibility with future releases, use option setDesignMode -bottomRoutingLayer instead.
<CMD> setNanoRouteMode -quiet -drouteEndIteration default
**WARN: (IMPTCM-77):	Option "-routeEcoOnlyInLayers" for command getNanoRouteMode is obsolete and will be removed in a future release. The obsolete option still works in this release but to avoid this warning and to ensure compatibility with future releases, remove the obsolete option from your script.
<CMD> setNanoRouteMode -quiet -routeWithTimingDriven true
<CMD> setNanoRouteMode -quiet -routeWithSiDriven true
Running Native NanoRoute ...
<CMD> routeDesign -globalDetail
#routeDesign: cpu time = 00:00:00, elapsed time = 00:00:00, memory = 1822.57 (MB), peak = 1866.28 (MB)
#WARNING (NRIG-96) Selected single pass global detail route "-globalDetail". Clock eco and post optimizations will not be run. See "man NRIG-96" for more details.
**INFO: User settings:
setNanoRouteMode -droutePostRouteSpreadWire                     1
setNanoRouteMode -drouteUseMultiCutViaEffort                    high
setNanoRouteMode -extractThirdPartyCompatible                   false
setNanoRouteMode -grouteExpTdStdDelay                           45.5
setNanoRouteMode -grouteExpTdUseTifTimingEngineForImportDesign  true
setNanoRouteMode -routeAntennaCellName                          ADIODE
setNanoRouteMode -routeBottomRoutingLayer                       1
setNanoRouteMode -routeInsertAntennaDiode                       true
setNanoRouteMode -routeTdrEffort                                6
setNanoRouteMode -routeTopRoutingLayer                          6
setNanoRouteMode -routeWithSiDriven                             true
setNanoRouteMode -routeWithTimingDriven                         true
setNanoRouteMode -timingEngine                                  {}
setExtractRCMode -engine                                        preRoute
setDelayCalMode -enable_high_fanout                             true
setDelayCalMode -eng_copyNetPropToNewNet                        true
setDelayCalMode -engine                                         aae
setDelayCalMode -ignoreNetLoad                                  false
setDelayCalMode -socv_accuracy_mode                             low
setSIMode -separate_delta_delay_on_data                         true

#rc_worst has no qx tech file defined
#No active RC corner or QRC tech file is missing.
#**INFO: setDesignMode -flowEffort standard
#**INFO: multi-cut via swapping will not be performed after routing.
#**INFO: All auto set options tuned by routeDesign will be restored to their original settings on command completion.
Begin checking placement ... (start mem=2359.6M, init mem=2397.7M)
*info: Placed = 109797         (Fixed = 205)
*info: Unplaced = 0           
Placement Density:71.48%(3427999/4795574)
Placement Density (including fixed std cells):71.48%(3427999/4795574)
Finished checkPlace (total: cpu=0:00:01.5, real=0:00:01.0; vio checks: cpu=0:00:01.0, real=0:00:01.0; mem=2426.7M)
#WARNING (NRIG-87) Timing file "" not found, resetting timing engine to default for this session.

changeUseClockNetStatus Option :  -noFixedNetWires 
*** Changed status on (207) nets in Clock.
*** End changeUseClockNetStatus (cpu=0:00:00.0, real=0:00:00.0, mem=2426.7M) ***

globalDetailRoute

#Start globalDetailRoute on Mon Jul 27 15:02:37 2026
#
#Generating timing data, please wait...
#111136 total nets, 111115 already routed, 111115 will ignore in trialRoute
**WARN: (IMPEXT-3530):	The process node is not set. Use the command setDesignMode -process <process node> prior to extraction for maximum accuracy and optimal automatic threshold setting.
**WARN: (IMPEXT-6166):	Capacitance table file(s) without the EXTENDED section is being used for RC extraction. This is not recommended because it results in lower accuracy for clock nets in preRoute extraction and for all nets in postRoute extraction using -effortLevel low. Regenerate capacitance table file(s) using the generateCapTbl command.
#Dump tif for version 2.1
Total number of fetched objects 111136
Total number of fetched objects 111136
End delay calculation. (MEM=2504.81 CPU=0:00:13.8 REAL=0:00:14.0)
#Generating timing data took: cpu time = 00:00:33, elapsed time = 00:00:33, memory = 1844.02 (MB), peak = 1981.02 (MB)
#Done generating timing data.
#create default rule from bind_ndr_rule rule=0x7fb6fe0ca3d0 0x7fb694faafc0
#WARNING (NRIG-1303) Congestion map does not match the GCELL grid, clearing map.
#WARNING (NRIG-39) NanoRoute cannot route to pin PIN/main_clk_pad of net main_clk_pad because it might be a logical pin and does not have physical shapes. To fix the problem, check the pin connection in the netlist and ensure the pin shapes exist in the floorplan.
#WARNING (NRIG-39) NanoRoute cannot route to pin PIN/PRESETn_pad of net PRESETn_pad because it might be a logical pin and does not have physical shapes. To fix the problem, check the pin connection in the netlist and ensure the pin shapes exist in the floorplan.
#WARNING (NRIG-39) NanoRoute cannot route to pin PIN/PSEL_pad of net PSEL_pad because it might be a logical pin and does not have physical shapes. To fix the problem, check the pin connection in the netlist and ensure the pin shapes exist in the floorplan.
#WARNING (NRIG-39) NanoRoute cannot route to pin PIN/PENABLE_pad of net PENABLE_pad because it might be a logical pin and does not have physical shapes. To fix the problem, check the pin connection in the netlist and ensure the pin shapes exist in the floorplan.
#WARNING (NRIG-39) NanoRoute cannot route to pin PIN/PWRITE_pad of net PWRITE_pad because it might be a logical pin and does not have physical shapes. To fix the problem, check the pin connection in the netlist and ensure the pin shapes exist in the floorplan.
#WARNING (NRIG-39) NanoRoute cannot route to pin PIN/PADDR_pad[7] of net PADDR_pad[7] because it might be a logical pin and does not have physical shapes. To fix the problem, check the pin connection in the netlist and ensure the pin shapes exist in the floorplan.
#WARNING (NRIG-39) NanoRoute cannot route to pin PIN/PADDR_pad[6] of net PADDR_pad[6] because it might be a logical pin and does not have physical shapes. To fix the problem, check the pin connection in the netlist and ensure the pin shapes exist in the floorplan.
#WARNING (NRIG-39) NanoRoute cannot route to pin PIN/PADDR_pad[5] of net PADDR_pad[5] because it might be a logical pin and does not have physical shapes. To fix the problem, check the pin connection in the netlist and ensure the pin shapes exist in the floorplan.
#WARNING (NRIG-39) NanoRoute cannot route to pin PIN/PADDR_pad[4] of net PADDR_pad[4] because it might be a logical pin and does not have physical shapes. To fix the problem, check the pin connection in the netlist and ensure the pin shapes exist in the floorplan.
#WARNING (NRIG-39) NanoRoute cannot route to pin PIN/PADDR_pad[3] of net PADDR_pad[3] because it might be a logical pin and does not have physical shapes. To fix the problem, check the pin connection in the netlist and ensure the pin shapes exist in the floorplan.
#WARNING (NRIG-39) NanoRoute cannot route to pin PIN/PADDR_pad[2] of net PADDR_pad[2] because it might be a logical pin and does not have physical shapes. To fix the problem, check the pin connection in the netlist and ensure the pin shapes exist in the floorplan.
#WARNING (NRIG-39) NanoRoute cannot route to pin PIN/PADDR_pad[1] of net PADDR_pad[1] because it might be a logical pin and does not have physical shapes. To fix the problem, check the pin connection in the netlist and ensure the pin shapes exist in the floorplan.
#WARNING (NRIG-39) NanoRoute cannot route to pin PIN/PADDR_pad[0] of net PADDR_pad[0] because it might be a logical pin and does not have physical shapes. To fix the problem, check the pin connection in the netlist and ensure the pin shapes exist in the floorplan.
#WARNING (NRIG-39) NanoRoute cannot route to pin PIN/SER_DATA_pad of net SER_DATA_pad because it might be a logical pin and does not have physical shapes. To fix the problem, check the pin connection in the netlist and ensure the pin shapes exist in the floorplan.
#WARNING (NRIG-39) NanoRoute cannot route to pin PIN/SHIFT_EN_pad of net SHIFT_EN_pad because it might be a logical pin and does not have physical shapes. To fix the problem, check the pin connection in the netlist and ensure the pin shapes exist in the floorplan.
#WARNING (NRIG-39) NanoRoute cannot route to pin PIN/PREADY_pad of net PREADY_pad because it might be a logical pin and does not have physical shapes. To fix the problem, check the pin connection in the netlist and ensure the pin shapes exist in the floorplan.
#WARNING (NRIG-39) NanoRoute cannot route to pin PIN/PSLVERR_pad of net PSLVERR_pad because it might be a logical pin and does not have physical shapes. To fix the problem, check the pin connection in the netlist and ensure the pin shapes exist in the floorplan.
#WARNING (NRIG-39) NanoRoute cannot route to pin PIN/SER_OUT_pad of net SER_OUT_pad because it might be a logical pin and does not have physical shapes. To fix the problem, check the pin connection in the netlist and ensure the pin shapes exist in the floorplan.
#WARNING (NRIG-39) NanoRoute cannot route to pin PIN/SHIFT_OUT_EN_pad of net SHIFT_OUT_EN_pad because it might be a logical pin and does not have physical shapes. To fix the problem, check the pin connection in the netlist and ensure the pin shapes exist in the floorplan.
#num needed restored net=0
#need_extraction net=0 (total=112093)
#WARNING (NRDB-733) PIN PADDR_pad[0] in CELL_VIEW C2S0306 does not have physical port.
#WARNING (NRDB-733) PIN PADDR_pad[1] in CELL_VIEW C2S0306 does not have physical port.
#WARNING (NRDB-733) PIN PADDR_pad[2] in CELL_VIEW C2S0306 does not have physical port.
#WARNING (NRDB-733) PIN PADDR_pad[3] in CELL_VIEW C2S0306 does not have physical port.
#WARNING (NRDB-733) PIN PADDR_pad[4] in CELL_VIEW C2S0306 does not have physical port.
#WARNING (NRDB-733) PIN PADDR_pad[5] in CELL_VIEW C2S0306 does not have physical port.
#WARNING (NRDB-733) PIN PADDR_pad[6] in CELL_VIEW C2S0306 does not have physical port.
#WARNING (NRDB-733) PIN PADDR_pad[7] in CELL_VIEW C2S0306 does not have physical port.
#WARNING (NRDB-733) PIN PENABLE_pad in CELL_VIEW C2S0306 does not have physical port.
#WARNING (NRDB-733) PIN PREADY_pad in CELL_VIEW C2S0306 does not have physical port.
#WARNING (NRDB-733) PIN PRESETn_pad in CELL_VIEW C2S0306 does not have physical port.
#WARNING (NRDB-733) PIN PSEL_pad in CELL_VIEW C2S0306 does not have physical port.
#WARNING (NRDB-733) PIN PSLVERR_pad in CELL_VIEW C2S0306 does not have physical port.
#WARNING (NRDB-733) PIN PWRITE_pad in CELL_VIEW C2S0306 does not have physical port.
#WARNING (NRDB-733) PIN SER_DATA_pad in CELL_VIEW C2S0306 does not have physical port.
#WARNING (NRDB-733) PIN SER_OUT_pad in CELL_VIEW C2S0306 does not have physical port.
#WARNING (NRDB-733) PIN SHIFT_EN_pad in CELL_VIEW C2S0306 does not have physical port.
#WARNING (NRDB-733) PIN SHIFT_OUT_EN_pad in CELL_VIEW C2S0306 does not have physical port.
#WARNING (NRDB-733) PIN main_clk_pad in CELL_VIEW C2S0306 does not have physical port.
#WARNING (NRDB-976) The TRACK STEP 0.5600 for preferred direction tracks is smaller than the PITCH 0.6600 for LAYER M5. This will cause routability problems for NanoRoute.
#Start reading timing information from file .timing_file_169137.tif.gz ...
#Read in timing information for 19 ports, 109833 instances from timing file .timing_file_169137.tif.gz.
#NanoRoute Version 20.14-s095_1 NR210411-1939/20_14-UB
#Total number of trivial nets (e.g. < 2 pins) = 976 (skipped).
#Total number of routable nets = 111117.
#Total number of nets in the design = 112093.
#110931 routable nets do not have any wires.
#186 routable nets have routed wires.
#110931 nets will be global routed.
#21 global routed or unrouted (routable) nets have been constrained (e.g. have preferred extra spacing, require shielding etc.)
#186 detail routed (routable) nets have been constrained (e.g. have preferred extra spacing, require shielding etc.)
#Start routing data preparation on Mon Jul 27 15:03:16 2026
#
#Minimum voltage of a net in the design = 0.000.
#Maximum voltage of a net in the design = 1.620.
#Voltage range [0.000 - 1.620] has 112089 nets.
#Voltage range [1.620 - 1.620] has 2 nets.
#Voltage range [0.000 - 0.000] has 2 nets.
#Rebuild pin access data for design.
#WARNING (NRDB-1028) Some option affecting pin access calculation is set by the user. Pin access is to be recalculated. This incurs runtime.
#Initial pin access analysis.
#Detail pin access analysis.
# M1           H   Track-Pitch = 0.5600    Line-2-Via Pitch = 0.4850
# M2           V   Track-Pitch = 0.5600    Line-2-Via Pitch = 0.5600
# M3           H   Track-Pitch = 0.5600    Line-2-Via Pitch = 0.5600
# M4           V   Track-Pitch = 0.5600    Line-2-Via Pitch = 0.5600
# M5           H   Track-Pitch = 0.5600    Line-2-Via Pitch = 0.5600
# TOP_M        V   Track-Pitch = 1.1200    Line-2-Via Pitch = 0.9500
#Monitoring time of adding inner blkg by smac
#cpu time = 00:00:00, elapsed time = 00:00:00, memory = 2038.71 (MB), peak = 2071.22 (MB)
#Regenerating Ggrids automatically.
#Auto generating G-grids with size=15 tracks, using layer M3's pitch = 0.5600.
#Using automatically generated G-grids.
#Done routing data preparation.
#cpu time = 00:00:03, elapsed time = 00:00:03, memory = 2044.23 (MB), peak = 2071.22 (MB)
#
#Connectivity extraction summary:
#207 routed net(s) are imported.
#110910 (98.94%) nets are without wires.
#976 nets are fixed|skipped|trivial (not extracted).
#Total number of nets = 112093.
#
#
#Finished routing data preparation on Mon Jul 27 15:03:20 2026
#
#Cpu time = 00:00:04
#Elapsed time = 00:00:04
#Increased memory = 23.09 (MB)
#Total memory = 2045.75 (MB)
#Peak memory = 2071.22 (MB)
#
#
#Start global routing on Mon Jul 27 15:03:20 2026
#
#
#Start global routing initialization on Mon Jul 27 15:03:20 2026
#
#Number of eco nets is 21
#
#Start global routing data preparation on Mon Jul 27 15:03:20 2026
#
#Start routing resource analysis on Mon Jul 27 15:03:20 2026
#
#Routing resource analysis is done on Mon Jul 27 15:03:21 2026
#
#  Resource Analysis:
#
#               Routing  #Avail      #Track     #Total     %Gcell
#  Layer      Direction   Track     Blocked      Gcell    Blocked
#  --------------------------------------------------------------
#  M1             H        3615        1634      122500    76.50%
#  M2             V        3635        1614      122500    32.12%
#  M3             H        3621        1628      122500    30.75%
#  M4             V        3610        1639      122500    32.24%
#  M5             H        3492        1757      122500    32.10%
#  TOP_M          V        1364        1261      122500    38.19%
#  --------------------------------------------------------------
#  Total                  19338      34.27%      735000    40.32%
#
#
#
#
#Global routing data preparation is done on Mon Jul 27 15:03:21 2026
#
#cpu time = 00:00:01, elapsed time = 00:00:01, memory = 2064.32 (MB), peak = 2071.22 (MB)
#
#
#Global routing initialization is done on Mon Jul 27 15:03:21 2026
#
#cpu time = 00:00:02, elapsed time = 00:00:02, memory = 2069.80 (MB), peak = 2071.22 (MB)
#
#start global routing iteration 1...
#cpu time = 00:00:01, elapsed time = 00:00:01, memory = 2078.18 (MB), peak = 2123.64 (MB)
#
#start global routing iteration 2...
#cpu time = 00:00:13, elapsed time = 00:00:13, memory = 2109.32 (MB), peak = 2217.30 (MB)
#
#start global routing iteration 3...
#cpu time = 00:00:32, elapsed time = 00:00:32, memory = 2131.98 (MB), peak = 2217.30 (MB)
#
#start global routing iteration 4...
#cpu time = 00:03:14, elapsed time = 00:03:15, memory = 2156.12 (MB), peak = 2271.75 (MB)
#
#
#Total number of trivial nets (e.g. < 2 pins) = 976 (skipped).
#Total number of routable nets = 111117.
#Total number of nets in the design = 112093.
#
#111117 routable nets have routed wires.
#21 global routed or unrouted (routable) nets have been constrained (e.g. have preferred extra spacing, require shielding etc.)
#186 detail routed (routable) nets have been constrained (e.g. have preferred extra spacing, require shielding etc.)
#
#Routed nets constraints summary:
#------------------------------------------
#        Rules   Pref Layer   Unconstrained  
#------------------------------------------
#      Default           21          110910  
#------------------------------------------
#        Total           21          110910  
#------------------------------------------
#
#Routing constraints summary of the whole design:
#------------------------------------------
#        Rules   Pref Layer   Unconstrained  
#------------------------------------------
#      Default          207          110910  
#------------------------------------------
#        Total          207          110910  
#------------------------------------------
#
#
#  Congestion Analysis: (blocked Gcells are excluded)
#
#                 OverCon       OverCon       OverCon          
#                  #Gcell        #Gcell        #Gcell    %Gcell
#     Layer         (1-2)         (3-4)         (5-6)   OverCon
#  ------------------------------------------------------------
#  M1            0(0.00%)      0(0.00%)      0(0.00%)   (0.00%)
#  M2          108(0.13%)     12(0.01%)      2(0.00%)   (0.14%)
#  M3          251(0.30%)      3(0.00%)      0(0.00%)   (0.30%)
#  M4           21(0.02%)      0(0.00%)      0(0.00%)   (0.02%)
#  M5          107(0.13%)      0(0.00%)      0(0.00%)   (0.13%)
#  TOP_M        12(0.02%)      0(0.00%)      0(0.00%)   (0.02%)
#  ------------------------------------------------------------
#     Total    499(0.11%)     15(0.00%)      2(0.00%)   (0.12%)
#
#  The worst congested Gcell overcon (routing demand over resource in number of tracks) = 6
#  Overflow after GR: 0.08% H + 0.03% V
#
#Hotspot report including placement blocked areas
[hotspot] +----------------+-------------------+-------------------+-------------------------------------+
[hotspot] |      layer     |    max hotspot    |   total hotspot   |            hotspot bbox             |
[hotspot] +----------------+-------------------+-------------------+-------------------------------------+
[hotspot] |       M1(H)    |              0.26 |              1.31 |  1612.80  2016.00  1702.39  2105.60 |
[hotspot] |       M2(V)    |              0.00 |              0.00 |   (none)                            |
[hotspot] |       M3(H)    |              2.89 |             16.00 |  1523.19   627.20  1612.80   716.79 |
[hotspot] |       M4(V)    |              0.26 |              0.26 |  1478.39   896.00  1568.00   985.60 |
[hotspot] |       M5(H)    |              0.26 |              0.26 |  1523.19   627.20  1612.80   716.79 |
[hotspot] |    TOP_M(V)    |              6.82 |             13.38 |  1747.19   806.39  1836.80   896.00 |
[hotspot] +----------------+-------------------+-------------------+-------------------------------------+
[hotspot] |      worst     |  (TOP_M)     6.82 |     (M3)    16.00 |                                     |
[hotspot] +----------------+-------------------+-------------------+-------------------------------------+
[hotspot] |   all layers   |              0.79 |              2.89 |                                     |
[hotspot] +----------------+-------------------+-------------------+-------------------------------------+
Local HotSpot Analysis (3d): normalized congestion max/total hotspot area = 0.79/2.89 (area is in unit of 4 std-cell row bins)
[hotspot] top 5 congestion hotspot bounding boxes and scores of all layers hotspot
[hotspot] +-----+-------------------------------------+---------------+
[hotspot] | top |            hotspot bbox             | hotspot score |
[hotspot] +-----+-------------------------------------+---------------+
[hotspot] |  1  |  1344.00   761.60  1433.60   851.20 |        1.31   |
[hotspot] +-----+-------------------------------------+---------------+
[hotspot] |  2  |  1433.60   627.20  1523.19   716.79 |        0.52   |
[hotspot] +-----+-------------------------------------+---------------+
[hotspot] |  3  |  1478.39   851.20  1568.00   940.80 |        0.52   |
[hotspot] +-----+-------------------------------------+---------------+
[hotspot] |  4  |  1433.60   716.79  1523.19   806.39 |        0.26   |
[hotspot] +-----+-------------------------------------+---------------+
[hotspot] |  5  |  1478.39   940.80  1568.00  1030.39 |        0.26   |
[hotspot] +-----+-------------------------------------+---------------+
#Complete Global Routing.
#Total wire length = 12483913 um.
#Total half perimeter of net bounding box = 10426867 um.
#Total wire length on LAYER M1 = 43924 um.
#Total wire length on LAYER M2 = 2060068 um.
#Total wire length on LAYER M3 = 2961534 um.
#Total wire length on LAYER M4 = 3285603 um.
#Total wire length on LAYER M5 = 3138468 um.
#Total wire length on LAYER TOP_M = 994316 um.
#Total number of vias = 872648
#Total number of multi-cut vias = 44699 (  5.1%)
#Total number of single cut vias = 827949 ( 94.9%)
#Up-Via Summary (total 872648):
#                   single-cut          multi-cut      Total
#-----------------------------------------------------------
# M1            364161 ( 94.8%)     20118 (  5.2%)     384279
# M2            276510 ( 92.2%)     23320 (  7.8%)     299830
# M3            111339 ( 99.1%)      1043 (  0.9%)     112382
# M4             61193 ( 99.6%)       218 (  0.4%)      61411
# M5             14746 (100.0%)         0 (  0.0%)      14746
#-----------------------------------------------------------
#               827949 ( 94.9%)     44699 (  5.1%)     872648 
#
#Max overcon = 6 tracks.
#Total overcon = 0.12%.
#Worst layer Gcell overcon rate = 0.30%.
#
#Global routing statistics:
#Cpu time = 00:04:04
#Elapsed time = 00:04:04
#Increased memory = 96.22 (MB)
#Total memory = 2141.98 (MB)
#Peak memory = 2271.75 (MB)
#
#Finished global routing on Mon Jul 27 15:07:24 2026
#
#
#cpu time = 00:00:01, elapsed time = 00:00:01, memory = 2132.79 (MB), peak = 2271.75 (MB)
#Start Track Assignment.
#Done with 207617 horizontal wires in 11 hboxes and 238127 vertical wires in 11 hboxes.
#Done with 53004 horizontal wires in 11 hboxes and 44187 vertical wires in 11 hboxes.
#Done with 11 horizontal wires in 11 hboxes and 11 vertical wires in 11 hboxes.
#
#Track assignment summary:
# layer   (wire length)   (overlap)     (long ovlp)	(with obs/pg/clk)  
#------------------------------------------------------------------------
# M1         43557.27 	  0.02%  	  0.00% 	  0.00%
# M2       1942570.93 	  0.08%  	  0.00% 	  0.00%
# M3       2819819.65 	  0.10%  	  0.00% 	  0.00%
# M4       3259774.15 	  0.06%  	  0.00% 	  0.00%
# M5       3128458.35 	  0.04%  	  0.00% 	  0.00%
# TOP_M     995704.17 	  0.16%  	  0.02% 	  0.00%
#------------------------------------------------------------------------
# All     12189884.53  	  0.07% 	  0.00% 	  0.00%
#Complete Track Assignment.
#Total wire length = 12787257 um.
#Total half perimeter of net bounding box = 10426867 um.
#Total wire length on LAYER M1 = 248021 um.
#Total wire length on LAYER M2 = 2056016 um.
#Total wire length on LAYER M3 = 3032672 um.
#Total wire length on LAYER M4 = 3299057 um.
#Total wire length on LAYER M5 = 3154552 um.
#Total wire length on LAYER TOP_M = 996940 um.
#Total number of vias = 872648
#Total number of multi-cut vias = 44699 (  5.1%)
#Total number of single cut vias = 827949 ( 94.9%)
#Up-Via Summary (total 872648):
#                   single-cut          multi-cut      Total
#-----------------------------------------------------------
# M1            364161 ( 94.8%)     20118 (  5.2%)     384279
# M2            276510 ( 92.2%)     23320 (  7.8%)     299830
# M3            111339 ( 99.1%)      1043 (  0.9%)     112382
# M4             61193 ( 99.6%)       218 (  0.4%)      61411
# M5             14746 (100.0%)         0 (  0.0%)      14746
#-----------------------------------------------------------
#               827949 ( 94.9%)     44699 (  5.1%)     872648 
#
#cpu time = 00:00:44, elapsed time = 00:00:44, memory = 2156.38 (MB), peak = 2271.75 (MB)
#
#number of short segments in preferred routing layers
#	M2        M3        Total 
#	13        8         21        
#
#Routing data preparation, pin analysis, global routing and track assignment statistics:
#Cpu time = 00:04:54
#Elapsed time = 00:04:54
#Increased memory = 136.45 (MB)
#Total memory = 2158.96 (MB)
#Peak memory = 2271.75 (MB)
#
#Start Detail Routing..
#start initial detail routing ...
#    completing 10% with 2891 violations
#    elapsed time = 00:03:28, memory = 2648.54 (MB)
#    completing 20% with 4948 violations
#    elapsed time = 00:07:10, memory = 2712.12 (MB)
#    completing 30% with 6140 violations
#    elapsed time = 00:10:20, memory = 2754.91 (MB)
#    completing 40% with 7815 violations
#    elapsed time = 00:12:51, memory = 2695.12 (MB)
#    completing 50% with 9625 violations
#    elapsed time = 00:15:36, memory = 2734.05 (MB)
#    completing 60% with 11000 violations
#    elapsed time = 00:18:21, memory = 2675.16 (MB)
#    completing 70% with 12262 violations
#    elapsed time = 00:21:48, memory = 2747.29 (MB)
#    completing 80% with 13809 violations
#    elapsed time = 00:24:53, memory = 2736.94 (MB)
#    completing 90% with 14936 violations
#    elapsed time = 00:28:30, memory = 2752.42 (MB)
#    completing 100% with 15452 violations
#    elapsed time = 00:31:49, memory = 2800.86 (MB)
#   number of violations = 15452
#
#    By Layer and Type :
#	         MetSpc    NSMet    Short     Loop   CutSpc   CShort      Mar   Totals
#	M1         5999        0     2991        3       27       11        0     9031
#	M2         1778      295     2604      411        0        0       15     5103
#	M3          178        0      321        0        0        0        3      502
#	M4           25        0       63        0        0        0        5       93
#	M5          587        0      128        0        0        0        1      716
#	TOP_M         4        0        3        0        0        0        0        7
#	Totals     8571      295     6110      414       27       11       24    15452
#33695 out of 110101 instances (30.6%) need to be verified(marked ipoed), dirty area = 10.9%.
#   number of violations = 15623
#
#    By Layer and Type :
#	         MetSpc    NSMet    Short     Loop   CutSpc   CShort      Mar   Totals
#	M1         6059        0     3009        3       27       11        0     9109
#	M2         1814      295     2630      422        0        0       15     5176
#	M3          181        0      322        0        0        0        3      506
#	M4           26        0       64        0        0        0        5       95
#	M5          601        0      128        0        0        0        1      730
#	TOP_M         4        0        3        0        0        0        0        7
#	Totals     8685      295     6156      425       27       11       24    15623
#cpu time = 00:33:05, elapsed time = 00:33:07, memory = 2268.06 (MB), peak = 2830.71 (MB)
#start 1st optimization iteration ...
#    completing 10% with 14021 violations
#    elapsed time = 00:00:49, memory = 2398.59 (MB)
#    completing 20% with 11944 violations
#    elapsed time = 00:02:02, memory = 2448.66 (MB)
#    completing 30% with 11140 violations
#    elapsed time = 00:02:18, memory = 2444.20 (MB)
#    completing 40% with 9507 violations
#    elapsed time = 00:03:35, memory = 2445.04 (MB)
#    completing 50% with 8761 violations
#    elapsed time = 00:04:10, memory = 2445.58 (MB)
#    completing 60% with 7611 violations
#    elapsed time = 00:04:51, memory = 2384.70 (MB)
#    completing 70% with 6157 violations
#    elapsed time = 00:05:57, memory = 2396.49 (MB)
#    completing 80% with 5410 violations
#    elapsed time = 00:06:17, memory = 2395.14 (MB)
#    completing 90% with 4178 violations
#    elapsed time = 00:07:29, memory = 2396.22 (MB)
#    completing 100% with 3535 violations
#    elapsed time = 00:08:03, memory = 2395.59 (MB)
#   number of violations = 3535
#
#    By Layer and Type :
#	         MetSpc    NSMet    Short     Loop   CutSpc   CShort      Mar   Totals
#	M1          115        1      183        0       18       10        0      327
#	M2         1922        2     1135       54        1        1       12     3127
#	M3           11        0        7        1        0        0        0       19
#	M4            1        0        0        0        0        0        0        1
#	M5           40        0       21        0        0        0        0       61
#	Totals     2089        3     1346       55       19       11       12     3535
#    number of process antenna violations = 13603
#cpu time = 00:08:04, elapsed time = 00:08:04, memory = 2266.10 (MB), peak = 2830.71 (MB)
#start 2nd optimization iteration ...
#   number of violations = 3282
#
#    By Layer and Type :
#	         MetSpc    NSMet    Short     Loop   CutSpc   CShort      Mar   Totals
#	M1          118        4      178        0       21       14        0      335
#	M2         2251        0      597       24        2        2       43     2919
#	M3           17        0        4        0        0        0        0       21
#	M4            0        0        0        0        0        0        0        0
#	M5            4        0        3        0        0        0        0        7
#	Totals     2390        4      782       24       23       16       43     3282
#    number of process antenna violations = 13689
#cpu time = 00:02:38, elapsed time = 00:02:38, memory = 2266.10 (MB), peak = 2830.71 (MB)
#start 3rd optimization iteration ...
#   number of violations = 1166
#
#    By Layer and Type :
#	         MetSpc    NSMet    Short     Loop   CShort      Mar   Totals
#	M1            0        4        0        0        0        0        4
#	M2          938        1      194       13        1        8     1155
#	M3            1        0        1        0        0        0        2
#	M4            0        0        0        0        0        0        0
#	M5            3        0        2        0        0        0        5
#	Totals      942        5      197       13        1        8     1166
#    number of process antenna violations = 13691
#cpu time = 00:03:00, elapsed time = 00:03:00, memory = 2267.30 (MB), peak = 2830.71 (MB)
#start 4th optimization iteration ...
#   number of violations = 625
#
#    By Layer and Type :
#	         MetSpc    NSMet    Short     Loop      Mar   Totals
#	M1            0        3        0        1        0        4
#	M2          537        0       79        3        1      620
#	M3            1        0        0        0        0        1
#	Totals      538        3       79        4        1      625
#    number of process antenna violations = 13721
#cpu time = 00:01:45, elapsed time = 00:01:45, memory = 2266.27 (MB), peak = 2830.71 (MB)
#start 5th optimization iteration ...
#   number of violations = 435
#
#    By Layer and Type :
#	         MetSpc    NSMet    Short      Mar   Totals
#	M1            0        2        0        0        2
#	M2          361        0       71        1      433
#	Totals      361        2       71        1      435
#    number of process antenna violations = 13714
#cpu time = 00:01:27, elapsed time = 00:01:27, memory = 2266.64 (MB), peak = 2830.71 (MB)
#start 6th optimization iteration ...
#   number of violations = 304
#
#    By Layer and Type :
#	         MetSpc    Short     Loop      Mar   Totals
#	M1            0        0        1        0        1
#	M2          263       38        0        2      303
#	Totals      263       38        1        2      304
#    number of process antenna violations = 13719
#cpu time = 00:01:30, elapsed time = 00:01:30, memory = 2271.31 (MB), peak = 2830.71 (MB)
#start 7th optimization iteration ...
#   number of violations = 200
#
#    By Layer and Type :
#	         MetSpc    NSMet    Short     Loop      Mar   Totals
#	M1            0        1        0        0        0        1
#	M2          173        0       23        1        2      199
#	Totals      173        1       23        1        2      200
#    number of process antenna violations = 13720
#cpu time = 00:01:26, elapsed time = 00:01:26, memory = 2270.19 (MB), peak = 2830.71 (MB)
#start 8th optimization iteration ...
#   number of violations = 147
#
#    By Layer and Type :
#	         MetSpc    NSMet    Short     Loop   Totals
#	M1            0        2        0        0        2
#	M2          124        0       20        1      145
#	Totals      124        2       20        1      147
#    number of process antenna violations = 13725
#cpu time = 00:01:28, elapsed time = 00:01:28, memory = 2268.62 (MB), peak = 2830.71 (MB)
#start 9th optimization iteration ...
#   number of violations = 132
#
#    By Layer and Type :
#	         MetSpc    NSMet    Short   Totals
#	M1            0        2        0        2
#	M2          118        0       12      130
#	Totals      118        2       12      132
#    number of process antenna violations = 13720
#cpu time = 00:01:43, elapsed time = 00:01:44, memory = 2268.09 (MB), peak = 2830.71 (MB)
#start 10th optimization iteration ...
#   number of violations = 124
#
#    By Layer and Type :
#	         MetSpc    Short     Loop   Totals
#	M1            0        0        1        1
#	M2          108       15        0      123
#	Totals      108       15        1      124
#    number of process antenna violations = 13710
#cpu time = 00:02:30, elapsed time = 00:02:30, memory = 2268.18 (MB), peak = 2830.71 (MB)
#start 11th optimization iteration ...
#   number of violations = 105
#
#    By Layer and Type :
#	         MetSpc    Short   Totals
#	M1            0        0        0
#	M2           87       18      105
#	Totals       87       18      105
#    number of process antenna violations = 13712
#cpu time = 00:00:19, elapsed time = 00:00:20, memory = 2266.50 (MB), peak = 2830.71 (MB)
#start 12th optimization iteration ...
#   number of violations = 102
#
#    By Layer and Type :
#	         MetSpc    Short   Totals
#	M1            0        0        0
#	M2           89       13      102
#	Totals       89       13      102
#cpu time = 00:00:22, elapsed time = 00:00:22, memory = 2266.27 (MB), peak = 2830.71 (MB)
#start 13th optimization iteration ...
#   number of violations = 96
#
#    By Layer and Type :
#	         MetSpc    Short   Totals
#	M1            0        0        0
#	M2           84       12       96
#	Totals       84       12       96
#cpu time = 00:00:30, elapsed time = 00:00:30, memory = 2266.00 (MB), peak = 2830.71 (MB)
#start 14th optimization iteration ...
#   number of violations = 94
#
#    By Layer and Type :
#	         MetSpc    Short   Totals
#	M1            0        0        0
#	M2           87        7       94
#	Totals       87        7       94
#cpu time = 00:00:08, elapsed time = 00:00:08, memory = 2265.86 (MB), peak = 2830.71 (MB)
#start 15th optimization iteration ...
#   number of violations = 81
#
#    By Layer and Type :
#	         MetSpc    Short   Totals
#	M1            0        0        0
#	M2           76        5       81
#	Totals       76        5       81
#cpu time = 00:00:07, elapsed time = 00:00:07, memory = 2266.12 (MB), peak = 2830.71 (MB)
#start 16th optimization iteration ...
#   number of violations = 0
#cpu time = 00:00:09, elapsed time = 00:00:09, memory = 2266.03 (MB), peak = 2830.71 (MB)
#Complete Detail Routing.
#Total wire length = 12941509 um.
#Total half perimeter of net bounding box = 10426867 um.
#Total wire length on LAYER M1 = 187684 um.
#Total wire length on LAYER M2 = 1908637 um.
#Total wire length on LAYER M3 = 2759855 um.
#Total wire length on LAYER M4 = 3736847 um.
#Total wire length on LAYER M5 = 3356265 um.
#Total wire length on LAYER TOP_M = 992220 um.
#Total number of vias = 1091083
#Total number of multi-cut vias = 397859 ( 36.5%)
#Total number of single cut vias = 693224 ( 63.5%)
#Up-Via Summary (total 1091083):
#                   single-cut          multi-cut      Total
#-----------------------------------------------------------
# M1            240573 ( 61.2%)    152835 ( 38.8%)     393408
# M2            220922 ( 57.8%)    161351 ( 42.2%)     382273
# M3            136182 ( 70.5%)     57037 ( 29.5%)     193219
# M4             84000 ( 80.6%)     20196 ( 19.4%)     104196
# M5             11547 ( 64.2%)      6440 ( 35.8%)      17987
#-----------------------------------------------------------
#               693224 ( 63.5%)    397859 ( 36.5%)    1091083 
#
#Total number of DRC violations = 0
#Cpu time = 01:00:28
#Elapsed time = 01:00:32
#Increased memory = 104.41 (MB)
#Total memory = 2263.38 (MB)
#Peak memory = 2830.71 (MB)
#
#start routing for process antenna violation fix ...
#cpu time = 00:02:16, elapsed time = 00:02:16, memory = 2267.09 (MB), peak = 2830.71 (MB)
#
#Total wire length = 12953582 um.
#Total half perimeter of net bounding box = 10426867 um.
#Total wire length on LAYER M1 = 187684 um.
#Total wire length on LAYER M2 = 1908343 um.
#Total wire length on LAYER M3 = 2758068 um.
#Total wire length on LAYER M4 = 3737349 um.
#Total wire length on LAYER M5 = 3366197 um.
#Total wire length on LAYER TOP_M = 995941 um.
#Total number of vias = 1105922
#Total number of multi-cut vias = 397842 ( 36.0%)
#Total number of single cut vias = 708080 ( 64.0%)
#Up-Via Summary (total 1105922):
#                   single-cut          multi-cut      Total
#-----------------------------------------------------------
# M1            240573 ( 61.2%)    152835 ( 38.8%)     393408
# M2            221166 ( 57.8%)    161345 ( 42.2%)     382511
# M3            137462 ( 70.7%)     57030 ( 29.3%)     194492
# M4             95020 ( 82.5%)     20192 ( 17.5%)     115212
# M5             13859 ( 68.3%)      6440 ( 31.7%)      20299
#-----------------------------------------------------------
#               708080 ( 64.0%)    397842 ( 36.0%)    1105922 
#
#Total number of DRC violations = 0
#Total number of process antenna violations = 480
#Total number of net violated process antenna rule = 480 ant fix stage
#
#WARNING (NRDB-104) Cannot find antenna cell. Please set option 'route_antenna_cell_name', or change your LEF file.
#
# start diode insertion for process antenna violation fix ...
#WARNING (NRDB-104) Cannot find antenna cell. Please set option 'route_antenna_cell_name', or change your LEF file.
#cpu time = 00:00:00, elapsed time = 00:00:00, memory = 2261.09 (MB), peak = 2830.71 (MB)
#
#Total wire length = 12953582 um.
#Total half perimeter of net bounding box = 10426867 um.
#Total wire length on LAYER M1 = 187684 um.
#Total wire length on LAYER M2 = 1908343 um.
#Total wire length on LAYER M3 = 2758068 um.
#Total wire length on LAYER M4 = 3737349 um.
#Total wire length on LAYER M5 = 3366197 um.
#Total wire length on LAYER TOP_M = 995941 um.
#Total number of vias = 1105922
#Total number of multi-cut vias = 397842 ( 36.0%)
#Total number of single cut vias = 708080 ( 64.0%)
#Up-Via Summary (total 1105922):
#                   single-cut          multi-cut      Total
#-----------------------------------------------------------
# M1            240573 ( 61.2%)    152835 ( 38.8%)     393408
# M2            221166 ( 57.8%)    161345 ( 42.2%)     382511
# M3            137462 ( 70.7%)     57030 ( 29.3%)     194492
# M4             95020 ( 82.5%)     20192 ( 17.5%)     115212
# M5             13859 ( 68.3%)      6440 ( 31.7%)      20299
#-----------------------------------------------------------
#               708080 ( 64.0%)    397842 ( 36.0%)    1105922 
#
#Total number of DRC violations = 0
#Total number of process antenna violations = 494
#Total number of net violated process antenna rule = 480 
#
#
#start delete and reroute for process antenna violation fix ...
#cpu time = 00:14:00, elapsed time = 00:14:01, memory = 2262.99 (MB), peak = 2830.71 (MB)
#Total wire length = 13002625 um.
#Total half perimeter of net bounding box = 10426867 um.
#Total wire length on LAYER M1 = 191262 um.
#Total wire length on LAYER M2 = 1953535 um.
#Total wire length on LAYER M3 = 2843461 um.
#Total wire length on LAYER M4 = 3755502 um.
#Total wire length on LAYER M5 = 3297598 um.
#Total wire length on LAYER TOP_M = 961266 um.
#Total number of vias = 1118593
#Total number of multi-cut vias = 405279 ( 36.2%)
#Total number of single cut vias = 713314 ( 63.8%)
#Up-Via Summary (total 1118593):
#                   single-cut          multi-cut      Total
#-----------------------------------------------------------
# M1            240237 ( 61.0%)    153486 ( 39.0%)     393723
# M2            225338 ( 57.7%)    165458 ( 42.3%)     390796
# M3            139694 ( 70.2%)     59165 ( 29.8%)     198859
# M4             94651 ( 82.1%)     20594 ( 17.9%)     115245
# M5             13394 ( 67.1%)      6576 ( 32.9%)      19970
#-----------------------------------------------------------
#               713314 ( 63.8%)    405279 ( 36.2%)    1118593 
#
#Total number of DRC violations = 0
#Total number of process antenna violations = 12
#Total number of net violated process antenna rule = 12 ant fix stage
#
#WARNING (NRDB-104) Cannot find antenna cell. Please set option 'route_antenna_cell_name', or change your LEF file.
#
#Total wire length = 13002625 um.
#Total half perimeter of net bounding box = 10426867 um.
#Total wire length on LAYER M1 = 191262 um.
#Total wire length on LAYER M2 = 1953535 um.
#Total wire length on LAYER M3 = 2843461 um.
#Total wire length on LAYER M4 = 3755502 um.
#Total wire length on LAYER M5 = 3297598 um.
#Total wire length on LAYER TOP_M = 961266 um.
#Total number of vias = 1118593
#Total number of multi-cut vias = 405279 ( 36.2%)
#Total number of single cut vias = 713314 ( 63.8%)
#Up-Via Summary (total 1118593):
#                   single-cut          multi-cut      Total
#-----------------------------------------------------------
# M1            240237 ( 61.0%)    153486 ( 39.0%)     393723
# M2            225338 ( 57.7%)    165458 ( 42.3%)     390796
# M3            139694 ( 70.2%)     59165 ( 29.8%)     198859
# M4             94651 ( 82.1%)     20594 ( 17.9%)     115245
# M5             13394 ( 67.1%)      6576 ( 32.9%)      19970
#-----------------------------------------------------------
#               713314 ( 63.8%)    405279 ( 36.2%)    1118593 
#
#Total number of DRC violations = 0
#Total number of process antenna violations = 12
#Total number of net violated process antenna rule = 12 
#
#WARNING (NRDB-104) Cannot find antenna cell. Please set option 'route_antenna_cell_name', or change your LEF file.
#
#Start Post Route wire spreading..
#
#Start DRC checking..
#   number of violations = 0
#cpu time = 00:01:20, elapsed time = 00:01:20, memory = 2263.15 (MB), peak = 2830.71 (MB)
#CELL_VIEW C2S0306,init has 0 DRC violations
#Total number of DRC violations = 0
#Total number of process antenna violations = 12
#Total number of net violated process antenna rule = 12 
#
#Start data preparation for wire spreading...
#
#Data preparation is done on Mon Jul 27 16:26:43 2026
#
#WARNING (NRDB-104) Cannot find antenna cell. Please set option 'route_antenna_cell_name', or change your LEF file.
#
#Start Post Route Wire Spread.
#Done with 28074 horizontal wires in 22 hboxes and 30031 vertical wires in 22 hboxes.
#Complete Post Route Wire Spread.
#
#Total wire length = 13070922 um.
#Total half perimeter of net bounding box = 10426867 um.
#Total wire length on LAYER M1 = 191537 um.
#Total wire length on LAYER M2 = 1962711 um.
#Total wire length on LAYER M3 = 2856948 um.
#Total wire length on LAYER M4 = 3775036 um.
#Total wire length on LAYER M5 = 3315143 um.
#Total wire length on LAYER TOP_M = 969547 um.
#Total number of vias = 1118593
#Total number of multi-cut vias = 405279 ( 36.2%)
#Total number of single cut vias = 713314 ( 63.8%)
#Up-Via Summary (total 1118593):
#                   single-cut          multi-cut      Total
#-----------------------------------------------------------
# M1            240237 ( 61.0%)    153486 ( 39.0%)     393723
# M2            225338 ( 57.7%)    165458 ( 42.3%)     390796
# M3            139694 ( 70.2%)     59165 ( 29.8%)     198859
# M4             94651 ( 82.1%)     20594 ( 17.9%)     115245
# M5             13394 ( 67.1%)      6576 ( 32.9%)      19970
#-----------------------------------------------------------
#               713314 ( 63.8%)    405279 ( 36.2%)    1118593 
#
#
#Start DRC checking..
#   number of violations = 0
#cpu time = 00:01:20, elapsed time = 00:01:20, memory = 2289.76 (MB), peak = 2830.71 (MB)
#CELL_VIEW C2S0306,init has 0 DRC violations
#Total number of DRC violations = 0
#Total number of process antenna violations = 12
#Total number of net violated process antenna rule = 12 
#WARNING (NRDB-104) Cannot find antenna cell. Please set option 'route_antenna_cell_name', or change your LEF file.
#   number of violations = 0
#cpu time = 00:01:57, elapsed time = 00:01:57, memory = 2289.76 (MB), peak = 2830.71 (MB)
#CELL_VIEW C2S0306,init has 0 DRC violations
#Total number of DRC violations = 0
#Total number of process antenna violations = 36
#Total number of net violated process antenna rule = 30 
#Post Route wire spread is done.
#Total wire length = 13070922 um.
#Total half perimeter of net bounding box = 10426867 um.
#Total wire length on LAYER M1 = 191537 um.
#Total wire length on LAYER M2 = 1962711 um.
#Total wire length on LAYER M3 = 2856948 um.
#Total wire length on LAYER M4 = 3775036 um.
#Total wire length on LAYER M5 = 3315143 um.
#Total wire length on LAYER TOP_M = 969547 um.
#Total number of vias = 1118593
#Total number of multi-cut vias = 405279 ( 36.2%)
#Total number of single cut vias = 713314 ( 63.8%)
#Up-Via Summary (total 1118593):
#                   single-cut          multi-cut      Total
#-----------------------------------------------------------
# M1            240237 ( 61.0%)    153486 ( 39.0%)     393723
# M2            225338 ( 57.7%)    165458 ( 42.3%)     390796
# M3            139694 ( 70.2%)     59165 ( 29.8%)     198859
# M4             94651 ( 82.1%)     20594 ( 17.9%)     115245
# M5             13394 ( 67.1%)      6576 ( 32.9%)      19970
#-----------------------------------------------------------
#               713314 ( 63.8%)    405279 ( 36.2%)    1118593 
#
#detailRoute Statistics:
#Cpu time = 01:20:25
#Elapsed time = 01:20:30
#Increased memory = 128.14 (MB)
#Total memory = 2287.10 (MB)
#Peak memory = 2830.71 (MB)
#
#globalDetailRoute statistics:
#Cpu time = 01:26:02
#Elapsed time = 01:26:09
#Increased memory = 186.99 (MB)
#Total memory = 2076.44 (MB)
#Peak memory = 2830.71 (MB)
#Number of warnings = 47
#Total number of warnings = 51
#Number of fails = 0
#Total number of fails = 0
#Complete globalDetailRoute on Mon Jul 27 16:28:46 2026
#
#Default setup view is reset to worst_case.
#Default setup view is reset to worst_case.
#routeDesign: cpu time = 01:26:04, elapsed time = 01:26:10, memory = 2009.80 (MB), peak = 2830.71 (MB)

*** Summary of all messages that are not suppressed in this session:
Severity  ID               Count  Summary                                  
WARNING   IMPEXT-6166          1  Capacitance table file(s) without the EX...
WARNING   IMPEXT-3530          1  The process node is not set. Use the com...
*** Message Summary: 2 warning(s), 0 error(s)

<CMD> verifyConnectivity
VERIFY_CONNECTIVITY use new engine.

******** Start: VERIFY CONNECTIVITY ********
Start Time: Mon Jul 27 16:29:06 2026

Design Name: C2S0306
Database Units: 1000
Design Boundary: (0.0000, 0.0000) (2940.0000, 2940.0000)
Error Limit = 1000; Warning Limit = 50
Check all nets
Net VDD_CORE: has an unconnected terminal, has special routes with opens.
Net VSS_CORE: has an unconnected terminal, has special routes with opens.
Net VDDO_CORE: no routing.
Net VSSO_CORE: no routing.
**** 16:29:08 **** Processed 5000 nets.
**** 16:29:08 **** Processed 10000 nets.
**** 16:29:08 **** Processed 15000 nets.
**** 16:29:08 **** Processed 20000 nets.
**** 16:29:09 **** Processed 25000 nets.
**** 16:29:09 **** Processed 30000 nets.
**** 16:29:09 **** Processed 35000 nets.
**** 16:29:09 **** Processed 40000 nets.
**** 16:29:09 **** Processed 45000 nets.
**** 16:29:10 **** Processed 50000 nets.
**** 16:29:10 **** Processed 55000 nets.
**** 16:29:10 **** Processed 60000 nets.
**** 16:29:10 **** Processed 65000 nets.
**** 16:29:10 **** Processed 70000 nets.
**** 16:29:11 **** Processed 75000 nets.
**** 16:29:11 **** Processed 80000 nets.
**** 16:29:12 **** Processed 85000 nets.
**** 16:29:12 **** Processed 90000 nets.
**** 16:29:12 **** Processed 95000 nets.
**** 16:29:12 **** Processed 100000 nets.
**** 16:29:12 **** Processed 105000 nets.
**** 16:29:12 **** Processed 110000 nets.

Begin Summary 
    2 Problem(s) (IMPVFC-98): Net has no global routing and no special routing.
    64 Problem(s) (IMPVFC-96): Terminal(s) are not connected.
    2 Problem(s) (IMPVFC-200): Special Wires: Pieces of the net are not connected together.
    68 total info(s) created.
End Summary

End Time: Mon Jul 27 16:29:13 2026
Time Elapsed: 0:00:07.0

******** End: VERIFY CONNECTIVITY ********
  Verification Complete : 68 Viols.  0 Wrngs.
  (CPU Time: 0:00:06.6  MEM: -0.645M)

<CMD> verify_drc
 *** Starting Verify DRC (MEM: 2706.6) ***

  VERIFY DRC ...... Starting Verification
  VERIFY DRC ...... Initializing
  VERIFY DRC ...... Deleting Existing Violations
  VERIFY DRC ...... Creating Sub-Areas
  VERIFY DRC ...... Using new threading

  Verification Complete : 0 Viols.

 *** End Verify DRC (CPU: 0:00:28.1  ELAPSED TIME: 28.00  MEM: 0.0M) ***

<CMD> timeDesign -postRoute
Switching SI Aware to true by default in postroute mode   
*** timeDesign #1 [begin] : totSession cpu/real = 1:27:20.1/1:34:12.2 (0.9), mem = 2699.7M
 Reset EOS DB
Ignoring AAE DB Resetting ...
Extraction called for design 'C2S0306' of instances=110101 and nets=112093 using extraction engine 'postRoute' at effort level 'low' .
**WARN: (IMPEXT-3530):	The process node is not set. Use the command setDesignMode -process <process node> prior to extraction for maximum accuracy and optimal automatic threshold setting.
Type 'man IMPEXT-3530' for more detail.
PostRoute (effortLevel low) RC Extraction called for design C2S0306.
RC Extraction called in multi-corner(2) mode.
**WARN: (IMPEXT-6166):	Capacitance table file(s) without the EXTENDED section is being used for RC extraction. This is not recommended because it results in lower accuracy for clock nets in preRoute extraction and for all nets in postRoute extraction using -effortLevel low. Regenerate capacitance table file(s) using the generateCapTbl command.
Type 'man IMPEXT-6166' for more detail.
Process corner(s) are loaded.
 Corner: rc_worst
 Corner: rc_best
extractDetailRC Option : -outfile /tmp/innovus_temp_169137_c2sgpr065.Cambridge.edu.in_scl_shuttle_8_3_MYlu7D/C2S0306_169137_5sti2s.rcdb.d  -basic
RC Mode: PostRoute -effortLevel low [Basic CapTable, RC Table Resistances]
      RC Corner Indexes            0       1   
Capacitance Scaling Factor   : 1.00000 1.00000 
Coupling Cap. Scaling Factor : 1.00000 1.00000 
Resistance Scaling Factor    : 1.00000 1.00000 
Clock Cap. Scaling Factor    : 1.00000 1.00000 
Clock Res. Scaling Factor    : 1.00000 1.00000 
Shrink Factor                : 1.00000
Initializing multi-corner resistance tables ...
Checking LVS Completed (CPU Time= 0:00:00.7  MEM= 2699.7M)
Extracted 10.0001% (CPU Time= 0:00:06.4  MEM= 2767.7M)
Extracted 20.0001% (CPU Time= 0:00:08.3  MEM= 2768.7M)
Extracted 30.0001% (CPU Time= 0:00:10.6  MEM= 2795.7M)
Extracted 40.0001% (CPU Time= 0:00:13.0  MEM= 2802.7M)
Extracted 50.0001% (CPU Time= 0:00:14.7  MEM= 2820.7M)
Extracted 60.0001% (CPU Time= 0:00:17.9  MEM= 2830.7M)
Extracted 70.0001% (CPU Time= 0:00:19.2  MEM= 2837.7M)
Extracted 80.0001% (CPU Time= 0:00:22.9  MEM= 2847.7M)
Extracted 90.0001% (CPU Time= 0:00:24.7  MEM= 2855.7M)
Extracted 100% (CPU Time= 0:00:30.5  MEM= 2866.7M)
Number of Extracted Resistors     : 3141748
Number of Extracted Ground Cap.   : 3188496
Number of Extracted Coupling Cap. : 8015604
Filtering XCap in 'relativeOnly' mode using values relative_c_threshold=0.03 and total_c_threshold=5fF.
 Corner: rc_worst
 Corner: rc_best
Checking LVS Completed (CPU Time= 0:00:00.8  MEM= 2850.7M)
PostRoute (effortLevel low) RC Extraction DONE (CPU Time: 0:00:38.5  Real Time: 0:00:37.0  MEM: 2850.715M)
Starting delay calculation for Setup views
AAE DB initialization (MEM=2858.25 CPU=0:00:00.1 REAL=0:00:00.0) 
Starting SI iteration 1 using Infinite Timing Windows
#################################################################################
# Design Stage: PostRoute
# Design Name: C2S0306
# Design Mode: 90nm
# Analysis Mode: MMMC OCV 
# Parasitics Mode: SPEF/RCDB 
# Signoff Settings: SI On 
#################################################################################
AAE_INFO: 1 threads acquired from CTE.
Start delay calculation (fullDC) (1 T). (MEM=2902.83)
Initializing multi-corner resistance tables ...
Total number of fetched objects 111136
AAE_INFO-618: Total number of nets in the design is 112093,  99.1 percent of the nets selected for SI analysis
Total number of fetched objects 111136
AAE_INFO-618: Total number of nets in the design is 112093,  99.1 percent of the nets selected for SI analysis
End delay calculation. (MEM=2991.58 CPU=0:00:54.4 REAL=0:00:54.0)
End delay calculation (fullDC). (MEM=2964.5 CPU=0:00:59.0 REAL=0:00:59.0)
Loading CTE timing window with TwFlowType 0...(CPU = 0:00:00.0, REAL = 0:00:00.0, MEM = 2964.5M)
Add other clocks and setupCteToAAEClockMapping during iter 1
Loading CTE timing window is completed (CPU = 0:00:00.4, REAL = 0:00:00.0, MEM = 2964.5M)
Starting SI iteration 2
Start delay calculation (fullDC) (1 T). (MEM=2940.62)
Glitch Analysis: View worst_case -- Total Number of Nets Skipped = 0. 
Glitch Analysis: View worst_case -- Total Number of Nets Analyzed = 0. 
Total number of fetched objects 111136
AAE_INFO-618: Total number of nets in the design is 112093,  0.3 percent of the nets selected for SI analysis
Total number of fetched objects 111136
AAE_INFO-618: Total number of nets in the design is 112093,  0.2 percent of the nets selected for SI analysis
End delay calculation. (MEM=2992.55 CPU=0:00:01.5 REAL=0:00:02.0)
End delay calculation (fullDC). (MEM=2992.55 CPU=0:00:01.8 REAL=0:00:02.0)
*** Done Building Timing Graph (cpu=0:01:14 real=0:01:14 totSessionCpu=1:29:13 mem=2992.6M)

------------------------------------------------------------------
          timeDesign Summary
------------------------------------------------------------------

Setup views included:
 worst_case 

+--------------------+---------+---------+---------+
|     Setup mode     |   all   | reg2reg | default |
+--------------------+---------+---------+---------+
|           WNS (ns):| 12.864  | 12.864  | 25.319  |
|           TNS (ns):|  0.000  |  0.000  |  0.000  |
|    Violating Paths:|    0    |    0    |    0    |
|          All Paths:|  23082  |  22131  |  4136   |
+--------------------+---------+---------+---------+

+----------------+-------------------------------+------------------+
|                |              Real             |       Total      |
|    DRVs        +------------------+------------+------------------|
|                |  Nr nets(terms)  | Worst Vio  |  Nr nets(terms)  |
+----------------+------------------+------------+------------------+
|   max_cap      |      1 (1)       |   -0.036   |      1 (1)       |
|   max_tran     |     22 (22)      |   -1.658   |     22 (22)      |
|   max_fanout   |      0 (0)       |     0      |      0 (0)       |
|   max_length   |      0 (0)       |     0      |      0 (0)       |
+----------------+------------------+------------+------------------+

Density: 71.483%
Total number of glitch violations: 0
------------------------------------------------------------------
Reported timing to dir ./timingReports
Total CPU time: 123.89 sec
Total Real time: 123.0 sec
Total Memory Usage: 2994.566406 Mbytes
Reset AAE Options
*** timeDesign #1 [finish] : cpu/real = 0:02:03.8/0:02:02.4 (1.0), totSession cpu/real = 1:29:23.9/1:36:14.6 (0.9), mem = 2994.6M
<CMD> timeDesign -postRoute -hold
*** timeDesign #2 [begin] : totSession cpu/real = 1:29:24.3/1:36:21.8 (0.9), mem = 2994.6M
 Reset EOS DB
Ignoring AAE DB Resetting ...
Extraction called for design 'C2S0306' of instances=110101 and nets=112093 using extraction engine 'postRoute' at effort level 'low' .
**WARN: (IMPEXT-3530):	The process node is not set. Use the command setDesignMode -process <process node> prior to extraction for maximum accuracy and optimal automatic threshold setting.
Type 'man IMPEXT-3530' for more detail.
PostRoute (effortLevel low) RC Extraction called for design C2S0306.
RC Extraction called in multi-corner(2) mode.
**WARN: (IMPEXT-6166):	Capacitance table file(s) without the EXTENDED section is being used for RC extraction. This is not recommended because it results in lower accuracy for clock nets in preRoute extraction and for all nets in postRoute extraction using -effortLevel low. Regenerate capacitance table file(s) using the generateCapTbl command.
Type 'man IMPEXT-6166' for more detail.
Process corner(s) are loaded.
 Corner: rc_worst
 Corner: rc_best
extractDetailRC Option : -outfile /tmp/innovus_temp_169137_c2sgpr065.Cambridge.edu.in_scl_shuttle_8_3_MYlu7D/C2S0306_169137_5sti2s.rcdb.d -maxResLength 200  -basic
RC Mode: PostRoute -effortLevel low [Basic CapTable, RC Table Resistances]
      RC Corner Indexes            0       1   
Capacitance Scaling Factor   : 1.00000 1.00000 
Coupling Cap. Scaling Factor : 1.00000 1.00000 
Resistance Scaling Factor    : 1.00000 1.00000 
Clock Cap. Scaling Factor    : 1.00000 1.00000 
Clock Res. Scaling Factor    : 1.00000 1.00000 
Shrink Factor                : 1.00000
Initializing multi-corner resistance tables ...
Checking LVS Completed (CPU Time= 0:00:00.7  MEM= 2994.6M)
Extracted 10.0001% (CPU Time= 0:00:06.4  MEM= 3054.6M)
Extracted 20.0001% (CPU Time= 0:00:08.3  MEM= 3054.6M)
Extracted 30.0001% (CPU Time= 0:00:10.5  MEM= 3054.6M)
Extracted 40.0001% (CPU Time= 0:00:13.1  MEM= 3054.6M)
Extracted 50.0001% (CPU Time= 0:00:15.4  MEM= 3054.6M)
Extracted 60.0001% (CPU Time= 0:00:19.5  MEM= 3054.6M)
Extracted 70.0001% (CPU Time= 0:00:21.0  MEM= 3054.6M)
Extracted 80.0001% (CPU Time= 0:00:24.9  MEM= 3054.6M)
Extracted 90.0001% (CPU Time= 0:00:26.8  MEM= 3054.6M)
Extracted 100% (CPU Time= 0:00:32.7  MEM= 3054.6M)
Number of Extracted Resistors     : 3141748
Number of Extracted Ground Cap.   : 3188496
Number of Extracted Coupling Cap. : 8015604
Filtering XCap in 'relativeOnly' mode using values relative_c_threshold=0.03 and total_c_threshold=5fF.
 Corner: rc_worst
 Corner: rc_best
Checking LVS Completed (CPU Time= 0:00:00.7  MEM= 3022.6M)
PostRoute (effortLevel low) RC Extraction DONE (CPU Time: 0:00:40.5  Real Time: 0:00:39.0  MEM: 3026.574M)
Starting delay calculation for Hold views
Starting SI iteration 1 using Infinite Timing Windows
#################################################################################
# Design Stage: PostRoute
# Design Name: C2S0306
# Design Mode: 90nm
# Analysis Mode: MMMC OCV 
# Parasitics Mode: SPEF/RCDB 
# Signoff Settings: SI On 
#################################################################################
AAE_INFO: 1 threads acquired from CTE.
Start delay calculation (fullDC) (1 T). (MEM=2950.88)
*** Calculating scaling factor for min_timing libraries using the default operating condition of each library.
Initializing multi-corner resistance tables ...
Total number of fetched objects 111136
AAE_INFO-618: Total number of nets in the design is 112093,  99.1 percent of the nets selected for SI analysis
Total number of fetched objects 111136
AAE_INFO-618: Total number of nets in the design is 112093,  99.1 percent of the nets selected for SI analysis
End delay calculation. (MEM=2992.67 CPU=0:00:53.9 REAL=0:00:54.0)
End delay calculation (fullDC). (MEM=2992.67 CPU=0:00:57.7 REAL=0:00:58.0)
Loading CTE timing window with TwFlowType 0...(CPU = 0:00:00.0, REAL = 0:00:00.0, MEM = 2992.7M)
Add other clocks and setupCteToAAEClockMapping during iter 1
Loading CTE timing window is completed (CPU = 0:00:00.4, REAL = 0:00:01.0, MEM = 2992.7M)
Starting SI iteration 2
Start delay calculation (fullDC) (1 T). (MEM=2933.79)
Glitch Analysis: View best_case -- Total Number of Nets Skipped = 0. 
Glitch Analysis: View best_case -- Total Number of Nets Analyzed = 0. 
Total number of fetched objects 111136
AAE_INFO-618: Total number of nets in the design is 112093,  0.2 percent of the nets selected for SI analysis
Total number of fetched objects 111136
AAE_INFO-618: Total number of nets in the design is 112093,  0.0 percent of the nets selected for SI analysis
End delay calculation. (MEM=2981.04 CPU=0:00:00.8 REAL=0:00:01.0)
End delay calculation (fullDC). (MEM=2981.04 CPU=0:00:01.1 REAL=0:00:01.0)
*** Done Building Timing Graph (cpu=0:01:10 real=0:01:10 totSessionCpu=1:31:18 mem=2981.0M)

------------------------------------------------------------------
          timeDesign Summary
------------------------------------------------------------------

Hold views included:
 best_case 

+--------------------+---------+---------+---------+
|     Hold mode      |   all   | reg2reg | default |
+--------------------+---------+---------+---------+
|           WNS (ns):|  0.076  |  0.091  |  0.076  |
|           TNS (ns):|  0.000  |  0.000  |  0.000  |
|    Violating Paths:|    0    |    0    |    0    |
|          All Paths:|  23082  |  22131  |  4136   |
+--------------------+---------+---------+---------+

Density: 71.483%
------------------------------------------------------------------
Reported timing to dir ./timingReports
Total CPU time: 115.51 sec
Total Real time: 113.0 sec
Total Memory Usage: 2901.300781 Mbytes
Reset AAE Options
*** timeDesign #2 [finish] : cpu/real = 0:01:55.5/0:01:53.6 (1.0), totSession cpu/real = 1:31:19.8/1:38:15.4 (0.9), mem = 2901.3M
<CMD> checkFPlan -reportUtil
Checking routing tracks.....
Checking other grids.....
Checking FINFET Grid is on Manufacture Grid.....
Checking core/die box is on Grid.....
**WARN: (IMPFP-7238):	CORE's corner: (374.8800000000 , 374.8800000000) is NOT on PlacementGrid,  Please use command getFPlanMode to check current Grid settings, use command setFPlanMode to change which grid to snap to. And use command get_snap_grid_info to get grids' offset and pitch. Command floorplan can be used to fix this issue.
**WARN: (IMPFP-7238):	CORE's corner: (2565.1200000000 , 2565.1200000000) is NOT on PlacementGrid,  Please use command getFPlanMode to check current Grid settings, use command setFPlanMode to change which grid to snap to. And use command get_snap_grid_info to get grids' offset and pitch. Command floorplan can be used to fix this issue.
Checking snap rule ......
Checking Row is on grid......
Checking AreaIO row.....
Checking row out of die ...
Checking routing blockage.....
Checking components.....
Checking IO Pads out of die...
Checking constraints (guide/region/fence).....
Checking groups.....

Checking Preroutes.....
No. of regular pre-routes not on tracks : 0 

Reporting Utilizations.....

Core utilization  = 71.459061
Effective Utilizations
Average module density = 0.715.
Density for the design = 0.715.
       = stdcell_area 1093112 sites (3427999 um^2) / alloc_area 1529201 sites (4795574 um^2).
Pin Density = 0.2546.
            = total # of pins 389411 / total area 1529201.

*** Summary of all messages that are not suppressed in this session:
Severity  ID               Count  Summary                                  
WARNING   IMPFP-7238           2  CORE's corner: %s is NOT on %s,  Please ...
*** Message Summary: 2 warning(s), 0 error(s)

<CMD> reportRoute
*** Statistics for net list C2S0306 ***
Number of cells      = 110101
Number of nets       = 111136
Number of tri-nets   = 0
Number of degen nets = 2
Number of pins       = 389409
Number of i/os       = 19

Number of nets with    1 terms = 2 (0.0%)
Number of nets with    2 terms = 84727 (76.2%)
Number of nets with    3 terms = 6265 (5.6%)
Number of nets with    4 terms = 14673 (13.2%)
Number of nets with    5 terms = 1248 (1.1%)
Number of nets with    6 terms = 367 (0.3%)
Number of nets with    7 terms = 262 (0.2%)
Number of nets with    8 terms = 314 (0.3%)
Number of nets with    9 terms = 256 (0.2%)
Number of nets with >=10 terms = 3022 (2.7%)

*** 153 Primitives used:
Primitive pfeed01000 (4 insts)
Primitive pfeed02000 (8 insts)
Primitive pfeed10000 (8 insts)
Primitive pfeed30000 (244 insts)
Primitive pfrelr (4 insts)
Primitive pc3c01 (1 insts)
Primitive pc3d01 (15 insts)
Primitive pc3o05 (4 insts)
Primitive pv0a (4 insts)
Primitive pv0i (4 insts)
Primitive pvda (4 insts)
Primitive pvdi (4 insts)
Primitive ad01d0 (1 insts)
Primitive ad01d1 (638 insts)
Primitive ah01d1 (114 insts)
Primitive an02d1 (115 insts)
Primitive an02d2 (143 insts)
Primitive an02d4 (69 insts)
Primitive an02d7 (1 insts)
Primitive an03d1 (38 insts)
Primitive an03d2 (9 insts)
Primitive an04d1 (27 insts)
Primitive an04d2 (8 insts)
Primitive an12d1 (38 insts)
Primitive an12d2 (22 insts)
Primitive an12d4 (15 insts)
Primitive aoi211d1 (430 insts)
Primitive aoi21d1 (813 insts)
Primitive aoi221d1 (741 insts)
Primitive aoi222d1 (1120 insts)
Primitive aoi222d4 (1 insts)
Primitive aoi22d1 (16011 insts)
Primitive aoi311d1 (5 insts)
Primitive aoi31d1 (30 insts)
Primitive aoi322d1 (6 insts)
Primitive aoim211d1 (4 insts)
Primitive aoim21d1 (5 insts)
Primitive aoim22d1 (1579 insts)
Primitive aoim22d2 (1 insts)
Primitive aoim2m11d1 (1 insts)
Primitive aoim31d1 (32 insts)
Primitive aon211d1 (825 insts)
Primitive aor211d1 (51 insts)
Primitive aor21d1 (18 insts)
Primitive aor221d1 (279 insts)
Primitive aor222d1 (859 insts)
Primitive aor222d2 (32 insts)
Primitive aor22d1 (383 insts)
Primitive aor22d2 (31 insts)
Primitive aor22d4 (2 insts)
Primitive aor311d1 (2 insts)
Primitive aor31d1 (19 insts)
Primitive bufbd1 (2 insts)
Primitive bufbd2 (205 insts)
Primitive bufbd3 (22 insts)
Primitive bufbd4 (2117 insts)
Primitive buffd1 (11047 insts)
Primitive buffd3 (972 insts)
Primitive buffd4 (2 insts)
Primitive buffd7 (14 insts)
Primitive cg01d1 (32 insts)
Primitive decrq1 (3178 insts)
Primitive deprq1 (8 insts)
Primitive dfcrb1 (541 insts)
Primitive dfcrb2 (6 insts)
Primitive dfcrn1 (60 insts)
Primitive dfcrq1 (1343 insts)
Primitive dfcrq4 (1 insts)
Primitive dfnrb1 (2 insts)
Primitive dfnrn1 (32 insts)
Primitive dfnrq1 (14718 insts)
Primitive dfprb1 (2 insts)
Primitive dl01d1 (2038 insts)
Primitive dl01d2 (1 insts)
Primitive dl02d1 (955 insts)
Primitive dl03d1 (2972 insts)
Primitive dl03d2 (2 insts)
Primitive dl04d1 (13970 insts)
Primitive dl04d2 (27 insts)
Primitive inv0d0 (1465 insts)
Primitive inv0d1 (350 insts)
Primitive inv0d2 (95 insts)
Primitive inv0d4 (74 insts)
Primitive inv0d7 (31 insts)
Primitive inv0da (3 insts)
Primitive invbd2 (30 insts)
Primitive invbd4 (28 insts)
Primitive invbd7 (4 insts)
Primitive invbda (1 insts)
Primitive mx02d1 (15716 insts)
Primitive mx02d2 (4 insts)
Primitive mx02d4 (25 insts)
Primitive mx04d1 (1 insts)
Primitive nd02d0 (1 insts)
Primitive nd02d1 (1662 insts)
Primitive nd02d2 (25 insts)
Primitive nd02d7 (2 insts)
Primitive nd03d1 (227 insts)
Primitive nd03d4 (1 insts)
Primitive nd04d1 (659 insts)
Primitive nd12d1 (284 insts)
Primitive nd12d2 (12 insts)
Primitive nd12d4 (2 insts)
Primitive nd13d1 (18 insts)
Primitive nd23d1 (3 insts)
Primitive nr02d0 (6 insts)
Primitive nr02d1 (679 insts)
Primitive nr02d2 (46 insts)
Primitive nr02d4 (14 insts)
Primitive nr02d7 (2 insts)
Primitive nr03d0 (1 insts)
Primitive nr03d1 (63 insts)
Primitive nr04d1 (318 insts)
Primitive nr04d2 (1 insts)
Primitive nr13d1 (22 insts)
Primitive nr13d2 (2 insts)
Primitive nr23d1 (5 insts)
Primitive nr23d2 (3 insts)
Primitive nr23d4 (64 insts)
Primitive oai211d1 (383 insts)
Primitive oai21d1 (521 insts)
Primitive oai221d1 (62 insts)
Primitive oai222d1 (430 insts)
Primitive oai222d2 (1 insts)
Primitive oai22d1 (6148 insts)
Primitive oai311d1 (3 insts)
Primitive oai31d1 (15 insts)
Primitive oai321d1 (1 insts)
Primitive oai322d1 (1 insts)
Primitive oaim211d1 (95 insts)
Primitive oaim21d1 (364 insts)
Primitive oaim22d1 (239 insts)
Primitive oaim31d1 (2 insts)
Primitive oan211d1 (145 insts)
Primitive oan211d2 (1 insts)
Primitive or02d0 (2 insts)
Primitive or02d1 (120 insts)
Primitive or02d2 (65 insts)
Primitive or02d4 (325 insts)
Primitive or02d7 (5 insts)
Primitive or03d0 (7 insts)
Primitive or03d1 (6 insts)
Primitive or04d0 (40 insts)
Primitive or04d1 (19 insts)
Primitive ora211d1 (22 insts)
Primitive ora211d2 (2 insts)
Primitive ora21d1 (1 insts)
Primitive ora31d1 (1 insts)
Primitive sdcrq4 (1 insts)
Primitive xn02d1 (4 insts)
Primitive xr02d1 (17 insts)
Primitive xr02d4 (1 insts)
Primitive xr03d1 (12 insts)
************
*** Net length and connection length statistics (cell C2S0306) ***

Total net length = 1.045e+07 (5.218e+06 5.233e+06)

Avg net length = 9.404e+01 (sigma = 1.610e+02)
Sqrt of avg square net length = 1.864e+02

Avg connection length = 3.756e+01 (sigma = 6.775e+01)
Sqrt of avg square connection length = 7.746e+01

Net and connection length distribution:

[length   range   ]      #net #connection
[0.00e+00 1.12e+01]:    15502    25431
[1.12e+01 2.24e+01]:    23228    28207
[2.24e+01 3.36e+01]:    14817    11949
[3.36e+01 4.48e+01]:     9587     6908
[4.48e+01 5.60e+01]:     6218     4637
[5.60e+01 6.72e+01]:     4347     3400
[6.72e+01 7.84e+01]:     3317     2844
[7.84e+01 8.96e+01]:     2719     2428
[8.96e+01 1.01e+02]:     2325     2115
[1.01e+02 1.12e+02]:     2137     1905
[1.12e+02 1.23e+02]:     1966     1806
[1.23e+02 1.34e+02]:     1707     1539
[1.34e+02 1.46e+02]:     1633     1483
[1.46e+02 1.57e+02]:     1561     1352
[1.57e+02 1.68e+02]:     1374     1180
[1.68e+02 1.79e+02]:     1305     1111
[1.79e+02 1.90e+02]:     1212     1034
[1.90e+02 2.02e+02]:     1209     1036
[2.02e+02 2.13e+02]:     1205     1020
[2.13e+02 2.24e+02]:     1182     1013
[2.24e+02 2.35e+02]:     1001      867
[2.35e+02 2.46e+02]:      848      718
[2.46e+02 2.58e+02]:      720      581
[2.58e+02 2.69e+02]:      633      522
[2.69e+02 2.80e+02]:      662      529
[2.80e+02 2.91e+02]:      597      463
[2.91e+02 3.02e+02]:      530      415
[3.02e+02 3.14e+02]:      503      400
[3.14e+02 3.25e+02]:      454      354
[3.25e+02 3.36e+02]:      441      363
[3.36e+02 3.47e+02]:      423      340
[3.47e+02 3.58e+02]:      422      351
[3.58e+02 3.70e+02]:      359      289
[3.70e+02 3.81e+02]:      351      273
[3.81e+02 3.92e+02]:      328      260
[3.92e+02 4.03e+02]:      376      312
[4.03e+02 4.14e+02]:      332      268
[4.14e+02 4.26e+02]:      313      256
[4.26e+02 4.37e+02]:      275      204
[4.37e+02 4.48e+02]:      246      179
[4.48e+02 4.59e+02]:      163      110
[4.59e+02 4.70e+02]:      120       77
[4.70e+02 4.82e+02]:      114       53
[4.82e+02 4.93e+02]:      113       70
[4.93e+02 5.04e+02]:       82       47
[5.04e+02 5.15e+02]:       71       39
[5.15e+02 5.26e+02]:       74       41
[5.26e+02 5.38e+02]:       94       37
[5.38e+02 5.49e+02]:       69       29
[5.49e+02 5.60e+02]:       54       16
[5.60e+02 5.71e+02]:       57       24
[5.71e+02 5.82e+02]:       65       22
[5.82e+02 5.94e+02]:       42       16
[5.94e+02 6.05e+02]:       57       24
[6.05e+02 6.16e+02]:       40        9
[6.16e+02 6.27e+02]:       49       13
[6.27e+02 6.38e+02]:       54       17
[6.38e+02 6.50e+02]:       46       14
[6.50e+02 6.61e+02]:       59       10
[6.61e+02 6.72e+02]:       34        8
[6.72e+02 6.83e+02]:       35        9
[6.83e+02 6.94e+02]:       37        7
[6.94e+02 7.06e+02]:       39        7
[7.06e+02 7.17e+02]:       31       10
[7.17e+02 7.28e+02]:       33        4
[7.28e+02 7.39e+02]:       39        4
[7.39e+02 7.50e+02]:       19        2
[7.50e+02 7.62e+02]:       32        6
[7.62e+02 7.73e+02]:       27        2
[7.73e+02 7.84e+02]:       22        4
[7.84e+02 7.95e+02]:       27        3
[7.95e+02 8.06e+02]:       20        4
[8.06e+02 8.18e+02]:       17        3
[8.18e+02 8.29e+02]:       15        3
[8.29e+02 8.40e+02]:       14        2
[8.40e+02 8.51e+02]:       15        0
[8.51e+02 8.62e+02]:       20        1
[8.62e+02 8.74e+02]:       20        1
[8.74e+02 8.85e+02]:       16        2
[8.85e+02 8.96e+02]:       14        3
[8.96e+02 9.07e+02]:       14        1
[9.07e+02 9.18e+02]:       13        4
[9.18e+02 9.30e+02]:       15        6
[9.30e+02 9.41e+02]:       11        3
[9.41e+02 9.52e+02]:       10        2
[9.52e+02 9.63e+02]:       12        2
[9.63e+02 9.74e+02]:        7        1
[9.74e+02 9.86e+02]:        8        3
[9.86e+02 9.97e+02]:       11        2
[9.97e+02 1.01e+03]:       13        3
[1.01e+03 1.02e+03]:        7        0
[1.02e+03 1.03e+03]:       11        1
[1.03e+03 1.04e+03]:       16        3
[1.04e+03 1.05e+03]:       12        0
[1.05e+03 1.06e+03]:        8        0
[1.06e+03 1.08e+03]:       16        2
[1.08e+03 1.09e+03]:       10        1
[1.09e+03 1.10e+03]:       18        0
[1.10e+03 1.11e+03]:       12        0
[1.11e+06 infinity]:      598        7

Net FE_PHN1407_PADDR_7 nrTerm=2 conLen=1.56e+06 len=(800190 759130)
  Inst u_crypto_synth_top/u_top/FE_OFC541_PADDR_7 loc=(1886100 1043940)
  Inst FE_PHC1407_PADDR_7 loc=(1121680 460145)
Net FE_OFN555_SHIFT_OUT_EN nrTerm=2 conLen=2.27e+06 len=(1696750 576615)
  Inst pc3o05_4 loc=(249790 2424325)
  Inst FE_OFC543_SHIFT_OUT_EN loc=(1946540 1850245)
Net FE_OFN554_SER_OUT nrTerm=2 conLen=2.31e+06 len=(1627160 681435)
  Inst pc3o05_3 loc=(249790 2179325)
  Inst FE_OFC542_SER_OUT loc=(1875980 1497915)
Net PADDR[4] nrTerm=2 conLen=1.43e+06 len=(934930 492120)
  Inst pc3d01_12 loc=(955765 2690210)
  Inst FE_PHC1459_PADDR_4 loc=(1889680 2198800)
Net PADDR[3] nrTerm=2 conLen=1.65e+06 len=(1181880 469200)
  Inst pc3d01_11 loc=(710765 2690210)
  Inst FE_PHC1527_PADDR_3 loc=(1890800 2221200)
Net PADDR[2] nrTerm=2 conLen=1.80e+06 len=(1418770 380120)
  Inst pc3d01_10 loc=(465765 2690210)
  Inst FE_PHC1526_PADDR_2 loc=(1882960 2310800)
Net u_crypto_synth_top/u_top/u_rsa/core_inst/result_mem/FE_PHN5119_n_25363 nrTerm=2 conLen=1.18e+06 len=(763150 413740)
  Inst u_crypto_synth_top/u_top/u_rsa/core_inst/result_mem/tmp_read_data1_reg[28] loc=(1693120 1357680)
  Inst u_crypto_synth_top/u_top/u_rsa/core_inst/result_mem/FE_PHC5119_n_25363 loc=(930720 950415)

Total number of long connections = 14
Io: nrCon=0
HInst topLevel: nrCon=11
HInst u_crypto_synth_top: nrCon=3


Total length: 1.307e+07um, number of vias: 1118588
M1(H) length: 1.929e+05um, number of vias: 393723
M2(V) length: 1.963e+06um, number of vias: 390796
M3(H) length: 2.857e+06um, number of vias: 198857
M4(V) length: 3.774e+06um, number of vias: 115243
M5(H) length: 3.315e+06um, number of vias: 19969
M6(V) length: 9.695e+05um

<CMD> verifyConnectivity -type special
VERIFY_CONNECTIVITY use new engine.

******** Start: VERIFY CONNECTIVITY ********
Start Time: Mon Jul 27 16:35:57 2026

Design Name: C2S0306
Database Units: 1000
Design Boundary: (0.0000, 0.0000) (2940.0000, 2940.0000)
Error Limit = 1000; Warning Limit = 50
Check specified nets
Net VDD_CORE: has an unconnected terminal.
Net VSS_CORE: has an unconnected terminal.
Net VDDO_CORE: no routing.
Net VSSO_CORE: no routing.
**** 16:35:59 **** Processed 5000 nets.
**** 16:35:59 **** Processed 10000 nets.
**** 16:35:59 **** Processed 15000 nets.
**** 16:36:00 **** Processed 20000 nets.
**** 16:36:00 **** Processed 25000 nets.
**** 16:36:00 **** Processed 30000 nets.
**** 16:36:00 **** Processed 35000 nets.
**** 16:36:01 **** Processed 40000 nets.
**** 16:36:01 **** Processed 45000 nets.
**** 16:36:01 **** Processed 50000 nets.
**** 16:36:01 **** Processed 55000 nets.
**** 16:36:01 **** Processed 60000 nets.
**** 16:36:01 **** Processed 65000 nets.
**** 16:36:02 **** Processed 70000 nets.
**** 16:36:02 **** Processed 75000 nets.
**** 16:36:02 **** Processed 80000 nets.
**** 16:36:03 **** Processed 85000 nets.
**** 16:36:03 **** Processed 90000 nets.
**** 16:36:03 **** Processed 95000 nets.
**** 16:36:03 **** Processed 100000 nets.
**** 16:36:03 **** Processed 105000 nets.
**** 16:36:04 **** Processed 110000 nets.

Begin Summary 
    2 Problem(s) (IMPVFC-98): Net has no global routing and no special routing.
    64 Problem(s) (IMPVFC-96): Terminal(s) are not connected.
    66 total info(s) created.
End Summary

End Time: Mon Jul 27 16:36:04 2026
Time Elapsed: 0:00:07.0

******** End: VERIFY CONNECTIVITY ********
  Verification Complete : 66 Viols.  0 Wrngs.
  (CPU Time: 0:00:06.2  MEM: -0.375M)

invalid command name "reportPowerNets"
**WARN: (IMPDBTCL-204):	'sWires' is not a recognized object/attribute for object type 'topCell'. For help use 'dbSchema topCell' to get list of all supported (settable/unsettable) objects and attributes.
Type 'man IMPDBTCL-204' for more detail.
ambiguous command name "reportNet": reportNetGroup reportNetStat
ambiguous command name "reportNet": reportNetGroup reportNetStat
<CMD> verify_PG_short
 *** Starting VERIFY PG SHORT(MEM: 2939.4) ***

  VERIFY PG SHORT ...... Initializing
  VERIFY PG SHORT ...... Deleting Existing Violations
  VERIFY PG SHORT ...... Creating Sub-Areas
                  ...... bin size: 4160
  VERIFY PG SHORT ...... SubArea : 1 of 36
  VERIFY PG SHORT ...... Short:  0 Viols.
  VERIFY PG SHORT ...... SubArea : 2 of 36
  VERIFY PG SHORT ...... Short:  0 Viols.
  VERIFY PG SHORT ...... SubArea : 3 of 36
  VERIFY PG SHORT ...... Short:  0 Viols.
  VERIFY PG SHORT ...... SubArea : 4 of 36
  VERIFY PG SHORT ...... Short:  0 Viols.
  VERIFY PG SHORT ...... SubArea : 5 of 36
  VERIFY PG SHORT ...... Short:  0 Viols.
  VERIFY PG SHORT ...... SubArea : 6 of 36
  VERIFY PG SHORT ...... Short:  0 Viols.
  VERIFY PG SHORT ...... SubArea : 7 of 36
  VERIFY PG SHORT ...... Short:  0 Viols.
  VERIFY PG SHORT ...... SubArea : 8 of 36
  VERIFY PG SHORT ...... Short:  0 Viols.
  VERIFY PG SHORT ...... SubArea : 9 of 36
  VERIFY PG SHORT ...... Short:  0 Viols.
  VERIFY PG SHORT ...... SubArea : 10 of 36
  VERIFY PG SHORT ...... Short:  0 Viols.
  VERIFY PG SHORT ...... SubArea : 11 of 36
  VERIFY PG SHORT ...... Short:  0 Viols.
  VERIFY PG SHORT ...... SubArea : 12 of 36
  VERIFY PG SHORT ...... Short:  0 Viols.
  VERIFY PG SHORT ...... SubArea : 13 of 36
  VERIFY PG SHORT ...... Short:  0 Viols.
  VERIFY PG SHORT ...... SubArea : 14 of 36
  VERIFY PG SHORT ...... Short:  0 Viols.
  VERIFY PG SHORT ...... SubArea : 15 of 36
  VERIFY PG SHORT ...... Short:  0 Viols.
  VERIFY PG SHORT ...... SubArea : 16 of 36
  VERIFY PG SHORT ...... Short:  0 Viols.
  VERIFY PG SHORT ...... SubArea : 17 of 36
  VERIFY PG SHORT ...... Short:  0 Viols.
  VERIFY PG SHORT ...... SubArea : 18 of 36
  VERIFY PG SHORT ...... Short:  0 Viols.
  VERIFY PG SHORT ...... SubArea : 19 of 36
  VERIFY PG SHORT ...... Short:  0 Viols.
  VERIFY PG SHORT ...... SubArea : 20 of 36
  VERIFY PG SHORT ...... Short:  0 Viols.
  VERIFY PG SHORT ...... SubArea : 21 of 36
  VERIFY PG SHORT ...... Short:  0 Viols.
  VERIFY PG SHORT ...... SubArea : 22 of 36
  VERIFY PG SHORT ...... Short:  0 Viols.
  VERIFY PG SHORT ...... SubArea : 23 of 36
  VERIFY PG SHORT ...... Short:  0 Viols.
  VERIFY PG SHORT ...... SubArea : 24 of 36
  VERIFY PG SHORT ...... Short:  0 Viols.
  VERIFY PG SHORT ...... SubArea : 25 of 36
  VERIFY PG SHORT ...... Short:  0 Viols.
  VERIFY PG SHORT ...... SubArea : 26 of 36
  VERIFY PG SHORT ...... Short:  0 Viols.
  VERIFY PG SHORT ...... SubArea : 27 of 36
  VERIFY PG SHORT ...... Short:  0 Viols.
  VERIFY PG SHORT ...... SubArea : 28 of 36
  VERIFY PG SHORT ...... Short:  0 Viols.
  VERIFY PG SHORT ...... SubArea : 29 of 36
  VERIFY PG SHORT ...... Short:  0 Viols.
  VERIFY PG SHORT ...... SubArea : 30 of 36
  VERIFY PG SHORT ...... Short:  0 Viols.
  VERIFY PG SHORT ...... SubArea : 31 of 36
  VERIFY PG SHORT ...... Short:  0 Viols.
  VERIFY PG SHORT ...... SubArea : 32 of 36
  VERIFY PG SHORT ...... Short:  0 Viols.
  VERIFY PG SHORT ...... SubArea : 33 of 36
  VERIFY PG SHORT ...... Short:  0 Viols.
  VERIFY PG SHORT ...... SubArea : 34 of 36
  VERIFY PG SHORT ...... Short:  0 Viols.
  VERIFY PG SHORT ...... SubArea : 35 of 36
  VERIFY PG SHORT ...... Short:  0 Viols.
  VERIFY PG SHORT ...... SubArea : 36 of 36
  VERIFY PG SHORT ...... Short:  0 Viols.
  Verification Complete : 0 Short Viols.

**********End: VERIFY PG SHORT**********
 *** verify PG short (CPU: 0:00:15.0  MEM: 44.8M)

Version id's for binary /home/install/cadence/INNOVUS201/tools.lnx86/innovus/bin/64bit/innovus:
%24s             Footprint:%24s         LeqId:
%s               view    :                %s
pinId:           cannot  process   expression
cteEsiSetupStage: pntrId: %s          loadId:
pinPtrId:        %s      loadPin:       NULL
Id:                                         
Strength         Id:     %d                 
map              best    Q              term
%d                                          
Id:              %d      From               
Grid             Id:     %d                 
LeqId:           %d                         
LeqId:           %d      ------             
%24s             LeqId:  %2d          LefId:
%s               strengthId:%d        isBestLkgCell:
(%d)             out-term:%s,          slack:
(%d)             Output  term:           %s,
currId:          %s      ExpectedId:       %s
gBI:             grpBinIndex;gId:        binIdx;
ruleId:                                     
messageId:                                  
hierPathIdsId:                              
slotsId:                                    
nodeId:                                     
driverId:                                   
hierPathId:                                 
                                            
not              find    previousNodeId:         
driverNodeId:                               
%d               nodes.                     
%d               groups.                    
Id:              %d                         
%s               has     invalid     Llg-Id:
                                            
rowId:           %d      for             %s,
Site             Id:                        
Node             Id:     %d                 
                                            
%d                                          
new              IPO     Ud            cIdx:
debug            inst    to:             %s,
%d               SKP     provides       data
%d               SKP     receives       data
%d               WL      provides       data
%d               WL      receives       data
Orient:          %d,     -             Right
%4d%s            box:    (%6.3f        %6.3f
%4d              exchangeGirth:%5.1f          box:
suggested        gatekeeper1(Id:           %d):
suggested        gatekeeper2(Id:           %d):
Unalignable      gatekeeper1(Id:           %d),
(Id:             %d):    ((%5.2f   %5.2f),(%5.2f
(Id:             %d):    ((%5.2f   %5.2f),(%5.2f
(Id:             %d):    ((%5.2f   %5.2f),(%5.2f
(Id:             %d):    ((%5.2f   %5.2f),(%5.2f
(Id:             %d):    ((%5.2f   %5.2f),(%5.2f
(Id:             %d):    ((%5.2f   %5.2f),(%5.2f
(%5.2f           %5.2f), finalSuggestedLayerZ1:      %d,
:                Layer:  %d,        trackId:
:                Layer:  %d,        trackId:
%d,              trId:   %d,           edge:
%d,              trId:   %d,           edge:
(%d              %d),    z:              %d,
Feasibility      of      fterm          [%s]
Feasibility      on      trId:            %d
%d               Name:   %s        IsBottom:
%d                                          
error:           could   not            find
%d               %d      )            (DBU),
RC               data    for            net:
Id:              %d,     Name:            %s
NetId:           %d      WireKey         did
                                            
globalId:                                   
                                            
term             id      already   registered
attempt          to      register        net
attempt          to      register       term
attempt          to      register    already
Different        cell/TLCget            same
Net              Id:                        
Id:              %d,     Time            Arc
Up,              Time    Arc             Id:
Dn,              Time    Arc             Id:
Id:              %2d     Type:          %30s
Routing          Id:     %2d          Count:
viewId:                                     
%s               [%s]    [%s]      suffixLen=%d
Id:              N%d     N%d                
                                            
                                            
                                            
%9.6e            effFreq:%9.6e      numPtsR:
%e               effFreq:%e         numPtsR:
Pin              %s      (eventId:       %d)
%s                                          
fix              width   for            rect
%d               ,(%d    %d               %d
%d               submitString:%s        slaveCpu:
                                            
                                            
                                            
SensPinId:       (%f,    %f),      stdRandByPinId
Sens:            SensPinId:(%f,           %f),
:                False   for         viewId:
False            for     viewId:          %d
characterizing   since   no            graph
Characterizing   paths   for         viewId:
current          pinId:  %d,       sensitivity:
previous         pinId:  %d,       sensitivity:
Id:              %d                         
Set:%s(Id:       %d)                        
Group            Id:     %d                 
Enum             Id:     %d                 
Attr             Id:     %d                 
Id:                                         
a                matchingdarkId:            
%.1fM            unused: %.1fM              
will             use     GBA              TD
                                            
                                            
                                            
                                            
                                            
libunwind        1.2     ---          report
                                            
huge             (larger than            1M)
InstId:                                     
Id:                                         
Layer            Id:                        
intervalId:                                 
layer            Id:                        
%s                                          
%s                                          
RequestId:       %s                         
%s                                          
toolId:          %s                         
%s                                          
<CMD> help checkPGConnectivity
No help is available for 'checkPGConnectivity'.
      You might have typed the command name incorrectly
      (command names are case sensitive), or this is an
      unknown or unsupported command.

<CMD> setDrawView ameba
<CMD> setDrawView place
<CMD> setRouteMode -earlyGlobalHonorMsvRouteConstraint false -earlyGlobalRoutePartitionPinGuide true
<CMD> setEndCapMode -reset
<CMD> setEndCapMode -boundary_tap false
<CMD> setNanoRouteMode -quiet -routeAntennaCellName {}
<CMD> setUsefulSkewMode -maxSkew false -noBoundary false -useCells {dl03d2 buffd1 bufbd2 buffd7 dl01d1 bufbd1 bufbd3 dl01d2 bufbd4 dl02d4 dl04d4 buffd4 bufbdk bufbda buffd3 dl01d4 dl02d1 dl04d2 dl03d4 dl02d2 buffda bufbdf dl03d1 buffd2 bufbd7 dl04d1 inv0d4 invbdf invbd7 inv0d0 invbd2 invbd4 inv0d7 inv0d1 invbdk inv0da invbda inv0d2} -maxAllowedDelay 1
<CMD> setOptMode -effort high -powerEffort none -leakageToDynamicRatio 1 -reclaimArea true -simplifyNetlist true -allEndPoints true -setupTargetSlack 0 -holdTargetSlack 0.2999 -maxDensity 0.8 -drcMargin 0 -usefulSkew true
setAnalysisMode -usefulSkew already set.
<CMD> setOptMode -fixCap false -fixTran false -fixFanoutLoad false
<CMD> optDesign -postRoute -incr
**optDesign ... cpu = 0:00:00, real = 0:00:00, mem = 2257.7M, totSessionCpu=1:32:23 **
**INFO: User settings:
setNanoRouteMode -droutePostRouteSpreadWire                     1
setNanoRouteMode -drouteUseMinSpacingForBlockage                auto
setNanoRouteMode -drouteUseMultiCutViaEffort                    high
setNanoRouteMode -extractThirdPartyCompatible                   false
setNanoRouteMode -grouteExpTdStdDelay                           45.5
setNanoRouteMode -grouteExpTdUseTifTimingEngineForImportDesign  false
setNanoRouteMode -routeAntennaCellName                          {}
setNanoRouteMode -routeBottomRoutingLayer                       1
setNanoRouteMode -routeInsertAntennaDiode                       true
setNanoRouteMode -routeStrictlyHonorNonDefaultRule              false
setNanoRouteMode -routeTdrEffort                                6
setNanoRouteMode -routeTopRoutingLayer                          6
setNanoRouteMode -routeWithSiDriven                             true
setNanoRouteMode -routeWithTimingDriven                         true
setNanoRouteMode -timingEngine                                  {}
setExtractRCMode -basic                                         true
setExtractRCMode -coupled                                       true
setExtractRCMode -engine                                        postRoute
setExtractRCMode -extended                                      false
setUsefulSkewMode -ecoRoute                                     false
setUsefulSkewMode -maxAllowedDelay                              1
setUsefulSkewMode -maxSkew                                      false
setUsefulSkewMode -noBoundary                                   false
setUsefulSkewMode -useCells                                     {dl04d1 bufbd7 buffd2 dl03d1 bufbdf buffda dl02d2 dl03d4 dl04d2 dl02d1 dl01d4 buffd3 bufbda bufbdk buffd4 dl04d4 dl02d4 bufbd4 dl01d2 bufbd3 bufbd1 dl01d1 buffd7 bufbd2 buffd1 dl03d2 inv0d2 invbda inv0da invbdk inv0d1 inv0d7 invbd4 invbd2 inv0d0 invbd7 invbdf inv0d4}
setDelayCalMode -enable_high_fanout                             true
setDelayCalMode -eng_copyNetPropToNewNet                        true
setDelayCalMode -engine                                         aae
setDelayCalMode -ignoreNetLoad                                  false
setDelayCalMode -SIAware                                        true
setDelayCalMode -socv_accuracy_mode                             low
setOptMode -activeSetupViews                                    { worst_case }
setOptMode -allEndPoints                                        true
setOptMode -autoSetupViews                                      { worst_case}
setOptMode -autoTDGRSetupViews                                  { worst_case}
setOptMode -drcMargin                                           0
setOptMode -effort                                              high
setOptMode -fixCap                                              false
setOptMode -fixDrc                                              true
setOptMode -fixFanoutLoad                                       false
setOptMode -fixTran                                             false
setOptMode -holdTargetSlack                                     0.2999
setOptMode -leakageToDynamicRatio                               1
setOptMode -maxDensity                                          0.8
setOptMode -optimizeFF                                          true
setOptMode -powerEffort                                         none
setOptMode -preserveAllSequential                               false
setOptMode -reclaimArea                                         true
setOptMode -setupTargetSlack                                    0
setOptMode -simplifyNetlist                                     true
setOptMode -usefulSkew                                          true
setSIMode -separate_delta_delay_on_data                         true
setPlaceMode -place_design_floorplan_mode                       false
setPlaceMode -place_detail_check_route                          false
setPlaceMode -place_detail_preserve_routing                     true
setPlaceMode -place_detail_remove_affected_routing              false
setPlaceMode -place_detail_swap_eeq_cells                       false
setPlaceMode -place_global_clock_gate_aware                     true
setPlaceMode -place_global_cong_effort                          high
setPlaceMode -place_global_ignore_scan                          true
setPlaceMode -place_global_ignore_spare                         false
setPlaceMode -place_global_module_aware_spare                   false
setPlaceMode -place_global_place_io_pins                        false
setPlaceMode -place_global_reorder_scan                         true
setPlaceMode -powerDriven                                       false
setPlaceMode -timingDriven                                      true
setAnalysisMode -analysisType                                   onChipVariation
setAnalysisMode -checkType                                      setup
setAnalysisMode -clkSrcPath                                     true
setAnalysisMode -clockPropagation                               sdcControl
setAnalysisMode -cppr                                           both
setAnalysisMode -skew                                           true
setAnalysisMode -usefulSkew                                     true
setAnalysisMode -virtualIPO                                     false

Disable merging buffers from different footprints for postRoute code for non-MSV designs
Need call spDPlaceInit before registerPrioInstLoc.
*** optDesign #1 [begin] : totSession cpu/real = 1:32:25.8/1:51:46.0 (0.8), mem = 2986.0M
*** InitOpt #1 [begin] : totSession cpu/real = 1:32:25.8/1:51:46.0 (0.8), mem = 2986.0M
GigaOpt running with 1 threads.
**WARN: (IMPOPT-7077):	Some of the LEF equivalent cells have different ANTENNAGATEAREA/ANTENNADIFFAREA/PINS etc... attributes. They will not be swapped for fixed instances and for lefsafe operations like optLeakagePower in postroute mode. To find out what cells are LEF equivalent use the findLefEquivalentCells command.
Type 'man IMPOPT-7077' for more detail.
**optDesign ... cpu = 0:00:07, real = 0:00:07, mem = 2296.1M, totSessionCpu=1:32:30 **
**INFO: DRVs not fixed with -incr option
Existing Dirty Nets : 0
New Signature Flow (optDesignCheckOptions) ....
#Taking db snapshot
#Taking db snapshot ... done
Begin checking placement ... (start mem=2976.0M, init mem=2976.0M)
*info: Placed = 109797         (Fixed = 205)
*info: Unplaced = 0           
Placement Density:71.48%(3427999/4795574)
Placement Density (including fixed std cells):71.48%(3427999/4795574)
Finished checkPlace (total: cpu=0:00:01.3, real=0:00:01.0; vio checks: cpu=0:00:01.1, real=0:00:01.0; mem=2976.0M)
 Initial DC engine is -> aae
 
 AAE-Opt:: Current number of nets in RC Memory -> 100 K
 
 
 AAE-Opt:: New number of nets in RC Memory -> 100 K
 
Reset EOS DB
Ignoring AAE DB Resetting ...
 Set Options for AAE Based Opt flow 
*** optDesign -postRoute ***
DRC Margin: user margin 0.0; extra margin 0
Setup Target Slack: user slack 0
Hold Target Slack: user slack 0.2999
**INFO: setOptMode -fixDRC false -> DRV Optimization will not be done as part of the Optimization.
Multi-VT timing optimization disabled based on library information.
*** InitOpt #1 [finish] : cpu/real = 0:00:05.8/0:00:05.7 (1.0), totSession cpu/real = 1:32:31.6/1:51:51.7 (0.8), mem = 2986.0M
** INFO : this run is activating 'postRoute' automaton
**INFO: flowCheckPoint #1 InitialSummary
Extraction called for design 'C2S0306' of instances=110101 and nets=112093 using extraction engine 'postRoute' at effort level 'low' .
**WARN: (IMPEXT-3530):	The process node is not set. Use the command setDesignMode -process <process node> prior to extraction for maximum accuracy and optimal automatic threshold setting.
Type 'man IMPEXT-3530' for more detail.
PostRoute (effortLevel low) RC Extraction called for design C2S0306.
RC Extraction called in multi-corner(2) mode.
**WARN: (IMPEXT-6166):	Capacitance table file(s) without the EXTENDED section is being used for RC extraction. This is not recommended because it results in lower accuracy for clock nets in preRoute extraction and for all nets in postRoute extraction using -effortLevel low. Regenerate capacitance table file(s) using the generateCapTbl command.
Type 'man IMPEXT-6166' for more detail.
Process corner(s) are loaded.
 Corner: rc_worst
 Corner: rc_best
extractDetailRC Option : -outfile /tmp/innovus_temp_169137_c2sgpr065.Cambridge.edu.in_scl_shuttle_8_3_MYlu7D/C2S0306_169137_5sti2s.rcdb.d -maxResLength 200  -basic
RC Mode: PostRoute -effortLevel low [Basic CapTable, RC Table Resistances]
      RC Corner Indexes            0       1   
Capacitance Scaling Factor   : 1.00000 1.00000 
Coupling Cap. Scaling Factor : 1.00000 1.00000 
Resistance Scaling Factor    : 1.00000 1.00000 
Clock Cap. Scaling Factor    : 1.00000 1.00000 
Clock Res. Scaling Factor    : 1.00000 1.00000 
Shrink Factor                : 1.00000
Initializing multi-corner resistance tables ...
Checking LVS Completed (CPU Time= 0:00:00.7  MEM= 2986.0M)
Extracted 10.0001% (CPU Time= 0:00:06.4  MEM= 3046.0M)
Extracted 20.0001% (CPU Time= 0:00:08.3  MEM= 3046.0M)
Extracted 30.0001% (CPU Time= 0:00:10.5  MEM= 3046.0M)
Extracted 40.0001% (CPU Time= 0:00:12.8  MEM= 3046.0M)
Extracted 50.0001% (CPU Time= 0:00:14.5  MEM= 3046.0M)
Extracted 60.0001% (CPU Time= 0:00:17.6  MEM= 3046.0M)
Extracted 70.0001% (CPU Time= 0:00:19.1  MEM= 3046.0M)
Extracted 80.0001% (CPU Time= 0:00:23.1  MEM= 3046.0M)
Extracted 90.0001% (CPU Time= 0:00:25.0  MEM= 3046.0M)
Extracted 100% (CPU Time= 0:00:30.9  MEM= 3046.0M)
Number of Extracted Resistors     : 3141748
Number of Extracted Ground Cap.   : 3188496
Number of Extracted Coupling Cap. : 8015604
Filtering XCap in 'relativeOnly' mode using values relative_c_threshold=0.03 and total_c_threshold=5fF.
 Corner: rc_worst
 Corner: rc_best
Checking LVS Completed (CPU Time= 0:00:00.7  MEM= 3014.0M)
PostRoute (effortLevel low) RC Extraction DONE (CPU Time: 0:00:38.9  Real Time: 0:00:37.0  MEM: 3018.016M)
Initializing multi-corner resistance tables ...
*** BuildHoldData #1 [begin] : totSession cpu/real = 1:33:12.7/1:52:31.0 (0.8), mem = 3018.0M
Starting delay calculation for Hold views
AAE DB initialization (MEM=3016.02 CPU=0:00:00.1 REAL=0:00:00.0) 
#################################################################################
# Design Stage: PostRoute
# Design Name: C2S0306
# Design Mode: 90nm
# Analysis Mode: MMMC OCV 
# Parasitics Mode: SPEF/RCDB 
# Signoff Settings: SI Off 
#################################################################################
Start delay calculation (fullDC) (1 T). (MEM=3027.53)
*** Calculating scaling factor for min_timing libraries using the default operating condition of each library.
Total number of fetched objects 111136
Total number of fetched objects 111136
End delay calculation. (MEM=3080.51 CPU=0:00:17.0 REAL=0:00:17.0)
End delay calculation (fullDC). (MEM=3053.43 CPU=0:00:19.1 REAL=0:00:19.0)
*** Done Building Timing Graph (cpu=0:00:23.9 real=0:00:24.0 totSessionCpu=1:33:41 mem=3053.4M)
Done building cte hold timing graph (HoldAware) cpu=0:00:27.8 real=0:00:28.0 totSessionCpu=1:33:41 mem=3053.4M ***
Starting delay calculation for Setup views
AAE DB initialization (MEM=3046.96 CPU=0:00:00.1 REAL=0:00:00.0) 
Starting SI iteration 1 using Infinite Timing Windows
#################################################################################
# Design Stage: PostRoute
# Design Name: C2S0306
# Design Mode: 90nm
# Analysis Mode: MMMC OCV 
# Parasitics Mode: SPEF/RCDB 
# Signoff Settings: SI On 
#################################################################################
AAE_INFO: 1 threads acquired from CTE.
Start delay calculation (fullDC) (1 T). (MEM=3058.57)
*** Calculating scaling factor for max_timing libraries using the default operating condition of each library.
Total number of fetched objects 111136
AAE_INFO-618: Total number of nets in the design is 112093,  99.1 percent of the nets selected for SI analysis
Total number of fetched objects 111136
AAE_INFO-618: Total number of nets in the design is 112093,  99.1 percent of the nets selected for SI analysis
End delay calculation. (MEM=3091.47 CPU=0:00:59.4 REAL=0:00:59.0)
End delay calculation (fullDC). (MEM=3064.39 CPU=0:01:01 REAL=0:01:01)
Loading CTE timing window with TwFlowType 0...(CPU = 0:00:00.0, REAL = 0:00:00.0, MEM = 3064.4M)
Add other clocks and setupCteToAAEClockMapping during iter 1
Loading CTE timing window is completed (CPU = 0:00:00.4, REAL = 0:00:00.0, MEM = 3064.4M)

Executing IPO callback for view pruning ..
Starting SI iteration 2
Start delay calculation (fullDC) (1 T). (MEM=3017.51)
Glitch Analysis: View worst_case -- Total Number of Nets Skipped = 0. 
Glitch Analysis: View worst_case -- Total Number of Nets Analyzed = 0. 
Total number of fetched objects 111136
AAE_INFO-618: Total number of nets in the design is 112093,  0.3 percent of the nets selected for SI analysis
Total number of fetched objects 111136
AAE_INFO-618: Total number of nets in the design is 112093,  0.2 percent of the nets selected for SI analysis
End delay calculation. (MEM=3069.44 CPU=0:00:01.7 REAL=0:00:01.0)
End delay calculation (fullDC). (MEM=3069.44 CPU=0:00:02.1 REAL=0:00:01.0)
*** Done Building Timing Graph (cpu=0:01:20 real=0:01:20 totSessionCpu=1:35:08 mem=3069.4M)

------------------------------------------------------------------
     Initial SI Timing Summary
------------------------------------------------------------------

Setup views included:
 worst_case 

+--------------------+---------+---------+---------+
|     Setup mode     |   all   | reg2reg | default |
+--------------------+---------+---------+---------+
|           WNS (ns):| 12.869  | 12.869  | 25.332  |
|           TNS (ns):|  0.000  |  0.000  |  0.000  |
|    Violating Paths:|    0    |    0    |    0    |
|          All Paths:|  23082  |  22131  |  4136   |
+--------------------+---------+---------+---------+

+----------------+-------------------------------+------------------+
|                |              Real             |       Total      |
|    DRVs        +------------------+------------+------------------|
|                |  Nr nets(terms)  | Worst Vio  |  Nr nets(terms)  |
+----------------+------------------+------------+------------------+
|   max_cap      |      1 (1)       |   -0.036   |      1 (1)       |
|   max_tran     |     22 (22)      |   -1.658   |     22 (22)      |
|   max_fanout   |      0 (0)       |     0      |      0 (0)       |
|   max_length   |      0 (0)       |     0      |      0 (0)       |
+----------------+------------------+------------+------------------+

Density: 71.483%
Total number of glitch violations: 0
------------------------------------------------------------------
*** BuildHoldData #1 [finish] : cpu/real = 0:01:59.2/0:01:59.0 (1.0), totSession cpu/real = 1:35:11.9/1:54:29.9 (0.8), mem = 3084.7M
**optDesign ... cpu = 0:02:49, real = 0:02:47, mem = 2580.8M, totSessionCpu=1:35:12 **
Setting latch borrow mode to budget during optimization.
Info: Done creating the CCOpt slew target map.
**INFO: flowCheckPoint #2 OptimizationPass1
*** Timing Is met
*** Check timing (0:00:00.0)
*** Setup timing is met (target slack 0ns)
Default Rule : ""
Non Default Rules :
Worst Slack : 12.869 ns

Start Layer Assignment ...
No RC Extracion data. Skipped !
GigaOpt: setting up router preferences
GigaOpt: 0 nets assigned router directives

Start Assign Priority Nets ...
TargetSlk(0.200ns) MaxAssign(3%) minLen(50um)
Existing Priority Nets 0 (0.0%)
Assigned Priority Nets 0 (0.0%)
Default Rule : ""
Non Default Rules :
Worst Slack : 12.869 ns

Start Layer Assignment ...
No RC Extracion data. Skipped !
GigaOpt: setting up router preferences
GigaOpt: 0 nets assigned router directives

Start Assign Priority Nets ...
TargetSlk(0.200ns) MaxAssign(3%) minLen(50um)
Existing Priority Nets 0 (0.0%)
Assigned Priority Nets 0 (0.0%)

------------------------------------------------------------------
        Pre-ecoRoute Summary
------------------------------------------------------------------

Setup views included:
 worst_case 

+--------------------+---------+---------+---------+
|     Setup mode     |   all   | reg2reg | default |
+--------------------+---------+---------+---------+
|           WNS (ns):| 12.869  | 12.869  | 25.332  |
|           TNS (ns):|  0.000  |  0.000  |  0.000  |
|    Violating Paths:|    0    |    0    |    0    |
|          All Paths:|  23082  |  22131  |  4136   |
+--------------------+---------+---------+---------+

+----------------+-------------------------------+------------------+
|                |              Real             |       Total      |
|    DRVs        +------------------+------------+------------------|
|                |  Nr nets(terms)  | Worst Vio  |  Nr nets(terms)  |
+----------------+------------------+------------+------------------+
|   max_cap      |      1 (1)       |   -0.036   |      1 (1)       |
|   max_tran     |     22 (22)      |   -1.658   |     22 (22)      |
|   max_fanout   |      0 (0)       |     0      |      0 (0)       |
|   max_length   |      0 (0)       |     0      |      0 (0)       |
+----------------+------------------+------------+------------------+

Density: 71.483%
Total number of glitch violations: 0
------------------------------------------------------------------
**optDesign ... cpu = 0:03:06, real = 0:03:05, mem = 2393.8M, totSessionCpu=1:35:29 **
**INFO: flowCheckPoint #3 GlobalDetailRoute
Running refinePlace -preserveRouting true -hardFence false
*** Starting refinePlace (1:35:30 mem=3058.3M) ***
Move report: Detail placement moves 0 insts, mean move: 0.00 um, max move: 0.00 um 
	Runtime: CPU: 0:00:02.0 REAL: 0:00:02.0 MEM: 3090.9MB
Summary Report:
Instances move: 0 (out of 109592 movable)
Instances flipped: 0
Mean displacement: 0.00 um
Max displacement: 0.00 um 
Runtime: CPU: 0:00:02.2 REAL: 0:00:02.0 MEM: 3090.9MB
*** Finished refinePlace (1:35:32 mem=3090.9M) ***
-routeWithEco false                       # bool, default=false
-routeWithEco true                        # bool, default=false, user setting
-routeSelectedNetOnly false               # bool, default=false
-routeWithTimingDriven true               # bool, default=false, user setting
-routeWithTimingDriven false              # bool, default=false
-routeWithSiDriven true                   # bool, default=false, user setting
-routeWithSiDriven false                  # bool, default=false, user setting
Existing Dirty Nets : 0
New Signature Flow (saveAndSetNanoRouteOptions) ....
Reset Dirty Nets : 0
*** EcoRoute #1 [begin] : totSession cpu/real = 1:35:32.6/1:54:50.8 (0.8), mem = 3059.9M

globalDetailRoute

#Start globalDetailRoute on Mon Jul 27 16:50:49 2026
#
#WARNING (NRIG-39) NanoRoute cannot route to pin PIN/main_clk_pad of net main_clk_pad because it might be a logical pin and does not have physical shapes. To fix the problem, check the pin connection in the netlist and ensure the pin shapes exist in the floorplan.
#WARNING (NRIG-39) NanoRoute cannot route to pin PIN/PRESETn_pad of net PRESETn_pad because it might be a logical pin and does not have physical shapes. To fix the problem, check the pin connection in the netlist and ensure the pin shapes exist in the floorplan.
#WARNING (NRIG-39) NanoRoute cannot route to pin PIN/PSEL_pad of net PSEL_pad because it might be a logical pin and does not have physical shapes. To fix the problem, check the pin connection in the netlist and ensure the pin shapes exist in the floorplan.
#WARNING (NRIG-39) NanoRoute cannot route to pin PIN/PENABLE_pad of net PENABLE_pad because it might be a logical pin and does not have physical shapes. To fix the problem, check the pin connection in the netlist and ensure the pin shapes exist in the floorplan.
#WARNING (NRIG-39) NanoRoute cannot route to pin PIN/PWRITE_pad of net PWRITE_pad because it might be a logical pin and does not have physical shapes. To fix the problem, check the pin connection in the netlist and ensure the pin shapes exist in the floorplan.
#WARNING (NRIG-39) NanoRoute cannot route to pin PIN/PADDR_pad[7] of net PADDR_pad[7] because it might be a logical pin and does not have physical shapes. To fix the problem, check the pin connection in the netlist and ensure the pin shapes exist in the floorplan.
#WARNING (NRIG-39) NanoRoute cannot route to pin PIN/PADDR_pad[6] of net PADDR_pad[6] because it might be a logical pin and does not have physical shapes. To fix the problem, check the pin connection in the netlist and ensure the pin shapes exist in the floorplan.
#WARNING (NRIG-39) NanoRoute cannot route to pin PIN/PADDR_pad[5] of net PADDR_pad[5] because it might be a logical pin and does not have physical shapes. To fix the problem, check the pin connection in the netlist and ensure the pin shapes exist in the floorplan.
#WARNING (NRIG-39) NanoRoute cannot route to pin PIN/PADDR_pad[4] of net PADDR_pad[4] because it might be a logical pin and does not have physical shapes. To fix the problem, check the pin connection in the netlist and ensure the pin shapes exist in the floorplan.
#WARNING (NRIG-39) NanoRoute cannot route to pin PIN/PADDR_pad[3] of net PADDR_pad[3] because it might be a logical pin and does not have physical shapes. To fix the problem, check the pin connection in the netlist and ensure the pin shapes exist in the floorplan.
#WARNING (NRIG-39) NanoRoute cannot route to pin PIN/PADDR_pad[2] of net PADDR_pad[2] because it might be a logical pin and does not have physical shapes. To fix the problem, check the pin connection in the netlist and ensure the pin shapes exist in the floorplan.
#WARNING (NRIG-39) NanoRoute cannot route to pin PIN/PADDR_pad[1] of net PADDR_pad[1] because it might be a logical pin and does not have physical shapes. To fix the problem, check the pin connection in the netlist and ensure the pin shapes exist in the floorplan.
#WARNING (NRIG-39) NanoRoute cannot route to pin PIN/PADDR_pad[0] of net PADDR_pad[0] because it might be a logical pin and does not have physical shapes. To fix the problem, check the pin connection in the netlist and ensure the pin shapes exist in the floorplan.
#WARNING (NRIG-39) NanoRoute cannot route to pin PIN/SER_DATA_pad of net SER_DATA_pad because it might be a logical pin and does not have physical shapes. To fix the problem, check the pin connection in the netlist and ensure the pin shapes exist in the floorplan.
#WARNING (NRIG-39) NanoRoute cannot route to pin PIN/SHIFT_EN_pad of net SHIFT_EN_pad because it might be a logical pin and does not have physical shapes. To fix the problem, check the pin connection in the netlist and ensure the pin shapes exist in the floorplan.
#WARNING (NRIG-39) NanoRoute cannot route to pin PIN/PREADY_pad of net PREADY_pad because it might be a logical pin and does not have physical shapes. To fix the problem, check the pin connection in the netlist and ensure the pin shapes exist in the floorplan.
#WARNING (NRIG-39) NanoRoute cannot route to pin PIN/PSLVERR_pad of net PSLVERR_pad because it might be a logical pin and does not have physical shapes. To fix the problem, check the pin connection in the netlist and ensure the pin shapes exist in the floorplan.
#WARNING (NRIG-39) NanoRoute cannot route to pin PIN/SER_OUT_pad of net SER_OUT_pad because it might be a logical pin and does not have physical shapes. To fix the problem, check the pin connection in the netlist and ensure the pin shapes exist in the floorplan.
#WARNING (NRIG-39) NanoRoute cannot route to pin PIN/SHIFT_OUT_EN_pad of net SHIFT_OUT_EN_pad because it might be a logical pin and does not have physical shapes. To fix the problem, check the pin connection in the netlist and ensure the pin shapes exist in the floorplan.
#num needed restored net=0
#need_extraction net=0 (total=112093)
#WARNING (NRDB-733) PIN PADDR_pad[0] in CELL_VIEW C2S0306 does not have physical port.
#WARNING (NRDB-733) PIN PADDR_pad[1] in CELL_VIEW C2S0306 does not have physical port.
#WARNING (NRDB-733) PIN PADDR_pad[2] in CELL_VIEW C2S0306 does not have physical port.
#WARNING (NRDB-733) PIN PADDR_pad[3] in CELL_VIEW C2S0306 does not have physical port.
#WARNING (NRDB-733) PIN PADDR_pad[4] in CELL_VIEW C2S0306 does not have physical port.
#WARNING (NRDB-733) PIN PADDR_pad[5] in CELL_VIEW C2S0306 does not have physical port.
#WARNING (NRDB-733) PIN PADDR_pad[6] in CELL_VIEW C2S0306 does not have physical port.
#WARNING (NRDB-733) PIN PADDR_pad[7] in CELL_VIEW C2S0306 does not have physical port.
#WARNING (NRDB-733) PIN PENABLE_pad in CELL_VIEW C2S0306 does not have physical port.
#WARNING (NRDB-733) PIN PREADY_pad in CELL_VIEW C2S0306 does not have physical port.
#WARNING (NRDB-733) PIN PRESETn_pad in CELL_VIEW C2S0306 does not have physical port.
#WARNING (NRDB-733) PIN PSEL_pad in CELL_VIEW C2S0306 does not have physical port.
#WARNING (NRDB-733) PIN PSLVERR_pad in CELL_VIEW C2S0306 does not have physical port.
#WARNING (NRDB-733) PIN PWRITE_pad in CELL_VIEW C2S0306 does not have physical port.
#WARNING (NRDB-733) PIN SER_DATA_pad in CELL_VIEW C2S0306 does not have physical port.
#WARNING (NRDB-733) PIN SER_OUT_pad in CELL_VIEW C2S0306 does not have physical port.
#WARNING (NRDB-733) PIN SHIFT_EN_pad in CELL_VIEW C2S0306 does not have physical port.
#WARNING (NRDB-733) PIN SHIFT_OUT_EN_pad in CELL_VIEW C2S0306 does not have physical port.
#WARNING (NRDB-733) PIN main_clk_pad in CELL_VIEW C2S0306 does not have physical port.
#WARNING (NRDB-976) The TRACK STEP 0.5600 for preferred direction tracks is smaller than the PITCH 0.6600 for LAYER M5. This will cause routability problems for NanoRoute.
#Processed 0/0 dirty instances, 0/0 dirty terms, 0/0 dirty fterms, 0/0 dirty pgterms, 0/0 misc dirty regions(0 insts marked dirty, reset pre-exisiting dirty flag on 0 insts, 0 nets marked need extraction)
#NanoRoute Version 20.14-s095_1 NR210411-1939/20_14-UB
#Skip comparing routing design signature in db-snapshot flow
#Total number of trivial nets (e.g. < 2 pins) = 976 (skipped).
#Total number of routable nets = 111117.
#Total number of nets in the design = 112093.
#111117 routable nets have routed wires.
#207 detail routed (routable) nets have been constrained (e.g. have preferred extra spacing, require shielding etc.)
#No nets have been global routed.
#Start routing data preparation on Mon Jul 27 16:50:58 2026
#
#Minimum voltage of a net in the design = 0.000.
#Maximum voltage of a net in the design = 1.620.
#Voltage range [0.000 - 1.620] has 112089 nets.
#Voltage range [1.620 - 1.620] has 2 nets.
#Voltage range [0.000 - 0.000] has 2 nets.
#Initial pin access analysis.
#Detail pin access analysis.
# M1           H   Track-Pitch = 0.5600    Line-2-Via Pitch = 0.4850
# M2           V   Track-Pitch = 0.5600    Line-2-Via Pitch = 0.5600
# M3           H   Track-Pitch = 0.5600    Line-2-Via Pitch = 0.5600
# M4           V   Track-Pitch = 0.5600    Line-2-Via Pitch = 0.5600
# M5           H   Track-Pitch = 0.5600    Line-2-Via Pitch = 0.5600
# TOP_M        V   Track-Pitch = 1.1200    Line-2-Via Pitch = 0.9500
#Monitoring time of adding inner blkg by smac
#cpu time = 00:00:00, elapsed time = 00:00:00, memory = 2445.49 (MB), peak = 2830.71 (MB)
#Regenerating Ggrids automatically.
#Auto generating G-grids with size=15 tracks, using layer M3's pitch = 0.5600.
#Using automatically generated G-grids.
#Done routing data preparation.
#cpu time = 00:00:05, elapsed time = 00:00:05, memory = 2449.13 (MB), peak = 2830.71 (MB)
#Found 0 nets for post-route si or timing fixing.
#
#Finished routing data preparation on Mon Jul 27 16:51:04 2026
#
#Cpu time = 00:00:07
#Elapsed time = 00:00:07
#Increased memory = 9.20 (MB)
#Total memory = 2450.48 (MB)
#Peak memory = 2830.71 (MB)
#
#
#Start global routing on Mon Jul 27 16:51:04 2026
#
#
#Start global routing initialization on Mon Jul 27 16:51:04 2026
#
#WARNING (NRGR-22) Design is already detail routed.
#Routing data preparation, pin analysis, global routing and track assignment statistics:
#Cpu time = 00:00:13
#Elapsed time = 00:00:13
#Increased memory = 9.21 (MB)
#Total memory = 2450.48 (MB)
#Peak memory = 2830.71 (MB)
#
#Start Detail Routing..
#start initial detail routing ...
#   Improving pin accessing ...
#    elapsed time = 00:00:02, memory = 2469.34 (MB)
#   Improving pin accessing ...
#    elapsed time = 00:00:02, memory = 2469.37 (MB)
#   Improving pin accessing ...
#    elapsed time = 00:00:02, memory = 2469.37 (MB)
#   Improving pin accessing ...
#    elapsed time = 00:00:03, memory = 2469.37 (MB)
#   Improving pin accessing ...
#    elapsed time = 00:00:03, memory = 2469.37 (MB)
#   Improving pin accessing ...
#    elapsed time = 00:00:03, memory = 2469.37 (MB)
#   Improving pin accessing ...
#    elapsed time = 00:00:04, memory = 2469.37 (MB)
#   Improving pin accessing ...
#    elapsed time = 00:00:04, memory = 2469.37 (MB)
#   Improving pin accessing ...
#    elapsed time = 00:00:05, memory = 2469.37 (MB)
#   Improving pin accessing ...
#    elapsed time = 00:00:05, memory = 2469.37 (MB)
#   number of violations = 0
#cpu time = 00:00:06, elapsed time = 00:00:06, memory = 2458.95 (MB), peak = 2830.71 (MB)
#Complete Detail Routing.
#Total wire length = 13070922 um.
#Total half perimeter of net bounding box = 10426867 um.
#Total wire length on LAYER M1 = 191537 um.
#Total wire length on LAYER M2 = 1962711 um.
#Total wire length on LAYER M3 = 2856948 um.
#Total wire length on LAYER M4 = 3775036 um.
#Total wire length on LAYER M5 = 3315143 um.
#Total wire length on LAYER TOP_M = 969547 um.
#Total number of vias = 1118593
#Total number of multi-cut vias = 405279 ( 36.2%)
#Total number of single cut vias = 713314 ( 63.8%)
#Up-Via Summary (total 1118593):
#                   single-cut          multi-cut      Total
#-----------------------------------------------------------
# M1            240237 ( 61.0%)    153486 ( 39.0%)     393723
# M2            225338 ( 57.7%)    165458 ( 42.3%)     390796
# M3            139694 ( 70.2%)     59165 ( 29.8%)     198859
# M4             94651 ( 82.1%)     20594 ( 17.9%)     115245
# M5             13394 ( 67.1%)      6576 ( 32.9%)      19970
#-----------------------------------------------------------
#               713314 ( 63.8%)    405279 ( 36.2%)    1118593 
#
#Total number of DRC violations = 0
#Cpu time = 00:00:13
#Elapsed time = 00:00:13
#Increased memory = 5.80 (MB)
#Total memory = 2456.29 (MB)
#Peak memory = 2830.71 (MB)
#
#start routing for process antenna violation fix ...
#cpu time = 00:00:09, elapsed time = 00:00:09, memory = 2466.99 (MB), peak = 2830.71 (MB)
#
#Total wire length = 13070953 um.
#Total half perimeter of net bounding box = 10426867 um.
#Total wire length on LAYER M1 = 191537 um.
#Total wire length on LAYER M2 = 1962711 um.
#Total wire length on LAYER M3 = 2856921 um.
#Total wire length on LAYER M4 = 3775038 um.
#Total wire length on LAYER M5 = 3315178 um.
#Total wire length on LAYER TOP_M = 969567 um.
#Total number of vias = 1118663
#Total number of multi-cut vias = 405279 ( 36.2%)
#Total number of single cut vias = 713384 ( 63.8%)
#Up-Via Summary (total 1118663):
#                   single-cut          multi-cut      Total
#-----------------------------------------------------------
# M1            240237 ( 61.0%)    153486 ( 39.0%)     393723
# M2            225342 ( 57.7%)    165458 ( 42.3%)     390800
# M3            139698 ( 70.2%)     59165 ( 29.8%)     198863
# M4             94683 ( 82.1%)     20594 ( 17.9%)     115277
# M5             13424 ( 67.1%)      6576 ( 32.9%)      20000
#-----------------------------------------------------------
#               713384 ( 63.8%)    405279 ( 36.2%)    1118663 
#
#Total number of DRC violations = 0
#Total number of process antenna violations = 15
#Total number of net violated process antenna rule = 15 ant fix stage
#
#WARNING (NRDB-104) Cannot find antenna cell. Please set option 'route_antenna_cell_name', or change your LEF file.
#
# start diode insertion for process antenna violation fix ...
#WARNING (NRDB-104) Cannot find antenna cell. Please set option 'route_antenna_cell_name', or change your LEF file.
#cpu time = 00:00:00, elapsed time = 00:00:00, memory = 2464.33 (MB), peak = 2830.71 (MB)
#
#Total wire length = 13070953 um.
#Total half perimeter of net bounding box = 10426867 um.
#Total wire length on LAYER M1 = 191537 um.
#Total wire length on LAYER M2 = 1962711 um.
#Total wire length on LAYER M3 = 2856921 um.
#Total wire length on LAYER M4 = 3775038 um.
#Total wire length on LAYER M5 = 3315178 um.
#Total wire length on LAYER TOP_M = 969567 um.
#Total number of vias = 1118663
#Total number of multi-cut vias = 405279 ( 36.2%)
#Total number of single cut vias = 713384 ( 63.8%)
#Up-Via Summary (total 1118663):
#                   single-cut          multi-cut      Total
#-----------------------------------------------------------
# M1            240237 ( 61.0%)    153486 ( 39.0%)     393723
# M2            225342 ( 57.7%)    165458 ( 42.3%)     390800
# M3            139698 ( 70.2%)     59165 ( 29.8%)     198863
# M4             94683 ( 82.1%)     20594 ( 17.9%)     115277
# M5             13424 ( 67.1%)      6576 ( 32.9%)      20000
#-----------------------------------------------------------
#               713384 ( 63.8%)    405279 ( 36.2%)    1118663 
#
#Total number of DRC violations = 0
#Total number of process antenna violations = 15
#Total number of net violated process antenna rule = 15 
#
#WARNING (NRDB-104) Cannot find antenna cell. Please set option 'route_antenna_cell_name', or change your LEF file.
#
#Total wire length = 13070953 um.
#Total half perimeter of net bounding box = 10426867 um.
#Total wire length on LAYER M1 = 191537 um.
#Total wire length on LAYER M2 = 1962711 um.
#Total wire length on LAYER M3 = 2856921 um.
#Total wire length on LAYER M4 = 3775038 um.
#Total wire length on LAYER M5 = 3315178 um.
#Total wire length on LAYER TOP_M = 969567 um.
#Total number of vias = 1118663
#Total number of multi-cut vias = 405279 ( 36.2%)
#Total number of single cut vias = 713384 ( 63.8%)
#Up-Via Summary (total 1118663):
#                   single-cut          multi-cut      Total
#-----------------------------------------------------------
# M1            240237 ( 61.0%)    153486 ( 39.0%)     393723
# M2            225342 ( 57.7%)    165458 ( 42.3%)     390800
# M3            139698 ( 70.2%)     59165 ( 29.8%)     198863
# M4             94683 ( 82.1%)     20594 ( 17.9%)     115277
# M5             13424 ( 67.1%)      6576 ( 32.9%)      20000
#-----------------------------------------------------------
#               713384 ( 63.8%)    405279 ( 36.2%)    1118663 
#
#Total number of DRC violations = 0
#Total number of process antenna violations = 15
#Total number of net violated process antenna rule = 15 
#
#WARNING (NRDB-104) Cannot find antenna cell. Please set option 'route_antenna_cell_name', or change your LEF file.
#
#Start Post Route wire spreading..
#
#Start data preparation for wire spreading...
#
#Data preparation is done on Mon Jul 27 16:51:52 2026
#
#WARNING (NRDB-104) Cannot find antenna cell. Please set option 'route_antenna_cell_name', or change your LEF file.
#
#Start Post Route Wire Spread.
#Done with 2122 horizontal wires in 22 hboxes and 2831 vertical wires in 22 hboxes.
#Complete Post Route Wire Spread.
#
#Total wire length = 13073919 um.
#Total half perimeter of net bounding box = 10426867 um.
#Total wire length on LAYER M1 = 191551 um.
#Total wire length on LAYER M2 = 1963329 um.
#Total wire length on LAYER M3 = 2857581 um.
#Total wire length on LAYER M4 = 3775833 um.
#Total wire length on LAYER M5 = 3315723 um.
#Total wire length on LAYER TOP_M = 969901 um.
#Total number of vias = 1118663
#Total number of multi-cut vias = 405279 ( 36.2%)
#Total number of single cut vias = 713384 ( 63.8%)
#Up-Via Summary (total 1118663):
#                   single-cut          multi-cut      Total
#-----------------------------------------------------------
# M1            240237 ( 61.0%)    153486 ( 39.0%)     393723
# M2            225342 ( 57.7%)    165458 ( 42.3%)     390800
# M3            139698 ( 70.2%)     59165 ( 29.8%)     198863
# M4             94683 ( 82.1%)     20594 ( 17.9%)     115277
# M5             13424 ( 67.1%)      6576 ( 32.9%)      20000
#-----------------------------------------------------------
#               713384 ( 63.8%)    405279 ( 36.2%)    1118663 
#
#WARNING (NRDB-104) Cannot find antenna cell. Please set option 'route_antenna_cell_name', or change your LEF file.
#   number of violations = 0
#cpu time = 00:00:34, elapsed time = 00:00:34, memory = 2467.59 (MB), peak = 2830.71 (MB)
#CELL_VIEW C2S0306,init has 0 DRC violations
#Total number of DRC violations = 0
#Total number of process antenna violations = 16
#Total number of net violated process antenna rule = 16 
#Post Route wire spread is done.
#Total wire length = 13073919 um.
#Total half perimeter of net bounding box = 10426867 um.
#Total wire length on LAYER M1 = 191551 um.
#Total wire length on LAYER M2 = 1963329 um.
#Total wire length on LAYER M3 = 2857581 um.
#Total wire length on LAYER M4 = 3775833 um.
#Total wire length on LAYER M5 = 3315723 um.
#Total wire length on LAYER TOP_M = 969901 um.
#Total number of vias = 1118663
#Total number of multi-cut vias = 405279 ( 36.2%)
#Total number of single cut vias = 713384 ( 63.8%)
#Up-Via Summary (total 1118663):
#                   single-cut          multi-cut      Total
#-----------------------------------------------------------
# M1            240237 ( 61.0%)    153486 ( 39.0%)     393723
# M2            225342 ( 57.7%)    165458 ( 42.3%)     390800
# M3            139698 ( 70.2%)     59165 ( 29.8%)     198863
# M4             94683 ( 82.1%)     20594 ( 17.9%)     115277
# M5             13424 ( 67.1%)      6576 ( 32.9%)      20000
#-----------------------------------------------------------
#               713384 ( 63.8%)    405279 ( 36.2%)    1118663 
#
#detailRoute Statistics:
#Cpu time = 00:01:16
#Elapsed time = 00:01:16
#Increased memory = 14.44 (MB)
#Total memory = 2464.93 (MB)
#Peak memory = 2830.71 (MB)
#Skip updating routing design signature in db-snapshot flow
#
#globalDetailRoute statistics:
#Cpu time = 00:01:43
#Elapsed time = 00:01:43
#Increased memory = -183.91 (MB)
#Total memory = 2236.69 (MB)
#Peak memory = 2830.71 (MB)
#Number of warnings = 46
#Total number of warnings = 97
#Number of fails = 0
#Total number of fails = 0
#Complete globalDetailRoute on Mon Jul 27 16:52:32 2026
#
*** EcoRoute #1 [finish] : cpu/real = 0:01:43.5/0:01:43.6 (1.0), totSession cpu/real = 1:37:16.1/1:56:34.3 (0.8), mem = 3027.5M
**optDesign ... cpu = 0:04:53, real = 0:04:51, mem = 2234.4M, totSessionCpu=1:37:16 **
-routeWithEco false                       # bool, default=false
-routeSelectedNetOnly false               # bool, default=false
-routeWithTimingDriven true               # bool, default=false, user setting
-routeWithSiDriven true                   # bool, default=false, user setting
New Signature Flow (restoreNanoRouteOptions) ....
Extraction called for design 'C2S0306' of instances=110101 and nets=112093 using extraction engine 'postRoute' at effort level 'low' .
**WARN: (IMPEXT-3530):	The process node is not set. Use the command setDesignMode -process <process node> prior to extraction for maximum accuracy and optimal automatic threshold setting.
Type 'man IMPEXT-3530' for more detail.
PostRoute (effortLevel low) RC Extraction called for design C2S0306.
RC Extraction called in multi-corner(2) mode.
**WARN: (IMPEXT-6166):	Capacitance table file(s) without the EXTENDED section is being used for RC extraction. This is not recommended because it results in lower accuracy for clock nets in preRoute extraction and for all nets in postRoute extraction using -effortLevel low. Regenerate capacitance table file(s) using the generateCapTbl command.
Type 'man IMPEXT-6166' for more detail.
Process corner(s) are loaded.
 Corner: rc_worst
 Corner: rc_best
extractDetailRC Option : -outfile /tmp/innovus_temp_169137_c2sgpr065.Cambridge.edu.in_scl_shuttle_8_3_MYlu7D/C2S0306_169137_5sti2s.rcdb.d -maxResLength 200  -basic
RC Mode: PostRoute -effortLevel low [Basic CapTable, RC Table Resistances]
      RC Corner Indexes            0       1   
Capacitance Scaling Factor   : 1.00000 1.00000 
Coupling Cap. Scaling Factor : 1.00000 1.00000 
Resistance Scaling Factor    : 1.00000 1.00000 
Clock Cap. Scaling Factor    : 1.00000 1.00000 
Clock Res. Scaling Factor    : 1.00000 1.00000 
Shrink Factor                : 1.00000
Initializing multi-corner resistance tables ...
Checking LVS Completed (CPU Time= 0:00:00.7  MEM= 3027.5M)
Extracted 10.0001% (CPU Time= 0:00:06.3  MEM= 3090.5M)
Extracted 20.0001% (CPU Time= 0:00:08.1  MEM= 3090.5M)
Extracted 30.0001% (CPU Time= 0:00:10.4  MEM= 3090.5M)
Extracted 40.0001% (CPU Time= 0:00:12.7  MEM= 3090.5M)
Extracted 50.0001% (CPU Time= 0:00:14.4  MEM= 3090.5M)
Extracted 60.0001% (CPU Time= 0:00:17.5  MEM= 3090.5M)
Extracted 70.0001% (CPU Time= 0:00:18.8  MEM= 3090.5M)
Extracted 80.0001% (CPU Time= 0:00:22.5  MEM= 3090.5M)
Extracted 90.0001% (CPU Time= 0:00:24.6  MEM= 3090.5M)
Extracted 100% (CPU Time= 0:00:30.2  MEM= 3090.5M)
Number of Extracted Resistors     : 3151647
Number of Extracted Ground Cap.   : 3198395
Number of Extracted Coupling Cap. : 8045176
Filtering XCap in 'relativeOnly' mode using values relative_c_threshold=0.03 and total_c_threshold=5fF.
 Corner: rc_worst
 Corner: rc_best
Checking LVS Completed (CPU Time= 0:00:00.7  MEM= 3059.2M)
PostRoute (effortLevel low) RC Extraction DONE (CPU Time: 0:00:38.1  Real Time: 0:00:37.0  MEM: 3067.195M)
**optDesign ... cpu = 0:05:31, real = 0:05:28, mem = 2232.9M, totSessionCpu=1:37:54 **
Starting delay calculation for Setup views
Starting SI iteration 1 using Infinite Timing Windows
#################################################################################
# Design Stage: PostRoute
# Design Name: C2S0306
# Design Mode: 90nm
# Analysis Mode: MMMC OCV 
# Parasitics Mode: SPEF/RCDB 
# Signoff Settings: SI On 
#################################################################################
AAE_INFO: 1 threads acquired from CTE.
Start delay calculation (fullDC) (1 T). (MEM=3055.23)
Initializing multi-corner resistance tables ...
Total number of fetched objects 111136
AAE_INFO-618: Total number of nets in the design is 112093,  99.1 percent of the nets selected for SI analysis
Total number of fetched objects 111136
AAE_INFO-618: Total number of nets in the design is 112093,  99.1 percent of the nets selected for SI analysis
End delay calculation. (MEM=3078.51 CPU=0:00:53.5 REAL=0:00:54.0)
End delay calculation (fullDC). (MEM=3078.51 CPU=0:00:57.4 REAL=0:00:58.0)
Loading CTE timing window with TwFlowType 0...(CPU = 0:00:00.0, REAL = 0:00:00.0, MEM = 3078.5M)
Add other clocks and setupCteToAAEClockMapping during iter 1
Loading CTE timing window is completed (CPU = 0:00:00.4, REAL = 0:00:00.0, MEM = 3078.5M)
Starting SI iteration 2
Start delay calculation (fullDC) (1 T). (MEM=3027.62)
Glitch Analysis: View worst_case -- Total Number of Nets Skipped = 0. 
Glitch Analysis: View worst_case -- Total Number of Nets Analyzed = 0. 
Total number of fetched objects 111136
AAE_INFO-618: Total number of nets in the design is 112093,  0.3 percent of the nets selected for SI analysis
Total number of fetched objects 111136
AAE_INFO-618: Total number of nets in the design is 112093,  0.2 percent of the nets selected for SI analysis
End delay calculation. (MEM=3078.55 CPU=0:00:01.5 REAL=0:00:01.0)
End delay calculation (fullDC). (MEM=3078.55 CPU=0:00:01.8 REAL=0:00:02.0)
*** Done Building Timing Graph (cpu=0:01:16 real=0:01:16 totSessionCpu=1:39:10 mem=3078.5M)

------------------------------------------------------------------
       Post-ecoRoute Summary
------------------------------------------------------------------

Setup views included:
 worst_case 

+--------------------+---------+---------+---------+
|     Setup mode     |   all   | reg2reg | default |
+--------------------+---------+---------+---------+
|           WNS (ns):| 12.869  | 12.869  | 25.332  |
|           TNS (ns):|  0.000  |  0.000  |  0.000  |
|    Violating Paths:|    0    |    0    |    0    |
|          All Paths:|  23082  |  22131  |  4136   |
+--------------------+---------+---------+---------+

+----------------+-------------------------------+------------------+
|                |              Real             |       Total      |
|    DRVs        +------------------+------------+------------------|
|                |  Nr nets(terms)  | Worst Vio  |  Nr nets(terms)  |
+----------------+------------------+------------+------------------+
|   max_cap      |      1 (1)       |   -0.036   |      1 (1)       |
|   max_tran     |     22 (22)      |   -1.661   |     22 (22)      |
|   max_fanout   |      0 (0)       |     0      |      0 (0)       |
|   max_length   |      0 (0)       |     0      |      0 (0)       |
+----------------+------------------+------------+------------------+

Density: 71.483%
Total number of glitch violations: 0
------------------------------------------------------------------
**optDesign ... cpu = 0:06:51, real = 0:06:47, mem = 2557.6M, totSessionCpu=1:39:14 **
Executing marking Critical Nets1
**INFO: flowCheckPoint #4 OptimizationRecovery
*** Timing Is met
*** Check timing (0:00:00.1)
Running postRoute recovery in postEcoRoute mode
**optDesign ... cpu = 0:06:51, real = 0:06:47, mem = 2557.6M, totSessionCpu=1:39:14 **
Checking setup slack degradation ...
Checking DRV degradation...
**INFO: Skipping DRV recovery as drv did not degrade beyond margin
Finish postRoute recovery in postEcoRoute mode (cpu=0:00:02, real=0:00:03, mem=3049.19M, totSessionCpu=1:39:16).
**optDesign ... cpu = 0:06:53, real = 0:06:50, mem = 2557.9M, totSessionCpu=1:39:16 **

Latch borrow mode reset to max_borrow
**INFO: flowCheckPoint #5 FinalSummary
Reported timing to dir ./timingReports
**optDesign ... cpu = 0:06:58, real = 0:06:54, mem = 2541.7M, totSessionCpu=1:39:21 **

------------------------------------------------------------------
     optDesign Final SI Timing Summary
------------------------------------------------------------------

Setup views included:
 worst_case 

+--------------------+---------+---------+---------+
|     Setup mode     |   all   | reg2reg | default |
+--------------------+---------+---------+---------+
|           WNS (ns):| 12.869  | 12.869  | 25.332  |
|           TNS (ns):|  0.000  |  0.000  |  0.000  |
|    Violating Paths:|    0    |    0    |    0    |
|          All Paths:|  23082  |  22131  |  4136   |
+--------------------+---------+---------+---------+

+----------------+-------------------------------+------------------+
|                |              Real             |       Total      |
|    DRVs        +------------------+------------+------------------|
|                |  Nr nets(terms)  | Worst Vio  |  Nr nets(terms)  |
+----------------+------------------+------------+------------------+
|   max_cap      |      1 (1)       |   -0.036   |      1 (1)       |
|   max_tran     |     22 (22)      |   -1.661   |     22 (22)      |
|   max_fanout   |      0 (0)       |     0      |      0 (0)       |
|   max_length   |      0 (0)       |     0      |      0 (0)       |
+----------------+------------------+------------+------------------+

Density: 71.483%
Total number of glitch violations: 0
------------------------------------------------------------------
**optDesign ... cpu = 0:07:04, real = 0:07:01, mem = 2549.4M, totSessionCpu=1:39:27 **
 ReSet Options after AAE Based Opt flow 
*** Finished optDesign ***
Info: Destroy the CCOpt slew target map.
*** optDesign #1 [finish] : cpu/real = 0:07:01.3/0:06:58.3 (1.0), totSession cpu/real = 1:39:27.2/1:58:44.3 (0.8), mem = 3049.2M
<CMD> optDesign -postRoute -hold -incr
**optDesign ... cpu = 0:00:00, real = 0:00:00, mem = 2534.7M, totSessionCpu=1:39:27 **
**INFO: User settings:
setNanoRouteMode -drouteAntennaFactor                           1
setNanoRouteMode -droutePostRouteSpreadWire                     1
setNanoRouteMode -drouteStartIteration                          0
setNanoRouteMode -drouteUseMinSpacingForBlockage                auto
setNanoRouteMode -drouteUseMultiCutViaEffort                    high
setNanoRouteMode -extractThirdPartyCompatible                   false
setNanoRouteMode -grouteExpTdStdDelay                           45.5
setNanoRouteMode -grouteExpTdUseTifTimingEngineForImportDesign  false
setNanoRouteMode -routeAntennaCellName                          {}
setNanoRouteMode -routeBottomRoutingLayer                       1
setNanoRouteMode -routeInsertAntennaDiode                       true
setNanoRouteMode -routeStrictlyHonorNonDefaultRule              false
setNanoRouteMode -routeTdrEffort                                6
setNanoRouteMode -routeTopRoutingLayer                          6
setNanoRouteMode -routeWithSiDriven                             true
setNanoRouteMode -routeWithSiPostRouteFix                       false
setNanoRouteMode -routeWithTimingDriven                         true
setNanoRouteMode -timingEngine                                  {}
setExtractRCMode -basic                                         true
setExtractRCMode -coupled                                       true
setExtractRCMode -engine                                        postRoute
setExtractRCMode -extended                                      false
setExtractRCMode -noCleanRCDB                                   true
setExtractRCMode -nrNetInMemory                                 100000
setUsefulSkewMode -ecoRoute                                     false
setUsefulSkewMode -maxAllowedDelay                              1
setUsefulSkewMode -maxSkew                                      false
setUsefulSkewMode -noBoundary                                   false
setUsefulSkewMode -useCells                                     {dl04d1 bufbd7 buffd2 dl03d1 bufbdf buffda dl02d2 dl03d4 dl04d2 dl02d1 dl01d4 buffd3 bufbda bufbdk buffd4 dl04d4 dl02d4 bufbd4 dl01d2 bufbd3 bufbd1 dl01d1 buffd7 bufbd2 buffd1 dl03d2 inv0d2 invbda inv0da invbdk inv0d1 inv0d7 invbd4 invbd2 inv0d0 invbd7 invbdf inv0d4}
setDelayCalMode -enable_high_fanout                             true
setDelayCalMode -eng_copyNetPropToNewNet                        true
setDelayCalMode -engine                                         aae
setDelayCalMode -ignoreNetLoad                                  false
setDelayCalMode -SIAware                                        true
setDelayCalMode -socv_accuracy_mode                             low
setOptMode -activeSetupViews                                    { worst_case }
setOptMode -allEndPoints                                        true
setOptMode -autoSetupViews                                      { worst_case}
setOptMode -autoTDGRSetupViews                                  { worst_case}
setOptMode -deleteInst                                          true
setOptMode -drcMargin                                           0
setOptMode -effort                                              high
setOptMode -fixCap                                              false
setOptMode -fixDrc                                              true
setOptMode -fixFanoutLoad                                       false
setOptMode -fixTran                                             false
setOptMode -holdTargetSlack                                     0.2999
setOptMode -leakageToDynamicRatio                               1
setOptMode -maxDensity                                          0.8
setOptMode -optimizeFF                                          true
setOptMode -powerEffort                                         none
setOptMode -preserveAllSequential                               false
setOptMode -reclaimArea                                         true
setOptMode -setupTargetSlack                                    0
setOptMode -simplifyNetlist                                     true
setOptMode -usefulSkew                                          true
setSIMode -separate_delta_delay_on_data                         true
setPlaceMode -place_design_floorplan_mode                       false
setPlaceMode -place_detail_check_route                          false
setPlaceMode -place_detail_preserve_routing                     true
setPlaceMode -place_detail_remove_affected_routing              false
setPlaceMode -place_detail_swap_eeq_cells                       false
setPlaceMode -place_global_clock_gate_aware                     true
setPlaceMode -place_global_cong_effort                          high
setPlaceMode -place_global_ignore_scan                          true
setPlaceMode -place_global_ignore_spare                         false
setPlaceMode -place_global_module_aware_spare                   false
setPlaceMode -place_global_place_io_pins                        false
setPlaceMode -place_global_reorder_scan                         true
setPlaceMode -powerDriven                                       false
setPlaceMode -timingDriven                                      true
setAnalysisMode -analysisType                                   onChipVariation
setAnalysisMode -checkType                                      setup
setAnalysisMode -clkSrcPath                                     true
setAnalysisMode -clockPropagation                               sdcControl
setAnalysisMode -cppr                                           both
setAnalysisMode -skew                                           true
setAnalysisMode -usefulSkew                                     true
setAnalysisMode -virtualIPO                                     false

Disable merging buffers from different footprints for postRoute code for non-MSV designs
GigaOpt running with 1 threads.
Need call spDPlaceInit before registerPrioInstLoc.
*** optDesign #2 [begin] : totSession cpu/real = 1:39:28.5/1:58:45.6 (0.8), mem = 3045.2M
*** InitOpt #2 [begin] : totSession cpu/real = 1:39:28.5/1:58:45.6 (0.8), mem = 3045.2M
**optDesign ... cpu = 0:00:04, real = 0:00:04, mem = 2374.4M, totSessionCpu=1:39:31 **
**WARN: (IMPOPT-3328):	The -incr option is ignored with -hold option.Existing Dirty Nets : 0
New Signature Flow (optDesignCheckOptions) ....
#Taking db snapshot
#Taking db snapshot ... done
Begin checking placement ... (start mem=3059.9M, init mem=3059.9M)
*info: Placed = 109797         (Fixed = 205)
*info: Unplaced = 0           
Placement Density:71.48%(3427999/4795574)
Placement Density (including fixed std cells):71.48%(3427999/4795574)
Finished checkPlace (total: cpu=0:00:01.2, real=0:00:01.0; vio checks: cpu=0:00:01.1, real=0:00:01.0; mem=3059.9M)
 Initial DC engine is -> aae
 
 AAE-Opt:: Current number of nets in RC Memory -> 100 K
 
 
 AAE-Opt:: New number of nets in RC Memory -> 100 K
 
Reset EOS DB
Ignoring AAE DB Resetting ...
 Set Options for AAE Based Opt flow 
*** optDesign -postRoute ***
DRC Margin: user margin 0.0; extra margin 0
Setup Target Slack: user slack 0
Hold Target Slack: user slack 0.2999
*** InitOpt #2 [finish] : cpu/real = 0:00:04.1/0:00:04.0 (1.0), totSession cpu/real = 1:39:32.6/1:58:49.6 (0.8), mem = 3059.9M
** INFO : this run is activating 'postRoute' automaton
**INFO: flowCheckPoint #6 InitialSummary
Extraction called for design 'C2S0306' of instances=110101 and nets=112093 using extraction engine 'postRoute' at effort level 'low' .
**WARN: (IMPEXT-3530):	The process node is not set. Use the command setDesignMode -process <process node> prior to extraction for maximum accuracy and optimal automatic threshold setting.
Type 'man IMPEXT-3530' for more detail.
PostRoute (effortLevel low) RC Extraction called for design C2S0306.
RC Extraction called in multi-corner(2) mode.
**WARN: (IMPEXT-6166):	Capacitance table file(s) without the EXTENDED section is being used for RC extraction. This is not recommended because it results in lower accuracy for clock nets in preRoute extraction and for all nets in postRoute extraction using -effortLevel low. Regenerate capacitance table file(s) using the generateCapTbl command.
Type 'man IMPEXT-6166' for more detail.
Process corner(s) are loaded.
 Corner: rc_worst
 Corner: rc_best
extractDetailRC Option : -outfile /tmp/innovus_temp_169137_c2sgpr065.Cambridge.edu.in_scl_shuttle_8_3_MYlu7D/C2S0306_169137_5sti2s.rcdb.d -maxResLength 200  -basic
RC Mode: PostRoute -effortLevel low [Basic CapTable, RC Table Resistances]
      RC Corner Indexes            0       1   
Capacitance Scaling Factor   : 1.00000 1.00000 
Coupling Cap. Scaling Factor : 1.00000 1.00000 
Resistance Scaling Factor    : 1.00000 1.00000 
Clock Cap. Scaling Factor    : 1.00000 1.00000 
Clock Res. Scaling Factor    : 1.00000 1.00000 
Shrink Factor                : 1.00000
Initializing multi-corner resistance tables ...
Checking LVS Completed (CPU Time= 0:00:00.8  MEM= 3059.9M)
Extracted 10.0001% (CPU Time= 0:00:06.5  MEM= 3122.9M)
Extracted 20.0001% (CPU Time= 0:00:08.4  MEM= 3122.9M)
Extracted 30.0001% (CPU Time= 0:00:10.7  MEM= 3122.9M)
Extracted 40.0001% (CPU Time= 0:00:13.0  MEM= 3122.9M)
Extracted 50.0001% (CPU Time= 0:00:14.7  MEM= 3122.9M)
Extracted 60.0001% (CPU Time= 0:00:17.9  MEM= 3122.9M)
Extracted 70.0001% (CPU Time= 0:00:19.2  MEM= 3122.9M)
Extracted 80.0001% (CPU Time= 0:00:22.9  MEM= 3122.9M)
Extracted 90.0001% (CPU Time= 0:00:25.0  MEM= 3122.9M)
Extracted 100% (CPU Time= 0:00:30.6  MEM= 3122.9M)
Number of Extracted Resistors     : 3151647
Number of Extracted Ground Cap.   : 3198395
Number of Extracted Coupling Cap. : 8045176
Filtering XCap in 'relativeOnly' mode using values relative_c_threshold=0.03 and total_c_threshold=5fF.
 Corner: rc_worst
 Corner: rc_best
Checking LVS Completed (CPU Time= 0:00:00.7  MEM= 3090.9M)
PostRoute (effortLevel low) RC Extraction DONE (CPU Time: 0:00:38.6  Real Time: 0:00:37.0  MEM: 3094.930M)
**INFO: flowCheckPoint #7 OptimizationHold
GigaOpt Hold Optimizer is used
Initializing multi-corner resistance tables ...
Starting initialization (fixHold) cpu=0:00:00.0 real=0:00:00.0 totSessionCpu=1:40:15 mem=3075.2M ***
*** BuildHoldData #2 [begin] : totSession cpu/real = 1:40:15.1/1:59:30.3 (0.8), mem = 3075.2M
Starting delay calculation for Hold views
Starting SI iteration 1 using Infinite Timing Windows
#################################################################################
# Design Stage: PostRoute
# Design Name: C2S0306
# Design Mode: 90nm
# Analysis Mode: MMMC OCV 
# Parasitics Mode: SPEF/RCDB 
# Signoff Settings: SI On 
#################################################################################
AAE_INFO: 1 threads acquired from CTE.
Start delay calculation (fullDC) (1 T). (MEM=3098.69)
*** Calculating scaling factor for min_timing libraries using the default operating condition of each library.
Total number of fetched objects 111136
AAE_INFO-618: Total number of nets in the design is 112093,  99.1 percent of the nets selected for SI analysis
Total number of fetched objects 111136
AAE_INFO-618: Total number of nets in the design is 112093,  99.1 percent of the nets selected for SI analysis
End delay calculation. (MEM=3106.84 CPU=0:00:55.2 REAL=0:00:55.0)
End delay calculation (fullDC). (MEM=3106.84 CPU=0:00:57.0 REAL=0:00:57.0)
Loading CTE timing window with TwFlowType 0...(CPU = 0:00:00.0, REAL = 0:00:00.0, MEM = 3106.8M)
Add other clocks and setupCteToAAEClockMapping during iter 1
Loading CTE timing window is completed (CPU = 0:00:00.4, REAL = 0:00:01.0, MEM = 3106.8M)

Executing IPO callback for view pruning ..
Starting SI iteration 2
Start delay calculation (fullDC) (1 T). (MEM=3029.96)
Glitch Analysis: View best_case -- Total Number of Nets Skipped = 0. 
Glitch Analysis: View best_case -- Total Number of Nets Analyzed = 0. 
Total number of fetched objects 111136
AAE_INFO-618: Total number of nets in the design is 112093,  0.2 percent of the nets selected for SI analysis
Total number of fetched objects 111136
AAE_INFO-618: Total number of nets in the design is 112093,  0.0 percent of the nets selected for SI analysis
End delay calculation. (MEM=3091.44 CPU=0:00:00.7 REAL=0:00:01.0)
End delay calculation (fullDC). (MEM=3091.44 CPU=0:00:01.0 REAL=0:00:01.0)
*** Done Building Timing Graph (cpu=0:01:11 real=0:01:11 totSessionCpu=1:41:32 mem=3091.4M)

Active hold views:
 best_case
  Dominating endpoints: 0
  Dominating TNS: -0.000

Done building cte hold timing graph (fixHold) cpu=0:01:20 real=0:01:20 totSessionCpu=1:41:35 mem=3106.7M ***
Done building hold timer [115693 node(s), 128529 edge(s), 1 view(s)] (fixHold) cpu=0:01:24 real=0:01:25 totSessionCpu=1:41:40 mem=3106.7M ***
Starting delay calculation for Setup views
Starting SI iteration 1 using Infinite Timing Windows
#################################################################################
# Design Stage: PostRoute
# Design Name: C2S0306
# Design Mode: 90nm
# Analysis Mode: MMMC OCV 
# Parasitics Mode: SPEF/RCDB 
# Signoff Settings: SI On 
#################################################################################
AAE_INFO: 1 threads acquired from CTE.
Start delay calculation (fullDC) (1 T). (MEM=3096.58)
*** Calculating scaling factor for max_timing libraries using the default operating condition of each library.
Total number of fetched objects 111136
AAE_INFO-618: Total number of nets in the design is 112093,  99.1 percent of the nets selected for SI analysis
Total number of fetched objects 111136
AAE_INFO-618: Total number of nets in the design is 112093,  99.1 percent of the nets selected for SI analysis
End delay calculation. (MEM=3269 CPU=0:00:53.7 REAL=0:00:53.0)
End delay calculation (fullDC). (MEM=3269 CPU=0:00:55.8 REAL=0:00:56.0)
Loading CTE timing window with TwFlowType 0...(CPU = 0:00:00.0, REAL = 0:00:00.0, MEM = 3269.0M)
Add other clocks and setupCteToAAEClockMapping during iter 1
Loading CTE timing window is completed (CPU = 0:00:00.4, REAL = 0:00:01.0, MEM = 3269.0M)

Executing IPO callback for view pruning ..
Starting SI iteration 2
Start delay calculation (fullDC) (1 T). (MEM=3238.12)
Glitch Analysis: View worst_case -- Total Number of Nets Skipped = 0. 
Glitch Analysis: View worst_case -- Total Number of Nets Analyzed = 0. 
Total number of fetched objects 111136
AAE_INFO-618: Total number of nets in the design is 112093,  0.3 percent of the nets selected for SI analysis
Total number of fetched objects 111136
AAE_INFO-618: Total number of nets in the design is 112093,  0.2 percent of the nets selected for SI analysis
End delay calculation. (MEM=3290.05 CPU=0:00:01.7 REAL=0:00:02.0)
End delay calculation (fullDC). (MEM=3290.05 CPU=0:00:02.0 REAL=0:00:02.0)
*** Done Building Timing Graph (cpu=0:01:12 real=0:01:12 totSessionCpu=1:42:55 mem=3290.0M)
Done building cte setup timing graph (fixHold) cpu=0:02:40 real=0:02:40 totSessionCpu=1:42:55 mem=3290.0M ***
Setting latch borrow mode to budget during optimization.

*Info: minBufDelay = 63.6 ps, libStdDelay = 27.5 ps, minBufSize = 12544000 (4.0)
*Info: worst delay setup view: worst_case

------------------------------------------------------------------
     Hold Opt Initial Summary
------------------------------------------------------------------

Setup views included:
 worst_case
Hold views included:
 best_case

+--------------------+---------+---------+---------+
|     Setup mode     |   all   | reg2reg | default |
+--------------------+---------+---------+---------+
|           WNS (ns):| 12.869  | 12.869  | 25.332  |
|           TNS (ns):|  0.000  |  0.000  |  0.000  |
|    Violating Paths:|    0    |    0    |    0    |
|          All Paths:|  23082  |  22131  |  4136   |
+--------------------+---------+---------+---------+

+--------------------+---------+---------+---------+
|     Hold mode      |   all   | reg2reg | default |
+--------------------+---------+---------+---------+
|           WNS (ns):|  0.075  |  0.092  |  0.075  |
|           TNS (ns):|  0.000  |  0.000  |  0.000  |
|    Violating Paths:|    0    |    0    |    0    |
|          All Paths:|  23082  |  22131  |  4136   |
+--------------------+---------+---------+---------+

+----------------+-------------------------------+------------------+
|                |              Real             |       Total      |
|    DRVs        +------------------+------------+------------------|
|                |  Nr nets(terms)  | Worst Vio  |  Nr nets(terms)  |
+----------------+------------------+------------+------------------+
|   max_cap      |      1 (1)       |   -0.036   |      1 (1)       |
|   max_tran     |     22 (22)      |   -1.661   |     22 (22)      |
|   max_fanout   |      0 (0)       |     0      |      0 (0)       |
|   max_length   |      0 (0)       |     0      |      0 (0)       |
+----------------+------------------+------------+------------------+

Density: 71.483%
Total number of glitch violations: 0
------------------------------------------------------------------
**optDesign ... cpu = 0:03:45, real = 0:03:43, mem = 2818.6M, totSessionCpu=1:43:12 **
*** BuildHoldData #2 [finish] : cpu/real = 0:02:57.3/0:02:57.0 (1.0), totSession cpu/real = 1:43:12.3/2:02:27.2 (0.8), mem = 3294.3M
*** HoldOpt #1 [begin] : totSession cpu/real = 1:43:12.3/2:02:27.2 (0.8), mem = 3294.3M
*info: Run optDesign holdfix with 1 thread.
Info: 19 io nets excluded
Info: 208 clock nets excluded from IPO operation.
Info: Done creating the CCOpt slew target map.

*** Starting Core Fixing (fixHold) cpu=0:03:01 real=0:03:01 totSessionCpu=1:43:16 mem=3422.0M density=71.483% ***

Phase I ......
Executing transform: ECO Safe Resize
+----+--------+---------+--------+-----------+----------------+---------+------------+---------+
|Iter|  WNS   |  TNS    |  #VP   |  #Buffer  |  #Resize(F/F)  | Density |    Real    |   Mem   |
+----+--------+---------+--------+-----------+----------------+---------+------------+---------+
|   0|   0.075|     0.00|       0|          0|       0(     0)|   71.48%|   0:00:00.0|  3440.0M|
|   1|   0.075|     0.00|       0|          0|       0(     0)|   71.48%|   0:00:01.0|  3460.3M|
+----+--------+---------+--------+-----------+----------------+---------+------------+---------+
Executing transform: AddBuffer + LegalResize
+----+--------+---------+--------+-----------+----------------+---------+------------+---------+
|Iter|  WNS   |  TNS    |  #VP   |  #Buffer  |  #Resize(F/F)  | Density |    Real    |   Mem   |
+----+--------+---------+--------+-----------+----------------+---------+------------+---------+
|   0|   0.075|     0.00|       0|          0|       0(     0)|   71.48%|   0:00:00.0|  3460.3M|
|   1|   0.146|     0.00|       0|        899|      74(     0)|   71.72%|   0:00:19.0|  3537.4M|
|   2|   0.258|     0.00|       0|         41|       5(     0)|   71.73%|   0:00:00.0|  3538.9M|
|   3|   0.258|     0.00|       0|          0|       0(     0)|   71.73%|   0:00:01.0|  3538.9M|
+----+--------+---------+--------+-----------+----------------+---------+------------+---------+

*info:    Total 940 cells added for Phase I
*info:    Total 79 instances resized for Phase I

Phase II ......
Executing transform: AddBuffer
+----+--------+---------+--------+-----------+----------------+---------+------------+---------+
|Iter|  WNS   |  TNS    |  #VP   |  #Buffer  |  #Resize(F/F)  | Density |    Real    |   Mem   |
+----+--------+---------+--------+-----------+----------------+---------+------------+---------+
|   0|   0.258|     0.00|       0|          0|       0(     0)|   71.73%|   0:00:00.0|  3548.9M|
|   1|   0.258|     0.00|       0|          0|       0(     0)|   71.73%|   0:00:00.0|  3548.9M|
+----+--------+---------+--------+-----------+----------------+---------+------------+---------+


=======================================================================
                Reasons for remaining hold violations
=======================================================================
*info: Total 84 net(s) have violated hold timing slacks.

Buffering failure reasons
------------------------------------------------
*info:    84 net(s): Could not be fixed because of no legal loc.

Resizing failure reasons
------------------------------------------------
*info:    34 net(s): Could not be fixed because of no legal loc.
*info:    29 net(s): Could not be fixed because of hold slack degradation.
*info:    20 net(s): Could not be fixed because all the cells are filtered.


*** Finished Core Fixing (fixHold) cpu=0:03:31 real=0:03:31 totSessionCpu=1:43:46 mem=3548.9M density=71.734% ***

*info:
*info: Added a total of 940 cells to fix/reduce hold violation
*info:
*info: Summary: 
*info:            1 cell  of type 'bufbd1' used
*info:            4 cells of type 'bufbd2' used
*info:            9 cells of type 'bufbd3' used
*info:            6 cells of type 'bufbd4' used
*info:          873 cells of type 'buffd1' used
*info:            2 cells of type 'buffd2' used
*info:           12 cells of type 'buffd3' used
*info:           33 cells of type 'dl01d1' used
*info:
*info: Total 79 instances resized
*info:       in which 0 FF resizing
*info:

*** Finish Post Route Hold Fixing (cpu=0:03:31 real=0:03:31 totSessionCpu=1:43:46 mem=3548.9M density=71.734%) ***
**INFO: total 1016 insts, 0 nets marked don't touch
**INFO: total 1016 insts, 0 nets marked don't touch DB property
**INFO: total 1016 insts, 0 nets unmarked don't touch

*** HoldOpt #1 [finish] : cpu/real = 0:00:34.3/0:00:34.3 (1.0), totSession cpu/real = 1:43:46.6/2:03:01.5 (0.8), mem = 3430.8M
Running refinePlace -preserveRouting true -hardFence false
*** Starting refinePlace (1:43:47 mem=3430.8M) ***
Move report: Detail placement moves 0 insts, mean move: 0.00 um, max move: 0.00 um 
	Runtime: CPU: 0:00:01.8 REAL: 0:00:02.0 MEM: 3457.0MB
Summary Report:
Instances move: 0 (out of 110532 movable)
Instances flipped: 0
Mean displacement: 0.00 um
Max displacement: 0.00 um 
Runtime: CPU: 0:00:01.9 REAL: 0:00:02.0 MEM: 3457.0MB
*** Finished refinePlace (1:43:49 mem=3457.0M) ***

------------------------------------------------------------------
        Pre-ecoRoute Summary
------------------------------------------------------------------

Setup views included:
 worst_case 

+--------------------+---------+---------+---------+
|     Setup mode     |   all   | reg2reg | default |
+--------------------+---------+---------+---------+
|           WNS (ns):| 12.869  | 12.869  | 25.332  |
|           TNS (ns):|  0.000  |  0.000  |  0.000  |
|    Violating Paths:|    0    |    0    |    0    |
|          All Paths:|  23082  |  22131  |  4136   |
+--------------------+---------+---------+---------+

+----------------+-------------------------------+------------------+
|                |              Real             |       Total      |
|    DRVs        +------------------+------------+------------------|
|                |  Nr nets(terms)  | Worst Vio  |  Nr nets(terms)  |
+----------------+------------------+------------+------------------+
|   max_cap      |      1 (1)       |   -0.036   |      1 (1)       |
|   max_tran     |     22 (22)      |   -1.661   |     22 (22)      |
|   max_fanout   |      0 (0)       |     0      |      0 (0)       |
|   max_length   |      0 (0)       |     0      |      0 (0)       |
+----------------+------------------+------------+------------------+

Density: 71.734%
Total number of glitch violations: 0
------------------------------------------------------------------
**optDesign ... cpu = 0:04:25, real = 0:04:23, mem = 2873.8M, totSessionCpu=1:43:52 **
**INFO: flowCheckPoint #8 GlobalDetailRoute
-routeWithEco false                       # bool, default=false
-routeWithEco true                        # bool, default=false, user setting
-routeSelectedNetOnly false               # bool, default=false
-routeWithTimingDriven true               # bool, default=false, user setting
-routeWithTimingDriven false              # bool, default=false
-routeWithSiDriven true                   # bool, default=false, user setting
-routeWithSiDriven false                  # bool, default=false, user setting
Existing Dirty Nets : 1851
New Signature Flow (saveAndSetNanoRouteOptions) ....
Reset Dirty Nets : 1851
*** EcoRoute #2 [begin] : totSession cpu/real = 1:43:52.5/2:03:07.4 (0.8), mem = 3428.0M

globalDetailRoute

#Start globalDetailRoute on Mon Jul 27 16:59:06 2026
#
#WARNING (NRIG-39) NanoRoute cannot route to pin PIN/main_clk_pad of net main_clk_pad because it might be a logical pin and does not have physical shapes. To fix the problem, check the pin connection in the netlist and ensure the pin shapes exist in the floorplan.
#WARNING (NRIG-39) NanoRoute cannot route to pin PIN/PRESETn_pad of net PRESETn_pad because it might be a logical pin and does not have physical shapes. To fix the problem, check the pin connection in the netlist and ensure the pin shapes exist in the floorplan.
#WARNING (NRIG-39) NanoRoute cannot route to pin PIN/PSEL_pad of net PSEL_pad because it might be a logical pin and does not have physical shapes. To fix the problem, check the pin connection in the netlist and ensure the pin shapes exist in the floorplan.
#WARNING (NRIG-39) NanoRoute cannot route to pin PIN/PENABLE_pad of net PENABLE_pad because it might be a logical pin and does not have physical shapes. To fix the problem, check the pin connection in the netlist and ensure the pin shapes exist in the floorplan.
#WARNING (NRIG-39) NanoRoute cannot route to pin PIN/PWRITE_pad of net PWRITE_pad because it might be a logical pin and does not have physical shapes. To fix the problem, check the pin connection in the netlist and ensure the pin shapes exist in the floorplan.
#WARNING (NRIG-39) NanoRoute cannot route to pin PIN/PADDR_pad[7] of net PADDR_pad[7] because it might be a logical pin and does not have physical shapes. To fix the problem, check the pin connection in the netlist and ensure the pin shapes exist in the floorplan.
#WARNING (NRIG-39) NanoRoute cannot route to pin PIN/PADDR_pad[6] of net PADDR_pad[6] because it might be a logical pin and does not have physical shapes. To fix the problem, check the pin connection in the netlist and ensure the pin shapes exist in the floorplan.
#WARNING (NRIG-39) NanoRoute cannot route to pin PIN/PADDR_pad[5] of net PADDR_pad[5] because it might be a logical pin and does not have physical shapes. To fix the problem, check the pin connection in the netlist and ensure the pin shapes exist in the floorplan.
#WARNING (NRIG-39) NanoRoute cannot route to pin PIN/PADDR_pad[4] of net PADDR_pad[4] because it might be a logical pin and does not have physical shapes. To fix the problem, check the pin connection in the netlist and ensure the pin shapes exist in the floorplan.
#WARNING (NRIG-39) NanoRoute cannot route to pin PIN/PADDR_pad[3] of net PADDR_pad[3] because it might be a logical pin and does not have physical shapes. To fix the problem, check the pin connection in the netlist and ensure the pin shapes exist in the floorplan.
#WARNING (NRIG-39) NanoRoute cannot route to pin PIN/PADDR_pad[2] of net PADDR_pad[2] because it might be a logical pin and does not have physical shapes. To fix the problem, check the pin connection in the netlist and ensure the pin shapes exist in the floorplan.
#WARNING (NRIG-39) NanoRoute cannot route to pin PIN/PADDR_pad[1] of net PADDR_pad[1] because it might be a logical pin and does not have physical shapes. To fix the problem, check the pin connection in the netlist and ensure the pin shapes exist in the floorplan.
#WARNING (NRIG-39) NanoRoute cannot route to pin PIN/PADDR_pad[0] of net PADDR_pad[0] because it might be a logical pin and does not have physical shapes. To fix the problem, check the pin connection in the netlist and ensure the pin shapes exist in the floorplan.
#WARNING (NRIG-39) NanoRoute cannot route to pin PIN/SER_DATA_pad of net SER_DATA_pad because it might be a logical pin and does not have physical shapes. To fix the problem, check the pin connection in the netlist and ensure the pin shapes exist in the floorplan.
#WARNING (NRIG-39) NanoRoute cannot route to pin PIN/SHIFT_EN_pad of net SHIFT_EN_pad because it might be a logical pin and does not have physical shapes. To fix the problem, check the pin connection in the netlist and ensure the pin shapes exist in the floorplan.
#WARNING (NRIG-39) NanoRoute cannot route to pin PIN/PREADY_pad of net PREADY_pad because it might be a logical pin and does not have physical shapes. To fix the problem, check the pin connection in the netlist and ensure the pin shapes exist in the floorplan.
#WARNING (NRIG-39) NanoRoute cannot route to pin PIN/PSLVERR_pad of net PSLVERR_pad because it might be a logical pin and does not have physical shapes. To fix the problem, check the pin connection in the netlist and ensure the pin shapes exist in the floorplan.
#WARNING (NRIG-39) NanoRoute cannot route to pin PIN/SER_OUT_pad of net SER_OUT_pad because it might be a logical pin and does not have physical shapes. To fix the problem, check the pin connection in the netlist and ensure the pin shapes exist in the floorplan.
#WARNING (NRIG-39) NanoRoute cannot route to pin PIN/SHIFT_OUT_EN_pad of net SHIFT_OUT_EN_pad because it might be a logical pin and does not have physical shapes. To fix the problem, check the pin connection in the netlist and ensure the pin shapes exist in the floorplan.
#num needed restored net=0
#need_extraction net=0 (total=113033)
#WARNING (NRDB-733) PIN PADDR_pad[0] in CELL_VIEW C2S0306 does not have physical port.
#WARNING (NRDB-733) PIN PADDR_pad[1] in CELL_VIEW C2S0306 does not have physical port.
#WARNING (NRDB-733) PIN PADDR_pad[2] in CELL_VIEW C2S0306 does not have physical port.
#WARNING (NRDB-733) PIN PADDR_pad[3] in CELL_VIEW C2S0306 does not have physical port.
#WARNING (NRDB-733) PIN PADDR_pad[4] in CELL_VIEW C2S0306 does not have physical port.
#WARNING (NRDB-733) PIN PADDR_pad[5] in CELL_VIEW C2S0306 does not have physical port.
#WARNING (NRDB-733) PIN PADDR_pad[6] in CELL_VIEW C2S0306 does not have physical port.
#WARNING (NRDB-733) PIN PADDR_pad[7] in CELL_VIEW C2S0306 does not have physical port.
#WARNING (NRDB-733) PIN PENABLE_pad in CELL_VIEW C2S0306 does not have physical port.
#WARNING (NRDB-733) PIN PREADY_pad in CELL_VIEW C2S0306 does not have physical port.
#WARNING (NRDB-733) PIN PRESETn_pad in CELL_VIEW C2S0306 does not have physical port.
#WARNING (NRDB-733) PIN PSEL_pad in CELL_VIEW C2S0306 does not have physical port.
#WARNING (NRDB-733) PIN PSLVERR_pad in CELL_VIEW C2S0306 does not have physical port.
#WARNING (NRDB-733) PIN PWRITE_pad in CELL_VIEW C2S0306 does not have physical port.
#WARNING (NRDB-733) PIN SER_DATA_pad in CELL_VIEW C2S0306 does not have physical port.
#WARNING (NRDB-733) PIN SER_OUT_pad in CELL_VIEW C2S0306 does not have physical port.
#WARNING (NRDB-733) PIN SHIFT_EN_pad in CELL_VIEW C2S0306 does not have physical port.
#WARNING (NRDB-733) PIN SHIFT_OUT_EN_pad in CELL_VIEW C2S0306 does not have physical port.
#WARNING (NRDB-733) PIN main_clk_pad in CELL_VIEW C2S0306 does not have physical port.
#WARNING (NRDB-976) The TRACK STEP 0.5600 for preferred direction tracks is smaller than the PITCH 0.6600 for LAYER M5. This will cause routability problems for NanoRoute.
#Processed 1024/0 dirty instances, 1693/0 dirty terms, 0/0 dirty fterms, 0/0 dirty pgterms, 0/0 misc dirty regions(1016 insts marked dirty, reset pre-exisiting dirty flag on 1016 insts, 0 nets marked need extraction)
#NanoRoute Version 20.14-s095_1 NR210411-1939/20_14-UB
#Skip comparing routing design signature in db-snapshot flow
#Total number of trivial nets (e.g. < 2 pins) = 976 (skipped).
#Total number of routable nets = 112057.
#Total number of nets in the design = 113033.
#1988 routable nets do not have any wires.
#110069 routable nets have routed wires.
#1988 nets will be global routed.
#207 detail routed (routable) nets have been constrained (e.g. have preferred extra spacing, require shielding etc.)
#Start routing data preparation on Mon Jul 27 16:59:15 2026
#
#Minimum voltage of a net in the design = 0.000.
#Maximum voltage of a net in the design = 1.620.
#Voltage range [0.000 - 1.620] has 113029 nets.
#Voltage range [1.620 - 1.620] has 2 nets.
#Voltage range [0.000 - 0.000] has 2 nets.
#Initial pin access analysis.
#Detail pin access analysis.
# M1           H   Track-Pitch = 0.5600    Line-2-Via Pitch = 0.4850
# M2           V   Track-Pitch = 0.5600    Line-2-Via Pitch = 0.5600
# M3           H   Track-Pitch = 0.5600    Line-2-Via Pitch = 0.5600
# M4           V   Track-Pitch = 0.5600    Line-2-Via Pitch = 0.5600
# M5           H   Track-Pitch = 0.5600    Line-2-Via Pitch = 0.5600
# TOP_M        V   Track-Pitch = 1.1200    Line-2-Via Pitch = 0.9500
#Monitoring time of adding inner blkg by smac
#cpu time = 00:00:00, elapsed time = 00:00:00, memory = 2563.03 (MB), peak = 3025.43 (MB)
#Regenerating Ggrids automatically.
#Auto generating G-grids with size=15 tracks, using layer M3's pitch = 0.5600.
#Using automatically generated G-grids.
#Done routing data preparation.
#cpu time = 00:00:06, elapsed time = 00:00:06, memory = 2566.61 (MB), peak = 3025.43 (MB)
#Found 0 nets for post-route si or timing fixing.
#
#Finished routing data preparation on Mon Jul 27 16:59:22 2026
#
#Cpu time = 00:00:07
#Elapsed time = 00:00:07
#Increased memory = 9.23 (MB)
#Total memory = 2567.95 (MB)
#Peak memory = 3025.43 (MB)
#
#
#Start global routing on Mon Jul 27 16:59:22 2026
#
#
#Start global routing initialization on Mon Jul 27 16:59:22 2026
#
#Number of eco nets is 1493
#
#Start global routing data preparation on Mon Jul 27 16:59:23 2026
#
#Start routing resource analysis on Mon Jul 27 16:59:24 2026
#
#Routing resource analysis is done on Mon Jul 27 16:59:30 2026
#
#  Resource Analysis:
#
#               Routing  #Avail      #Track     #Total     %Gcell
#  Layer      Direction   Track     Blocked      Gcell    Blocked
#  --------------------------------------------------------------
#  M1             H        3615        1634      122500    76.52%
#  M2             V        3635        1614      122500    32.12%
#  M3             H        3621        1628      122500    30.75%
#  M4             V        3610        1639      122500    32.24%
#  M5             H        3492        1757      122500    32.10%
#  TOP_M          V        1364        1261      122500    38.19%
#  --------------------------------------------------------------
#  Total                  19338      34.27%      735000    40.32%
#
#
#
#
#Global routing data preparation is done on Mon Jul 27 16:59:30 2026
#
#cpu time = 00:00:07, elapsed time = 00:00:07, memory = 2586.43 (MB), peak = 3025.43 (MB)
#
#
#Global routing initialization is done on Mon Jul 27 16:59:30 2026
#
#cpu time = 00:00:08, elapsed time = 00:00:08, memory = 2588.52 (MB), peak = 3025.43 (MB)
#
#start global routing iteration 1...
#cpu time = 00:00:02, elapsed time = 00:00:02, memory = 2599.18 (MB), peak = 3025.43 (MB)
#
#start global routing iteration 2...
#cpu time = 00:00:02, elapsed time = 00:00:02, memory = 2599.19 (MB), peak = 3025.43 (MB)
#
#start global routing iteration 3...
#cpu time = 00:00:04, elapsed time = 00:00:04, memory = 2610.50 (MB), peak = 3025.43 (MB)
#
#
#Total number of trivial nets (e.g. < 2 pins) = 976 (skipped).
#Total number of routable nets = 112057.
#Total number of nets in the design = 113033.
#
#112057 routable nets have routed wires.
#207 detail routed (routable) nets have been constrained (e.g. have preferred extra spacing, require shielding etc.)
#
#Routed nets constraints summary:
#-----------------------------
#        Rules   Unconstrained  
#-----------------------------
#      Default            1988  
#-----------------------------
#        Total            1988  
#-----------------------------
#
#Routing constraints summary of the whole design:
#---------------------------------------------------------
#        Rules   Pref Layer   Avoid Detour   Unconstrained  
#---------------------------------------------------------
#      Default          207            207          111850  
#---------------------------------------------------------
#        Total          207            207          111850  
#---------------------------------------------------------
#
#
#  Congestion Analysis: (blocked Gcells are excluded)
#
#                 OverCon       OverCon       OverCon       OverCon          
#                  #Gcell        #Gcell        #Gcell        #Gcell    %Gcell
#     Layer           (1)           (2)           (3)           (4)   OverCon
#  --------------------------------------------------------------------------
#  M1            0(0.00%)      0(0.00%)      0(0.00%)      0(0.00%)   (0.00%)
#  M2          564(0.67%)    155(0.18%)     17(0.02%)      5(0.01%)   (0.87%)
#  M3          221(0.26%)     23(0.03%)      0(0.00%)      0(0.00%)   (0.29%)
#  M4           56(0.07%)      1(0.00%)      0(0.00%)      0(0.00%)   (0.07%)
#  M5           96(0.12%)      8(0.01%)      0(0.00%)      0(0.00%)   (0.12%)
#  TOP_M         7(0.01%)      0(0.00%)      0(0.00%)      0(0.00%)   (0.01%)
#  --------------------------------------------------------------------------
#     Total    944(0.21%)    187(0.04%)     17(0.00%)      5(0.00%)   (0.26%)
#
#  The worst congested Gcell overcon (routing demand over resource in number of tracks) = 4
#  Overflow after GR: 0.08% H + 0.18% V
#
#Complete Global Routing.
#Total wire length = 13152311 um.
#Total half perimeter of net bounding box = 10491658 um.
#Total wire length on LAYER M1 = 191462 um.
#Total wire length on LAYER M2 = 1971101 um.
#Total wire length on LAYER M3 = 2868658 um.
#Total wire length on LAYER M4 = 3788457 um.
#Total wire length on LAYER M5 = 3343984 um.
#Total wire length on LAYER TOP_M = 988649 um.
#Total number of vias = 1124750
#Total number of multi-cut vias = 404818 ( 36.0%)
#Total number of single cut vias = 719932 ( 64.0%)
#Up-Via Summary (total 1124750):
#                   single-cut          multi-cut      Total
#-----------------------------------------------------------
# M1            242100 ( 61.2%)    153345 ( 38.8%)     395445
# M2            227073 ( 57.9%)    165243 ( 42.1%)     392316
# M3            140955 ( 70.5%)     59089 ( 29.5%)     200044
# M4             95748 ( 82.3%)     20573 ( 17.7%)     116321
# M5             14056 ( 68.2%)      6568 ( 31.8%)      20624
#-----------------------------------------------------------
#               719932 ( 64.0%)    404818 ( 36.0%)    1124750 
#
#Max overcon = 4 tracks.
#Total overcon = 0.26%.
#Worst layer Gcell overcon rate = 0.29%.
#
#Global routing statistics:
#Cpu time = 00:00:20
#Elapsed time = 00:00:20
#Increased memory = 29.64 (MB)
#Total memory = 2597.59 (MB)
#Peak memory = 3025.43 (MB)
#
#Finished global routing on Mon Jul 27 16:59:43 2026
#
#
#cpu time = 00:00:01, elapsed time = 00:00:01, memory = 2588.39 (MB), peak = 3025.43 (MB)
#Start Track Assignment.
#Done with 1724 horizontal wires in 11 hboxes and 1943 vertical wires in 11 hboxes.
#Done with 242 horizontal wires in 11 hboxes and 219 vertical wires in 11 hboxes.
#Complete Track Assignment.
#Total wire length = 13158673 um.
#Total half perimeter of net bounding box = 10491658 um.
#Total wire length on LAYER M1 = 192228 um.
#Total wire length on LAYER M2 = 1972419 um.
#Total wire length on LAYER M3 = 2871323 um.
#Total wire length on LAYER M4 = 3789259 um.
#Total wire length on LAYER M5 = 3344762 um.
#Total wire length on LAYER TOP_M = 988681 um.
#Total number of vias = 1124750
#Total number of multi-cut vias = 404818 ( 36.0%)
#Total number of single cut vias = 719932 ( 64.0%)
#Up-Via Summary (total 1124750):
#                   single-cut          multi-cut      Total
#-----------------------------------------------------------
# M1            242100 ( 61.2%)    153345 ( 38.8%)     395445
# M2            227073 ( 57.9%)    165243 ( 42.1%)     392316
# M3            140955 ( 70.5%)     59089 ( 29.5%)     200044
# M4             95748 ( 82.3%)     20573 ( 17.7%)     116321
# M5             14056 ( 68.2%)      6568 ( 31.8%)      20624
#-----------------------------------------------------------
#               719932 ( 64.0%)    404818 ( 36.0%)    1124750 
#
#cpu time = 00:00:23, elapsed time = 00:00:23, memory = 2600.67 (MB), peak = 3025.43 (MB)
#
#number of short segments in preferred routing layers
#	
#	
#
#Routing data preparation, pin analysis, global routing and track assignment statistics:
#Cpu time = 00:00:56
#Elapsed time = 00:00:56
#Increased memory = 44.54 (MB)
#Total memory = 2603.26 (MB)
#Peak memory = 3025.43 (MB)
#
#Start Detail Routing..
#start initial detail routing ...
#    completing 10% with 440 violations
#    elapsed time = 00:00:16, memory = 2699.40 (MB)
#    completing 20% with 1283 violations
#    elapsed time = 00:00:36, memory = 2719.43 (MB)
#    completing 30% with 1359 violations
#    elapsed time = 00:00:40, memory = 2720.70 (MB)
#    completing 40% with 1735 violations
#    elapsed time = 00:01:00, memory = 2719.63 (MB)
#    completing 50% with 1771 violations
#    elapsed time = 00:01:09, memory = 2720.13 (MB)
#    completing 60% with 1982 violations
#    elapsed time = 00:01:22, memory = 2719.05 (MB)
#    completing 70% with 2323 violations
#    elapsed time = 00:01:41, memory = 2717.52 (MB)
#    completing 80% with 2362 violations
#    elapsed time = 00:01:46, memory = 2719.98 (MB)
#    completing 90% with 2425 violations
#    elapsed time = 00:02:04, memory = 2720.61 (MB)
#    completing 100% with 2404 violations
#    elapsed time = 00:02:11, memory = 2717.25 (MB)
# ECO: 3.4% of the total area was rechecked for DRC, and 22.7% required routing.
#   number of violations = 2404
#
#    By Layer and Type :
#	         MetSpc    NSMet    Short     Loop   CutSpc      Mar   Totals
#	M1           40        0       32        0        1        0       73
#	M2          466        5     1047       17        0        9     1544
#	M3           81        0      198        0        0        0      279
#	M4           20        0       48        0        0        4       72
#	M5          278        0      131        0        0        2      411
#	TOP_M         1        0       24        0        0        0       25
#	Totals      886        5     1480       17        1       15     2404
#1016 out of 111041 instances (0.9%) need to be verified(marked ipoed), dirty area = 0.2%.
#0.0% of the total area is being checked for drcs
#0.0% of the total area was checked
#   number of violations = 2404
#
#    By Layer and Type :
#	         MetSpc    NSMet    Short     Loop   CutSpc      Mar   Totals
#	M1           40        0       32        0        1        0       73
#	M2          466        5     1047       17        0        9     1544
#	M3           81        0      198        0        0        0      279
#	M4           20        0       48        0        0        4       72
#	M5          278        0      131        0        0        2      411
#	TOP_M         1        0       24        0        0        0       25
#	Totals      886        5     1480       17        1       15     2404
#cpu time = 00:02:14, elapsed time = 00:02:14, memory = 2612.63 (MB), peak = 3025.43 (MB)
#start 1st optimization iteration ...
#   number of violations = 143
#
#    By Layer and Type :
#	         MetSpc    Short     Loop   CutSpc      Mar   Totals
#	M1           12       17        0        1        0       30
#	M2           36       22        2        0        1       61
#	M3            1        8        0        0        0        9
#	M4            1        3        0        0        0        4
#	M5           29        9        0        0        0       38
#	TOP_M         0        1        0        0        0        1
#	Totals       79       60        2        1        1      143
#    number of process antenna violations = 429
#cpu time = 00:01:18, elapsed time = 00:01:18, memory = 2606.67 (MB), peak = 3025.43 (MB)
#start 2nd optimization iteration ...
#   number of violations = 104
#
#    By Layer and Type :
#	         MetSpc    Short   CutSpc      Mar   Totals
#	M1           12       18        1        0       31
#	M2           41        7        0        1       49
#	M3            2        4        0        0        6
#	M4            1        2        0        2        5
#	M5            7        4        0        0       11
#	TOP_M         0        2        0        0        2
#	Totals       63       37        1        3      104
#    number of process antenna violations = 515
#cpu time = 00:00:08, elapsed time = 00:00:08, memory = 2607.93 (MB), peak = 3025.43 (MB)
#start 3rd optimization iteration ...
#   number of violations = 35
#
#    By Layer and Type :
#	         MetSpc    Short      Mar   Totals
#	M1            0        0        0        0
#	M2           12        2        0       14
#	M3            0        4        0        4
#	M4            0        1        1        2
#	M5           10        3        0       13
#	TOP_M         0        2        0        2
#	Totals       22       12        1       35
#    number of process antenna violations = 515
#cpu time = 00:00:07, elapsed time = 00:00:07, memory = 2606.91 (MB), peak = 3025.43 (MB)
#start 4th optimization iteration ...
#   number of violations = 34
#
#    By Layer and Type :
#	         MetSpc    Short   Totals
#	M1            0        0        0
#	M2           13        1       14
#	M3            0        5        5
#	M4            1        2        3
#	M5            7        4       11
#	TOP_M         0        1        1
#	Totals       21       13       34
#    number of process antenna violations = 515
#cpu time = 00:00:06, elapsed time = 00:00:06, memory = 2606.12 (MB), peak = 3025.43 (MB)
#start 5th optimization iteration ...
#   number of violations = 16
#
#    By Layer and Type :
#	         MetSpc    Short   Totals
#	M1            0        0        0
#	M2            8        0        8
#	M3            0        2        2
#	M4            0        1        1
#	M5            3        2        5
#	Totals       11        5       16
#    number of process antenna violations = 514
#cpu time = 00:00:06, elapsed time = 00:00:06, memory = 2608.48 (MB), peak = 3025.43 (MB)
#start 6th optimization iteration ...
#   number of violations = 22
#
#    By Layer and Type :
#	         MetSpc    Short   Totals
#	M1            0        0        0
#	M2            8        1        9
#	M3            2        4        6
#	M4            0        0        0
#	M5            4        3        7
#	Totals       14        8       22
#    number of process antenna violations = 515
#cpu time = 00:00:10, elapsed time = 00:00:10, memory = 2607.11 (MB), peak = 3025.43 (MB)
#start 7th optimization iteration ...
#   number of violations = 9
#
#    By Layer and Type :
#	         MetSpc    Short   Totals
#	M1            0        0        0
#	M2            2        0        2
#	M3            0        2        2
#	M4            0        0        0
#	M5            3        2        5
#	Totals        5        4        9
#    number of process antenna violations = 515
#cpu time = 00:00:07, elapsed time = 00:00:07, memory = 2607.74 (MB), peak = 3025.43 (MB)
#start 8th optimization iteration ...
#   number of violations = 6
#
#    By Layer and Type :
#	         MetSpc    Short   Totals
#	M1            0        0        0
#	M2            2        0        2
#	M3            0        1        1
#	M4            0        0        0
#	M5            1        2        3
#	Totals        3        3        6
#    number of process antenna violations = 518
#cpu time = 00:00:09, elapsed time = 00:00:09, memory = 2607.38 (MB), peak = 3025.43 (MB)
#start 9th optimization iteration ...
#   number of violations = 4
#
#    By Layer and Type :
#	         MetSpc    Short   Totals
#	M1            0        0        0
#	M2            2        0        2
#	M3            0        1        1
#	M4            0        0        0
#	M5            1        0        1
#	Totals        3        1        4
#    number of process antenna violations = 515
#cpu time = 00:00:02, elapsed time = 00:00:02, memory = 2605.73 (MB), peak = 3025.43 (MB)
#start 10th optimization iteration ...
#   number of violations = 3
#
#    By Layer and Type :
#	         MetSpc   Totals
#	M1            0        0
#	M2            2        2
#	M3            0        0
#	M4            0        0
#	M5            1        1
#	Totals        3        3
#cpu time = 00:00:02, elapsed time = 00:00:02, memory = 2605.87 (MB), peak = 3025.43 (MB)
#start 11th optimization iteration ...
#   number of violations = 6
#
#    By Layer and Type :
#	         MetSpc    Short   Totals
#	M1            0        0        0
#	M2            2        0        2
#	M3            0        0        0
#	M4            0        0        0
#	M5            3        1        4
#	Totals        5        1        6
#cpu time = 00:00:02, elapsed time = 00:00:02, memory = 2605.34 (MB), peak = 3025.43 (MB)
#start 12th optimization iteration ...
#   number of violations = 5
#
#    By Layer and Type :
#	         MetSpc   Totals
#	M1            0        0
#	M2            2        2
#	M3            0        0
#	M4            0        0
#	M5            3        3
#	Totals        5        5
#cpu time = 00:00:02, elapsed time = 00:00:02, memory = 2604.12 (MB), peak = 3025.43 (MB)
#start 13th optimization iteration ...
#   number of violations = 3
#
#    By Layer and Type :
#	         MetSpc   Totals
#	M1            0        0
#	M2            2        2
#	M3            0        0
#	M4            0        0
#	M5            1        1
#	Totals        3        3
#cpu time = 00:00:02, elapsed time = 00:00:02, memory = 2605.12 (MB), peak = 3025.43 (MB)
#start 14th optimization iteration ...
#   number of violations = 6
#
#    By Layer and Type :
#	         MetSpc    Short   Totals
#	M1            0        0        0
#	M2            2        0        2
#	M3            0        0        0
#	M4            0        0        0
#	M5            3        1        4
#	Totals        5        1        6
#cpu time = 00:00:02, elapsed time = 00:00:02, memory = 2605.08 (MB), peak = 3025.43 (MB)
#start 15th optimization iteration ...
#   number of violations = 4
#
#    By Layer and Type :
#	         MetSpc   Totals
#	M1            0        0
#	M2            2        2
#	M3            0        0
#	M4            0        0
#	M5            2        2
#	Totals        4        4
#cpu time = 00:00:02, elapsed time = 00:00:02, memory = 2604.86 (MB), peak = 3025.43 (MB)
#start 16th optimization iteration ...
#   number of violations = 1
#
#    By Layer and Type :
#	         MetSpc   Totals
#	M1            0        0
#	M2            0        0
#	M3            0        0
#	M4            0        0
#	M5            1        1
#	Totals        1        1
#cpu time = 00:00:02, elapsed time = 00:00:02, memory = 2606.32 (MB), peak = 3025.43 (MB)
#start 17th optimization iteration ...
#   number of violations = 1
#
#    By Layer and Type :
#	         MetSpc   Totals
#	M1            0        0
#	M2            0        0
#	M3            0        0
#	M4            0        0
#	M5            1        1
#	Totals        1        1
#cpu time = 00:00:01, elapsed time = 00:00:01, memory = 2604.18 (MB), peak = 3025.43 (MB)
#start 18th optimization iteration ...
#   number of violations = 1
#
#    By Layer and Type :
#	         MetSpc   Totals
#	M1            0        0
#	M2            0        0
#	M3            0        0
#	M4            0        0
#	M5            1        1
#	Totals        1        1
#cpu time = 00:00:01, elapsed time = 00:00:01, memory = 2603.66 (MB), peak = 3025.43 (MB)
#start 19th optimization iteration ...
#   number of violations = 1
#
#    By Layer and Type :
#	         MetSpc   Totals
#	M1            0        0
#	M2            0        0
#	M3            0        0
#	M4            0        0
#	M5            1        1
#	Totals        1        1
#cpu time = 00:00:01, elapsed time = 00:00:01, memory = 2603.67 (MB), peak = 3025.43 (MB)
#start 20th optimization iteration ...
#   number of violations = 1
#
#    By Layer and Type :
#	         MetSpc   Totals
#	M1            0        0
#	M2            0        0
#	M3            0        0
#	M4            0        0
#	M5            1        1
#	Totals        1        1
#cpu time = 00:00:01, elapsed time = 00:00:01, memory = 2603.79 (MB), peak = 3025.43 (MB)
#Complete Detail Routing.
#Total wire length = 13157513 um.
#Total half perimeter of net bounding box = 10491658 um.
#Total wire length on LAYER M1 = 189083 um.
#Total wire length on LAYER M2 = 1966820 um.
#Total wire length on LAYER M3 = 2875807 um.
#Total wire length on LAYER M4 = 3801276 um.
#Total wire length on LAYER M5 = 3342629 um.
#Total wire length on LAYER TOP_M = 981897 um.
#Total number of vias = 1132712
#Total number of multi-cut vias = 403112 ( 35.6%)
#Total number of single cut vias = 729600 ( 64.4%)
#Up-Via Summary (total 1132712):
#                   single-cut          multi-cut      Total
#-----------------------------------------------------------
# M1            243140 ( 61.5%)    152415 ( 38.5%)     395555
# M2            230708 ( 58.3%)    164722 ( 41.7%)     395430
# M3            144108 ( 71.0%)     58985 ( 29.0%)     203093
# M4             97691 ( 82.7%)     20481 ( 17.3%)     118172
# M5             13953 ( 68.2%)      6509 ( 31.8%)      20462
#-----------------------------------------------------------
#               729600 ( 64.4%)    403112 ( 35.6%)    1132712 
#
#Total number of DRC violations = 1
#Total number of violations on LAYER M1 = 0
#Total number of violations on LAYER M2 = 0
#Total number of violations on LAYER M3 = 0
#Total number of violations on LAYER M4 = 0
#Total number of violations on LAYER M5 = 1
#Total number of violations on LAYER TOP_M = 0
#Cpu time = 00:04:59
#Elapsed time = 00:05:00
#Increased memory = -2.13 (MB)
#Total memory = 2601.13 (MB)
#Peak memory = 3025.43 (MB)
#
#start routing for process antenna violation fix ...
#
#    By Layer and Type :
#	         MetSpc   Totals
#	M1            0        0
#	M2            0        0
#	M3            0        0
#	M4            0        0
#	M5            1        1
#	Totals        1        1
#cpu time = 00:00:10, elapsed time = 00:00:10, memory = 2604.17 (MB), peak = 3025.43 (MB)
#
#Total wire length = 13157696 um.
#Total half perimeter of net bounding box = 10491658 um.
#Total wire length on LAYER M1 = 189083 um.
#Total wire length on LAYER M2 = 1966813 um.
#Total wire length on LAYER M3 = 2875775 um.
#Total wire length on LAYER M4 = 3801291 um.
#Total wire length on LAYER M5 = 3342761 um.
#Total wire length on LAYER TOP_M = 981973 um.
#Total number of vias = 1132974
#Total number of multi-cut vias = 403112 ( 35.6%)
#Total number of single cut vias = 729862 ( 64.4%)
#Up-Via Summary (total 1132974):
#                   single-cut          multi-cut      Total
#-----------------------------------------------------------
# M1            243140 ( 61.5%)    152415 ( 38.5%)     395555
# M2            230722 ( 58.3%)    164722 ( 41.7%)     395444
# M3            144134 ( 71.0%)     58985 ( 29.0%)     203119
# M4             97857 ( 82.7%)     20481 ( 17.3%)     118338
# M5             14009 ( 68.3%)      6509 ( 31.7%)      20518
#-----------------------------------------------------------
#               729862 ( 64.4%)    403112 ( 35.6%)    1132974 
#
#Total number of DRC violations = 1
#Total number of process antenna violations = 49
#Total number of net violated process antenna rule = 49 ant fix stage
#Total number of violations on LAYER M1 = 0
#Total number of violations on LAYER M2 = 0
#Total number of violations on LAYER M3 = 0
#Total number of violations on LAYER M4 = 0
#Total number of violations on LAYER M5 = 1
#Total number of violations on LAYER TOP_M = 0
#
#WARNING (NRDB-104) Cannot find antenna cell. Please set option 'route_antenna_cell_name', or change your LEF file.
#
# start diode insertion for process antenna violation fix ...
#WARNING (NRDB-104) Cannot find antenna cell. Please set option 'route_antenna_cell_name', or change your LEF file.
#cpu time = 00:00:00, elapsed time = 00:00:00, memory = 2601.51 (MB), peak = 3025.43 (MB)
#
#Total wire length = 13157696 um.
#Total half perimeter of net bounding box = 10491658 um.
#Total wire length on LAYER M1 = 189083 um.
#Total wire length on LAYER M2 = 1966813 um.
#Total wire length on LAYER M3 = 2875775 um.
#Total wire length on LAYER M4 = 3801291 um.
#Total wire length on LAYER M5 = 3342761 um.
#Total wire length on LAYER TOP_M = 981973 um.
#Total number of vias = 1132974
#Total number of multi-cut vias = 403112 ( 35.6%)
#Total number of single cut vias = 729862 ( 64.4%)
#Up-Via Summary (total 1132974):
#                   single-cut          multi-cut      Total
#-----------------------------------------------------------
# M1            243140 ( 61.5%)    152415 ( 38.5%)     395555
# M2            230722 ( 58.3%)    164722 ( 41.7%)     395444
# M3            144134 ( 71.0%)     58985 ( 29.0%)     203119
# M4             97857 ( 82.7%)     20481 ( 17.3%)     118338
# M5             14009 ( 68.3%)      6509 ( 31.7%)      20518
#-----------------------------------------------------------
#               729862 ( 64.4%)    403112 ( 35.6%)    1132974 
#
#Total number of DRC violations = 1
#Total number of process antenna violations = 49
#Total number of net violated process antenna rule = 49 
#Total number of violations on LAYER M1 = 0
#Total number of violations on LAYER M2 = 0
#Total number of violations on LAYER M3 = 0
#Total number of violations on LAYER M4 = 0
#Total number of violations on LAYER M5 = 1
#Total number of violations on LAYER TOP_M = 0
#
#WARNING (NRDB-104) Cannot find antenna cell. Please set option 'route_antenna_cell_name', or change your LEF file.
#
#Total wire length = 13157696 um.
#Total half perimeter of net bounding box = 10491658 um.
#Total wire length on LAYER M1 = 189083 um.
#Total wire length on LAYER M2 = 1966813 um.
#Total wire length on LAYER M3 = 2875775 um.
#Total wire length on LAYER M4 = 3801291 um.
#Total wire length on LAYER M5 = 3342761 um.
#Total wire length on LAYER TOP_M = 981973 um.
#Total number of vias = 1132974
#Total number of multi-cut vias = 403112 ( 35.6%)
#Total number of single cut vias = 729862 ( 64.4%)
#Up-Via Summary (total 1132974):
#                   single-cut          multi-cut      Total
#-----------------------------------------------------------
# M1            243140 ( 61.5%)    152415 ( 38.5%)     395555
# M2            230722 ( 58.3%)    164722 ( 41.7%)     395444
# M3            144134 ( 71.0%)     58985 ( 29.0%)     203119
# M4             97857 ( 82.7%)     20481 ( 17.3%)     118338
# M5             14009 ( 68.3%)      6509 ( 31.7%)      20518
#-----------------------------------------------------------
#               729862 ( 64.4%)    403112 ( 35.6%)    1132974 
#
#Total number of DRC violations = 1
#Total number of process antenna violations = 49
#Total number of net violated process antenna rule = 49 
#Total number of violations on LAYER M1 = 0
#Total number of violations on LAYER M2 = 0
#Total number of violations on LAYER M3 = 0
#Total number of violations on LAYER M4 = 0
#Total number of violations on LAYER M5 = 1
#Total number of violations on LAYER TOP_M = 0
#
#WARNING (NRDB-104) Cannot find antenna cell. Please set option 'route_antenna_cell_name', or change your LEF file.
#
#Start Post Route wire spreading..
#
#Start data preparation for wire spreading...
#
#Data preparation is done on Mon Jul 27 17:05:40 2026
#
#WARNING (NRDB-104) Cannot find antenna cell. Please set option 'route_antenna_cell_name', or change your LEF file.
#
#Start Post Route Wire Spread.
#Done with 1753 horizontal wires in 22 hboxes and 1968 vertical wires in 22 hboxes.
#Complete Post Route Wire Spread.
#
#Total wire length = 13159205 um.
#Total half perimeter of net bounding box = 10491658 um.
#Total wire length on LAYER M1 = 189083 um.
#Total wire length on LAYER M2 = 1967008 um.
#Total wire length on LAYER M3 = 2876084 um.
#Total wire length on LAYER M4 = 3801675 um.
#Total wire length on LAYER M5 = 3343203 um.
#Total wire length on LAYER TOP_M = 982152 um.
#Total number of vias = 1132974
#Total number of multi-cut vias = 403112 ( 35.6%)
#Total number of single cut vias = 729862 ( 64.4%)
#Up-Via Summary (total 1132974):
#                   single-cut          multi-cut      Total
#-----------------------------------------------------------
# M1            243140 ( 61.5%)    152415 ( 38.5%)     395555
# M2            230722 ( 58.3%)    164722 ( 41.7%)     395444
# M3            144134 ( 71.0%)     58985 ( 29.0%)     203119
# M4             97857 ( 82.7%)     20481 ( 17.3%)     118338
# M5             14009 ( 68.3%)      6509 ( 31.7%)      20518
#-----------------------------------------------------------
#               729862 ( 64.4%)    403112 ( 35.6%)    1132974 
#
#WARNING (NRDB-104) Cannot find antenna cell. Please set option 'route_antenna_cell_name', or change your LEF file.
#   number of violations = 1
#
#    By Layer and Type :
#	         MetSpc   Totals
#	M1            0        0
#	M2            0        0
#	M3            0        0
#	M4            0        0
#	M5            1        1
#	Totals        1        1
#cpu time = 00:00:36, elapsed time = 00:00:36, memory = 2602.26 (MB), peak = 3025.43 (MB)
#CELL_VIEW C2S0306,init has 1 DRC violations
#Total number of DRC violations = 1
#Total number of process antenna violations = 49
#Total number of net violated process antenna rule = 49 
#Total number of violations on LAYER M1 = 0
#Total number of violations on LAYER M2 = 0
#Total number of violations on LAYER M3 = 0
#Total number of violations on LAYER M4 = 0
#Total number of violations on LAYER M5 = 1
#Total number of violations on LAYER TOP_M = 0
#Post Route wire spread is done.
#Total wire length = 13159205 um.
#Total half perimeter of net bounding box = 10491658 um.
#Total wire length on LAYER M1 = 189083 um.
#Total wire length on LAYER M2 = 1967008 um.
#Total wire length on LAYER M3 = 2876084 um.
#Total wire length on LAYER M4 = 3801675 um.
#Total wire length on LAYER M5 = 3343203 um.
#Total wire length on LAYER TOP_M = 982152 um.
#Total number of vias = 1132974
#Total number of multi-cut vias = 403112 ( 35.6%)
#Total number of single cut vias = 729862 ( 64.4%)
#Up-Via Summary (total 1132974):
#                   single-cut          multi-cut      Total
#-----------------------------------------------------------
# M1            243140 ( 61.5%)    152415 ( 38.5%)     395555
# M2            230722 ( 58.3%)    164722 ( 41.7%)     395444
# M3            144134 ( 71.0%)     58985 ( 29.0%)     203119
# M4             97857 ( 82.7%)     20481 ( 17.3%)     118338
# M5             14009 ( 68.3%)      6509 ( 31.7%)      20518
#-----------------------------------------------------------
#               729862 ( 64.4%)    403112 ( 35.6%)    1132974 
#
#detailRoute Statistics:
#Cpu time = 00:06:06
#Elapsed time = 00:06:07
#Increased memory = -3.66 (MB)
#Total memory = 2599.59 (MB)
#Peak memory = 3025.43 (MB)
#Skip updating routing design signature in db-snapshot flow
#
#globalDetailRoute statistics:
#Cpu time = 00:07:17
#Elapsed time = 00:07:17
#Increased memory = -505.10 (MB)
#Total memory = 2368.67 (MB)
#Peak memory = 3025.43 (MB)
#Number of warnings = 45
#Total number of warnings = 142
#Number of fails = 0
#Total number of fails = 0
#Complete globalDetailRoute on Mon Jul 27 17:06:23 2026
#
*** EcoRoute #2 [finish] : cpu/real = 0:07:17.1/0:07:17.6 (1.0), totSession cpu/real = 1:51:09.6/2:10:25.1 (0.9), mem = 3358.2M
**optDesign ... cpu = 0:11:42, real = 0:11:41, mem = 2363.5M, totSessionCpu=1:51:10 **
-routeWithEco false                       # bool, default=false
-routeSelectedNetOnly false               # bool, default=false
-routeWithTimingDriven true               # bool, default=false, user setting
-routeWithSiDriven true                   # bool, default=false, user setting
New Signature Flow (restoreNanoRouteOptions) ....
Extraction called for design 'C2S0306' of instances=111041 and nets=113033 using extraction engine 'postRoute' at effort level 'low' .
**WARN: (IMPEXT-3530):	The process node is not set. Use the command setDesignMode -process <process node> prior to extraction for maximum accuracy and optimal automatic threshold setting.
Type 'man IMPEXT-3530' for more detail.
PostRoute (effortLevel low) RC Extraction called for design C2S0306.
RC Extraction called in multi-corner(2) mode.
**WARN: (IMPEXT-6166):	Capacitance table file(s) without the EXTENDED section is being used for RC extraction. This is not recommended because it results in lower accuracy for clock nets in preRoute extraction and for all nets in postRoute extraction using -effortLevel low. Regenerate capacitance table file(s) using the generateCapTbl command.
Type 'man IMPEXT-6166' for more detail.
Process corner(s) are loaded.
 Corner: rc_worst
 Corner: rc_best
extractDetailRC Option : -outfile /tmp/innovus_temp_169137_c2sgpr065.Cambridge.edu.in_scl_shuttle_8_3_MYlu7D/C2S0306_169137_5sti2s.rcdb.d -maxResLength 200  -basic
RC Mode: PostRoute -effortLevel low [Basic CapTable, RC Table Resistances]
      RC Corner Indexes            0       1   
Capacitance Scaling Factor   : 1.00000 1.00000 
Coupling Cap. Scaling Factor : 1.00000 1.00000 
Resistance Scaling Factor    : 1.00000 1.00000 
Clock Cap. Scaling Factor    : 1.00000 1.00000 
Clock Res. Scaling Factor    : 1.00000 1.00000 
Shrink Factor                : 1.00000
Initializing multi-corner resistance tables ...
Checking LVS Completed (CPU Time= 0:00:00.8  MEM= 3361.1M)
Extracted 10.0001% (CPU Time= 0:00:07.0  MEM= 3421.2M)
Extracted 20.0001% (CPU Time= 0:00:09.1  MEM= 3421.2M)
Extracted 30.0001% (CPU Time= 0:00:12.3  MEM= 3421.2M)
Extracted 40.0001% (CPU Time= 0:00:15.3  MEM= 3421.2M)
Extracted 50.0001% (CPU Time= 0:00:17.2  MEM= 3421.2M)
Extracted 60.0001% (CPU Time= 0:00:20.5  MEM= 3421.2M)
Extracted 70.0001% (CPU Time= 0:00:21.9  MEM= 3421.2M)
Extracted 80.0001% (CPU Time= 0:00:25.8  MEM= 3421.2M)
Extracted 90.0001% (CPU Time= 0:00:27.6  MEM= 3421.2M)
Extracted 100% (CPU Time= 0:00:33.5  MEM= 3421.2M)
Number of Extracted Resistors     : 3187923
Number of Extracted Ground Cap.   : 3234319
Number of Extracted Coupling Cap. : 8153236
Filtering XCap in 'relativeOnly' mode using values relative_c_threshold=0.03 and total_c_threshold=5fF.
 Corner: rc_worst
 Corner: rc_best
Checking LVS Completed (CPU Time= 0:00:00.7  MEM= 3389.9M)
PostRoute (effortLevel low) RC Extraction DONE (CPU Time: 0:00:41.6  Real Time: 0:00:40.0  MEM: 3397.875M)
**optDesign ... cpu = 0:12:24, real = 0:12:21, mem = 2361.2M, totSessionCpu=1:51:51 **
Starting delay calculation for Setup views
Starting SI iteration 1 using Infinite Timing Windows
#################################################################################
# Design Stage: PostRoute
# Design Name: C2S0306
# Design Mode: 90nm
# Analysis Mode: MMMC OCV 
# Parasitics Mode: SPEF/RCDB 
# Signoff Settings: SI On 
#################################################################################
AAE_INFO: 1 threads acquired from CTE.
Start delay calculation (fullDC) (1 T). (MEM=3375.93)
Initializing multi-corner resistance tables ...
Total number of fetched objects 112076
AAE_INFO-618: Total number of nets in the design is 113033,  99.2 percent of the nets selected for SI analysis
Total number of fetched objects 112076
AAE_INFO-618: Total number of nets in the design is 113033,  99.2 percent of the nets selected for SI analysis
End delay calculation. (MEM=3399.8 CPU=0:00:56.3 REAL=0:00:57.0)
End delay calculation (fullDC). (MEM=3399.8 CPU=0:01:00 REAL=0:01:01)
Loading CTE timing window with TwFlowType 0...(CPU = 0:00:00.0, REAL = 0:00:00.0, MEM = 3399.8M)
Add other clocks and setupCteToAAEClockMapping during iter 1
Loading CTE timing window is completed (CPU = 0:00:00.5, REAL = 0:00:01.0, MEM = 3399.8M)
Starting SI iteration 2
Start delay calculation (fullDC) (1 T). (MEM=3345.92)
Glitch Analysis: View worst_case -- Total Number of Nets Skipped = 0. 
Glitch Analysis: View worst_case -- Total Number of Nets Analyzed = 0. 
Total number of fetched objects 112076
AAE_INFO-618: Total number of nets in the design is 113033,  0.4 percent of the nets selected for SI analysis
Total number of fetched objects 112076
AAE_INFO-618: Total number of nets in the design is 113033,  0.2 percent of the nets selected for SI analysis
End delay calculation. (MEM=3388.6 CPU=0:00:01.5 REAL=0:00:01.0)
End delay calculation (fullDC). (MEM=3388.6 CPU=0:00:01.8 REAL=0:00:02.0)
*** Done Building Timing Graph (cpu=0:01:19 real=0:01:19 totSessionCpu=1:53:11 mem=3388.6M)

------------------------------------------------------------------
       Post-ecoRoute Summary
------------------------------------------------------------------

Setup views included:
 worst_case 

+--------------------+---------+---------+---------+
|     Setup mode     |   all   | reg2reg | default |
+--------------------+---------+---------+---------+
|           WNS (ns):| 12.867  | 12.867  | 25.331  |
|           TNS (ns):|  0.000  |  0.000  |  0.000  |
|    Violating Paths:|    0    |    0    |    0    |
|          All Paths:|  23082  |  22131  |  4136   |
+--------------------+---------+---------+---------+

+----------------+-------------------------------+------------------+
|                |              Real             |       Total      |
|    DRVs        +------------------+------------+------------------|
|                |  Nr nets(terms)  | Worst Vio  |  Nr nets(terms)  |
+----------------+------------------+------------+------------------+
|   max_cap      |      2 (2)       |   -0.043   |      2 (2)       |
|   max_tran     |     22 (22)      |   -1.661   |     22 (22)      |
|   max_fanout   |      0 (0)       |     0      |      0 (0)       |
|   max_length   |      0 (0)       |     0      |      0 (0)       |
+----------------+------------------+------------+------------------+

Density: 71.734%
Total number of glitch violations: 0
------------------------------------------------------------------
**optDesign ... cpu = 0:13:47, real = 0:13:44, mem = 2701.5M, totSessionCpu=1:53:14 **
Executing marking Critical Nets1
GigaOpt: LEF-safe TNS opt is disabled in the current flow
**INFO: flowCheckPoint #9 OptimizationRecovery
Running postRoute recovery in postEcoRoute mode
**optDesign ... cpu = 0:13:47, real = 0:13:44, mem = 2701.5M, totSessionCpu=1:53:14 **
Checking setup slack degradation ...
Checking DRV degradation...
**INFO: Skipping DRV recovery as drv did not degrade beyond margin
Finish postRoute recovery in postEcoRoute mode (cpu=0:00:02, real=0:00:02, mem=3360.24M, totSessionCpu=1:53:17).
**optDesign ... cpu = 0:13:50, real = 0:13:46, mem = 2701.7M, totSessionCpu=1:53:17 **

Latch borrow mode reset to max_borrow
**INFO: flowCheckPoint #10 FinalSummary
Reported timing to dir ./timingReports
**optDesign ... cpu = 0:13:54, real = 0:13:51, mem = 2688.9M, totSessionCpu=1:53:21 **
Running 'saveTimingGraph -compress -file /tmp/innovus_temp_169137_c2sgpr065.Cambridge.edu.in_scl_shuttle_8_3_MYlu7D/opt_timing_graph_ZPQrOA/timingGraph.tgz -dir /tmp/innovus_temp_169137_c2sgpr065.Cambridge.edu.in_scl_shuttle_8_3_MYlu7D/opt_timing_graph_ZPQrOA -prefix timingGraph'
Done saveTimingGraph
Starting delay calculation for Hold views
Starting SI iteration 1 using Infinite Timing Windows
#################################################################################
# Design Stage: PostRoute
# Design Name: C2S0306
# Design Mode: 90nm
# Analysis Mode: MMMC OCV 
# Parasitics Mode: SPEF/RCDB 
# Signoff Settings: SI On 
#################################################################################
AAE_INFO: 1 threads acquired from CTE.
Start delay calculation (fullDC) (1 T). (MEM=3380.65)
*** Calculating scaling factor for min_timing libraries using the default operating condition of each library.
Total number of fetched objects 112076
AAE_INFO-618: Total number of nets in the design is 113033,  99.2 percent of the nets selected for SI analysis
Total number of fetched objects 112076
AAE_INFO-618: Total number of nets in the design is 113033,  99.2 percent of the nets selected for SI analysis
End delay calculation. (MEM=3405.55 CPU=0:00:56.6 REAL=0:00:57.0)
End delay calculation (fullDC). (MEM=3405.55 CPU=0:00:58.6 REAL=0:00:58.0)
Loading CTE timing window with TwFlowType 0...(CPU = 0:00:00.0, REAL = 0:00:00.0, MEM = 3405.5M)
Add other clocks and setupCteToAAEClockMapping during iter 1
Loading CTE timing window is completed (CPU = 0:00:00.4, REAL = 0:00:00.0, MEM = 3405.5M)
Starting SI iteration 2
Start delay calculation (fullDC) (1 T). (MEM=3339.66)
Glitch Analysis: View best_case -- Total Number of Nets Skipped = 0. 
Glitch Analysis: View best_case -- Total Number of Nets Analyzed = 0. 
Total number of fetched objects 112076
AAE_INFO-618: Total number of nets in the design is 113033,  0.2 percent of the nets selected for SI analysis
Total number of fetched objects 112076
AAE_INFO-618: Total number of nets in the design is 113033,  0.0 percent of the nets selected for SI analysis
End delay calculation. (MEM=3386.07 CPU=0:00:00.7 REAL=0:00:00.0)
End delay calculation (fullDC). (MEM=3386.07 CPU=0:00:01.1 REAL=0:00:01.0)
*** Done Building Timing Graph (cpu=0:01:15 real=0:01:14 totSessionCpu=1:54:42 mem=3386.1M)
Running 'restoreTimingGraph -file /tmp/innovus_temp_169137_c2sgpr065.Cambridge.edu.in_scl_shuttle_8_3_MYlu7D/opt_timing_graph_ZPQrOA/timingGraph.tgz -dir /tmp/innovus_temp_169137_c2sgpr065.Cambridge.edu.in_scl_shuttle_8_3_MYlu7D/opt_timing_graph_ZPQrOA -prefix timingGraph'
Done restoreTimingGraph

------------------------------------------------------------------
     optDesign Final SI Timing Summary
------------------------------------------------------------------

Setup views included:
 worst_case 
Hold views included:
 best_case 

+--------------------+---------+---------+---------+
|     Setup mode     |   all   | reg2reg | default |
+--------------------+---------+---------+---------+
|           WNS (ns):| 12.867  | 12.867  | 25.331  |
|           TNS (ns):|  0.000  |  0.000  |  0.000  |
|    Violating Paths:|    0    |    0    |    0    |
|          All Paths:|  23082  |  22131  |  4136   |
+--------------------+---------+---------+---------+

+--------------------+---------+---------+---------+
|     Hold mode      |   all   | reg2reg | default |
+--------------------+---------+---------+---------+
|           WNS (ns):|  0.239  |  0.239  |  0.248  |
|           TNS (ns):|  0.000  |  0.000  |  0.000  |
|    Violating Paths:|    0    |    0    |    0    |
|          All Paths:|  23082  |  22131  |  4136   |
+--------------------+---------+---------+---------+

+----------------+-------------------------------+------------------+
|                |              Real             |       Total      |
|    DRVs        +------------------+------------+------------------|
|                |  Nr nets(terms)  | Worst Vio  |  Nr nets(terms)  |
+----------------+------------------+------------+------------------+
|   max_cap      |      2 (2)       |   -0.043   |      2 (2)       |
|   max_tran     |     22 (22)      |   -1.661   |     22 (22)      |
|   max_fanout   |      0 (0)       |     0      |      0 (0)       |
|   max_length   |      0 (0)       |     0      |      0 (0)       |
+----------------+------------------+------------+------------------+

Density: 71.734%
Total number of glitch violations: 0
------------------------------------------------------------------
**optDesign ... cpu = 0:15:29, real = 0:15:27, mem = 2942.1M, totSessionCpu=1:54:56 **
 ReSet Options after AAE Based Opt flow 
*** Finished optDesign ***
Info: Destroy the CCOpt slew target map.
*** optDesign #2 [finish] : cpu/real = 0:15:28.4/0:15:25.5 (1.0), totSession cpu/real = 1:54:57.0/2:14:11.1 (0.9), mem = 3415.3M
<CMD> verifyConnectivity
VERIFY_CONNECTIVITY use new engine.

******** Start: VERIFY CONNECTIVITY ********
Start Time: Mon Jul 27 17:10:48 2026

Design Name: C2S0306
Database Units: 1000
Design Boundary: (0.0000, 0.0000) (2940.0000, 2940.0000)
Error Limit = 1000; Warning Limit = 50
Check all nets
Net VDD_CORE: has an unconnected terminal, has special routes with opens.
Net VSS_CORE: has an unconnected terminal, has special routes with opens.
Net VDDO_CORE: no routing.
Net VSSO_CORE: no routing.
**** 17:10:50 **** Processed 5000 nets.
**** 17:10:50 **** Processed 10000 nets.
**** 17:10:50 **** Processed 15000 nets.
**** 17:10:50 **** Processed 20000 nets.
**** 17:10:51 **** Processed 25000 nets.
**** 17:10:51 **** Processed 30000 nets.
**** 17:10:51 **** Processed 35000 nets.
**** 17:10:51 **** Processed 40000 nets.
**** 17:10:51 **** Processed 45000 nets.
**** 17:10:52 **** Processed 50000 nets.
**** 17:10:52 **** Processed 55000 nets.
**** 17:10:52 **** Processed 60000 nets.
**** 17:10:52 **** Processed 65000 nets.
**** 17:10:52 **** Processed 70000 nets.
**** 17:10:53 **** Processed 75000 nets.
**** 17:10:53 **** Processed 80000 nets.
**** 17:10:54 **** Processed 85000 nets.
**** 17:10:54 **** Processed 90000 nets.
**** 17:10:54 **** Processed 95000 nets.
**** 17:10:54 **** Processed 100000 nets.
**** 17:10:54 **** Processed 105000 nets.
**** 17:10:55 **** Processed 110000 nets.

Begin Summary 
    2 Problem(s) (IMPVFC-98): Net has no global routing and no special routing.
    64 Problem(s) (IMPVFC-96): Terminal(s) are not connected.
    2 Problem(s) (IMPVFC-200): Special Wires: Pieces of the net are not connected together.
    68 total info(s) created.
End Summary

End Time: Mon Jul 27 17:10:55 2026
Time Elapsed: 0:00:07.0

******** End: VERIFY CONNECTIVITY ********
  Verification Complete : 68 Viols.  0 Wrngs.
  (CPU Time: 0:00:06.6  MEM: -0.277M)

<CMD> verify_drc
 *** Starting Verify DRC (MEM: 3415.3) ***

  VERIFY DRC ...... Starting Verification
  VERIFY DRC ...... Initializing
  VERIFY DRC ...... Deleting Existing Violations
  VERIFY DRC ...... Creating Sub-Areas
  VERIFY DRC ...... Using new threading

  Verification Complete : 1 Viols.

 Violation Summary By Layer and Type:

	         MetSpc   Totals
	M5            1        1
	Totals        1        1

 *** End Verify DRC (CPU: 0:00:30.9  ELAPSED TIME: 31.00  MEM: 0.0M) ***

<CMD> setOptMode -fixCap true -fixTran true -fixFanoutLoad true
<CMD> optDesign -postRoute
**optDesign ... cpu = 0:00:00, real = 0:00:00, mem = 2530.0M, totSessionCpu=1:55:48 **
**INFO: User settings:
setNanoRouteMode -drouteAntennaFactor                           1
setNanoRouteMode -droutePostRouteSpreadWire                     1
setNanoRouteMode -drouteStartIteration                          0
setNanoRouteMode -drouteUseMinSpacingForBlockage                auto
setNanoRouteMode -drouteUseMultiCutViaEffort                    high
setNanoRouteMode -extractThirdPartyCompatible                   false
setNanoRouteMode -grouteExpTdStdDelay                           45.5
setNanoRouteMode -grouteExpTdUseTifTimingEngineForImportDesign  false
setNanoRouteMode -routeAntennaCellName                          {}
setNanoRouteMode -routeBottomRoutingLayer                       1
setNanoRouteMode -routeInsertAntennaDiode                       true
setNanoRouteMode -routeStrictlyHonorNonDefaultRule              false
setNanoRouteMode -routeTdrEffort                                6
setNanoRouteMode -routeTopRoutingLayer                          6
setNanoRouteMode -routeWithSiDriven                             true
setNanoRouteMode -routeWithSiPostRouteFix                       false
setNanoRouteMode -routeWithTimingDriven                         true
setNanoRouteMode -timingEngine                                  {}
setExtractRCMode -basic                                         true
setExtractRCMode -coupled                                       true
setExtractRCMode -engine                                        postRoute
setExtractRCMode -extended                                      false
setExtractRCMode -noCleanRCDB                                   true
setExtractRCMode -nrNetInMemory                                 100000
setUsefulSkewMode -ecoRoute                                     false
setUsefulSkewMode -maxAllowedDelay                              1
setUsefulSkewMode -maxSkew                                      false
setUsefulSkewMode -noBoundary                                   false
setUsefulSkewMode -useCells                                     {dl04d1 bufbd7 buffd2 dl03d1 bufbdf buffda dl02d2 dl03d4 dl04d2 dl02d1 dl01d4 buffd3 bufbda bufbdk buffd4 dl04d4 dl02d4 bufbd4 dl01d2 bufbd3 bufbd1 dl01d1 buffd7 bufbd2 buffd1 dl03d2 inv0d2 invbda inv0da invbdk inv0d1 inv0d7 invbd4 invbd2 inv0d0 invbd7 invbdf inv0d4}
setDelayCalMode -enable_high_fanout                             true
setDelayCalMode -eng_copyNetPropToNewNet                        true
setDelayCalMode -engine                                         aae
setDelayCalMode -ignoreNetLoad                                  false
setDelayCalMode -SIAware                                        true
setDelayCalMode -socv_accuracy_mode                             low
setOptMode -activeSetupViews                                    { worst_case }
setOptMode -allEndPoints                                        true
setOptMode -autoSetupViews                                      { worst_case}
setOptMode -autoTDGRSetupViews                                  { worst_case}
setOptMode -deleteInst                                          true
setOptMode -drcMargin                                           0
setOptMode -effort                                              high
setOptMode -fixCap                                              true
setOptMode -fixDrc                                              true
setOptMode -fixFanoutLoad                                       true
setOptMode -fixTran                                             true
setOptMode -holdTargetSlack                                     0.2999
setOptMode -leakageToDynamicRatio                               1
setOptMode -maxDensity                                          0.8
setOptMode -optimizeFF                                          true
setOptMode -powerEffort                                         none
setOptMode -preserveAllSequential                               false
setOptMode -reclaimArea                                         true
setOptMode -setupTargetSlack                                    0
setOptMode -simplifyNetlist                                     true
setOptMode -usefulSkew                                          true
setSIMode -separate_delta_delay_on_data                         true
setPlaceMode -place_design_floorplan_mode                       false
setPlaceMode -place_detail_check_route                          false
setPlaceMode -place_detail_preserve_routing                     true
setPlaceMode -place_detail_remove_affected_routing              false
setPlaceMode -place_detail_swap_eeq_cells                       false
setPlaceMode -place_global_clock_gate_aware                     true
setPlaceMode -place_global_cong_effort                          high
setPlaceMode -place_global_ignore_scan                          true
setPlaceMode -place_global_ignore_spare                         false
setPlaceMode -place_global_module_aware_spare                   false
setPlaceMode -place_global_place_io_pins                        false
setPlaceMode -place_global_reorder_scan                         true
setPlaceMode -powerDriven                                       false
setPlaceMode -timingDriven                                      true
setAnalysisMode -analysisType                                   onChipVariation
setAnalysisMode -checkType                                      setup
setAnalysisMode -clkSrcPath                                     true
setAnalysisMode -clockPropagation                               sdcControl
setAnalysisMode -cppr                                           both
setAnalysisMode -skew                                           true
setAnalysisMode -usefulSkew                                     true
setAnalysisMode -virtualIPO                                     false

Disable merging buffers from different footprints for postRoute code for non-MSV designs
Need call spDPlaceInit before registerPrioInstLoc.
*** optDesign #3 [begin] : totSession cpu/real = 1:55:49.4/2:17:53.3 (0.8), mem = 3365.3M
*** InitOpt #3 [begin] : totSession cpu/real = 1:55:49.4/2:17:53.3 (0.8), mem = 3365.3M
GigaOpt running with 1 threads.
**optDesign ... cpu = 0:00:10, real = 0:00:10, mem = 2495.1M, totSessionCpu=1:55:58 **
Existing Dirty Nets : 0
New Signature Flow (optDesignCheckOptions) ....
#Taking db snapshot
#Taking db snapshot ... done
Begin checking placement ... (start mem=3325.3M, init mem=3325.3M)
*info: Placed = 110737         (Fixed = 205)
*info: Unplaced = 0           
Placement Density:71.73%(3440079/4795574)
Placement Density (including fixed std cells):71.73%(3440079/4795574)
Finished checkPlace (total: cpu=0:00:01.5, real=0:00:02.0; vio checks: cpu=0:00:01.3, real=0:00:01.0; mem=3325.3M)
 Initial DC engine is -> aae
 
 AAE-Opt:: Current number of nets in RC Memory -> 100 K
 
 
 AAE-Opt:: New number of nets in RC Memory -> 100 K
 
Reset EOS DB
Ignoring AAE DB Resetting ...
 Set Options for AAE Based Opt flow 
*** optDesign -postRoute ***
DRC Margin: user margin 0.0; extra margin 0
Setup Target Slack: user slack 0
Hold Target Slack: user slack 0.2999
Multi-VT timing optimization disabled based on library information.
*** InitOpt #3 [finish] : cpu/real = 0:00:11.2/0:00:11.0 (1.0), totSession cpu/real = 1:56:00.6/2:18:04.3 (0.8), mem = 3328.0M
** INFO : this run is activating 'postRoute' automaton
**INFO: flowCheckPoint #11 InitialSummary
Extraction called for design 'C2S0306' of instances=111041 and nets=113033 using extraction engine 'postRoute' at effort level 'low' .
**WARN: (IMPEXT-3530):	The process node is not set. Use the command setDesignMode -process <process node> prior to extraction for maximum accuracy and optimal automatic threshold setting.
Type 'man IMPEXT-3530' for more detail.
PostRoute (effortLevel low) RC Extraction called for design C2S0306.
RC Extraction called in multi-corner(2) mode.
**WARN: (IMPEXT-6166):	Capacitance table file(s) without the EXTENDED section is being used for RC extraction. This is not recommended because it results in lower accuracy for clock nets in preRoute extraction and for all nets in postRoute extraction using -effortLevel low. Regenerate capacitance table file(s) using the generateCapTbl command.
Type 'man IMPEXT-6166' for more detail.
Process corner(s) are loaded.
 Corner: rc_worst
 Corner: rc_best
extractDetailRC Option : -outfile /tmp/innovus_temp_169137_c2sgpr065.Cambridge.edu.in_scl_shuttle_8_3_MYlu7D/C2S0306_169137_5sti2s.rcdb.d -maxResLength 200  -basic
RC Mode: PostRoute -effortLevel low [Basic CapTable, RC Table Resistances]
      RC Corner Indexes            0       1   
Capacitance Scaling Factor   : 1.00000 1.00000 
Coupling Cap. Scaling Factor : 1.00000 1.00000 
Resistance Scaling Factor    : 1.00000 1.00000 
Clock Cap. Scaling Factor    : 1.00000 1.00000 
Clock Res. Scaling Factor    : 1.00000 1.00000 
Shrink Factor                : 1.00000
Initializing multi-corner resistance tables ...
Checking LVS Completed (CPU Time= 0:00:01.0  MEM= 3328.0M)
Extracted 10.0001% (CPU Time= 0:00:07.6  MEM= 3384.1M)
Extracted 20.0001% (CPU Time= 0:00:09.6  MEM= 3384.1M)
Extracted 30.0001% (CPU Time= 0:00:12.6  MEM= 3384.1M)
Extracted 40.0001% (CPU Time= 0:00:15.2  MEM= 3384.1M)
Extracted 50.0001% (CPU Time= 0:00:17.1  MEM= 3384.1M)
Extracted 60.0001% (CPU Time= 0:00:20.4  MEM= 3384.1M)
Extracted 70.0001% (CPU Time= 0:00:21.8  MEM= 3384.1M)
Extracted 80.0001% (CPU Time= 0:00:25.7  MEM= 3384.1M)
Extracted 90.0001% (CPU Time= 0:00:27.6  MEM= 3384.1M)
Extracted 100% (CPU Time= 0:00:33.7  MEM= 3384.1M)
Number of Extracted Resistors     : 3187923
Number of Extracted Ground Cap.   : 3234319
Number of Extracted Coupling Cap. : 8153236
Filtering XCap in 'relativeOnly' mode using values relative_c_threshold=0.03 and total_c_threshold=5fF.
 Corner: rc_worst
 Corner: rc_best
Checking LVS Completed (CPU Time= 0:00:00.8  MEM= 3352.0M)
PostRoute (effortLevel low) RC Extraction DONE (CPU Time: 0:00:41.9  Real Time: 0:00:41.0  MEM: 3360.039M)
Initializing multi-corner resistance tables ...
*** BuildHoldData #3 [begin] : totSession cpu/real = 1:56:45.1/2:18:47.1 (0.8), mem = 3340.3M
Starting delay calculation for Hold views
AAE DB initialization (MEM=3338.3 CPU=0:00:00.1 REAL=0:00:01.0) 
#################################################################################
# Design Stage: PostRoute
# Design Name: C2S0306
# Design Mode: 90nm
# Analysis Mode: MMMC OCV 
# Parasitics Mode: SPEF/RCDB 
# Signoff Settings: SI Off 
#################################################################################
Start delay calculation (fullDC) (1 T). (MEM=3349.82)
*** Calculating scaling factor for min_timing libraries using the default operating condition of each library.
Total number of fetched objects 112076
Total number of fetched objects 112076
End delay calculation. (MEM=3402.8 CPU=0:00:16.3 REAL=0:00:16.0)
End delay calculation (fullDC). (MEM=3375.72 CPU=0:00:18.4 REAL=0:00:18.0)
*** Done Building Timing Graph (cpu=0:00:22.9 real=0:00:23.0 totSessionCpu=1:57:11 mem=3375.7M)
Done building cte hold timing graph (HoldAware) cpu=0:00:25.9 real=0:00:26.0 totSessionCpu=1:57:11 mem=3375.7M ***
Starting delay calculation for Setup views
AAE DB initialization (MEM=3369.25 CPU=0:00:00.1 REAL=0:00:00.0) 
Starting SI iteration 1 using Infinite Timing Windows
#################################################################################
# Design Stage: PostRoute
# Design Name: C2S0306
# Design Mode: 90nm
# Analysis Mode: MMMC OCV 
# Parasitics Mode: SPEF/RCDB 
# Signoff Settings: SI On 
#################################################################################
AAE_INFO: 1 threads acquired from CTE.
Start delay calculation (fullDC) (1 T). (MEM=3380.86)
*** Calculating scaling factor for max_timing libraries using the default operating condition of each library.
Total number of fetched objects 112076
AAE_INFO-618: Total number of nets in the design is 113033,  99.2 percent of the nets selected for SI analysis
Total number of fetched objects 112076
AAE_INFO-618: Total number of nets in the design is 113033,  99.2 percent of the nets selected for SI analysis
End delay calculation. (MEM=3394.68 CPU=0:00:54.2 REAL=0:00:54.0)
End delay calculation (fullDC). (MEM=3367.6 CPU=0:00:56.2 REAL=0:00:56.0)
Loading CTE timing window with TwFlowType 0...(CPU = 0:00:00.0, REAL = 0:00:00.0, MEM = 3367.6M)
Add other clocks and setupCteToAAEClockMapping during iter 1
Loading CTE timing window is completed (CPU = 0:00:00.4, REAL = 0:00:01.0, MEM = 3367.6M)

Executing IPO callback for view pruning ..
Starting SI iteration 2
Start delay calculation (fullDC) (1 T). (MEM=3290.72)
Glitch Analysis: View worst_case -- Total Number of Nets Skipped = 0. 
Glitch Analysis: View worst_case -- Total Number of Nets Analyzed = 0. 
Total number of fetched objects 112076
AAE_INFO-618: Total number of nets in the design is 113033,  0.4 percent of the nets selected for SI analysis
Total number of fetched objects 112076
AAE_INFO-618: Total number of nets in the design is 113033,  0.2 percent of the nets selected for SI analysis
End delay calculation. (MEM=3335.11 CPU=0:00:01.5 REAL=0:00:01.0)
End delay calculation (fullDC). (MEM=3335.11 CPU=0:00:01.8 REAL=0:00:01.0)
*** Done Building Timing Graph (cpu=0:01:12 real=0:01:11 totSessionCpu=1:58:29 mem=3335.1M)

------------------------------------------------------------------
     Initial SI Timing Summary
------------------------------------------------------------------

Setup views included:
 worst_case 

+--------------------+---------+---------+---------+
|     Setup mode     |   all   | reg2reg | default |
+--------------------+---------+---------+---------+
|           WNS (ns):| 12.867  | 12.867  | 25.331  |
|           TNS (ns):|  0.000  |  0.000  |  0.000  |
|    Violating Paths:|    0    |    0    |    0    |
|          All Paths:|  23082  |  22131  |  4136   |
+--------------------+---------+---------+---------+

+----------------+-------------------------------+------------------+
|                |              Real             |       Total      |
|    DRVs        +------------------+------------+------------------|
|                |  Nr nets(terms)  | Worst Vio  |  Nr nets(terms)  |
+----------------+------------------+------------+------------------+
|   max_cap      |      2 (2)       |   -0.043   |      2 (2)       |
|   max_tran     |     22 (22)      |   -1.661   |     22 (22)      |
|   max_fanout   |      0 (0)       |     0      |      0 (0)       |
|   max_length   |      0 (0)       |     0      |      0 (0)       |
+----------------+------------------+------------+------------------+

Density: 71.734%
Total number of glitch violations: 0
------------------------------------------------------------------
*** BuildHoldData #3 [finish] : cpu/real = 0:01:47.9/0:01:47.8 (1.0), totSession cpu/real = 1:58:33.0/2:20:34.9 (0.8), mem = 3350.4M
**optDesign ... cpu = 0:02:45, real = 0:02:43, mem = 2726.6M, totSessionCpu=1:58:33 **
Setting latch borrow mode to budget during optimization.
Info: Done creating the CCOpt slew target map.
**INFO: flowCheckPoint #12 OptimizationPass1
Glitch fixing enabled
*** ClockDrv #1 [begin] : totSession cpu/real = 1:58:39.9/2:20:41.8 (0.8), mem = 3316.9M
Running CCOpt-PRO on entire clock network
Net route status summary:
  Clock:       208 (unrouted=1, trialRouted=0, noStatus=0, routed=207, fixed=0, [crossesIlmBoundary=0, tooFewTerms=0, (crossesIlmBoundary AND tooFewTerms=0)])
  Non-clock: 112825 (unrouted=975, trialRouted=0, noStatus=0, routed=111850, fixed=0, [crossesIlmBoundary=0, tooFewTerms=959, (crossesIlmBoundary AND tooFewTerms=0)])
Clock tree cells fixed by user: 2 out of 207 (0.966%)
PRO...
Relaxing adjacent_rows_legal and cell_density for the duration of PRO. To stop this set pro_respect_cell_density_and_adjacent_row_legal to true.
Initializing clock structures...
  Creating own balancer
  Permitting the movement of (non-FIXED) datapath insts as required for sized/new clock tree insts
  Removing CTS place status from clock tree and sinks.
  Initializing legalizer
  Using cell based legalization.
  Initializing placement interface...
    Use check_library -place or consult logv if problems occur.
    Leaving CCOpt scope - Initializing placement interface...
    Leaving CCOpt scope - Initializing placement interface done. (took cpu=0:00:00.2 real=0:00:00.2)
  Initializing placement interface done.
  Leaving CCOpt scope - Cleaning up placement interface...
  Leaving CCOpt scope - Cleaning up placement interface done. (took cpu=0:00:00.6 real=0:00:00.6)
  Leaving CCOpt scope - Initializing placement interface...
  Leaving CCOpt scope - Initializing placement interface done. (took cpu=0:00:00.2 real=0:00:00.2)
**WARN: (IMPCCOPT-2406):	Clock halo disabled on instance 'pc3d01_1'. To avoid this please specify clock halo via the property pairs (cell_halo_x and cell_halo_y) or (cell_halo_sites and cell_halo_rows).
**WARN: (IMPCCOPT-2406):	Clock halo disabled on instance 'pc3c01_1'. To avoid this please specify clock halo via the property pairs (cell_halo_x and cell_halo_y) or (cell_halo_sites and cell_halo_rows).
  Reconstructing clock tree datastructures, skew aware...
    Validating CTS configuration...
    Checking module port directions...
    Checking module port directions done. (took cpu=0:00:00.0 real=0:00:00.0)
    Non-default CCOpt properties:
    adjacent_rows_legal: true (default: false)
    allow_non_fterm_identical_swaps: 0 (default: true)
    buffer_cells is set for at least one object
    cannot_merge_reason is set for at least one object
    cell_density is set for at least one object
    cell_halo_rows: 0 (default: 1)
    cell_halo_sites: 0 (default: 4)
    clock_nets_detailed_routed: 1 (default: false)
    exp_use_early_global_min_max_route_layers: 0 (default: true)
    force_design_routing_status: 1 (default: auto)
    inverter_cells is set for at least one object
    primary_delay_corner: max_delay (default: )
    route_type is set for at least one object
    route_type_autotrim: 0 (default: true)
    source_driver is set for at least one object
    source_latency is set for at least one object
    target_insertion_delay is set for at least one object
    target_max_trans is set for at least one object
    target_skew is set for at least one object
    target_skew_wire is set for at least one object
    Route type trimming info:
      No route type modifications were made.
    Found no blackbox sink pins.
    Clock tree balancer configuration for clock_tree MAIN_CLK:
    Non-default CCOpt properties:
      cell_density: 1 (default: 0.75)
      route_type (leaf): leaf_rule (default: default)
      route_type (trunk): trunk_rule (default: default)
      route_type (top): trunk_rule (default: default)
      source_driver: pc3d01/CIN (default: )
    For power domain auto-default:
      Buffers:     {bufbd4 bufbd2 bufbd1}
      Inverters:   invbd4 invbd2 
      Clock gates (with test): gclrsna gclrsn7 gclrsn4 gclrsn2 gclrsn1 
      Clock gates   (no test): gcnrnna gcnrnn7 gcnrnn4 gcnrnn2 gcnrnn1 
      Unblocked area available for placement of any clock cells in power_domain auto-default: 4795539.840um^2
    Top/Trunk Routing info:
      Route-type name: trunk_rule; Top/bottom preferred layer name: TOP_M/M4; 
      Unshielded; Mask Constraint: 0; Source: route_type.
    Leaf Routing info:
      Route-type name: leaf_rule; Top/bottom preferred layer name: M3/M1; 
      Unshielded; Mask Constraint: 0; Source: route_type.
    For timing_corner max_delay:setup, late and power domain auto-default:
      Slew time target (leaf):    2.000ns
      Slew time target (trunk):   2.000ns
      Slew time target (top):     2.000ns (Note: no nets are considered top nets in this clock tree)
      Buffer unit delay: 0.358ns
      Buffer max distance: 3626.440um
    Fastest wire driving cells and distances:
      Buffer    : {lib_cell:bufbd4, fastest_considered_half_corner=max_delay:setup.late, optimalDrivingDistance=3626.440um, saturatedSlew=1.563ns, speed=3127.589um per ns, cellArea=6.053um^2 per 1000um}
      Inverter  : {lib_cell:invbd4, fastest_considered_half_corner=max_delay:setup.late, optimalDrivingDistance=3458.875um, saturatedSlew=1.303ns, speed=3703.491um per ns, cellArea=6.347um^2 per 1000um}
      Clock gate (with test): {lib_cell:gclrsna, fastest_considered_half_corner=max_delay:setup.late, optimalDrivingDistance=6372.904um, saturatedSlew=1.577ns, speed=4316.224um per ns, cellArea=13.286um^2 per 1000um}
      Clock gate   (no test): {lib_cell:gcnrnna, fastest_considered_half_corner=max_delay:setup.late, optimalDrivingDistance=6441.936um, saturatedSlew=1.595ns, speed=4012.167um per ns, cellArea=7.789um^2 per 1000um}
    For timing_corner min_delay:hold, late and power domain auto-default:
      Slew time target (leaf):    2.000ns
      Slew time target (trunk):   2.000ns
      Slew time target (top):     2.000ns (Note: no nets are considered top nets in this clock tree)
      Buffer unit delay: 0.358ns
      Buffer max distance: 3626.440um
    Fastest wire driving cells and distances:
      Buffer    : {lib_cell:bufbd4, fastest_considered_half_corner=max_delay:setup.late, optimalDrivingDistance=3626.440um, saturatedSlew=1.563ns, speed=3127.589um per ns, cellArea=6.053um^2 per 1000um}
      Inverter  : {lib_cell:invbd4, fastest_considered_half_corner=max_delay:setup.late, optimalDrivingDistance=3458.875um, saturatedSlew=1.303ns, speed=3703.491um per ns, cellArea=6.347um^2 per 1000um}
      Clock gate (with test): {lib_cell:gclrsna, fastest_considered_half_corner=max_delay:setup.late, optimalDrivingDistance=6372.904um, saturatedSlew=1.577ns, speed=4316.224um per ns, cellArea=13.286um^2 per 1000um}
      Clock gate   (no test): {lib_cell:gcnrnna, fastest_considered_half_corner=max_delay:setup.late, optimalDrivingDistance=6441.936um, saturatedSlew=1.595ns, speed=4012.167um per ns, cellArea=7.789um^2 per 1000um}
    
    
    Logic Sizing Table:
    
    -----------------------------------------------------------------
    Cell      Instance count    Source         Eligible library cells
    -----------------------------------------------------------------
    pc3c01          1           library set    {pc3c01}
    pc3d01          1           library set    {pc3d01}
    -----------------------------------------------------------------
    
    
    Clock tree timing engine global stage delay update for max_delay:setup.late...
    Clock tree timing engine global stage delay update for max_delay:setup.late done. (took cpu=0:00:00.6 real=0:00:00.6)
    Clock tree timing engine global stage delay update for min_delay:hold.late...
    Clock tree timing engine global stage delay update for min_delay:hold.late done. (took cpu=0:00:00.3 real=0:00:00.3)
    Clock tree MAIN_CLK has 1 max_capacitance violation.
    Clock tree balancer configuration for skew_group MAIN_CLK/all:
      Sources:                     pin main_clk_pad
      Total number of sinks:       19892
      Delay constrained sinks:     19892
      Non-leaf sinks:              0
      Ignore pins:                 0
     Timing corner max_delay:setup.late:
      Skew target:                 0.358ns
     Timing corner min_delay:hold.late:
      Skew target:                 1.000ns
    
    Clock Tree Violations Report
    ============================
    
    The clock tree has violations that CCOpt may not be able to correct due to the design settings.
    A common cause is that the violation occurs in a part of the design (e.g. an ILM) that CCOpt cannot change.
    Consider reviewing your design and relaunching CCOpt.
    
    
    Max Capacitance Violations
    --------------------------
    
    Did not meet the max_capacitance constraint of 0.800pF below the root driver for clock_tree MAIN_CLK at (700.870,249.790), in power domain auto-default, which drives a net main_clk_pad which has internal don't touch reasons: {is_pad_net}. Achieved capacitance of 3.538pF.
    
    
    Primary reporting skew groups are:
    skew_group MAIN_CLK/all with 19892 clock sinks
    
    Clock DAG stats initial state:
      cell counts      : b=205, i=0, icg=0, nicg=0, l=2, total=207
      misc counts      : r=1, pp=0
      cell areas       : b=3876.096um^2, i=0.000um^2, icg=0.000um^2, nicg=0.000um^2, l=32500.000um^2, total=36376.096um^2
      hp wire lengths  : top=0.000um, trunk=11265.800um, leaf=56499.315um, total=67765.115um
    Clock DAG library cell distribution initial state {count}:
       Bufs: bufbd4: 6 bufbd2: 199 
     Logics: pc3c01: 1 pc3d01: 1 
    No ideal or dont_touch nets found in the clock tree
    No dont_touch hnets found in the clock tree
    No dont_touch hpins found in the clock network.
    Checking for illegal sizes of clock logic instances...
    Checking for illegal sizes of clock logic instances done. (took cpu=0:00:00.0 real=0:00:00.0)
    Validating CTS configuration done. (took cpu=0:00:02.6 real=0:00:02.6)
    CCOpt configuration status: all checks passed.
  Reconstructing clock tree datastructures, skew aware done.
Initializing clock structures done.
PRO...
  PRO active optimizations:
   - DRV fixing with sizing
  
**WARN: (IMPCCOPT-2276):	CCOpt/PRO found clock net 'main_clk_pad' is not routed.
  Detected clock skew data from CTS
  Clock DAG stats PRO initial state:
    cell counts      : b=205, i=0, icg=0, nicg=0, l=2, total=207
    misc counts      : r=1, pp=0
    cell areas       : b=3876.096um^2, i=0.000um^2, icg=0.000um^2, nicg=0.000um^2, l=32500.000um^2, total=36376.096um^2
    cell capacitance : b=1.002pF, i=0.000pF, icg=0.000pF, nicg=0.000pF, l=3.718pF, total=4.720pF
    sink capacitance : count=19892, total=43.484pF, avg=0.002pF, sd=0.000pF, min=0.002pF, max=0.004pF
    wire capacitance : top=0.000pF, trunk=4.502pF, leaf=43.079pF, total=47.581pF
    wire lengths     : top=0.000um, trunk=23826.280um, leaf=231997.805um, total=255824.085um
    hp wire lengths  : top=0.000um, trunk=11265.800um, leaf=56499.315um, total=67765.115um
  Clock DAG net violations PRO initial state:
    Remaining Transition : {count=3, worst=[0.246ns, 0.201ns, 0.138ns]} avg=0.195ns sd=0.054ns sum=0.585ns
    Capacitance          : {count=1, worst=[2.738pF]} avg=2.738pF sd=0.000pF sum=2.738pF
  Clock DAG primary half-corner transition distribution PRO initial state:
    Trunk : target=2.000ns count=8 avg=1.498ns sd=0.835ns min=0.005ns max=2.246ns {3 <= 1.200ns, 0 <= 1.600ns, 1 <= 1.800ns, 0 <= 1.900ns, 1 <= 2.000ns} {0 <= 2.100ns, 1 <= 2.200ns, 2 <= 2.400ns, 0 <= 3.000ns, 0 > 3.000ns}
    Leaf  : target=2.000ns count=200 avg=1.675ns sd=0.088ns min=0.972ns max=1.909ns {1 <= 1.200ns, 22 <= 1.600ns, 167 <= 1.800ns, 9 <= 1.900ns, 1 <= 2.000ns}
  Clock DAG library cell distribution PRO initial state {count}:
     Bufs: bufbd4: 6 bufbd2: 199 
   Logics: pc3c01: 1 pc3d01: 1 
  Primary reporting skew groups PRO initial state:
    skew_group default.MAIN_CLK/all: unconstrained
  Skew group summary PRO initial state:
    skew_group MAIN_CLK/all:
      Half-corner max_delay:setup.late: insertion delay [min=3.670, max=4.100, avg=3.915, sd=0.070], skew [0.431 vs 0.359*], 99.5% {3.771, 4.100} (wid=0.670 ws=0.347) (gid=3.595 gs=0.540)
      Half-corner min_delay:hold.late: insertion delay [min=3.670, max=4.100, avg=3.915, sd=0.070], skew [0.431 vs 1.000], 100% {3.670, 4.100} (wid=0.670 ws=0.347) (gid=3.595 gs=0.540)
  Recomputing CTS skew targets...
  Resolving skew group constraints...
    Solving LP: 1 skew groups; 2 fragments, 2 fraglets and 3 vertices; 25 variables and 66 constraints; tolerance 1
  Resolving skew group constraints done.
  Recomputing CTS skew targets done. (took cpu=0:00:00.8 real=0:00:00.8)
  PRO Fixing DRVs...
    Fixing clock tree DRVs: ...20% ...40% ...60% ...80% ...100% 
    CCOpt-PRO: considered: 208, tested: 208, violation detected: 4, violation ignored (due to small violation): 0, cannot run: 1, attempted: 3, unsuccessful: 0, sized: 0
    
    PRO Statistics: Fix DRVs (cell sizing):
    =======================================
    
    Cell changes by Net Type:
    
    -------------------------------------------------------------------------------------------------------------------
    Net Type    Attempted            Upsized     Downsized    Swapped Same Size    Total Changed      Not Sized
    -------------------------------------------------------------------------------------------------------------------
    top                0                    0           0            0                    0                  0
    trunk              3 [100.0%]           0           0            0                    0 (0.0%)           3 (100.0%)
    leaf               0                    0           0            0                    0                  0
    -------------------------------------------------------------------------------------------------------------------
    Total              3 [100.0%]           0           0            0                    0 (0.0%)           3 (100.0%)
    -------------------------------------------------------------------------------------------------------------------
    
    Upsized: 0, Downsized: 0, Sized but same area: 0, Unchanged: 3, Area change: 0.000um^2 (0.000%)
    Max. move: 0.000um, Min. move: 0.000um, Avg. move: 0.000um
    
    Clock DAG stats after 'PRO Fixing DRVs':
      cell counts      : b=205, i=0, icg=0, nicg=0, l=2, total=207
      misc counts      : r=1, pp=0
      cell areas       : b=3876.096um^2, i=0.000um^2, icg=0.000um^2, nicg=0.000um^2, l=32500.000um^2, total=36376.096um^2
      cell capacitance : b=1.002pF, i=0.000pF, icg=0.000pF, nicg=0.000pF, l=3.718pF, total=4.720pF
      sink capacitance : count=19892, total=43.484pF, avg=0.002pF, sd=0.000pF, min=0.002pF, max=0.004pF
      wire capacitance : top=0.000pF, trunk=4.502pF, leaf=43.079pF, total=47.581pF
      wire lengths     : top=0.000um, trunk=23826.280um, leaf=231997.805um, total=255824.085um
      hp wire lengths  : top=0.000um, trunk=11265.800um, leaf=56499.315um, total=67765.115um
    Clock DAG net violations after 'PRO Fixing DRVs':
      Remaining Transition : {count=3, worst=[0.246ns, 0.201ns, 0.138ns]} avg=0.195ns sd=0.054ns sum=0.585ns
      Capacitance          : {count=1, worst=[2.738pF]} avg=2.738pF sd=0.000pF sum=2.738pF
    Clock DAG primary half-corner transition distribution after 'PRO Fixing DRVs':
      Trunk : target=2.000ns count=8 avg=1.498ns sd=0.835ns min=0.005ns max=2.246ns {3 <= 1.200ns, 0 <= 1.600ns, 1 <= 1.800ns, 0 <= 1.900ns, 1 <= 2.000ns} {0 <= 2.100ns, 1 <= 2.200ns, 2 <= 2.400ns, 0 <= 3.000ns, 0 > 3.000ns}
      Leaf  : target=2.000ns count=200 avg=1.675ns sd=0.088ns min=0.972ns max=1.909ns {1 <= 1.200ns, 22 <= 1.600ns, 167 <= 1.800ns, 9 <= 1.900ns, 1 <= 2.000ns}
    Clock DAG library cell distribution after 'PRO Fixing DRVs' {count}:
       Bufs: bufbd4: 6 bufbd2: 199 
     Logics: pc3c01: 1 pc3d01: 1 
    Primary reporting skew groups after 'PRO Fixing DRVs':
      skew_group default.MAIN_CLK/all: unconstrained
    Skew group summary after 'PRO Fixing DRVs':
      skew_group MAIN_CLK/all:
        Half-corner max_delay:setup.late: insertion delay [min=3.670, max=4.100, avg=3.915, sd=0.070], skew [0.431 vs 0.358*], 99.5% {3.771, 4.100} (wid=0.670 ws=0.347) (gid=3.595 gs=0.540)
        Half-corner min_delay:hold.late: insertion delay [min=3.670, max=4.100, avg=3.915, sd=0.070], skew [0.431 vs 1.000], 100% {3.670, 4.100} (wid=0.670 ws=0.347) (gid=3.595 gs=0.540)
    Legalizer API calls during this step: 3 succeeded with high effort: 3 succeeded with medium effort: 0 succeeded with low effort: 0 succeeded with basic effort: 0 succeeded with basic unbounded effort: 0
  PRO Fixing DRVs done. (took cpu=0:00:00.7 real=0:00:00.7)
  Reconnecting optimized routes...
**WARN: (IMPCCOPT-1304):	Net main_clk_pad unexpectedly has no routing present after clock post-route optimization. Net will be implemented by a later routing step.
  Reconnecting optimized routes done. (took cpu=0:00:00.1 real=0:00:00.1)
  Set dirty flag on 0 instances, 0 nets
  Clock tree timing engine global stage delay update for max_delay:setup.late...
  Clock tree timing engine global stage delay update for max_delay:setup.late done. (took cpu=0:00:00.6 real=0:00:00.6)
  Clock tree timing engine global stage delay update for min_delay:hold.late...
  Clock tree timing engine global stage delay update for min_delay:hold.late done. (took cpu=0:00:00.3 real=0:00:00.3)
  Clock DAG stats PRO final:
    cell counts      : b=205, i=0, icg=0, nicg=0, l=2, total=207
    misc counts      : r=1, pp=0
    cell areas       : b=3876.096um^2, i=0.000um^2, icg=0.000um^2, nicg=0.000um^2, l=32500.000um^2, total=36376.096um^2
    cell capacitance : b=1.002pF, i=0.000pF, icg=0.000pF, nicg=0.000pF, l=3.718pF, total=4.720pF
    sink capacitance : count=19892, total=43.484pF, avg=0.002pF, sd=0.000pF, min=0.002pF, max=0.004pF
    wire capacitance : top=0.000pF, trunk=4.502pF, leaf=43.079pF, total=47.581pF
    wire lengths     : top=0.000um, trunk=23826.280um, leaf=231997.805um, total=255824.085um
    hp wire lengths  : top=0.000um, trunk=11265.800um, leaf=56499.315um, total=67765.115um
  Clock DAG net violations PRO final:
    Remaining Transition : {count=3, worst=[0.246ns, 0.201ns, 0.138ns]} avg=0.195ns sd=0.054ns sum=0.585ns
    Capacitance          : {count=1, worst=[2.738pF]} avg=2.738pF sd=0.000pF sum=2.738pF
  Clock DAG primary half-corner transition distribution PRO final:
    Trunk : target=2.000ns count=8 avg=1.498ns sd=0.835ns min=0.005ns max=2.246ns {3 <= 1.200ns, 0 <= 1.600ns, 1 <= 1.800ns, 0 <= 1.900ns, 1 <= 2.000ns} {0 <= 2.100ns, 1 <= 2.200ns, 2 <= 2.400ns, 0 <= 3.000ns, 0 > 3.000ns}
    Leaf  : target=2.000ns count=200 avg=1.675ns sd=0.088ns min=0.972ns max=1.909ns {1 <= 1.200ns, 22 <= 1.600ns, 167 <= 1.800ns, 9 <= 1.900ns, 1 <= 2.000ns}
  Clock DAG library cell distribution PRO final {count}:
     Bufs: bufbd4: 6 bufbd2: 199 
   Logics: pc3c01: 1 pc3d01: 1 
  Primary reporting skew groups PRO final:
    skew_group default.MAIN_CLK/all: unconstrained
  Skew group summary PRO final:
    skew_group MAIN_CLK/all:
      Half-corner max_delay:setup.late: insertion delay [min=3.670, max=4.100, avg=3.915, sd=0.070], skew [0.431 vs 0.358*], 99.5% {3.771, 4.100} (wid=0.670 ws=0.347) (gid=3.595 gs=0.540)
      Half-corner min_delay:hold.late: insertion delay [min=3.670, max=4.100, avg=3.915, sd=0.070], skew [0.431 vs 1.000], 100% {3.670, 4.100} (wid=0.670 ws=0.347) (gid=3.595 gs=0.540)
PRO done.
Restoring CTS place status for unmodified clock tree cells and sinks.
Net route status summary:
  Clock:       208 (unrouted=0, trialRouted=0, noStatus=0, routed=207, fixed=0, [crossesIlmBoundary=0, tooFewTerms=0, (crossesIlmBoundary AND tooFewTerms=0)])
  Non-clock: 112825 (unrouted=975, trialRouted=0, noStatus=0, routed=111850, fixed=0, [crossesIlmBoundary=0, tooFewTerms=959, (crossesIlmBoundary AND tooFewTerms=0)])
Updating delays...
Updating delays done.
PRO done. (took cpu=0:00:09.3 real=0:00:09.3)
Leaving CCOpt scope - Cleaning up placement interface...
Leaving CCOpt scope - Cleaning up placement interface done. (took cpu=0:00:00.7 real=0:00:00.7)
*** ClockDrv #1 [finish] : cpu/real = 0:00:10.5/0:00:10.5 (1.0), totSession cpu/real = 1:58:50.4/2:20:52.3 (0.8), mem = 3342.4M
**INFO: Start fixing DRV (Mem = 3325.38M) ...
Begin: GigaOpt DRV Optimization
Glitch fixing enabled
*** DrvOpt #1 [begin] : totSession cpu/real = 1:58:53.0/2:20:54.9 (0.8), mem = 3325.4M
Info: 19 io nets excluded
Info: 208 clock nets excluded from IPO operation.
DRV pessimism of 2.00% is used for tran, 2.00% for cap, 2.00% for fanout, on top of margin 0.00%
**INFO: Disabling fanout fix in postRoute stage.
+---------------------------------------------------------------------------------------------------------------------------------------------------------------------+
|        max-tran       |        max-cap        |  max-fanout |  max-length |    glitch   |       setup       |        |        |        |       |          |         |
+---------------------------------------------------------------------------------------------------------------------------------------------------------------------+
| nets | terms|  wViol  | nets | terms|  wViol  | nets | terms| nets | terms| nets | terms|   WNS   |   TNS   |  #Buf  |  #Inv  | #Resize|Density|   Real   |   Mem   |
+---------------------------------------------------------------------------------------------------------------------------------------------------------------------+
|    29|    29|    -1.72|     3|     3|    -0.08|     0|     0|     0|     0|     0|     0|    12.87|     0.00|       0|       0|       0| 71.73%|          |         |
|     0|     0|     0.00|     0|     0|     0.00|     0|     0|     0|     0|     0|     0|    12.87|     0.00|      10|       2|      19| 71.74%| 0:00:11.0|  3565.4M|
|     0|     0|     0.00|     0|     0|     0.00|     0|     0|     0|     0|     0|     0|    12.87|     0.00|       0|       0|       0| 71.74%| 0:00:00.0|  3565.4M|
+---------------------------------------------------------------------------------------------------------------------------------------------------------------------+
Bottom Preferred Layer:
+-----------+------------+----------+
|   Layer   |    CLK     |   Rule   |
+-----------+------------+----------+
| M1 (z=1)  |        200 | default  |
| M4 (z=4)  |          8 | default  |
+-----------+------------+----------+
Via Pillar Rule:
    None

*** Finish DRV Fixing (cpu=0:00:14.9 real=0:00:15.0 mem=3565.4M) ***

*** DrvOpt #1 [finish] : cpu/real = 0:00:23.7/0:00:23.8 (1.0), totSession cpu/real = 1:59:16.7/2:21:18.7 (0.8), mem = 3413.3M
Running refinePlace -preserveRouting true -hardFence false
*** Starting refinePlace (1:59:17 mem=3413.3M) ***
Move report: Detail placement moves 0 insts, mean move: 0.00 um, max move: 0.00 um 
	Runtime: CPU: 0:00:02.1 REAL: 0:00:02.0 MEM: 3441.2MB
Summary Report:
Instances move: 0 (out of 110544 movable)
Instances flipped: 0
Mean displacement: 0.00 um
Max displacement: 0.00 um 
Runtime: CPU: 0:00:02.3 REAL: 0:00:02.0 MEM: 3441.2MB
*** Finished refinePlace (1:59:19 mem=3441.2M) ***
End: GigaOpt DRV Optimization
**optDesign ... cpu = 0:03:32, real = 0:03:30, mem = 2787.9M, totSessionCpu=1:59:20 **
*info:
**INFO: Completed fixing DRV (CPU Time = 0:00:27, Mem = 3415.18M).

------------------------------------------------------------------
     SI Timing Summary (cpu=0.45min real=0.45min mem=3415.2M)
------------------------------------------------------------------

Setup views included:
 worst_case 

+--------------------+---------+---------+---------+
|     Setup mode     |   all   | reg2reg | default |
+--------------------+---------+---------+---------+
|           WNS (ns):| 12.867  | 12.867  | 25.331  |
|           TNS (ns):|  0.000  |  0.000  |  0.000  |
|    Violating Paths:|    0    |    0    |    0    |
|          All Paths:|  23082  |  22131  |  4136   |
+--------------------+---------+---------+---------+

+----------------+-------------------------------+------------------+
|                |              Real             |       Total      |
|    DRVs        +------------------+------------+------------------|
|                |  Nr nets(terms)  | Worst Vio  |  Nr nets(terms)  |
+----------------+------------------+------------+------------------+
|   max_cap      |      0 (0)       |   0.000    |      0 (0)       |
|   max_tran     |      0 (0)       |   0.000    |      0 (0)       |
|   max_fanout   |      0 (0)       |     0      |      0 (0)       |
|   max_length   |      0 (0)       |     0      |      0 (0)       |
+----------------+------------------+------------+------------------+

Density: 71.736%
Total number of glitch violations: 0
------------------------------------------------------------------
**optDesign ... cpu = 0:03:36, real = 0:03:34, mem = 2777.1M, totSessionCpu=1:59:23 **
*** Timing Is met
*** Check timing (0:00:00.0)
*** Setup timing is met (target slack 0ns)
**INFO: flowCheckPoint #13 OptimizationPreEco
Running postRoute recovery in preEcoRoute mode
**optDesign ... cpu = 0:03:39, real = 0:03:37, mem = 2685.9M, totSessionCpu=1:59:27 **
Checking DRV degradation...
**INFO: Skipping DRV recovery as drv did not degrade beyond margin
Finish postRoute recovery in preEcoRoute mode (cpu=0:00:02, real=0:00:02, mem=3399.65M, totSessionCpu=1:59:29).
**optDesign ... cpu = 0:03:41, real = 0:03:39, mem = 2686.3M, totSessionCpu=1:59:29 **

Skipping post route harden opt
Default Rule : ""
Non Default Rules :
Worst Slack : 12.867 ns

Start Layer Assignment ...
WNS(12.867ns) Target(0.000ns) MaxAssign(0%) MaxCong(20%) MinLen(100um) MinCap(0.050pf) layerBucket(1)

Select 0 cadidates out of 113045.
No critical nets selected. Skipped !
GigaOpt: setting up router preferences
GigaOpt: 0 nets assigned router directives

Start Assign Priority Nets ...
TargetSlk(0.200ns) MaxAssign(3%) minLen(50um)
Existing Priority Nets 0 (0.0%)
Assigned Priority Nets 0 (0.0%)
Default Rule : ""
Non Default Rules :
Worst Slack : 12.867 ns

Start Layer Assignment ...
WNS(12.867ns) Target(0.000ns) MaxAssign(0%) MaxCong(20%) MinLen(100um) MinCap(0.050pf) layerBucket(1)

Select 0 cadidates out of 113045.
No critical nets selected. Skipped !
GigaOpt: setting up router preferences
GigaOpt: 0 nets assigned router directives

Start Assign Priority Nets ...
TargetSlk(0.200ns) MaxAssign(3%) minLen(50um)
Existing Priority Nets 0 (0.0%)
Assigned Priority Nets 0 (0.0%)

------------------------------------------------------------------
        Pre-ecoRoute Summary
------------------------------------------------------------------

Setup views included:
 worst_case 

+--------------------+---------+---------+---------+
|     Setup mode     |   all   | reg2reg | default |
+--------------------+---------+---------+---------+
|           WNS (ns):| 12.867  | 12.867  | 25.331  |
|           TNS (ns):|  0.000  |  0.000  |  0.000  |
|    Violating Paths:|    0    |    0    |    0    |
|          All Paths:|  23082  |  22131  |  4136   |
+--------------------+---------+---------+---------+

+----------------+-------------------------------+------------------+
|                |              Real             |       Total      |
|    DRVs        +------------------+------------+------------------|
|                |  Nr nets(terms)  | Worst Vio  |  Nr nets(terms)  |
+----------------+------------------+------------+------------------+
|   max_cap      |      0 (0)       |   0.000    |      0 (0)       |
|   max_tran     |      0 (0)       |   0.000    |      0 (0)       |
|   max_fanout   |      0 (0)       |     0      |      0 (0)       |
|   max_length   |      0 (0)       |     0      |      0 (0)       |
+----------------+------------------+------------+------------------+

Density: 71.736%
Total number of glitch violations: 0
------------------------------------------------------------------
**optDesign ... cpu = 0:03:51, real = 0:03:49, mem = 2783.5M, totSessionCpu=1:59:39 **
**INFO: flowCheckPoint #14 GlobalDetailRoute
-routeWithEco false                       # bool, default=false
-routeWithEco true                        # bool, default=false, user setting
-routeSelectedNetOnly false               # bool, default=false
-routeWithTimingDriven true               # bool, default=false, user setting
-routeWithTimingDriven false              # bool, default=false
-routeWithSiDriven true                   # bool, default=false, user setting
-routeWithSiDriven false                  # bool, default=false, user setting
Existing Dirty Nets : 24
New Signature Flow (saveAndSetNanoRouteOptions) ....
Reset Dirty Nets : 24
*** EcoRoute #3 [begin] : totSession cpu/real = 1:59:38.8/2:21:40.8 (0.8), mem = 3355.3M

globalDetailRoute

#Start globalDetailRoute on Mon Jul 27 17:17:39 2026
#
#WARNING (NRIG-39) NanoRoute cannot route to pin PIN/main_clk_pad of net main_clk_pad because it might be a logical pin and does not have physical shapes. To fix the problem, check the pin connection in the netlist and ensure the pin shapes exist in the floorplan.
#WARNING (NRIG-39) NanoRoute cannot route to pin PIN/PRESETn_pad of net PRESETn_pad because it might be a logical pin and does not have physical shapes. To fix the problem, check the pin connection in the netlist and ensure the pin shapes exist in the floorplan.
#WARNING (NRIG-39) NanoRoute cannot route to pin PIN/PSEL_pad of net PSEL_pad because it might be a logical pin and does not have physical shapes. To fix the problem, check the pin connection in the netlist and ensure the pin shapes exist in the floorplan.
#WARNING (NRIG-39) NanoRoute cannot route to pin PIN/PENABLE_pad of net PENABLE_pad because it might be a logical pin and does not have physical shapes. To fix the problem, check the pin connection in the netlist and ensure the pin shapes exist in the floorplan.
#WARNING (NRIG-39) NanoRoute cannot route to pin PIN/PWRITE_pad of net PWRITE_pad because it might be a logical pin and does not have physical shapes. To fix the problem, check the pin connection in the netlist and ensure the pin shapes exist in the floorplan.
#WARNING (NRIG-39) NanoRoute cannot route to pin PIN/PADDR_pad[7] of net PADDR_pad[7] because it might be a logical pin and does not have physical shapes. To fix the problem, check the pin connection in the netlist and ensure the pin shapes exist in the floorplan.
#WARNING (NRIG-39) NanoRoute cannot route to pin PIN/PADDR_pad[6] of net PADDR_pad[6] because it might be a logical pin and does not have physical shapes. To fix the problem, check the pin connection in the netlist and ensure the pin shapes exist in the floorplan.
#WARNING (NRIG-39) NanoRoute cannot route to pin PIN/PADDR_pad[5] of net PADDR_pad[5] because it might be a logical pin and does not have physical shapes. To fix the problem, check the pin connection in the netlist and ensure the pin shapes exist in the floorplan.
#WARNING (NRIG-39) NanoRoute cannot route to pin PIN/PADDR_pad[4] of net PADDR_pad[4] because it might be a logical pin and does not have physical shapes. To fix the problem, check the pin connection in the netlist and ensure the pin shapes exist in the floorplan.
#WARNING (NRIG-39) NanoRoute cannot route to pin PIN/PADDR_pad[3] of net PADDR_pad[3] because it might be a logical pin and does not have physical shapes. To fix the problem, check the pin connection in the netlist and ensure the pin shapes exist in the floorplan.
#WARNING (NRIG-39) NanoRoute cannot route to pin PIN/PADDR_pad[2] of net PADDR_pad[2] because it might be a logical pin and does not have physical shapes. To fix the problem, check the pin connection in the netlist and ensure the pin shapes exist in the floorplan.
#WARNING (NRIG-39) NanoRoute cannot route to pin PIN/PADDR_pad[1] of net PADDR_pad[1] because it might be a logical pin and does not have physical shapes. To fix the problem, check the pin connection in the netlist and ensure the pin shapes exist in the floorplan.
#WARNING (NRIG-39) NanoRoute cannot route to pin PIN/PADDR_pad[0] of net PADDR_pad[0] because it might be a logical pin and does not have physical shapes. To fix the problem, check the pin connection in the netlist and ensure the pin shapes exist in the floorplan.
#WARNING (NRIG-39) NanoRoute cannot route to pin PIN/SER_DATA_pad of net SER_DATA_pad because it might be a logical pin and does not have physical shapes. To fix the problem, check the pin connection in the netlist and ensure the pin shapes exist in the floorplan.
#WARNING (NRIG-39) NanoRoute cannot route to pin PIN/SHIFT_EN_pad of net SHIFT_EN_pad because it might be a logical pin and does not have physical shapes. To fix the problem, check the pin connection in the netlist and ensure the pin shapes exist in the floorplan.
#WARNING (NRIG-39) NanoRoute cannot route to pin PIN/PREADY_pad of net PREADY_pad because it might be a logical pin and does not have physical shapes. To fix the problem, check the pin connection in the netlist and ensure the pin shapes exist in the floorplan.
#WARNING (NRIG-39) NanoRoute cannot route to pin PIN/PSLVERR_pad of net PSLVERR_pad because it might be a logical pin and does not have physical shapes. To fix the problem, check the pin connection in the netlist and ensure the pin shapes exist in the floorplan.
#WARNING (NRIG-39) NanoRoute cannot route to pin PIN/SER_OUT_pad of net SER_OUT_pad because it might be a logical pin and does not have physical shapes. To fix the problem, check the pin connection in the netlist and ensure the pin shapes exist in the floorplan.
#WARNING (NRIG-39) NanoRoute cannot route to pin PIN/SHIFT_OUT_EN_pad of net SHIFT_OUT_EN_pad because it might be a logical pin and does not have physical shapes. To fix the problem, check the pin connection in the netlist and ensure the pin shapes exist in the floorplan.
#WARNING (NRDB-665) NET main_clk_pad has a detail routed segment whose one end ( -0.0010 -0.0010 ) is outside of design boundary ( 0.0000 0.0000 2940.0000 2940.0000 ).
#num needed restored net=0
#need_extraction net=0 (total=113045)
#WARNING (NRDB-733) PIN PADDR_pad[0] in CELL_VIEW C2S0306 does not have physical port.
#WARNING (NRDB-733) PIN PADDR_pad[1] in CELL_VIEW C2S0306 does not have physical port.
#WARNING (NRDB-733) PIN PADDR_pad[2] in CELL_VIEW C2S0306 does not have physical port.
#WARNING (NRDB-733) PIN PADDR_pad[3] in CELL_VIEW C2S0306 does not have physical port.
#WARNING (NRDB-733) PIN PADDR_pad[4] in CELL_VIEW C2S0306 does not have physical port.
#WARNING (NRDB-733) PIN PADDR_pad[5] in CELL_VIEW C2S0306 does not have physical port.
#WARNING (NRDB-733) PIN PADDR_pad[6] in CELL_VIEW C2S0306 does not have physical port.
#WARNING (NRDB-733) PIN PADDR_pad[7] in CELL_VIEW C2S0306 does not have physical port.
#WARNING (NRDB-733) PIN PENABLE_pad in CELL_VIEW C2S0306 does not have physical port.
#WARNING (NRDB-733) PIN PREADY_pad in CELL_VIEW C2S0306 does not have physical port.
#WARNING (NRDB-733) PIN PRESETn_pad in CELL_VIEW C2S0306 does not have physical port.
#WARNING (NRDB-733) PIN PSEL_pad in CELL_VIEW C2S0306 does not have physical port.
#WARNING (NRDB-733) PIN PSLVERR_pad in CELL_VIEW C2S0306 does not have physical port.
#WARNING (NRDB-733) PIN PWRITE_pad in CELL_VIEW C2S0306 does not have physical port.
#WARNING (NRDB-733) PIN SER_DATA_pad in CELL_VIEW C2S0306 does not have physical port.
#WARNING (NRDB-733) PIN SER_OUT_pad in CELL_VIEW C2S0306 does not have physical port.
#WARNING (NRDB-733) PIN SHIFT_EN_pad in CELL_VIEW C2S0306 does not have physical port.
#WARNING (NRDB-733) PIN SHIFT_OUT_EN_pad in CELL_VIEW C2S0306 does not have physical port.
#WARNING (NRDB-733) PIN main_clk_pad in CELL_VIEW C2S0306 does not have physical port.
#WARNING (NRDB-976) The TRACK STEP 0.5600 for preferred direction tracks is smaller than the PITCH 0.6600 for LAYER M5. This will cause routability problems for NanoRoute.
#Processed 37/0 dirty instances, 72/20 dirty terms, 0/0 dirty fterms, 0/0 dirty pgterms, 0/0 misc dirty regions(31 insts marked dirty, reset pre-exisiting dirty flag on 31 insts, 0 nets marked need extraction)
#NanoRoute Version 20.14-s095_1 NR210411-1939/20_14-UB
#Skip comparing routing design signature in db-snapshot flow
#Total number of trivial nets (e.g. < 2 pins) = 976 (skipped).
#Total number of routable nets = 112069.
#Total number of nets in the design = 113045.
#70 routable nets do not have any wires.
#111999 routable nets have routed wires.
#70 nets will be global routed.
#207 detail routed (routable) nets have been constrained (e.g. have preferred extra spacing, require shielding etc.)
#Start routing data preparation on Mon Jul 27 17:17:49 2026
#
#Minimum voltage of a net in the design = 0.000.
#Maximum voltage of a net in the design = 1.620.
#Voltage range [0.000 - 1.620] has 113041 nets.
#Voltage range [1.620 - 1.620] has 2 nets.
#Voltage range [0.000 - 0.000] has 2 nets.
#Initial pin access analysis.
#Detail pin access analysis.
# M1           H   Track-Pitch = 0.5600    Line-2-Via Pitch = 0.4850
# M2           V   Track-Pitch = 0.5600    Line-2-Via Pitch = 0.5600
# M3           H   Track-Pitch = 0.5600    Line-2-Via Pitch = 0.5600
# M4           V   Track-Pitch = 0.5600    Line-2-Via Pitch = 0.5600
# M5           H   Track-Pitch = 0.5600    Line-2-Via Pitch = 0.5600
# TOP_M        V   Track-Pitch = 1.1200    Line-2-Via Pitch = 0.9500
#Monitoring time of adding inner blkg by smac
#cpu time = 00:00:00, elapsed time = 00:00:00, memory = 2595.96 (MB), peak = 3025.43 (MB)
#Regenerating Ggrids automatically.
#Auto generating G-grids with size=15 tracks, using layer M3's pitch = 0.5600.
#Using automatically generated G-grids.
#Done routing data preparation.
#cpu time = 00:00:05, elapsed time = 00:00:05, memory = 2599.53 (MB), peak = 3025.43 (MB)
#Found 0 nets for post-route si or timing fixing.
#
#Finished routing data preparation on Mon Jul 27 17:17:55 2026
#
#Cpu time = 00:00:06
#Elapsed time = 00:00:06
#Increased memory = 9.26 (MB)
#Total memory = 2600.88 (MB)
#Peak memory = 3025.43 (MB)
#
#
#Start global routing on Mon Jul 27 17:17:55 2026
#
#
#Start global routing initialization on Mon Jul 27 17:17:55 2026
#
#Number of eco nets is 69
#
#Start global routing data preparation on Mon Jul 27 17:17:55 2026
#
#Start routing resource analysis on Mon Jul 27 17:17:56 2026
#
#Routing resource analysis is done on Mon Jul 27 17:18:03 2026
#
#  Resource Analysis:
#
#               Routing  #Avail      #Track     #Total     %Gcell
#  Layer      Direction   Track     Blocked      Gcell    Blocked
#  --------------------------------------------------------------
#  M1             H        3615        1634      122500    76.52%
#  M2             V        3635        1614      122500    32.12%
#  M3             H        3621        1628      122500    30.75%
#  M4             V        3610        1639      122500    32.24%
#  M5             H        3492        1757      122500    32.10%
#  TOP_M          V        1364        1261      122500    38.19%
#  --------------------------------------------------------------
#  Total                  19338      34.27%      735000    40.32%
#
#
#
#
#Global routing data preparation is done on Mon Jul 27 17:18:03 2026
#
#cpu time = 00:00:08, elapsed time = 00:00:08, memory = 2619.42 (MB), peak = 3025.43 (MB)
#
#
#Global routing initialization is done on Mon Jul 27 17:18:04 2026
#
#cpu time = 00:00:09, elapsed time = 00:00:09, memory = 2621.50 (MB), peak = 3025.43 (MB)
#
#start global routing iteration 1...
#cpu time = 00:00:01, elapsed time = 00:00:01, memory = 2628.29 (MB), peak = 3025.43 (MB)
#
#start global routing iteration 2...
#cpu time = 00:00:02, elapsed time = 00:00:02, memory = 2630.95 (MB), peak = 3025.43 (MB)
#
#start global routing iteration 3...
#cpu time = 00:00:04, elapsed time = 00:00:04, memory = 2642.28 (MB), peak = 3025.43 (MB)
#
#
#Total number of trivial nets (e.g. < 2 pins) = 976 (skipped).
#Total number of routable nets = 112069.
#Total number of nets in the design = 113045.
#
#112069 routable nets have routed wires.
#207 detail routed (routable) nets have been constrained (e.g. have preferred extra spacing, require shielding etc.)
#
#Routed nets constraints summary:
#-----------------------------
#        Rules   Unconstrained  
#-----------------------------
#      Default              70  
#-----------------------------
#        Total              70  
#-----------------------------
#
#Routing constraints summary of the whole design:
#---------------------------------------------------------
#        Rules   Pref Layer   Avoid Detour   Unconstrained  
#---------------------------------------------------------
#      Default          207            207          111862  
#---------------------------------------------------------
#        Total          207            207          111862  
#---------------------------------------------------------
#
#
#  Congestion Analysis: (blocked Gcells are excluded)
#
#                 OverCon          
#                  #Gcell    %Gcell
#     Layer           (1)   OverCon
#  --------------------------------
#  M1            0(0.00%)   (0.00%)
#  M2            9(0.01%)   (0.01%)
#  M3            1(0.00%)   (0.00%)
#  M4            1(0.00%)   (0.00%)
#  M5            0(0.00%)   (0.00%)
#  TOP_M         0(0.00%)   (0.00%)
#  --------------------------------
#     Total     11(0.00%)   (0.00%)
#
#  The worst congested Gcell overcon (routing demand over resource in number of tracks) = 1
#  Overflow after GR: 0.00% H + 0.00% V
#
#Complete Global Routing.
#Total wire length = 13159993 um.
#Total half perimeter of net bounding box = 10495763 um.
#Total wire length on LAYER M1 = 189093 um.
#Total wire length on LAYER M2 = 1967286 um.
#Total wire length on LAYER M3 = 2876302 um.
#Total wire length on LAYER M4 = 3801921 um.
#Total wire length on LAYER M5 = 3343219 um.
#Total wire length on LAYER TOP_M = 982171 um.
#Total number of vias = 1133046
#Total number of multi-cut vias = 403100 ( 35.6%)
#Total number of single cut vias = 729946 ( 64.4%)
#Up-Via Summary (total 1133046):
#                   single-cut          multi-cut      Total
#-----------------------------------------------------------
# M1            243167 ( 61.5%)    152409 ( 38.5%)     395576
# M2            230751 ( 58.3%)    164720 ( 41.7%)     395471
# M3            144151 ( 71.0%)     58981 ( 29.0%)     203132
# M4             97864 ( 82.7%)     20481 ( 17.3%)     118345
# M5             14013 ( 68.3%)      6509 ( 31.7%)      20522
#-----------------------------------------------------------
#               729946 ( 64.4%)    403100 ( 35.6%)    1133046 
#
#Max overcon = 1 tracks.
#Total overcon = 0.00%.
#Worst layer Gcell overcon rate = 0.00%.
#
#Global routing statistics:
#Cpu time = 00:00:23
#Elapsed time = 00:00:23
#Increased memory = 29.00 (MB)
#Total memory = 2629.87 (MB)
#Peak memory = 3025.43 (MB)
#
#Finished global routing on Mon Jul 27 17:18:18 2026
#
#
#cpu time = 00:00:01, elapsed time = 00:00:01, memory = 2620.68 (MB), peak = 3025.43 (MB)
#Start Track Assignment.
#Done with 20 horizontal wires in 11 hboxes and 25 vertical wires in 11 hboxes.
#Done with 1 horizontal wires in 11 hboxes and 3 vertical wires in 11 hboxes.
#Complete Track Assignment.
#Total wire length = 13160122 um.
#Total half perimeter of net bounding box = 10495763 um.
#Total wire length on LAYER M1 = 189093 um.
#Total wire length on LAYER M2 = 1967319 um.
#Total wire length on LAYER M3 = 2876356 um.
#Total wire length on LAYER M4 = 3801941 um.
#Total wire length on LAYER M5 = 3343229 um.
#Total wire length on LAYER TOP_M = 982184 um.
#Total number of vias = 1133046
#Total number of multi-cut vias = 403100 ( 35.6%)
#Total number of single cut vias = 729946 ( 64.4%)
#Up-Via Summary (total 1133046):
#                   single-cut          multi-cut      Total
#-----------------------------------------------------------
# M1            243167 ( 61.5%)    152409 ( 38.5%)     395576
# M2            230751 ( 58.3%)    164720 ( 41.7%)     395471
# M3            144151 ( 71.0%)     58981 ( 29.0%)     203132
# M4             97864 ( 82.7%)     20481 ( 17.3%)     118345
# M5             14013 ( 68.3%)      6509 ( 31.7%)      20522
#-----------------------------------------------------------
#               729946 ( 64.4%)    403100 ( 35.6%)    1133046 
#
#cpu time = 00:00:26, elapsed time = 00:00:26, memory = 2632.39 (MB), peak = 3025.43 (MB)
#
#number of short segments in preferred routing layers
#	
#	
#
#Routing data preparation, pin analysis, global routing and track assignment statistics:
#Cpu time = 00:01:02
#Elapsed time = 00:01:02
#Increased memory = 43.38 (MB)
#Total memory = 2634.98 (MB)
#Peak memory = 3025.43 (MB)
#
#Start Detail Routing..
#start initial detail routing ...
#    completing 10% with 4 violations
#    elapsed time = 00:00:04, memory = 2692.90 (MB)
#    completing 20% with 19 violations
#    elapsed time = 00:00:05, memory = 2698.29 (MB)
#    completing 30% with 20 violations
#    elapsed time = 00:00:06, memory = 2699.26 (MB)
#    completing 40% with 29 violations
#    elapsed time = 00:00:08, memory = 2707.64 (MB)
#    completing 50% with 29 violations
#    elapsed time = 00:00:08, memory = 2707.64 (MB)
#    completing 60% with 29 violations
#    elapsed time = 00:00:09, memory = 2708.04 (MB)
#    completing 70% with 38 violations
#    elapsed time = 00:00:11, memory = 2708.79 (MB)
#    completing 80% with 41 violations
#    elapsed time = 00:00:11, memory = 2708.91 (MB)
#    completing 90% with 43 violations
#    elapsed time = 00:00:13, memory = 2710.59 (MB)
#    completing 100% with 43 violations
#    elapsed time = 00:00:14, memory = 2710.59 (MB)
# ECO: 0.3% of the total area was rechecked for DRC, and 1.0% required routing.
#   number of violations = 43
#
#    By Layer and Type :
#	         MetSpc    Short      Mar   Totals
#	M1            1        2        0        3
#	M2            9       16        1       26
#	M3            3        4        0        7
#	M4            0        1        0        1
#	M5            4        2        0        6
#	Totals       17       25        1       43
#31 out of 111053 instances (0.0%) need to be verified(marked ipoed), dirty area = 0.0%.
#0.0% of the total area is being checked for drcs
#0.0% of the total area was checked
#   number of violations = 43
#
#    By Layer and Type :
#	         MetSpc    Short      Mar   Totals
#	M1            1        2        0        3
#	M2            9       16        1       26
#	M3            3        4        0        7
#	M4            0        1        0        1
#	M5            4        2        0        6
#	Totals       17       25        1       43
#cpu time = 00:00:17, elapsed time = 00:00:17, memory = 2637.34 (MB), peak = 3025.43 (MB)
#start 1st optimization iteration ...
#   number of violations = 9
#
#    By Layer and Type :
#	         MetSpc    Short   Totals
#	M1            1        2        3
#	M2            3        0        3
#	M3            1        0        1
#	M4            0        1        1
#	M5            1        0        1
#	Totals        6        3        9
#    number of process antenna violations = 268
#cpu time = 00:00:03, elapsed time = 00:00:03, memory = 2636.81 (MB), peak = 3025.43 (MB)
#start 2nd optimization iteration ...
#   number of violations = 9
#
#    By Layer and Type :
#	         MetSpc    Short   Totals
#	M1            1        3        4
#	M2            3        0        3
#	M3            1        0        1
#	M4            0        0        0
#	M5            1        0        1
#	Totals        6        3        9
#    number of process antenna violations = 276
#cpu time = 00:00:05, elapsed time = 00:00:05, memory = 2636.14 (MB), peak = 3025.43 (MB)
#start 3rd optimization iteration ...
#   number of violations = 4
#
#    By Layer and Type :
#	         MetSpc   Totals
#	M1            0        0
#	M2            3        3
#	M3            0        0
#	M4            0        0
#	M5            1        1
#	Totals        4        4
#    number of process antenna violations = 276
#cpu time = 00:00:06, elapsed time = 00:00:06, memory = 2637.09 (MB), peak = 3025.43 (MB)
#start 4th optimization iteration ...
#   number of violations = 4
#
#    By Layer and Type :
#	         MetSpc   Totals
#	M1            0        0
#	M2            3        3
#	M3            0        0
#	M4            0        0
#	M5            1        1
#	Totals        4        4
#    number of process antenna violations = 272
#cpu time = 00:00:08, elapsed time = 00:00:08, memory = 2636.73 (MB), peak = 3025.43 (MB)
#start 5th optimization iteration ...
#   number of violations = 2
#
#    By Layer and Type :
#	         MetSpc   Totals
#	M1            0        0
#	M2            1        1
#	M3            0        0
#	M4            0        0
#	M5            1        1
#	Totals        2        2
#    number of process antenna violations = 272
#cpu time = 00:00:02, elapsed time = 00:00:02, memory = 2636.61 (MB), peak = 3025.43 (MB)
#start 6th optimization iteration ...
#   number of violations = 2
#
#    By Layer and Type :
#	         MetSpc   Totals
#	M1            0        0
#	M2            1        1
#	M3            0        0
#	M4            0        0
#	M5            1        1
#	Totals        2        2
#cpu time = 00:00:02, elapsed time = 00:00:02, memory = 2636.40 (MB), peak = 3025.43 (MB)
#start 7th optimization iteration ...
#   number of violations = 2
#
#    By Layer and Type :
#	         MetSpc   Totals
#	M1            0        0
#	M2            1        1
#	M3            0        0
#	M4            0        0
#	M5            1        1
#	Totals        2        2
#cpu time = 00:00:02, elapsed time = 00:00:02, memory = 2636.32 (MB), peak = 3025.43 (MB)
#start 8th optimization iteration ...
#   number of violations = 2
#
#    By Layer and Type :
#	         MetSpc   Totals
#	M1            0        0
#	M2            1        1
#	M3            0        0
#	M4            0        0
#	M5            1        1
#	Totals        2        2
#cpu time = 00:00:02, elapsed time = 00:00:02, memory = 2635.97 (MB), peak = 3025.43 (MB)
#start 9th optimization iteration ...
#   number of violations = 3
#
#    By Layer and Type :
#	         MetSpc    Short   Totals
#	M1            0        0        0
#	M2            1        0        1
#	M3            0        0        0
#	M4            0        0        0
#	M5            1        1        2
#	Totals        2        1        3
#cpu time = 00:00:02, elapsed time = 00:00:02, memory = 2637.94 (MB), peak = 3025.43 (MB)
#start 10th optimization iteration ...
#   number of violations = 3
#
#    By Layer and Type :
#	         MetSpc   Totals
#	M1            0        0
#	M2            1        1
#	M3            0        0
#	M4            0        0
#	M5            2        2
#	Totals        3        3
#cpu time = 00:00:02, elapsed time = 00:00:02, memory = 2636.53 (MB), peak = 3025.43 (MB)
#start 11th optimization iteration ...
#   number of violations = 3
#
#    By Layer and Type :
#	         MetSpc   Totals
#	M1            0        0
#	M2            1        1
#	M3            0        0
#	M4            0        0
#	M5            1        1
#	TOP_M         1        1
#	Totals        3        3
#cpu time = 00:00:02, elapsed time = 00:00:02, memory = 2637.47 (MB), peak = 3025.43 (MB)
#start 12th optimization iteration ...
#   number of violations = 3
#
#    By Layer and Type :
#	         MetSpc    Short   Totals
#	M1            0        0        0
#	M2            2        0        2
#	M3            0        0        0
#	M4            0        0        0
#	M5            0        0        0
#	TOP_M         0        1        1
#	Totals        2        1        3
#cpu time = 00:00:02, elapsed time = 00:00:02, memory = 2636.19 (MB), peak = 3025.43 (MB)
#start 13th optimization iteration ...
#   number of violations = 3
#
#    By Layer and Type :
#	         MetSpc    Short   Totals
#	M1            0        0        0
#	M2            1        0        1
#	M3            0        0        0
#	M4            0        0        0
#	M5            1        0        1
#	TOP_M         0        1        1
#	Totals        2        1        3
#cpu time = 00:00:02, elapsed time = 00:00:02, memory = 2635.66 (MB), peak = 3025.43 (MB)
#start 14th optimization iteration ...
#   number of violations = 2
#
#    By Layer and Type :
#	         MetSpc   Totals
#	M1            0        0
#	M2            1        1
#	M3            0        0
#	M4            0        0
#	M5            1        1
#	Totals        2        2
#cpu time = 00:00:02, elapsed time = 00:00:02, memory = 2634.39 (MB), peak = 3025.43 (MB)
#start 15th optimization iteration ...
#   number of violations = 1
#
#    By Layer and Type :
#	         MetSpc   Totals
#	M1            0        0
#	M2            1        1
#	Totals        1        1
#cpu time = 00:00:02, elapsed time = 00:00:02, memory = 2635.78 (MB), peak = 3025.43 (MB)
#start 16th optimization iteration ...
#   number of violations = 0
#cpu time = 00:00:02, elapsed time = 00:00:02, memory = 2635.48 (MB), peak = 3025.43 (MB)
#Complete Detail Routing.
#Total wire length = 13160077 um.
#Total half perimeter of net bounding box = 10495763 um.
#Total wire length on LAYER M1 = 189107 um.
#Total wire length on LAYER M2 = 1967233 um.
#Total wire length on LAYER M3 = 2876372 um.
#Total wire length on LAYER M4 = 3801974 um.
#Total wire length on LAYER M5 = 3343212 um.
#Total wire length on LAYER TOP_M = 982179 um.
#Total number of vias = 1133138
#Total number of multi-cut vias = 403076 ( 35.6%)
#Total number of single cut vias = 730062 ( 64.4%)
#Up-Via Summary (total 1133138):
#                   single-cut          multi-cut      Total
#-----------------------------------------------------------
# M1            243187 ( 61.5%)    152395 ( 38.5%)     395582
# M2            230797 ( 58.4%)    164708 ( 41.6%)     395505
# M3            144188 ( 71.0%)     58981 ( 29.0%)     203169
# M4             97879 ( 82.7%)     20483 ( 17.3%)     118362
# M5             14011 ( 68.3%)      6509 ( 31.7%)      20520
#-----------------------------------------------------------
#               730062 ( 64.4%)    403076 ( 35.6%)    1133138 
#
#Total number of DRC violations = 0
#Cpu time = 00:01:19
#Elapsed time = 00:01:19
#Increased memory = -2.17 (MB)
#Total memory = 2632.81 (MB)
#Peak memory = 3025.43 (MB)
#
#start routing for process antenna violation fix ...
#cpu time = 00:00:13, elapsed time = 00:00:13, memory = 2637.14 (MB), peak = 3025.43 (MB)
#
#Total wire length = 13160082 um.
#Total half perimeter of net bounding box = 10495763 um.
#Total wire length on LAYER M1 = 189107 um.
#Total wire length on LAYER M2 = 1967219 um.
#Total wire length on LAYER M3 = 2876357 um.
#Total wire length on LAYER M4 = 3801991 um.
#Total wire length on LAYER M5 = 3343228 um.
#Total wire length on LAYER TOP_M = 982181 um.
#Total number of vias = 1133160
#Total number of multi-cut vias = 403076 ( 35.6%)
#Total number of single cut vias = 730084 ( 64.4%)
#Up-Via Summary (total 1133160):
#                   single-cut          multi-cut      Total
#-----------------------------------------------------------
# M1            243187 ( 61.5%)    152395 ( 38.5%)     395582
# M2            230799 ( 58.4%)    164708 ( 41.6%)     395507
# M3            144196 ( 71.0%)     58981 ( 29.0%)     203177
# M4             97889 ( 82.7%)     20483 ( 17.3%)     118372
# M5             14013 ( 68.3%)      6509 ( 31.7%)      20522
#-----------------------------------------------------------
#               730084 ( 64.4%)    403076 ( 35.6%)    1133160 
#
#Total number of DRC violations = 0
#Total number of process antenna violations = 50
#Total number of net violated process antenna rule = 50 ant fix stage
#
#WARNING (NRDB-104) Cannot find antenna cell. Please set option 'route_antenna_cell_name', or change your LEF file.
#
# start diode insertion for process antenna violation fix ...
#WARNING (NRDB-104) Cannot find antenna cell. Please set option 'route_antenna_cell_name', or change your LEF file.
#cpu time = 00:00:00, elapsed time = 00:00:00, memory = 2634.47 (MB), peak = 3025.43 (MB)
#
#Total wire length = 13160082 um.
#Total half perimeter of net bounding box = 10495763 um.
#Total wire length on LAYER M1 = 189107 um.
#Total wire length on LAYER M2 = 1967219 um.
#Total wire length on LAYER M3 = 2876357 um.
#Total wire length on LAYER M4 = 3801991 um.
#Total wire length on LAYER M5 = 3343228 um.
#Total wire length on LAYER TOP_M = 982181 um.
#Total number of vias = 1133160
#Total number of multi-cut vias = 403076 ( 35.6%)
#Total number of single cut vias = 730084 ( 64.4%)
#Up-Via Summary (total 1133160):
#                   single-cut          multi-cut      Total
#-----------------------------------------------------------
# M1            243187 ( 61.5%)    152395 ( 38.5%)     395582
# M2            230799 ( 58.4%)    164708 ( 41.6%)     395507
# M3            144196 ( 71.0%)     58981 ( 29.0%)     203177
# M4             97889 ( 82.7%)     20483 ( 17.3%)     118372
# M5             14013 ( 68.3%)      6509 ( 31.7%)      20522
#-----------------------------------------------------------
#               730084 ( 64.4%)    403076 ( 35.6%)    1133160 
#
#Total number of DRC violations = 0
#Total number of process antenna violations = 50
#Total number of net violated process antenna rule = 50 
#
#WARNING (NRDB-104) Cannot find antenna cell. Please set option 'route_antenna_cell_name', or change your LEF file.
#
#Total wire length = 13160082 um.
#Total half perimeter of net bounding box = 10495763 um.
#Total wire length on LAYER M1 = 189107 um.
#Total wire length on LAYER M2 = 1967219 um.
#Total wire length on LAYER M3 = 2876357 um.
#Total wire length on LAYER M4 = 3801991 um.
#Total wire length on LAYER M5 = 3343228 um.
#Total wire length on LAYER TOP_M = 982181 um.
#Total number of vias = 1133160
#Total number of multi-cut vias = 403076 ( 35.6%)
#Total number of single cut vias = 730084 ( 64.4%)
#Up-Via Summary (total 1133160):
#                   single-cut          multi-cut      Total
#-----------------------------------------------------------
# M1            243187 ( 61.5%)    152395 ( 38.5%)     395582
# M2            230799 ( 58.4%)    164708 ( 41.6%)     395507
# M3            144196 ( 71.0%)     58981 ( 29.0%)     203177
# M4             97889 ( 82.7%)     20483 ( 17.3%)     118372
# M5             14013 ( 68.3%)      6509 ( 31.7%)      20522
#-----------------------------------------------------------
#               730084 ( 64.4%)    403076 ( 35.6%)    1133160 
#
#Total number of DRC violations = 0
#Total number of process antenna violations = 50
#Total number of net violated process antenna rule = 50 
#
#WARNING (NRDB-104) Cannot find antenna cell. Please set option 'route_antenna_cell_name', or change your LEF file.
#
#Start Post Route wire spreading..
#
#Start data preparation for wire spreading...
#
#Data preparation is done on Mon Jul 27 17:20:45 2026
#
#WARNING (NRDB-104) Cannot find antenna cell. Please set option 'route_antenna_cell_name', or change your LEF file.
#
#Start Post Route Wire Spread.
#Done with 955 horizontal wires in 22 hboxes and 1268 vertical wires in 22 hboxes.
#Complete Post Route Wire Spread.
#
#Total wire length = 13160207 um.
#Total half perimeter of net bounding box = 10495763 um.
#Total wire length on LAYER M1 = 189106 um.
#Total wire length on LAYER M2 = 1967238 um.
#Total wire length on LAYER M3 = 2876381 um.
#Total wire length on LAYER M4 = 3802015 um.
#Total wire length on LAYER M5 = 3343254 um.
#Total wire length on LAYER TOP_M = 982212 um.
#Total number of vias = 1133160
#Total number of multi-cut vias = 403076 ( 35.6%)
#Total number of single cut vias = 730084 ( 64.4%)
#Up-Via Summary (total 1133160):
#                   single-cut          multi-cut      Total
#-----------------------------------------------------------
# M1            243187 ( 61.5%)    152395 ( 38.5%)     395582
# M2            230799 ( 58.4%)    164708 ( 41.6%)     395507
# M3            144196 ( 71.0%)     58981 ( 29.0%)     203177
# M4             97889 ( 82.7%)     20483 ( 17.3%)     118372
# M5             14013 ( 68.3%)      6509 ( 31.7%)      20522
#-----------------------------------------------------------
#               730084 ( 64.4%)    403076 ( 35.6%)    1133160 
#
#WARNING (NRDB-104) Cannot find antenna cell. Please set option 'route_antenna_cell_name', or change your LEF file.
#   number of violations = 0
#cpu time = 00:00:40, elapsed time = 00:00:40, memory = 2629.88 (MB), peak = 3025.43 (MB)
#CELL_VIEW C2S0306,init has 0 DRC violations
#Total number of DRC violations = 0
#Total number of process antenna violations = 50
#Total number of net violated process antenna rule = 50 
#Post Route wire spread is done.
#Total wire length = 13160207 um.
#Total half perimeter of net bounding box = 10495763 um.
#Total wire length on LAYER M1 = 189106 um.
#Total wire length on LAYER M2 = 1967238 um.
#Total wire length on LAYER M3 = 2876381 um.
#Total wire length on LAYER M4 = 3802015 um.
#Total wire length on LAYER M5 = 3343254 um.
#Total wire length on LAYER TOP_M = 982212 um.
#Total number of vias = 1133160
#Total number of multi-cut vias = 403076 ( 35.6%)
#Total number of single cut vias = 730084 ( 64.4%)
#Up-Via Summary (total 1133160):
#                   single-cut          multi-cut      Total
#-----------------------------------------------------------
# M1            243187 ( 61.5%)    152395 ( 38.5%)     395582
# M2            230799 ( 58.4%)    164708 ( 41.6%)     395507
# M3            144196 ( 71.0%)     58981 ( 29.0%)     203177
# M4             97889 ( 82.7%)     20483 ( 17.3%)     118372
# M5             14013 ( 68.3%)      6509 ( 31.7%)      20522
#-----------------------------------------------------------
#               730084 ( 64.4%)    403076 ( 35.6%)    1133160 
#
#detailRoute Statistics:
#Cpu time = 00:02:36
#Elapsed time = 00:02:36
#Increased memory = -7.76 (MB)
#Total memory = 2627.22 (MB)
#Peak memory = 3025.43 (MB)
#Skip updating routing design signature in db-snapshot flow
#
#globalDetailRoute statistics:
#Cpu time = 00:03:54
#Elapsed time = 00:03:55
#Increased memory = -378.34 (MB)
#Total memory = 2405.15 (MB)
#Peak memory = 3025.43 (MB)
#Number of warnings = 46
#Total number of warnings = 188
#Number of fails = 0
#Total number of fails = 0
#Complete globalDetailRoute on Mon Jul 27 17:21:34 2026
#
*** EcoRoute #3 [finish] : cpu/real = 0:03:55.1/0:03:55.4 (1.0), totSession cpu/real = 2:03:33.9/2:25:36.1 (0.8), mem = 3333.5M
**optDesign ... cpu = 0:07:46, real = 0:07:44, mem = 2402.3M, totSessionCpu=2:03:34 **
-routeWithEco false                       # bool, default=false
-routeSelectedNetOnly false               # bool, default=false
-routeWithTimingDriven true               # bool, default=false, user setting
-routeWithSiDriven true                   # bool, default=false, user setting
New Signature Flow (restoreNanoRouteOptions) ....
Extraction called for design 'C2S0306' of instances=111053 and nets=113045 using extraction engine 'postRoute' at effort level 'low' .
**WARN: (IMPEXT-3530):	The process node is not set. Use the command setDesignMode -process <process node> prior to extraction for maximum accuracy and optimal automatic threshold setting.
Type 'man IMPEXT-3530' for more detail.
PostRoute (effortLevel low) RC Extraction called for design C2S0306.
RC Extraction called in multi-corner(2) mode.
**WARN: (IMPEXT-6166):	Capacitance table file(s) without the EXTENDED section is being used for RC extraction. This is not recommended because it results in lower accuracy for clock nets in preRoute extraction and for all nets in postRoute extraction using -effortLevel low. Regenerate capacitance table file(s) using the generateCapTbl command.
Type 'man IMPEXT-6166' for more detail.
Process corner(s) are loaded.
 Corner: rc_worst
 Corner: rc_best
extractDetailRC Option : -outfile /tmp/innovus_temp_169137_c2sgpr065.Cambridge.edu.in_scl_shuttle_8_3_MYlu7D/C2S0306_169137_5sti2s.rcdb.d -maxResLength 200  -basic
RC Mode: PostRoute -effortLevel low [Basic CapTable, RC Table Resistances]
      RC Corner Indexes            0       1   
Capacitance Scaling Factor   : 1.00000 1.00000 
Coupling Cap. Scaling Factor : 1.00000 1.00000 
Resistance Scaling Factor    : 1.00000 1.00000 
Clock Cap. Scaling Factor    : 1.00000 1.00000 
Clock Res. Scaling Factor    : 1.00000 1.00000 
Shrink Factor                : 1.00000
Initializing multi-corner resistance tables ...
Checking LVS Completed (CPU Time= 0:00:00.8  MEM= 3333.5M)
Extracted 10.0001% (CPU Time= 0:00:06.9  MEM= 3396.5M)
Extracted 20.0001% (CPU Time= 0:00:08.9  MEM= 3396.5M)
Extracted 30.0001% (CPU Time= 0:00:11.3  MEM= 3396.5M)
Extracted 40.0001% (CPU Time= 0:00:13.6  MEM= 3396.5M)
Extracted 50.0001% (CPU Time= 0:00:15.4  MEM= 3396.5M)
Extracted 60.0001% (CPU Time= 0:00:18.6  MEM= 3396.5M)
Extracted 70.0001% (CPU Time= 0:00:20.0  MEM= 3396.5M)
Extracted 80.0001% (CPU Time= 0:00:23.8  MEM= 3396.5M)
Extracted 90.0001% (CPU Time= 0:00:25.7  MEM= 3396.5M)
Extracted 100% (CPU Time= 0:00:31.6  MEM= 3396.5M)
Number of Extracted Resistors     : 3188262
Number of Extracted Ground Cap.   : 3234665
Number of Extracted Coupling Cap. : 8153752
Filtering XCap in 'relativeOnly' mode using values relative_c_threshold=0.03 and total_c_threshold=5fF.
 Corner: rc_worst
 Corner: rc_best
Checking LVS Completed (CPU Time= 0:00:00.8  MEM= 3365.2M)
PostRoute (effortLevel low) RC Extraction DONE (CPU Time: 0:00:40.1  Real Time: 0:00:39.0  MEM: 3373.207M)
**optDesign ... cpu = 0:08:26, real = 0:08:23, mem = 2405.3M, totSessionCpu=2:04:14 **
Starting delay calculation for Setup views
Starting SI iteration 1 using Infinite Timing Windows
#################################################################################
# Design Stage: PostRoute
# Design Name: C2S0306
# Design Mode: 90nm
# Analysis Mode: MMMC OCV 
# Parasitics Mode: SPEF/RCDB 
# Signoff Settings: SI On 
#################################################################################
AAE_INFO: 1 threads acquired from CTE.
Start delay calculation (fullDC) (1 T). (MEM=3361.26)
Initializing multi-corner resistance tables ...
Total number of fetched objects 112088
AAE_INFO-618: Total number of nets in the design is 113045,  99.2 percent of the nets selected for SI analysis
Total number of fetched objects 112088
AAE_INFO-618: Total number of nets in the design is 113045,  99.2 percent of the nets selected for SI analysis
End delay calculation. (MEM=3385.14 CPU=0:00:58.8 REAL=0:00:59.0)
End delay calculation (fullDC). (MEM=3385.14 CPU=0:01:03 REAL=0:01:03)
Loading CTE timing window with TwFlowType 0...(CPU = 0:00:00.0, REAL = 0:00:00.0, MEM = 3385.1M)
Add other clocks and setupCteToAAEClockMapping during iter 1
Loading CTE timing window is completed (CPU = 0:00:00.4, REAL = 0:00:01.0, MEM = 3385.1M)
Starting SI iteration 2
Start delay calculation (fullDC) (1 T). (MEM=3332.25)
Glitch Analysis: View worst_case -- Total Number of Nets Skipped = 0. 
Glitch Analysis: View worst_case -- Total Number of Nets Analyzed = 0. 
Total number of fetched objects 112088
AAE_INFO-618: Total number of nets in the design is 113045,  0.4 percent of the nets selected for SI analysis
Total number of fetched objects 112088
AAE_INFO-618: Total number of nets in the design is 113045,  0.2 percent of the nets selected for SI analysis
End delay calculation. (MEM=3374.93 CPU=0:00:01.7 REAL=0:00:02.0)
End delay calculation (fullDC). (MEM=3374.93 CPU=0:00:02.0 REAL=0:00:02.0)
*** Done Building Timing Graph (cpu=0:01:22 real=0:01:21 totSessionCpu=2:05:36 mem=3374.9M)

------------------------------------------------------------------
       Post-ecoRoute Summary
------------------------------------------------------------------

Setup views included:
 worst_case 

+--------------------+---------+---------+---------+
|     Setup mode     |   all   | reg2reg | default |
+--------------------+---------+---------+---------+
|           WNS (ns):| 12.867  | 12.867  | 25.331  |
|           TNS (ns):|  0.000  |  0.000  |  0.000  |
|    Violating Paths:|    0    |    0    |    0    |
|          All Paths:|  23082  |  22131  |  4136   |
+--------------------+---------+---------+---------+

+----------------+-------------------------------+------------------+
|                |              Real             |       Total      |
|    DRVs        +------------------+------------+------------------|
|                |  Nr nets(terms)  | Worst Vio  |  Nr nets(terms)  |
+----------------+------------------+------------+------------------+
|   max_cap      |      0 (0)       |   0.000    |      0 (0)       |
|   max_tran     |      0 (0)       |   0.000    |      0 (0)       |
|   max_fanout   |      0 (0)       |     0      |      0 (0)       |
|   max_length   |      0 (0)       |     0      |      0 (0)       |
+----------------+------------------+------------+------------------+

Density: 71.736%
Total number of glitch violations: 0
------------------------------------------------------------------
**optDesign ... cpu = 0:09:52, real = 0:09:48, mem = 2726.3M, totSessionCpu=2:05:40 **
Executing marking Critical Nets1
**INFO: flowCheckPoint #15 OptimizationRecovery
*** Timing Is met
*** Check timing (0:00:00.1)
Running postRoute recovery in postEcoRoute mode
**optDesign ... cpu = 0:09:52, real = 0:09:48, mem = 2726.3M, totSessionCpu=2:05:40 **
Checking setup slack degradation ...
Checking DRV degradation...
**INFO: Skipping DRV recovery as drv did not degrade beyond margin
Finish postRoute recovery in postEcoRoute mode (cpu=0:00:03, real=0:00:03, mem=3348.57M, totSessionCpu=2:05:43).
**optDesign ... cpu = 0:09:55, real = 0:09:51, mem = 2726.3M, totSessionCpu=2:05:43 **

Latch borrow mode reset to max_borrow
**INFO: flowCheckPoint #16 FinalSummary
Reported timing to dir ./timingReports
**optDesign ... cpu = 0:10:00, real = 0:09:56, mem = 2716.3M, totSessionCpu=2:05:48 **

------------------------------------------------------------------
     optDesign Final SI Timing Summary
------------------------------------------------------------------

Setup views included:
 worst_case 

+--------------------+---------+---------+---------+
|     Setup mode     |   all   | reg2reg | default |
+--------------------+---------+---------+---------+
|           WNS (ns):| 12.867  | 12.867  | 25.331  |
|           TNS (ns):|  0.000  |  0.000  |  0.000  |
|    Violating Paths:|    0    |    0    |    0    |
|          All Paths:|  23082  |  22131  |  4136   |
+--------------------+---------+---------+---------+

+----------------+-------------------------------+------------------+
|                |              Real             |       Total      |
|    DRVs        +------------------+------------+------------------|
|                |  Nr nets(terms)  | Worst Vio  |  Nr nets(terms)  |
+----------------+------------------+------------+------------------+
|   max_cap      |      0 (0)       |   0.000    |      0 (0)       |
|   max_tran     |      0 (0)       |   0.000    |      0 (0)       |
|   max_fanout   |      0 (0)       |     0      |      0 (0)       |
|   max_length   |      0 (0)       |     0      |      0 (0)       |
+----------------+------------------+------------+------------------+

Density: 71.736%
Total number of glitch violations: 0
------------------------------------------------------------------
**optDesign ... cpu = 0:10:08, real = 0:10:05, mem = 2725.6M, totSessionCpu=2:05:56 **
 ReSet Options after AAE Based Opt flow 
*** Finished optDesign ***
Info: Destroy the CCOpt slew target map.
*** optDesign #3 [finish] : cpu/real = 0:10:06.5/0:10:03.6 (1.0), totSession cpu/real = 2:05:55.9/2:27:56.8 (0.9), mem = 3348.6M
<CMD> optDesign -postRoute -hold
**optDesign ... cpu = 0:00:00, real = 0:00:00, mem = 2708.2M, totSessionCpu=2:05:56 **
**INFO: User settings:
setNanoRouteMode -drouteAntennaFactor                           1
setNanoRouteMode -droutePostRouteSpreadWire                     1
setNanoRouteMode -drouteStartIteration                          0
setNanoRouteMode -drouteUseMinSpacingForBlockage                auto
setNanoRouteMode -drouteUseMultiCutViaEffort                    high
setNanoRouteMode -extractThirdPartyCompatible                   false
setNanoRouteMode -grouteExpTdStdDelay                           45.5
setNanoRouteMode -grouteExpTdUseTifTimingEngineForImportDesign  false
setNanoRouteMode -routeAntennaCellName                          {}
setNanoRouteMode -routeBottomRoutingLayer                       1
setNanoRouteMode -routeInsertAntennaDiode                       true
setNanoRouteMode -routeStrictlyHonorNonDefaultRule              false
setNanoRouteMode -routeTdrEffort                                6
setNanoRouteMode -routeTopRoutingLayer                          6
setNanoRouteMode -routeWithSiDriven                             true
setNanoRouteMode -routeWithSiPostRouteFix                       false
setNanoRouteMode -routeWithTimingDriven                         true
setNanoRouteMode -timingEngine                                  {}
setExtractRCMode -basic                                         true
setExtractRCMode -coupled                                       true
setExtractRCMode -engine                                        postRoute
setExtractRCMode -extended                                      false
setExtractRCMode -noCleanRCDB                                   true
setExtractRCMode -nrNetInMemory                                 100000
setUsefulSkewMode -ecoRoute                                     false
setUsefulSkewMode -maxAllowedDelay                              1
setUsefulSkewMode -maxSkew                                      false
setUsefulSkewMode -noBoundary                                   false
setUsefulSkewMode -useCells                                     {dl04d1 bufbd7 buffd2 dl03d1 bufbdf buffda dl02d2 dl03d4 dl04d2 dl02d1 dl01d4 buffd3 bufbda bufbdk buffd4 dl04d4 dl02d4 bufbd4 dl01d2 bufbd3 bufbd1 dl01d1 buffd7 bufbd2 buffd1 dl03d2 inv0d2 invbda inv0da invbdk inv0d1 inv0d7 invbd4 invbd2 inv0d0 invbd7 invbdf inv0d4}
setDelayCalMode -enable_high_fanout                             true
setDelayCalMode -eng_copyNetPropToNewNet                        true
setDelayCalMode -engine                                         aae
setDelayCalMode -ignoreNetLoad                                  false
setDelayCalMode -SIAware                                        true
setDelayCalMode -socv_accuracy_mode                             low
setOptMode -activeSetupViews                                    { worst_case }
setOptMode -allEndPoints                                        true
setOptMode -autoSetupViews                                      { worst_case}
setOptMode -autoTDGRSetupViews                                  { worst_case}
setOptMode -deleteInst                                          true
setOptMode -drcMargin                                           0
setOptMode -effort                                              high
setOptMode -fixCap                                              true
setOptMode -fixDrc                                              true
setOptMode -fixFanoutLoad                                       true
setOptMode -fixTran                                             true
setOptMode -holdTargetSlack                                     0.2999
setOptMode -leakageToDynamicRatio                               1
setOptMode -maxDensity                                          0.8
setOptMode -optimizeFF                                          true
setOptMode -powerEffort                                         none
setOptMode -preserveAllSequential                               false
setOptMode -reclaimArea                                         true
setOptMode -setupTargetSlack                                    0
setOptMode -simplifyNetlist                                     true
setOptMode -usefulSkew                                          true
setSIMode -separate_delta_delay_on_data                         true
setSIMode -si_reselection                                       slack
setPlaceMode -place_design_floorplan_mode                       false
setPlaceMode -place_detail_check_route                          false
setPlaceMode -place_detail_preserve_routing                     true
setPlaceMode -place_detail_remove_affected_routing              false
setPlaceMode -place_detail_swap_eeq_cells                       false
setPlaceMode -place_global_clock_gate_aware                     true
setPlaceMode -place_global_cong_effort                          high
setPlaceMode -place_global_ignore_scan                          true
setPlaceMode -place_global_ignore_spare                         false
setPlaceMode -place_global_module_aware_spare                   false
setPlaceMode -place_global_place_io_pins                        false
setPlaceMode -place_global_reorder_scan                         true
setPlaceMode -powerDriven                                       false
setPlaceMode -timingDriven                                      true
setAnalysisMode -analysisType                                   onChipVariation
setAnalysisMode -checkType                                      setup
setAnalysisMode -clkSrcPath                                     true
setAnalysisMode -clockPropagation                               sdcControl
setAnalysisMode -cppr                                           both
setAnalysisMode -skew                                           true
setAnalysisMode -usefulSkew                                     true
setAnalysisMode -virtualIPO                                     false

Disable merging buffers from different footprints for postRoute code for non-MSV designs
GigaOpt running with 1 threads.
Need call spDPlaceInit before registerPrioInstLoc.
*** optDesign #4 [begin] : totSession cpu/real = 2:05:57.3/2:27:58.2 (0.9), mem = 3344.6M
*** InitOpt #4 [begin] : totSession cpu/real = 2:05:57.3/2:27:58.2 (0.9), mem = 3344.6M
**optDesign ... cpu = 0:00:04, real = 0:00:03, mem = 2711.3M, totSessionCpu=2:05:59 **
Existing Dirty Nets : 0
New Signature Flow (optDesignCheckOptions) ....
#Taking db snapshot
#Taking db snapshot ... done
Begin checking placement ... (start mem=3365.3M, init mem=3365.3M)
*info: Placed = 110749         (Fixed = 205)
*info: Unplaced = 0           
Placement Density:71.74%(3440132/4795574)
Placement Density (including fixed std cells):71.74%(3440132/4795574)
Finished checkPlace (total: cpu=0:00:01.3, real=0:00:01.0; vio checks: cpu=0:00:01.2, real=0:00:01.0; mem=3365.3M)
 Initial DC engine is -> aae
 
 AAE-Opt:: Current number of nets in RC Memory -> 100 K
 
 
 AAE-Opt:: New number of nets in RC Memory -> 100 K
 
Reset EOS DB
Ignoring AAE DB Resetting ...
 Set Options for AAE Based Opt flow 
*** optDesign -postRoute ***
DRC Margin: user margin 0.0; extra margin 0
Setup Target Slack: user slack 0
Hold Target Slack: user slack 0.2999
*** InitOpt #4 [finish] : cpu/real = 0:00:04.1/0:00:04.0 (1.0), totSession cpu/real = 2:06:01.4/2:28:02.1 (0.9), mem = 3365.3M
** INFO : this run is activating 'postRoute' automaton
**INFO: flowCheckPoint #17 InitialSummary
Extraction called for design 'C2S0306' of instances=111053 and nets=113045 using extraction engine 'postRoute' at effort level 'low' .
**WARN: (IMPEXT-3530):	The process node is not set. Use the command setDesignMode -process <process node> prior to extraction for maximum accuracy and optimal automatic threshold setting.
Type 'man IMPEXT-3530' for more detail.
PostRoute (effortLevel low) RC Extraction called for design C2S0306.
RC Extraction called in multi-corner(2) mode.
**WARN: (IMPEXT-6166):	Capacitance table file(s) without the EXTENDED section is being used for RC extraction. This is not recommended because it results in lower accuracy for clock nets in preRoute extraction and for all nets in postRoute extraction using -effortLevel low. Regenerate capacitance table file(s) using the generateCapTbl command.
Type 'man IMPEXT-6166' for more detail.
Process corner(s) are loaded.
 Corner: rc_worst
 Corner: rc_best
extractDetailRC Option : -outfile /tmp/innovus_temp_169137_c2sgpr065.Cambridge.edu.in_scl_shuttle_8_3_MYlu7D/C2S0306_169137_5sti2s.rcdb.d -maxResLength 200  -basic
RC Mode: PostRoute -effortLevel low [Basic CapTable, RC Table Resistances]
      RC Corner Indexes            0       1   
Capacitance Scaling Factor   : 1.00000 1.00000 
Coupling Cap. Scaling Factor : 1.00000 1.00000 
Resistance Scaling Factor    : 1.00000 1.00000 
Clock Cap. Scaling Factor    : 1.00000 1.00000 
Clock Res. Scaling Factor    : 1.00000 1.00000 
Shrink Factor                : 1.00000
Initializing multi-corner resistance tables ...
Checking LVS Completed (CPU Time= 0:00:00.8  MEM= 3365.3M)
Extracted 10.0001% (CPU Time= 0:00:07.9  MEM= 3421.4M)
Extracted 20.0001% (CPU Time= 0:00:10.7  MEM= 3421.4M)
Extracted 30.0001% (CPU Time= 0:00:13.3  MEM= 3421.4M)
Extracted 40.0001% (CPU Time= 0:00:15.9  MEM= 3421.4M)
Extracted 50.0001% (CPU Time= 0:00:17.8  MEM= 3421.4M)
Extracted 60.0001% (CPU Time= 0:00:21.6  MEM= 3421.4M)
Extracted 70.0001% (CPU Time= 0:00:23.3  MEM= 3421.4M)
Extracted 80.0001% (CPU Time= 0:00:29.0  MEM= 3421.4M)
Extracted 90.0001% (CPU Time= 0:00:31.7  MEM= 3421.4M)
Extracted 100% (CPU Time= 0:00:39.6  MEM= 3421.4M)
Number of Extracted Resistors     : 3188262
Number of Extracted Ground Cap.   : 3234665
Number of Extracted Coupling Cap. : 8153752
Filtering XCap in 'relativeOnly' mode using values relative_c_threshold=0.03 and total_c_threshold=5fF.
 Corner: rc_worst
 Corner: rc_best
Checking LVS Completed (CPU Time= 0:00:00.8  MEM= 3389.3M)
PostRoute (effortLevel low) RC Extraction DONE (CPU Time: 0:00:48.5  Real Time: 0:00:46.0  MEM: 3393.348M)
**INFO: flowCheckPoint #18 OptimizationHold
GigaOpt Hold Optimizer is used
Initializing multi-corner resistance tables ...
Starting initialization (fixHold) cpu=0:00:00.0 real=0:00:00.0 totSessionCpu=2:06:54 mem=3373.6M ***
*** BuildHoldData #4 [begin] : totSession cpu/real = 2:06:54.2/2:28:53.2 (0.9), mem = 3373.6M
Starting delay calculation for Hold views
Starting SI iteration 1 using Infinite Timing Windows
#################################################################################
# Design Stage: PostRoute
# Design Name: C2S0306
# Design Mode: 90nm
# Analysis Mode: MMMC OCV 
# Parasitics Mode: SPEF/RCDB 
# Signoff Settings: SI On 
#################################################################################
AAE_INFO: 1 threads acquired from CTE.
Start delay calculation (fullDC) (1 T). (MEM=3397.12)
*** Calculating scaling factor for min_timing libraries using the default operating condition of each library.
Total number of fetched objects 112088
AAE_INFO-618: Total number of nets in the design is 113045,  99.2 percent of the nets selected for SI analysis
Total number of fetched objects 112088
AAE_INFO-618: Total number of nets in the design is 113045,  99.2 percent of the nets selected for SI analysis
End delay calculation. (MEM=3405.28 CPU=0:00:55.2 REAL=0:00:55.0)
End delay calculation (fullDC). (MEM=3405.28 CPU=0:00:57.2 REAL=0:00:57.0)
Loading CTE timing window with TwFlowType 0...(CPU = 0:00:00.0, REAL = 0:00:00.0, MEM = 3405.3M)
Add other clocks and setupCteToAAEClockMapping during iter 1
Loading CTE timing window is completed (CPU = 0:00:00.4, REAL = 0:00:00.0, MEM = 3405.3M)

Executing IPO callback for view pruning ..
Starting SI iteration 2
Start delay calculation (fullDC) (1 T). (MEM=3329.39)
Glitch Analysis: View best_case -- Total Number of Nets Skipped = 0. 
Glitch Analysis: View best_case -- Total Number of Nets Analyzed = 0. 
Total number of fetched objects 112088
AAE_INFO-618: Total number of nets in the design is 113045,  2.8 percent of the nets selected for SI analysis
Total number of fetched objects 112088
AAE_INFO-618: Total number of nets in the design is 113045,  0.0 percent of the nets selected for SI analysis
End delay calculation. (MEM=3368.07 CPU=0:00:01.6 REAL=0:00:01.0)
End delay calculation (fullDC). (MEM=3368.07 CPU=0:00:02.1 REAL=0:00:02.0)
*** Done Building Timing Graph (cpu=0:01:14 real=0:01:14 totSessionCpu=2:08:15 mem=3368.1M)

Active hold views:
 best_case
  Dominating endpoints: 0
  Dominating TNS: -0.000

Done building cte hold timing graph (fixHold) cpu=0:01:25 real=0:01:25 totSessionCpu=2:08:19 mem=3383.3M ***
Done building hold timer [146942 node(s), 170547 edge(s), 1 view(s)] (fixHold) cpu=0:01:30 real=0:01:30 totSessionCpu=2:08:24 mem=3411.7M ***
Starting delay calculation for Setup views
Starting SI iteration 1 using Infinite Timing Windows
#################################################################################
# Design Stage: PostRoute
# Design Name: C2S0306
# Design Mode: 90nm
# Analysis Mode: MMMC OCV 
# Parasitics Mode: SPEF/RCDB 
# Signoff Settings: SI On 
#################################################################################
AAE_INFO: 1 threads acquired from CTE.
Start delay calculation (fullDC) (1 T). (MEM=3415.43)
*** Calculating scaling factor for max_timing libraries using the default operating condition of each library.
Total number of fetched objects 112088
AAE_INFO-618: Total number of nets in the design is 113045,  99.2 percent of the nets selected for SI analysis
Total number of fetched objects 112088
AAE_INFO-618: Total number of nets in the design is 113045,  99.2 percent of the nets selected for SI analysis
End delay calculation. (MEM=3450.86 CPU=0:01:00 REAL=0:01:01)
End delay calculation (fullDC). (MEM=3450.86 CPU=0:01:03 REAL=0:01:03)
Loading CTE timing window with TwFlowType 0...(CPU = 0:00:00.0, REAL = 0:00:00.0, MEM = 3450.9M)
Add other clocks and setupCteToAAEClockMapping during iter 1
Loading CTE timing window is completed (CPU = 0:00:00.4, REAL = 0:00:00.0, MEM = 3450.9M)

Executing IPO callback for view pruning ..
Starting SI iteration 2
Start delay calculation (fullDC) (1 T). (MEM=3418.97)
Glitch Analysis: View worst_case -- Total Number of Nets Skipped = 0. 
Glitch Analysis: View worst_case -- Total Number of Nets Analyzed = 0. 
Total number of fetched objects 112088
AAE_INFO-618: Total number of nets in the design is 113045,  0.4 percent of the nets selected for SI analysis
Total number of fetched objects 112088
AAE_INFO-618: Total number of nets in the design is 113045,  0.2 percent of the nets selected for SI analysis
End delay calculation. (MEM=3470.91 CPU=0:00:01.7 REAL=0:00:01.0)
End delay calculation (fullDC). (MEM=3470.91 CPU=0:00:02.1 REAL=0:00:02.0)
*** Done Building Timing Graph (cpu=0:01:20 real=0:01:19 totSessionCpu=2:09:48 mem=3470.9M)
Done building cte setup timing graph (fixHold) cpu=0:02:54 real=0:02:54 totSessionCpu=2:09:48 mem=3470.9M ***
Setting latch borrow mode to budget during optimization.

*Info: minBufDelay = 63.6 ps, libStdDelay = 27.5 ps, minBufSize = 12544000 (4.0)
*Info: worst delay setup view: worst_case

------------------------------------------------------------------
     Hold Opt Initial Summary
------------------------------------------------------------------

Setup views included:
 worst_case
Hold views included:
 best_case

+--------------------+---------+---------+---------+
|     Setup mode     |   all   | reg2reg | default |
+--------------------+---------+---------+---------+
|           WNS (ns):| 12.867  | 12.867  | 25.331  |
|           TNS (ns):|  0.000  |  0.000  |  0.000  |
|    Violating Paths:|    0    |    0    |    0    |
|          All Paths:|  23082  |  22131  |  4136   |
+--------------------+---------+---------+---------+

+--------------------+---------+---------+---------+
|     Hold mode      |   all   | reg2reg | default |
+--------------------+---------+---------+---------+
|           WNS (ns):| -1.508  | -1.508  |  0.248  |
|           TNS (ns):| -2822.1 | -2822.1 |  0.000  |
|    Violating Paths:|  2745   |  2745   |    0    |
|          All Paths:|  23082  |  22131  |  4136   |
+--------------------+---------+---------+---------+

+----------------+-------------------------------+------------------+
|                |              Real             |       Total      |
|    DRVs        +------------------+------------+------------------|
|                |  Nr nets(terms)  | Worst Vio  |  Nr nets(terms)  |
+----------------+------------------+------------+------------------+
|   max_cap      |      0 (0)       |   0.000    |      0 (0)       |
|   max_tran     |      0 (0)       |   0.000    |      0 (0)       |
|   max_fanout   |      0 (0)       |     0      |      0 (0)       |
|   max_length   |      0 (0)       |     0      |      0 (0)       |
+----------------+------------------+------------+------------------+

Density: 71.736%
Total number of glitch violations: 0
------------------------------------------------------------------
**optDesign ... cpu = 0:04:11, real = 0:04:09, mem = 2992.3M, totSessionCpu=2:10:07 **
*** BuildHoldData #4 [finish] : cpu/real = 0:03:12.9/0:03:12.4 (1.0), totSession cpu/real = 2:10:07.1/2:32:05.5 (0.9), mem = 3479.2M
*** HoldOpt #2 [begin] : totSession cpu/real = 2:10:07.1/2:32:05.5 (0.9), mem = 3479.2M
*info: Run optDesign holdfix with 1 thread.
Info: 19 io nets excluded
Info: 208 clock nets excluded from IPO operation.
Info: Done creating the CCOpt slew target map.

*** Starting Core Fixing (fixHold) cpu=0:03:16 real=0:03:16 totSessionCpu=2:10:11 mem=3604.5M density=71.736% ***

Phase I ......
Executing transform: ECO Safe Resize
+----+--------+---------+--------+-----------+----------------+---------+------------+---------+
|Iter|  WNS   |  TNS    |  #VP   |  #Buffer  |  #Resize(F/F)  | Density |    Real    |   Mem   |
+----+--------+---------+--------+-----------+----------------+---------+------------+---------+
|   0|  -1.508| -2822.10|    2745|          0|       0(     0)|   71.74%|   0:00:00.0|  3621.5M|
|   1|  -1.508| -2822.10|    2745|          0|       0(     0)|   71.74%|   0:00:00.0|  3643.6M|
+----+--------+---------+--------+-----------+----------------+---------+------------+---------+
Executing transform: AddBuffer + LegalResize
+----+--------+---------+--------+-----------+----------------+---------+------------+---------+
|Iter|  WNS   |  TNS    |  #VP   |  #Buffer  |  #Resize(F/F)  | Density |    Real    |   Mem   |
+----+--------+---------+--------+-----------+----------------+---------+------------+---------+
|   0|  -1.508| -2822.10|    2745|          0|       0(     0)|   71.74%|   0:00:00.0|  3643.6M|
|   1|  -0.928| -1256.48|    2530|         98|      13(     0)|   71.76%|   0:00:04.0|  3712.9M|
|   2|  -0.244|   -14.72|     221|         10|       0(     0)|   71.77%|   0:00:01.0|  3770.2M|
|   3|  -0.120|    -1.48|      35|          2|       0(     0)|   71.77%|   0:00:00.0|  3770.2M|
|   4|  -0.056|    -0.22|       9|          1|       0(     0)|   71.77%|   0:00:00.0|  3770.2M|
|   5|   0.078|     0.00|       0|          1|       0(     0)|   71.77%|   0:00:01.0|  3770.2M|
|   6|   0.184|     0.00|       0|          1|       0(     0)|   71.77%|   0:00:00.0|  3770.2M|
|   7|   0.251|     0.00|       0|          1|       0(     0)|   71.77%|   0:00:00.0|  3770.2M|
|   8|   0.258|     0.00|       0|          1|       0(     0)|   71.77%|   0:00:01.0|  3770.2M|
|   9|   0.258|     0.00|       0|          0|       0(     0)|   71.77%|   0:00:00.0|  3770.2M|
+----+--------+---------+--------+-----------+----------------+---------+------------+---------+

*info:    Total 115 cells added for Phase I
*info:    Total 13 instances resized for Phase I

Phase II ......
Executing transform: AddBuffer
+----+--------+---------+--------+-----------+----------------+---------+------------+---------+
|Iter|  WNS   |  TNS    |  #VP   |  #Buffer  |  #Resize(F/F)  | Density |    Real    |   Mem   |
+----+--------+---------+--------+-----------+----------------+---------+------------+---------+
|   0|   0.258|     0.00|       0|          0|       0(     0)|   71.77%|   0:00:00.0|  3770.2M|
|   1|   0.258|     0.00|       0|          0|       0(     0)|   71.77%|   0:00:01.0|  3770.2M|
+----+--------+---------+--------+-----------+----------------+---------+------------+---------+


=======================================================================
                Reasons for remaining hold violations
=======================================================================
*info: Total 90 net(s) have violated hold timing slacks.

Buffering failure reasons
------------------------------------------------
*info:    90 net(s): Could not be fixed because of no legal loc.

Resizing failure reasons
------------------------------------------------
*info:    34 net(s): Could not be fixed because of no legal loc.
*info:    38 net(s): Could not be fixed because of hold slack degradation.
*info:    18 net(s): Could not be fixed because all the cells are filtered.


*** Finished Core Fixing (fixHold) cpu=0:03:32 real=0:03:32 totSessionCpu=2:10:26 mem=3770.2M density=71.771% ***

*info:
*info: Added a total of 115 cells to fix/reduce hold violation
*info:
*info: Summary: 
*info:            5 cells of type 'bufbd3' used
*info:           98 cells of type 'buffd1' used
*info:            4 cells of type 'dl01d1' used
*info:            5 cells of type 'dl02d1' used
*info:            3 cells of type 'dl03d1' used
*info:
*info: Total 13 instances resized
*info:       in which 0 FF resizing
*info:

*** Finish Post Route Hold Fixing (cpu=0:03:32 real=0:03:32 totSessionCpu=2:10:26 mem=3770.2M density=71.771%) ***
**INFO: total 128 insts, 0 nets marked don't touch
**INFO: total 128 insts, 0 nets marked don't touch DB property
**INFO: total 128 insts, 0 nets unmarked don't touch

*** HoldOpt #2 [finish] : cpu/real = 0:00:20.2/0:00:20.2 (1.0), totSession cpu/real = 2:10:27.3/2:32:25.8 (0.9), mem = 3604.1M
Running refinePlace -preserveRouting true -hardFence false
*** Starting refinePlace (2:10:27 mem=3604.1M) ***
Move report: Detail placement moves 0 insts, mean move: 0.00 um, max move: 0.00 um 
	Runtime: CPU: 0:00:01.8 REAL: 0:00:02.0 MEM: 3630.3MB
Summary Report:
Instances move: 0 (out of 110659 movable)
Instances flipped: 0
Mean displacement: 0.00 um
Max displacement: 0.00 um 
Runtime: CPU: 0:00:01.9 REAL: 0:00:02.0 MEM: 3630.3MB
*** Finished refinePlace (2:10:29 mem=3630.3M) ***

------------------------------------------------------------------
        Pre-ecoRoute Summary
------------------------------------------------------------------

Setup views included:
 worst_case 

+--------------------+---------+---------+---------+
|     Setup mode     |   all   | reg2reg | default |
+--------------------+---------+---------+---------+
|           WNS (ns):| 12.867  | 12.867  | 25.331  |
|           TNS (ns):|  0.000  |  0.000  |  0.000  |
|    Violating Paths:|    0    |    0    |    0    |
|          All Paths:|  23082  |  22131  |  4136   |
+--------------------+---------+---------+---------+

+----------------+-------------------------------+------------------+
|                |              Real             |       Total      |
|    DRVs        +------------------+------------+------------------|
|                |  Nr nets(terms)  | Worst Vio  |  Nr nets(terms)  |
+----------------+------------------+------------+------------------+
|   max_cap      |      0 (0)       |   0.000    |      0 (0)       |
|   max_tran     |      0 (0)       |   0.000    |      0 (0)       |
|   max_fanout   |      0 (0)       |     0      |      0 (0)       |
|   max_length   |      0 (0)       |     0      |      0 (0)       |
+----------------+------------------+------------+------------------+

Density: 71.771%
Total number of glitch violations: 0
------------------------------------------------------------------
**optDesign ... cpu = 0:04:37, real = 0:04:35, mem = 3022.8M, totSessionCpu=2:10:33 **
**INFO: flowCheckPoint #19 GlobalDetailRoute
-routeWithEco false                       # bool, default=false
-routeWithEco true                        # bool, default=false, user setting
-routeSelectedNetOnly false               # bool, default=false
-routeWithTimingDriven true               # bool, default=false, user setting
-routeWithTimingDriven false              # bool, default=false
-routeWithSiDriven true                   # bool, default=false, user setting
-routeWithSiDriven false                  # bool, default=false, user setting
Existing Dirty Nets : 221
New Signature Flow (saveAndSetNanoRouteOptions) ....
Reset Dirty Nets : 221
*** EcoRoute #4 [begin] : totSession cpu/real = 2:10:33.2/2:32:31.7 (0.9), mem = 3598.3M

globalDetailRoute

#Start globalDetailRoute on Mon Jul 27 17:28:30 2026
#
#WARNING (NRIG-39) NanoRoute cannot route to pin PIN/main_clk_pad of net main_clk_pad because it might be a logical pin and does not have physical shapes. To fix the problem, check the pin connection in the netlist and ensure the pin shapes exist in the floorplan.
#WARNING (NRIG-39) NanoRoute cannot route to pin PIN/PRESETn_pad of net PRESETn_pad because it might be a logical pin and does not have physical shapes. To fix the problem, check the pin connection in the netlist and ensure the pin shapes exist in the floorplan.
#WARNING (NRIG-39) NanoRoute cannot route to pin PIN/PSEL_pad of net PSEL_pad because it might be a logical pin and does not have physical shapes. To fix the problem, check the pin connection in the netlist and ensure the pin shapes exist in the floorplan.
#WARNING (NRIG-39) NanoRoute cannot route to pin PIN/PENABLE_pad of net PENABLE_pad because it might be a logical pin and does not have physical shapes. To fix the problem, check the pin connection in the netlist and ensure the pin shapes exist in the floorplan.
#WARNING (NRIG-39) NanoRoute cannot route to pin PIN/PWRITE_pad of net PWRITE_pad because it might be a logical pin and does not have physical shapes. To fix the problem, check the pin connection in the netlist and ensure the pin shapes exist in the floorplan.
#WARNING (NRIG-39) NanoRoute cannot route to pin PIN/PADDR_pad[7] of net PADDR_pad[7] because it might be a logical pin and does not have physical shapes. To fix the problem, check the pin connection in the netlist and ensure the pin shapes exist in the floorplan.
#WARNING (NRIG-39) NanoRoute cannot route to pin PIN/PADDR_pad[6] of net PADDR_pad[6] because it might be a logical pin and does not have physical shapes. To fix the problem, check the pin connection in the netlist and ensure the pin shapes exist in the floorplan.
#WARNING (NRIG-39) NanoRoute cannot route to pin PIN/PADDR_pad[5] of net PADDR_pad[5] because it might be a logical pin and does not have physical shapes. To fix the problem, check the pin connection in the netlist and ensure the pin shapes exist in the floorplan.
#WARNING (NRIG-39) NanoRoute cannot route to pin PIN/PADDR_pad[4] of net PADDR_pad[4] because it might be a logical pin and does not have physical shapes. To fix the problem, check the pin connection in the netlist and ensure the pin shapes exist in the floorplan.
#WARNING (NRIG-39) NanoRoute cannot route to pin PIN/PADDR_pad[3] of net PADDR_pad[3] because it might be a logical pin and does not have physical shapes. To fix the problem, check the pin connection in the netlist and ensure the pin shapes exist in the floorplan.
#WARNING (NRIG-39) NanoRoute cannot route to pin PIN/PADDR_pad[2] of net PADDR_pad[2] because it might be a logical pin and does not have physical shapes. To fix the problem, check the pin connection in the netlist and ensure the pin shapes exist in the floorplan.
#WARNING (NRIG-39) NanoRoute cannot route to pin PIN/PADDR_pad[1] of net PADDR_pad[1] because it might be a logical pin and does not have physical shapes. To fix the problem, check the pin connection in the netlist and ensure the pin shapes exist in the floorplan.
#WARNING (NRIG-39) NanoRoute cannot route to pin PIN/PADDR_pad[0] of net PADDR_pad[0] because it might be a logical pin and does not have physical shapes. To fix the problem, check the pin connection in the netlist and ensure the pin shapes exist in the floorplan.
#WARNING (NRIG-39) NanoRoute cannot route to pin PIN/SER_DATA_pad of net SER_DATA_pad because it might be a logical pin and does not have physical shapes. To fix the problem, check the pin connection in the netlist and ensure the pin shapes exist in the floorplan.
#WARNING (NRIG-39) NanoRoute cannot route to pin PIN/SHIFT_EN_pad of net SHIFT_EN_pad because it might be a logical pin and does not have physical shapes. To fix the problem, check the pin connection in the netlist and ensure the pin shapes exist in the floorplan.
#WARNING (NRIG-39) NanoRoute cannot route to pin PIN/PREADY_pad of net PREADY_pad because it might be a logical pin and does not have physical shapes. To fix the problem, check the pin connection in the netlist and ensure the pin shapes exist in the floorplan.
#WARNING (NRIG-39) NanoRoute cannot route to pin PIN/PSLVERR_pad of net PSLVERR_pad because it might be a logical pin and does not have physical shapes. To fix the problem, check the pin connection in the netlist and ensure the pin shapes exist in the floorplan.
#WARNING (NRIG-39) NanoRoute cannot route to pin PIN/SER_OUT_pad of net SER_OUT_pad because it might be a logical pin and does not have physical shapes. To fix the problem, check the pin connection in the netlist and ensure the pin shapes exist in the floorplan.
#WARNING (NRIG-39) NanoRoute cannot route to pin PIN/SHIFT_OUT_EN_pad of net SHIFT_OUT_EN_pad because it might be a logical pin and does not have physical shapes. To fix the problem, check the pin connection in the netlist and ensure the pin shapes exist in the floorplan.
#num needed restored net=0
#need_extraction net=0 (total=113160)
#WARNING (NRDB-733) PIN PADDR_pad[0] in CELL_VIEW C2S0306 does not have physical port.
#WARNING (NRDB-733) PIN PADDR_pad[1] in CELL_VIEW C2S0306 does not have physical port.
#WARNING (NRDB-733) PIN PADDR_pad[2] in CELL_VIEW C2S0306 does not have physical port.
#WARNING (NRDB-733) PIN PADDR_pad[3] in CELL_VIEW C2S0306 does not have physical port.
#WARNING (NRDB-733) PIN PADDR_pad[4] in CELL_VIEW C2S0306 does not have physical port.
#WARNING (NRDB-733) PIN PADDR_pad[5] in CELL_VIEW C2S0306 does not have physical port.
#WARNING (NRDB-733) PIN PADDR_pad[6] in CELL_VIEW C2S0306 does not have physical port.
#WARNING (NRDB-733) PIN PADDR_pad[7] in CELL_VIEW C2S0306 does not have physical port.
#WARNING (NRDB-733) PIN PENABLE_pad in CELL_VIEW C2S0306 does not have physical port.
#WARNING (NRDB-733) PIN PREADY_pad in CELL_VIEW C2S0306 does not have physical port.
#WARNING (NRDB-733) PIN PRESETn_pad in CELL_VIEW C2S0306 does not have physical port.
#WARNING (NRDB-733) PIN PSEL_pad in CELL_VIEW C2S0306 does not have physical port.
#WARNING (NRDB-733) PIN PSLVERR_pad in CELL_VIEW C2S0306 does not have physical port.
#WARNING (NRDB-733) PIN PWRITE_pad in CELL_VIEW C2S0306 does not have physical port.
#WARNING (NRDB-733) PIN SER_DATA_pad in CELL_VIEW C2S0306 does not have physical port.
#WARNING (NRDB-733) PIN SER_OUT_pad in CELL_VIEW C2S0306 does not have physical port.
#WARNING (NRDB-733) PIN SHIFT_EN_pad in CELL_VIEW C2S0306 does not have physical port.
#WARNING (NRDB-733) PIN SHIFT_OUT_EN_pad in CELL_VIEW C2S0306 does not have physical port.
#WARNING (NRDB-733) PIN main_clk_pad in CELL_VIEW C2S0306 does not have physical port.
#WARNING (NRDB-976) The TRACK STEP 0.5600 for preferred direction tracks is smaller than the PITCH 0.6600 for LAYER M5. This will cause routability problems for NanoRoute.
#Processed 133/0 dirty instances, 166/0 dirty terms, 0/0 dirty fterms, 0/0 dirty pgterms, 0/0 misc dirty regions(128 insts marked dirty, reset pre-exisiting dirty flag on 128 insts, 0 nets marked need extraction)
#NanoRoute Version 20.14-s095_1 NR210411-1939/20_14-UB
#Skip comparing routing design signature in db-snapshot flow
#Total number of trivial nets (e.g. < 2 pins) = 976 (skipped).
#Total number of routable nets = 112184.
#Total number of nets in the design = 113160.
#253 routable nets do not have any wires.
#111931 routable nets have routed wires.
#253 nets will be global routed.
#207 detail routed (routable) nets have been constrained (e.g. have preferred extra spacing, require shielding etc.)
#Start routing data preparation on Mon Jul 27 17:28:40 2026
#
#Minimum voltage of a net in the design = 0.000.
#Maximum voltage of a net in the design = 1.620.
#Voltage range [0.000 - 1.620] has 113156 nets.
#Voltage range [1.620 - 1.620] has 2 nets.
#Voltage range [0.000 - 0.000] has 2 nets.
#Initial pin access analysis.
#Detail pin access analysis.
# M1           H   Track-Pitch = 0.5600    Line-2-Via Pitch = 0.4850
# M2           V   Track-Pitch = 0.5600    Line-2-Via Pitch = 0.5600
# M3           H   Track-Pitch = 0.5600    Line-2-Via Pitch = 0.5600
# M4           V   Track-Pitch = 0.5600    Line-2-Via Pitch = 0.5600
# M5           H   Track-Pitch = 0.5600    Line-2-Via Pitch = 0.5600
# TOP_M        V   Track-Pitch = 1.1200    Line-2-Via Pitch = 0.9500
#Monitoring time of adding inner blkg by smac
#cpu time = 00:00:00, elapsed time = 00:00:00, memory = 2709.64 (MB), peak = 3216.88 (MB)
#Regenerating Ggrids automatically.
#Auto generating G-grids with size=15 tracks, using layer M3's pitch = 0.5600.
#Using automatically generated G-grids.
#Done routing data preparation.
#cpu time = 00:00:05, elapsed time = 00:00:05, memory = 2713.28 (MB), peak = 3216.88 (MB)
#Found 0 nets for post-route si or timing fixing.
#
#Finished routing data preparation on Mon Jul 27 17:28:47 2026
#
#Cpu time = 00:00:07
#Elapsed time = 00:00:07
#Increased memory = 9.19 (MB)
#Total memory = 2714.62 (MB)
#Peak memory = 3216.88 (MB)
#
#
#Start global routing on Mon Jul 27 17:28:47 2026
#
#
#Start global routing initialization on Mon Jul 27 17:28:47 2026
#
#Number of eco nets is 177
#
#Start global routing data preparation on Mon Jul 27 17:28:48 2026
#
#Start routing resource analysis on Mon Jul 27 17:28:48 2026
#
#Routing resource analysis is done on Mon Jul 27 17:28:54 2026
#
#  Resource Analysis:
#
#               Routing  #Avail      #Track     #Total     %Gcell
#  Layer      Direction   Track     Blocked      Gcell    Blocked
#  --------------------------------------------------------------
#  M1             H        3615        1634      122500    76.52%
#  M2             V        3635        1614      122500    32.12%
#  M3             H        3621        1628      122500    30.75%
#  M4             V        3610        1639      122500    32.24%
#  M5             H        3492        1757      122500    32.10%
#  TOP_M          V        1364        1261      122500    38.19%
#  --------------------------------------------------------------
#  Total                  19338      34.27%      735000    40.32%
#
#
#
#
#Global routing data preparation is done on Mon Jul 27 17:28:55 2026
#
#cpu time = 00:00:07, elapsed time = 00:00:07, memory = 2733.25 (MB), peak = 3216.88 (MB)
#
#
#Global routing initialization is done on Mon Jul 27 17:28:55 2026
#
#cpu time = 00:00:08, elapsed time = 00:00:08, memory = 2735.34 (MB), peak = 3216.88 (MB)
#
#start global routing iteration 1...
#cpu time = 00:00:02, elapsed time = 00:00:02, memory = 2743.68 (MB), peak = 3216.88 (MB)
#
#start global routing iteration 2...
#cpu time = 00:00:02, elapsed time = 00:00:02, memory = 2744.05 (MB), peak = 3216.88 (MB)
#
#start global routing iteration 3...
#cpu time = 00:00:04, elapsed time = 00:00:04, memory = 2751.54 (MB), peak = 3216.88 (MB)
#
#
#Total number of trivial nets (e.g. < 2 pins) = 976 (skipped).
#Total number of routable nets = 112184.
#Total number of nets in the design = 113160.
#
#112184 routable nets have routed wires.
#207 detail routed (routable) nets have been constrained (e.g. have preferred extra spacing, require shielding etc.)
#
#Routed nets constraints summary:
#-----------------------------
#        Rules   Unconstrained  
#-----------------------------
#      Default             253  
#-----------------------------
#        Total             253  
#-----------------------------
#
#Routing constraints summary of the whole design:
#---------------------------------------------------------
#        Rules   Pref Layer   Avoid Detour   Unconstrained  
#---------------------------------------------------------
#      Default          207            207          111977  
#---------------------------------------------------------
#        Total          207            207          111977  
#---------------------------------------------------------
#
#
#  Congestion Analysis: (blocked Gcells are excluded)
#
#                 OverCon       OverCon       OverCon          
#                  #Gcell        #Gcell        #Gcell    %Gcell
#     Layer           (1)           (2)           (3)   OverCon
#  ------------------------------------------------------------
#  M1            0(0.00%)      0(0.00%)      0(0.00%)   (0.00%)
#  M2          104(0.12%)     26(0.03%)      0(0.00%)   (0.15%)
#  M3           51(0.06%)      3(0.00%)      0(0.00%)   (0.06%)
#  M4           23(0.03%)      0(0.00%)      0(0.00%)   (0.03%)
#  M5           46(0.06%)      7(0.01%)      1(0.00%)   (0.06%)
#  TOP_M        12(0.02%)      0(0.00%)      0(0.00%)   (0.02%)
#  ------------------------------------------------------------
#     Total    236(0.05%)     36(0.01%)      1(0.00%)   (0.06%)
#
#  The worst congested Gcell overcon (routing demand over resource in number of tracks) = 3
#  Overflow after GR: 0.02% H + 0.04% V
#
#Complete Global Routing.
#Total wire length = 13192592 um.
#Total half perimeter of net bounding box = 10520083 um.
#Total wire length on LAYER M1 = 189088 um.
#Total wire length on LAYER M2 = 1968858 um.
#Total wire length on LAYER M3 = 2879518 um.
#Total wire length on LAYER M4 = 3805534 um.
#Total wire length on LAYER M5 = 3355126 um.
#Total wire length on LAYER TOP_M = 994467 um.
#Total number of vias = 1134446
#Total number of multi-cut vias = 403015 ( 35.5%)
#Total number of single cut vias = 731431 ( 64.5%)
#Up-Via Summary (total 1134446):
#                   single-cut          multi-cut      Total
#-----------------------------------------------------------
# M1            243430 ( 61.5%)    152373 ( 38.5%)     395803
# M2            231080 ( 58.4%)    164681 ( 41.6%)     395761
# M3            144448 ( 71.0%)     58972 ( 29.0%)     203420
# M4             98164 ( 82.7%)     20480 ( 17.3%)     118644
# M5             14309 ( 68.7%)      6509 ( 31.3%)      20818
#-----------------------------------------------------------
#               731431 ( 64.5%)    403015 ( 35.5%)    1134446 
#
#Max overcon = 3 tracks.
#Total overcon = 0.06%.
#Worst layer Gcell overcon rate = 0.06%.
#
#Global routing statistics:
#Cpu time = 00:00:20
#Elapsed time = 00:00:20
#Increased memory = 35.45 (MB)
#Total memory = 2750.07 (MB)
#Peak memory = 3216.88 (MB)
#
#Finished global routing on Mon Jul 27 17:29:07 2026
#
#
#cpu time = 00:00:01, elapsed time = 00:00:01, memory = 2740.88 (MB), peak = 3216.88 (MB)
#Start Track Assignment.
#Done with 423 horizontal wires in 11 hboxes and 460 vertical wires in 11 hboxes.
#Done with 54 horizontal wires in 11 hboxes and 52 vertical wires in 11 hboxes.
#Complete Track Assignment.
#Total wire length = 13193429 um.
#Total half perimeter of net bounding box = 10520083 um.
#Total wire length on LAYER M1 = 189214 um.
#Total wire length on LAYER M2 = 1969017 um.
#Total wire length on LAYER M3 = 2879903 um.
#Total wire length on LAYER M4 = 3805642 um.
#Total wire length on LAYER M5 = 3355219 um.
#Total wire length on LAYER TOP_M = 994434 um.
#Total number of vias = 1134446
#Total number of multi-cut vias = 403015 ( 35.5%)
#Total number of single cut vias = 731431 ( 64.5%)
#Up-Via Summary (total 1134446):
#                   single-cut          multi-cut      Total
#-----------------------------------------------------------
# M1            243430 ( 61.5%)    152373 ( 38.5%)     395803
# M2            231080 ( 58.4%)    164681 ( 41.6%)     395761
# M3            144448 ( 71.0%)     58972 ( 29.0%)     203420
# M4             98164 ( 82.7%)     20480 ( 17.3%)     118644
# M5             14309 ( 68.7%)      6509 ( 31.3%)      20818
#-----------------------------------------------------------
#               731431 ( 64.5%)    403015 ( 35.5%)    1134446 
#
#cpu time = 00:00:24, elapsed time = 00:00:24, memory = 2752.61 (MB), peak = 3216.88 (MB)
#
#number of short segments in preferred routing layers
#	
#	
#
#Routing data preparation, pin analysis, global routing and track assignment statistics:
#Cpu time = 00:00:57
#Elapsed time = 00:00:57
#Increased memory = 49.77 (MB)
#Total memory = 2755.20 (MB)
#Peak memory = 3216.88 (MB)
#
#Start Detail Routing..
#start initial detail routing ...
#    completing 10% with 153 violations
#    elapsed time = 00:00:09, memory = 2818.69 (MB)
#    completing 20% with 338 violations
#    elapsed time = 00:00:16, memory = 2828.79 (MB)
#    completing 30% with 345 violations
#    elapsed time = 00:00:17, memory = 2828.81 (MB)
#    completing 40% with 508 violations
#    elapsed time = 00:00:27, memory = 2830.74 (MB)
#    completing 50% with 503 violations
#    elapsed time = 00:00:29, memory = 2832.74 (MB)
#    completing 60% with 538 violations
#    elapsed time = 00:00:35, memory = 2832.55 (MB)
#    completing 70% with 618 violations
#    elapsed time = 00:00:42, memory = 2833.04 (MB)
#    completing 80% with 636 violations
#    elapsed time = 00:00:43, memory = 2832.92 (MB)
#    completing 90% with 705 violations
#    elapsed time = 00:00:52, memory = 2846.42 (MB)
#    completing 100% with 691 violations
#    elapsed time = 00:00:53, memory = 2846.88 (MB)
# ECO: 4.3% of the total area was rechecked for DRC, and 9.8% required routing.
#   number of violations = 691
#
#    By Layer and Type :
#	         MetSpc    Short   CShort      Mar   Totals
#	M1           12        8        0        0       20
#	M2           60      130        0        3      193
#	M3           21       68        1        0       90
#	M4           12       21        0        0       33
#	M5          195      121        0        2      318
#	TOP_M         0       37        0        0       37
#	Totals      300      385        1        5      691
#128 out of 111168 instances (0.1%) need to be verified(marked ipoed), dirty area = 0.0%.
#0.0% of the total area is being checked for drcs
#0.0% of the total area was checked
#   number of violations = 691
#
#    By Layer and Type :
#	         MetSpc    Short   CShort      Mar   Totals
#	M1           12        8        0        0       20
#	M2           60      130        0        3      193
#	M3           21       68        1        0       90
#	M4           12       21        0        0       33
#	M5          195      121        0        2      318
#	TOP_M         0       37        0        0       37
#	Totals      300      385        1        5      691
#cpu time = 00:00:56, elapsed time = 00:00:56, memory = 2759.55 (MB), peak = 3216.88 (MB)
#start 1st optimization iteration ...
#   number of violations = 24
#
#    By Layer and Type :
#	         MetSpc    Short   Totals
#	M1            0        0        0
#	M2            0        2        2
#	M3            0        2        2
#	M4            0        0        0
#	M5           10        7       17
#	TOP_M         1        2        3
#	Totals       11       13       24
#    number of process antenna violations = 325
#cpu time = 00:00:26, elapsed time = 00:00:26, memory = 2750.61 (MB), peak = 3216.88 (MB)
#start 2nd optimization iteration ...
#   number of violations = 5
#
#    By Layer and Type :
#	         MetSpc    Short   Totals
#	M1            0        0        0
#	M2            2        0        2
#	M3            0        0        0
#	M4            0        0        0
#	M5            0        2        2
#	TOP_M         0        1        1
#	Totals        2        3        5
#    number of process antenna violations = 414
#cpu time = 00:00:03, elapsed time = 00:00:03, memory = 2751.25 (MB), peak = 3216.88 (MB)
#start 3rd optimization iteration ...
#   number of violations = 3
#
#    By Layer and Type :
#	          Short   Totals
#	M1            0        0
#	M2            0        0
#	M3            0        0
#	M4            0        0
#	M5            3        3
#	Totals        3        3
#    number of process antenna violations = 411
#cpu time = 00:00:05, elapsed time = 00:00:05, memory = 2751.40 (MB), peak = 3216.88 (MB)
#start 4th optimization iteration ...
#   number of violations = 1
#
#    By Layer and Type :
#	          Short   Totals
#	M1            0        0
#	M2            0        0
#	M3            0        0
#	M4            0        0
#	M5            1        1
#	Totals        1        1
#    number of process antenna violations = 411
#cpu time = 00:00:05, elapsed time = 00:00:05, memory = 2750.62 (MB), peak = 3216.88 (MB)
#start 5th optimization iteration ...
#   number of violations = 0
#    number of process antenna violations = 411
#cpu time = 00:00:09, elapsed time = 00:00:08, memory = 2751.59 (MB), peak = 3216.88 (MB)
#Complete Detail Routing.
#Total wire length = 13194374 um.
#Total half perimeter of net bounding box = 10520083 um.
#Total wire length on LAYER M1 = 188748 um.
#Total wire length on LAYER M2 = 1968981 um.
#Total wire length on LAYER M3 = 2882510 um.
#Total wire length on LAYER M4 = 3809355 um.
#Total wire length on LAYER M5 = 3353374 um.
#Total wire length on LAYER TOP_M = 991407 um.
#Total number of vias = 1136706
#Total number of multi-cut vias = 402530 ( 35.4%)
#Total number of single cut vias = 734176 ( 64.6%)
#Up-Via Summary (total 1136706):
#                   single-cut          multi-cut      Total
#-----------------------------------------------------------
# M1            243602 ( 61.5%)    152199 ( 38.5%)     395801
# M2            231843 ( 58.5%)    164569 ( 41.5%)     396412
# M3            145382 ( 71.2%)     58904 ( 28.8%)     204286
# M4             99033 ( 82.9%)     20400 ( 17.1%)     119433
# M5             14316 ( 68.9%)      6458 ( 31.1%)      20774
#-----------------------------------------------------------
#               734176 ( 64.6%)    402530 ( 35.4%)    1136706 
#
#Total number of DRC violations = 0
#Cpu time = 00:01:57
#Elapsed time = 00:01:58
#Increased memory = -6.27 (MB)
#Total memory = 2748.93 (MB)
#Peak memory = 3216.88 (MB)
#
#start routing for process antenna violation fix ...
#cpu time = 00:00:14, elapsed time = 00:00:14, memory = 2752.83 (MB), peak = 3216.88 (MB)
#
#Total wire length = 13194453 um.
#Total half perimeter of net bounding box = 10520083 um.
#Total wire length on LAYER M1 = 188748 um.
#Total wire length on LAYER M2 = 1968981 um.
#Total wire length on LAYER M3 = 2882503 um.
#Total wire length on LAYER M4 = 3809359 um.
#Total wire length on LAYER M5 = 3353424 um.
#Total wire length on LAYER TOP_M = 991438 um.
#Total number of vias = 1136788
#Total number of multi-cut vias = 402530 ( 35.4%)
#Total number of single cut vias = 734258 ( 64.6%)
#Up-Via Summary (total 1136788):
#                   single-cut          multi-cut      Total
#-----------------------------------------------------------
# M1            243602 ( 61.5%)    152199 ( 38.5%)     395801
# M2            231843 ( 58.5%)    164569 ( 41.5%)     396412
# M3            145388 ( 71.2%)     58904 ( 28.8%)     204292
# M4             99083 ( 82.9%)     20400 ( 17.1%)     119483
# M5             14342 ( 69.0%)      6458 ( 31.0%)      20800
#-----------------------------------------------------------
#               734258 ( 64.6%)    402530 ( 35.4%)    1136788 
#
#Total number of DRC violations = 0
#Total number of process antenna violations = 65
#Total number of net violated process antenna rule = 65 ant fix stage
#
#WARNING (NRDB-104) Cannot find antenna cell. Please set option 'route_antenna_cell_name', or change your LEF file.
#
# start diode insertion for process antenna violation fix ...
#WARNING (NRDB-104) Cannot find antenna cell. Please set option 'route_antenna_cell_name', or change your LEF file.
#cpu time = 00:00:00, elapsed time = 00:00:00, memory = 2750.16 (MB), peak = 3216.88 (MB)
#
#Total wire length = 13194453 um.
#Total half perimeter of net bounding box = 10520083 um.
#Total wire length on LAYER M1 = 188748 um.
#Total wire length on LAYER M2 = 1968981 um.
#Total wire length on LAYER M3 = 2882503 um.
#Total wire length on LAYER M4 = 3809359 um.
#Total wire length on LAYER M5 = 3353424 um.
#Total wire length on LAYER TOP_M = 991438 um.
#Total number of vias = 1136788
#Total number of multi-cut vias = 402530 ( 35.4%)
#Total number of single cut vias = 734258 ( 64.6%)
#Up-Via Summary (total 1136788):
#                   single-cut          multi-cut      Total
#-----------------------------------------------------------
# M1            243602 ( 61.5%)    152199 ( 38.5%)     395801
# M2            231843 ( 58.5%)    164569 ( 41.5%)     396412
# M3            145388 ( 71.2%)     58904 ( 28.8%)     204292
# M4             99083 ( 82.9%)     20400 ( 17.1%)     119483
# M5             14342 ( 69.0%)      6458 ( 31.0%)      20800
#-----------------------------------------------------------
#               734258 ( 64.6%)    402530 ( 35.4%)    1136788 
#
#Total number of DRC violations = 0
#Total number of process antenna violations = 65
#Total number of net violated process antenna rule = 65 
#
#WARNING (NRDB-104) Cannot find antenna cell. Please set option 'route_antenna_cell_name', or change your LEF file.
#
#Total wire length = 13194453 um.
#Total half perimeter of net bounding box = 10520083 um.
#Total wire length on LAYER M1 = 188748 um.
#Total wire length on LAYER M2 = 1968981 um.
#Total wire length on LAYER M3 = 2882503 um.
#Total wire length on LAYER M4 = 3809359 um.
#Total wire length on LAYER M5 = 3353424 um.
#Total wire length on LAYER TOP_M = 991438 um.
#Total number of vias = 1136788
#Total number of multi-cut vias = 402530 ( 35.4%)
#Total number of single cut vias = 734258 ( 64.6%)
#Up-Via Summary (total 1136788):
#                   single-cut          multi-cut      Total
#-----------------------------------------------------------
# M1            243602 ( 61.5%)    152199 ( 38.5%)     395801
# M2            231843 ( 58.5%)    164569 ( 41.5%)     396412
# M3            145388 ( 71.2%)     58904 ( 28.8%)     204292
# M4             99083 ( 82.9%)     20400 ( 17.1%)     119483
# M5             14342 ( 69.0%)      6458 ( 31.0%)      20800
#-----------------------------------------------------------
#               734258 ( 64.6%)    402530 ( 35.4%)    1136788 
#
#Total number of DRC violations = 0
#Total number of process antenna violations = 65
#Total number of net violated process antenna rule = 65 
#
#WARNING (NRDB-104) Cannot find antenna cell. Please set option 'route_antenna_cell_name', or change your LEF file.
#
#Start Post Route wire spreading..
#
#Start data preparation for wire spreading...
#
#Data preparation is done on Mon Jul 27 17:32:10 2026
#
#WARNING (NRDB-104) Cannot find antenna cell. Please set option 'route_antenna_cell_name', or change your LEF file.
#
#Start Post Route Wire Spread.
#Done with 1151 horizontal wires in 22 hboxes and 1411 vertical wires in 22 hboxes.
#Complete Post Route Wire Spread.
#
#Total wire length = 13194925 um.
#Total half perimeter of net bounding box = 10520083 um.
#Total wire length on LAYER M1 = 188748 um.
#Total wire length on LAYER M2 = 1969026 um.
#Total wire length on LAYER M3 = 2882552 um.
#Total wire length on LAYER M4 = 3809441 um.
#Total wire length on LAYER M5 = 3353601 um.
#Total wire length on LAYER TOP_M = 991557 um.
#Total number of vias = 1136788
#Total number of multi-cut vias = 402530 ( 35.4%)
#Total number of single cut vias = 734258 ( 64.6%)
#Up-Via Summary (total 1136788):
#                   single-cut          multi-cut      Total
#-----------------------------------------------------------
# M1            243602 ( 61.5%)    152199 ( 38.5%)     395801
# M2            231843 ( 58.5%)    164569 ( 41.5%)     396412
# M3            145388 ( 71.2%)     58904 ( 28.8%)     204292
# M4             99083 ( 82.9%)     20400 ( 17.1%)     119483
# M5             14342 ( 69.0%)      6458 ( 31.0%)      20800
#-----------------------------------------------------------
#               734258 ( 64.6%)    402530 ( 35.4%)    1136788 
#
#WARNING (NRDB-104) Cannot find antenna cell. Please set option 'route_antenna_cell_name', or change your LEF file.
#   number of violations = 0
#cpu time = 00:00:40, elapsed time = 00:00:40, memory = 2749.81 (MB), peak = 3216.88 (MB)
#CELL_VIEW C2S0306,init has 0 DRC violations
#Total number of DRC violations = 0
#Total number of process antenna violations = 65
#Total number of net violated process antenna rule = 65 
#Post Route wire spread is done.
#Total wire length = 13194925 um.
#Total half perimeter of net bounding box = 10520083 um.
#Total wire length on LAYER M1 = 188748 um.
#Total wire length on LAYER M2 = 1969026 um.
#Total wire length on LAYER M3 = 2882552 um.
#Total wire length on LAYER M4 = 3809441 um.
#Total wire length on LAYER M5 = 3353601 um.
#Total wire length on LAYER TOP_M = 991557 um.
#Total number of vias = 1136788
#Total number of multi-cut vias = 402530 ( 35.4%)
#Total number of single cut vias = 734258 ( 64.6%)
#Up-Via Summary (total 1136788):
#                   single-cut          multi-cut      Total
#-----------------------------------------------------------
# M1            243602 ( 61.5%)    152199 ( 38.5%)     395801
# M2            231843 ( 58.5%)    164569 ( 41.5%)     396412
# M3            145388 ( 71.2%)     58904 ( 28.8%)     204292
# M4             99083 ( 82.9%)     20400 ( 17.1%)     119483
# M5             14342 ( 69.0%)      6458 ( 31.0%)      20800
#-----------------------------------------------------------
#               734258 ( 64.6%)    402530 ( 35.4%)    1136788 
#
#detailRoute Statistics:
#Cpu time = 00:03:14
#Elapsed time = 00:03:14
#Increased memory = -8.05 (MB)
#Total memory = 2747.15 (MB)
#Peak memory = 3216.88 (MB)
#Skip updating routing design signature in db-snapshot flow
#
#globalDetailRoute statistics:
#Cpu time = 00:04:26
#Elapsed time = 00:04:27
#Increased memory = -484.39 (MB)
#Total memory = 2538.43 (MB)
#Peak memory = 3216.88 (MB)
#Number of warnings = 45
#Total number of warnings = 233
#Number of fails = 0
#Total number of fails = 0
#Complete globalDetailRoute on Mon Jul 27 17:32:57 2026
#
*** EcoRoute #4 [finish] : cpu/real = 0:04:27.0/0:04:27.3 (1.0), totSession cpu/real = 2:15:00.2/2:36:59.0 (0.9), mem = 3536.1M
**optDesign ... cpu = 0:09:04, real = 0:09:02, mem = 2535.3M, totSessionCpu=2:15:00 **
-routeWithEco false                       # bool, default=false
-routeSelectedNetOnly false               # bool, default=false
-routeWithTimingDriven true               # bool, default=false, user setting
-routeWithSiDriven true                   # bool, default=false, user setting
New Signature Flow (restoreNanoRouteOptions) ....
Extraction called for design 'C2S0306' of instances=111168 and nets=113160 using extraction engine 'postRoute' at effort level 'low' .
**WARN: (IMPEXT-3530):	The process node is not set. Use the command setDesignMode -process <process node> prior to extraction for maximum accuracy and optimal automatic threshold setting.
Type 'man IMPEXT-3530' for more detail.
PostRoute (effortLevel low) RC Extraction called for design C2S0306.
RC Extraction called in multi-corner(2) mode.
**WARN: (IMPEXT-6166):	Capacitance table file(s) without the EXTENDED section is being used for RC extraction. This is not recommended because it results in lower accuracy for clock nets in preRoute extraction and for all nets in postRoute extraction using -effortLevel low. Regenerate capacitance table file(s) using the generateCapTbl command.
Type 'man IMPEXT-6166' for more detail.
Process corner(s) are loaded.
 Corner: rc_worst
 Corner: rc_best
extractDetailRC Option : -outfile /tmp/innovus_temp_169137_c2sgpr065.Cambridge.edu.in_scl_shuttle_8_3_MYlu7D/C2S0306_169137_5sti2s.rcdb.d -maxResLength 200  -basic
RC Mode: PostRoute -effortLevel low [Basic CapTable, RC Table Resistances]
      RC Corner Indexes            0       1   
Capacitance Scaling Factor   : 1.00000 1.00000 
Coupling Cap. Scaling Factor : 1.00000 1.00000 
Resistance Scaling Factor    : 1.00000 1.00000 
Clock Cap. Scaling Factor    : 1.00000 1.00000 
Clock Res. Scaling Factor    : 1.00000 1.00000 
Shrink Factor                : 1.00000
Initializing multi-corner resistance tables ...
Checking LVS Completed (CPU Time= 0:00:00.9  MEM= 3543.1M)
Extracted 10.0001% (CPU Time= 0:00:07.9  MEM= 3603.1M)
Extracted 20.0001% (CPU Time= 0:00:10.1  MEM= 3603.1M)
Extracted 30.0001% (CPU Time= 0:00:12.8  MEM= 3603.1M)
Extracted 40.0001% (CPU Time= 0:00:15.4  MEM= 3603.1M)
Extracted 50.0001% (CPU Time= 0:00:17.4  MEM= 3603.1M)
Extracted 60.0001% (CPU Time= 0:00:21.0  MEM= 3603.1M)
Extracted 70.0001% (CPU Time= 0:00:22.4  MEM= 3603.1M)
Extracted 80.0001% (CPU Time= 0:00:26.7  MEM= 3603.1M)
Extracted 90.0001% (CPU Time= 0:00:29.1  MEM= 3603.1M)
Extracted 100% (CPU Time= 0:00:36.2  MEM= 3603.1M)
Number of Extracted Resistors     : 3197785
Number of Extracted Ground Cap.   : 3244026
Number of Extracted Coupling Cap. : 8186944
Filtering XCap in 'relativeOnly' mode using values relative_c_threshold=0.03 and total_c_threshold=5fF.
 Corner: rc_worst
 Corner: rc_best
Checking LVS Completed (CPU Time= 0:00:00.8  MEM= 3571.8M)
PostRoute (effortLevel low) RC Extraction DONE (CPU Time: 0:00:45.4  Real Time: 0:00:44.0  MEM: 3575.832M)
**optDesign ... cpu = 0:09:50, real = 0:09:46, mem = 2531.7M, totSessionCpu=2:15:46 **
Starting delay calculation for Setup views
Starting SI iteration 1 using Infinite Timing Windows
#################################################################################
# Design Stage: PostRoute
# Design Name: C2S0306
# Design Mode: 90nm
# Analysis Mode: MMMC OCV 
# Parasitics Mode: SPEF/RCDB 
# Signoff Settings: SI On 
#################################################################################
AAE_INFO: 1 threads acquired from CTE.
Start delay calculation (fullDC) (1 T). (MEM=3555.89)
Initializing multi-corner resistance tables ...
Total number of fetched objects 112203
AAE_INFO-618: Total number of nets in the design is 113160,  99.2 percent of the nets selected for SI analysis
Total number of fetched objects 112203
AAE_INFO-618: Total number of nets in the design is 113160,  99.2 percent of the nets selected for SI analysis
End delay calculation. (MEM=3579.78 CPU=0:00:59.4 REAL=0:01:00.0)
End delay calculation (fullDC). (MEM=3579.78 CPU=0:01:04 REAL=0:01:04)
Loading CTE timing window with TwFlowType 0...(CPU = 0:00:00.0, REAL = 0:00:00.0, MEM = 3579.8M)
Add other clocks and setupCteToAAEClockMapping during iter 1
Loading CTE timing window is completed (CPU = 0:00:00.4, REAL = 0:00:00.0, MEM = 3579.8M)
Starting SI iteration 2
Start delay calculation (fullDC) (1 T). (MEM=3527.89)
Glitch Analysis: View worst_case -- Total Number of Nets Skipped = 0. 
Glitch Analysis: View worst_case -- Total Number of Nets Analyzed = 0. 
Total number of fetched objects 112203
AAE_INFO-618: Total number of nets in the design is 113160,  0.4 percent of the nets selected for SI analysis
Total number of fetched objects 112203
AAE_INFO-618: Total number of nets in the design is 113160,  0.2 percent of the nets selected for SI analysis
End delay calculation. (MEM=3570.57 CPU=0:00:01.6 REAL=0:00:02.0)
End delay calculation (fullDC). (MEM=3570.57 CPU=0:00:02.0 REAL=0:00:02.0)
*** Done Building Timing Graph (cpu=0:01:23 real=0:01:23 totSessionCpu=2:17:09 mem=3570.6M)

------------------------------------------------------------------
       Post-ecoRoute Summary
------------------------------------------------------------------

Setup views included:
 worst_case 

+--------------------+---------+---------+---------+
|     Setup mode     |   all   | reg2reg | default |
+--------------------+---------+---------+---------+
|           WNS (ns):| 12.867  | 12.867  | 25.331  |
|           TNS (ns):|  0.000  |  0.000  |  0.000  |
|    Violating Paths:|    0    |    0    |    0    |
|          All Paths:|  23082  |  22131  |  4136   |
+--------------------+---------+---------+---------+

+----------------+-------------------------------+------------------+
|                |              Real             |       Total      |
|    DRVs        +------------------+------------+------------------|
|                |  Nr nets(terms)  | Worst Vio  |  Nr nets(terms)  |
+----------------+------------------+------------+------------------+
|   max_cap      |      1 (1)       |   -0.015   |      1 (1)       |
|   max_tran     |      4 (4)       |   -1.663   |      4 (4)       |
|   max_fanout   |      0 (0)       |     0      |      0 (0)       |
|   max_length   |      0 (0)       |     0      |      0 (0)       |
+----------------+------------------+------------+------------------+

Density: 71.771%
Total number of glitch violations: 0
------------------------------------------------------------------
**optDesign ... cpu = 0:11:17, real = 0:11:13, mem = 2847.0M, totSessionCpu=2:17:13 **
Executing marking Critical Nets1
GigaOpt: LEF-safe TNS opt is disabled in the current flow
**INFO: flowCheckPoint #20 OptimizationRecovery
Running postRoute recovery in postEcoRoute mode
**optDesign ... cpu = 0:11:17, real = 0:11:13, mem = 2847.0M, totSessionCpu=2:17:13 **
Checking setup slack degradation ...
Checking DRV degradation...
**INFO: Skipping DRV recovery as drv did not degrade beyond margin
Finish postRoute recovery in postEcoRoute mode (cpu=0:00:02, real=0:00:02, mem=3544.21M, totSessionCpu=2:17:15).
**optDesign ... cpu = 0:11:19, real = 0:11:15, mem = 2847.2M, totSessionCpu=2:17:15 **

Latch borrow mode reset to max_borrow
**INFO: flowCheckPoint #21 FinalSummary
Reported timing to dir ./timingReports
**optDesign ... cpu = 0:11:24, real = 0:11:20, mem = 2837.3M, totSessionCpu=2:17:20 **
Running 'saveTimingGraph -compress -file /tmp/innovus_temp_169137_c2sgpr065.Cambridge.edu.in_scl_shuttle_8_3_MYlu7D/opt_timing_graph_1EAhYW/timingGraph.tgz -dir /tmp/innovus_temp_169137_c2sgpr065.Cambridge.edu.in_scl_shuttle_8_3_MYlu7D/opt_timing_graph_1EAhYW -prefix timingGraph'
Done saveTimingGraph
Starting delay calculation for Hold views
Starting SI iteration 1 using Infinite Timing Windows
#################################################################################
# Design Stage: PostRoute
# Design Name: C2S0306
# Design Mode: 90nm
# Analysis Mode: MMMC OCV 
# Parasitics Mode: SPEF/RCDB 
# Signoff Settings: SI On 
#################################################################################
AAE_INFO: 1 threads acquired from CTE.
Start delay calculation (fullDC) (1 T). (MEM=3564.62)
*** Calculating scaling factor for min_timing libraries using the default operating condition of each library.
Total number of fetched objects 112203
AAE_INFO-618: Total number of nets in the design is 113160,  99.2 percent of the nets selected for SI analysis
Total number of fetched objects 112203
AAE_INFO-618: Total number of nets in the design is 113160,  99.2 percent of the nets selected for SI analysis
End delay calculation. (MEM=3589.52 CPU=0:00:56.9 REAL=0:00:56.0)
End delay calculation (fullDC). (MEM=3589.52 CPU=0:00:59.0 REAL=0:00:59.0)
Loading CTE timing window with TwFlowType 0...(CPU = 0:00:00.0, REAL = 0:00:00.0, MEM = 3589.5M)
Add other clocks and setupCteToAAEClockMapping during iter 1
Loading CTE timing window is completed (CPU = 0:00:00.4, REAL = 0:00:01.0, MEM = 3589.5M)
Starting SI iteration 2
Start delay calculation (fullDC) (1 T). (MEM=3523.64)
Glitch Analysis: View best_case -- Total Number of Nets Skipped = 0. 
Glitch Analysis: View best_case -- Total Number of Nets Analyzed = 0. 
Total number of fetched objects 112203
AAE_INFO-618: Total number of nets in the design is 113160,  0.2 percent of the nets selected for SI analysis
Total number of fetched objects 112203
AAE_INFO-618: Total number of nets in the design is 113160,  0.0 percent of the nets selected for SI analysis
End delay calculation. (MEM=3566.32 CPU=0:00:00.9 REAL=0:00:01.0)
End delay calculation (fullDC). (MEM=3566.32 CPU=0:00:01.2 REAL=0:00:01.0)
*** Done Building Timing Graph (cpu=0:01:15 real=0:01:15 totSessionCpu=2:18:41 mem=3566.3M)
Running 'restoreTimingGraph -file /tmp/innovus_temp_169137_c2sgpr065.Cambridge.edu.in_scl_shuttle_8_3_MYlu7D/opt_timing_graph_1EAhYW/timingGraph.tgz -dir /tmp/innovus_temp_169137_c2sgpr065.Cambridge.edu.in_scl_shuttle_8_3_MYlu7D/opt_timing_graph_1EAhYW -prefix timingGraph'
Done restoreTimingGraph

------------------------------------------------------------------
     optDesign Final SI Timing Summary
------------------------------------------------------------------

Setup views included:
 worst_case 
Hold views included:
 best_case 

+--------------------+---------+---------+---------+
|     Setup mode     |   all   | reg2reg | default |
+--------------------+---------+---------+---------+
|           WNS (ns):| 12.867  | 12.867  | 25.331  |
|           TNS (ns):|  0.000  |  0.000  |  0.000  |
|    Violating Paths:|    0    |    0    |    0    |
|          All Paths:|  23082  |  22131  |  4136   |
+--------------------+---------+---------+---------+

+--------------------+---------+---------+---------+
|     Hold mode      |   all   | reg2reg | default |
+--------------------+---------+---------+---------+
|           WNS (ns):|  0.149  |  0.149  |  0.301  |
|           TNS (ns):|  0.000  |  0.000  |  0.000  |
|    Violating Paths:|    0    |    0    |    0    |
|          All Paths:|  23082  |  22131  |  4136   |
+--------------------+---------+---------+---------+

+----------------+-------------------------------+------------------+
|                |              Real             |       Total      |
|    DRVs        +------------------+------------+------------------|
|                |  Nr nets(terms)  | Worst Vio  |  Nr nets(terms)  |
+----------------+------------------+------------+------------------+
|   max_cap      |      1 (1)       |   -0.015   |      1 (1)       |
|   max_tran     |      4 (4)       |   -1.663   |      4 (4)       |
|   max_fanout   |      0 (0)       |     0      |      0 (0)       |
|   max_length   |      0 (0)       |     0      |      0 (0)       |
+----------------+------------------+------------+------------------+

Density: 71.771%
Total number of glitch violations: 0
------------------------------------------------------------------
**optDesign ... cpu = 0:12:59, real = 0:12:55, mem = 3085.0M, totSessionCpu=2:18:55 **
 ReSet Options after AAE Based Opt flow 
*** Finished optDesign ***
Info: Destroy the CCOpt slew target map.
*** optDesign #4 [finish] : cpu/real = 0:12:58.3/0:12:54.7 (1.0), totSession cpu/real = 2:18:55.5/2:40:52.9 (0.9), mem = 3606.7M
<CMD> verify_drc
 *** Starting Verify DRC (MEM: 3606.7) ***

  VERIFY DRC ...... Starting Verification
  VERIFY DRC ...... Initializing
  VERIFY DRC ...... Deleting Existing Violations
  VERIFY DRC ...... Creating Sub-Areas
  VERIFY DRC ...... Using new threading

  Verification Complete : 0 Viols.

 *** End Verify DRC (CPU: 0:00:29.3  ELAPSED TIME: 30.00  MEM: 0.0M) ***

<CMD> selectWire 1484.1000 1214.1800 1524.7000 1214.4600 5 u_crypto_synth_top/u_top/u_rsa/core_inst/result_mem/FE_OFN536_FE_DBTN12_n_9920
<CMD> fit
<CMD> fit
<CMD> fit
<CMD> fit
<CMD> setDrawView ameba
<CMD> setDrawView fplan
<CMD> setDrawView place
<CMD> setLayerPreference violation -isVisible 1
<CMD> violationBrowser -all -no_display_false -displayByLayer
<CMD> report_constraint -drv
**ERROR: (TCLCMD-166):	No value provided for option '-drv_violation_type'. The option '-drv_violation_type' requires a value to be specified for it. Run 'report_constraint -help' to see the basic syntax for this command. Run 'man report_constraint' to see a complete description of the command and its options. Review the syntax and specify a legal value for option '-drv_violation_type'.

<CMD> report_constraint -all_violators

max_delay/setup
---------------------------
No paths found

Check type : clock_period
---------------------------
No paths found

Check type : skew
---------------------------
No paths found

Check type : pulse_width
---------------------------
 No violating Checks with given description found

Check type : max_transition
---------------------------
     +----------------------------------------------------------------------------------------------------------+ 
     | Pin Name                                                       | Required | Actual | Slack  | View       | 
     |----------------------------------------------------------------+----------+--------+--------+------------| 
     | u_crypto_synth_top/u_top/u_rsa/core_inst/result_mem/g451026/Z  | 3.000    | 4.663  | -1.663 | worst_case | 
     | u_crypto_synth_top/u_top/u_rsa/core_inst/result_mem/g645879/ZN | 3.000    | 3.914  | -0.914 | worst_case | 
     | u_crypto_synth_top/u_top/u_rsa/core_inst/result_mem/g456868/Z  | 3.000    | 3.641  | -0.641 | worst_case | 
     | u_crypto_synth_top/u_top/u_rsa/core_inst/result_mem/g455165/Z  | 3.000    | 3.528  | -0.528 | worst_case | 
     +----------------------------------------------------------------------------------------------------------+ 

Check type : max_capacitance
---------------------------
     +---------------------------------------------------------------------------------------------------------+ 
     | Pin Name                                                      | Required | Actual | Slack  | View       | 
     |---------------------------------------------------------------+----------+--------+--------+------------| 
     | u_crypto_synth_top/u_top/u_rsa/core_inst/result_mem/g451026/Z | 0.300    | 0.315  | -0.015 | worst_case | 
     +---------------------------------------------------------------------------------------------------------+ 

Check type : max_fanout
---------------------------
 No Violations found
<CMD> ecoChangeCell -inst u_crypto_synth_top/u_top/u_rsa/core_inst/result_mem/g451026 -cell mx02d2
#################################################################################
# Design Stage: PostRoute
# Design Name: C2S0306
# Design Mode: 90nm
# Analysis Mode: MMMC OCV 
# Parasitics Mode: SPEF/RCDB 
# Signoff Settings: SI On 
#################################################################################
   _____________________________________________________________
  /  Design State
 +--------------------------------------------------------------
 | unconnected nets:      955
 | signal nets: 
 |    routed nets:   111975 (100.0% routed)
 |     total nets:   111993
 | clock nets: 
 |    routed nets:      207 (99.5% routed)
 |     total nets:      208
 +--------------------------------------------------------------
#################################################################################
# Design Stage: PostRoute
# Design Name: C2S0306
# Design Mode: 90nm
# Analysis Mode: MMMC OCV 
# Parasitics Mode: SPEF/RCDB 
# Signoff Settings: SI On 
#################################################################################
*** Starting refinePlace (2:20:05 mem=3638.7M) ***
Total net bbox length = 1.027e+07 (5.159e+06 5.114e+06) (ext = 1.594e+04)
Move report: Detail placement moves 0 insts, mean move: 0.00 um, max move: 0.00 um 
	Runtime: CPU: 0:00:02.1 REAL: 0:00:02.0 MEM: 3638.7MB
Summary Report:
Instances move: 0 (out of 110659 movable)
Instances flipped: 0
Mean displacement: 0.00 um
Max displacement: 0.00 um 
Total net bbox length = 1.027e+07 (5.159e+06 5.114e+06) (ext = 1.594e+04)
Runtime: CPU: 0:00:02.3 REAL: 0:00:03.0 MEM: 3638.7MB
*** Finished refinePlace (2:20:07 mem=3638.7M) ***
Resize u_crypto_synth_top/u_top/u_rsa/core_inst/result_mem/g451026 (mx02d1) to mx02d2.
<CMD> ecoChangeCell -inst u_crypto_synth_top/u_top/u_rsa/core_inst/result_mem/g456868 -cell mx02d2
   _____________________________________________________________
  /  Design State
 +--------------------------------------------------------------
 | unconnected nets:      955
 | signal nets: 
 |    routed nets:   111975 (100.0% routed)
 |     total nets:   111993
 | clock nets: 
 |    routed nets:      207 (99.5% routed)
 |     total nets:      208
 +--------------------------------------------------------------
#################################################################################
# Design Stage: PostRoute
# Design Name: C2S0306
# Design Mode: 90nm
# Analysis Mode: MMMC OCV 
# Parasitics Mode: SPEF/RCDB 
# Signoff Settings: SI On 
#################################################################################
*** Starting refinePlace (2:20:09 mem=3576.6M) ***
Total net bbox length = 1.027e+07 (5.159e+06 5.114e+06) (ext = 1.594e+04)
Move report: Detail placement moves 19 insts, mean move: 21.10 um, max move: 135.52 um 
	Max move on inst (u_crypto_synth_top/u_top/u_rsa/core_inst/result_mem/FE_PHC27873_mem_32_28): (1367.76, 828.48) --> (1282.64, 778.08)
	Runtime: CPU: 0:00:01.9 REAL: 0:00:02.0 MEM: 3576.6MB
Summary Report:
Instances move: 19 (out of 110659 movable)
Instances flipped: 0
Mean displacement: 21.10 um
Max displacement: 135.52 um (Instance: u_crypto_synth_top/u_top/u_rsa/core_inst/result_mem/FE_PHC27873_mem_32_28) (1367.76, 828.48) -> (1282.64, 778.08)
	Length: 4 sites, height: 1 rows, site name: CoreSite, cell type: buffd1
Total net bbox length = 1.027e+07 (5.159e+06 5.114e+06) (ext = 1.594e+04)
Runtime: CPU: 0:00:02.1 REAL: 0:00:03.0 MEM: 3576.6MB
*** Finished refinePlace (2:20:11 mem=3576.6M) ***
Resize u_crypto_synth_top/u_top/u_rsa/core_inst/result_mem/g456868 (mx02d1) to mx02d2.
<CMD> ecoChangeCell -inst u_crypto_synth_top/u_top/u_rsa/core_inst/result_mem/g455165 -cell mx02d2
   _____________________________________________________________
  /  Design State
 +--------------------------------------------------------------
 | unconnected nets:      955
 | signal nets: 
 |    routed nets:   111975 (100.0% routed)
 |     total nets:   111993
 | clock nets: 
 |    routed nets:      207 (99.5% routed)
 |     total nets:      208
 +--------------------------------------------------------------
#################################################################################
# Design Stage: PostRoute
# Design Name: C2S0306
# Design Mode: 90nm
# Analysis Mode: MMMC OCV 
# Parasitics Mode: SPEF/RCDB 
# Signoff Settings: SI On 
#################################################################################
*** Starting refinePlace (2:20:13 mem=3571.3M) ***
Total net bbox length = 1.027e+07 (5.159e+06 5.114e+06) (ext = 1.594e+04)
Move report: Detail placement moves 1 insts, mean move: 0.56 um, max move: 0.56 um 
	Max move on inst (u_crypto_synth_top/u_top/u_rsa/core_inst/result_mem/g455165): (1366.64, 1052.48) --> (1366.08, 1052.48)
	Runtime: CPU: 0:00:01.9 REAL: 0:00:02.0 MEM: 3571.3MB
Summary Report:
Instances move: 1 (out of 110659 movable)
Instances flipped: 0
Mean displacement: 0.56 um
Max displacement: 0.56 um (Instance: u_crypto_synth_top/u_top/u_rsa/core_inst/result_mem/g455165) (1366.64, 1052.48) -> (1366.08, 1052.48)
	Length: 9 sites, height: 1 rows, site name: CoreSite, cell type: mx02d2
Total net bbox length = 1.027e+07 (5.159e+06 5.114e+06) (ext = 1.594e+04)
Runtime: CPU: 0:00:02.0 REAL: 0:00:02.0 MEM: 3571.3MB
*** Finished refinePlace (2:20:15 mem=3571.3M) ***
Resize u_crypto_synth_top/u_top/u_rsa/core_inst/result_mem/g455165 (mx02d1) to mx02d2.
<CMD> ecoChangeCell -inst u_crypto_synth_top/u_top/u_rsa/core_inst/result_mem/g645879 -cell oai22d2
   _____________________________________________________________
  /  Design State
 +--------------------------------------------------------------
 | unconnected nets:      955
 | signal nets: 
 |    routed nets:   111975 (100.0% routed)
 |     total nets:   111993
 | clock nets: 
 |    routed nets:      207 (99.5% routed)
 |     total nets:      208
 +--------------------------------------------------------------
#################################################################################
# Design Stage: PostRoute
# Design Name: C2S0306
# Design Mode: 90nm
# Analysis Mode: MMMC OCV 
# Parasitics Mode: SPEF/RCDB 
# Signoff Settings: SI On 
#################################################################################
*** Starting refinePlace (2:20:19 mem=3572.0M) ***
Total net bbox length = 1.027e+07 (5.159e+06 5.114e+06) (ext = 1.594e+04)
Move report: Detail placement moves 12 insts, mean move: 10.50 um, max move: 38.08 um 
	Max move on inst (u_crypto_synth_top/u_top/u_rsa/core_inst/result_mem/FE_PHC26307_mem_104_31): (1266.40, 593.28) --> (1304.48, 593.28)
	Runtime: CPU: 0:00:01.9 REAL: 0:00:02.0 MEM: 3572.0MB
Summary Report:
Instances move: 12 (out of 110659 movable)
Instances flipped: 0
Mean displacement: 10.50 um
Max displacement: 38.08 um (Instance: u_crypto_synth_top/u_top/u_rsa/core_inst/result_mem/FE_PHC26307_mem_104_31) (1266.4, 593.28) -> (1304.48, 593.28)
	Length: 4 sites, height: 1 rows, site name: CoreSite, cell type: buffd1
Total net bbox length = 1.027e+07 (5.159e+06 5.114e+06) (ext = 1.594e+04)
Runtime: CPU: 0:00:02.1 REAL: 0:00:02.0 MEM: 3572.0MB
*** Finished refinePlace (2:20:22 mem=3572.0M) ***
Resize u_crypto_synth_top/u_top/u_rsa/core_inst/result_mem/g645879 (oai22d1) to oai22d2.
<CMD> ecoRoute
**INFO: User settings:
setNanoRouteMode -drouteAntennaFactor                           1
setNanoRouteMode -droutePostRouteSpreadWire                     1
setNanoRouteMode -drouteStartIteration                          0
setNanoRouteMode -drouteUseMinSpacingForBlockage                auto
setNanoRouteMode -drouteUseMultiCutViaEffort                    high
setNanoRouteMode -extractThirdPartyCompatible                   false
setNanoRouteMode -grouteExpTdStdDelay                           45.5
setNanoRouteMode -grouteExpTdUseTifTimingEngineForImportDesign  false
setNanoRouteMode -routeAntennaCellName                          {}
setNanoRouteMode -routeBottomRoutingLayer                       1
setNanoRouteMode -routeInsertAntennaDiode                       true
setNanoRouteMode -routeStrictlyHonorNonDefaultRule              false
setNanoRouteMode -routeTdrEffort                                6
setNanoRouteMode -routeTopRoutingLayer                          6
setNanoRouteMode -routeWithSiDriven                             true
setNanoRouteMode -routeWithSiPostRouteFix                       false
setNanoRouteMode -routeWithTimingDriven                         true
setNanoRouteMode -timingEngine                                  {}

#% Begin globalDetailRoute (date=07/27 17:47:51, mem=2673.5M)

globalDetailRoute

#WARNING (NRIF-78) The option routeWithEco combined with routeWithTimingDriven is not recommended due to possible high memory usage, increased run-time, and increased routing pattern pertubations. Please use with caution.
#Start globalDetailRoute on Mon Jul 27 17:47:51 2026
#
Initializing multi-corner resistance tables ...
#WARNING (NRIG-39) NanoRoute cannot route to pin PIN/main_clk_pad of net main_clk_pad because it might be a logical pin and does not have physical shapes. To fix the problem, check the pin connection in the netlist and ensure the pin shapes exist in the floorplan.
#WARNING (NRIG-39) NanoRoute cannot route to pin PIN/PRESETn_pad of net PRESETn_pad because it might be a logical pin and does not have physical shapes. To fix the problem, check the pin connection in the netlist and ensure the pin shapes exist in the floorplan.
#WARNING (NRIG-39) NanoRoute cannot route to pin PIN/PSEL_pad of net PSEL_pad because it might be a logical pin and does not have physical shapes. To fix the problem, check the pin connection in the netlist and ensure the pin shapes exist in the floorplan.
#WARNING (NRIG-39) NanoRoute cannot route to pin PIN/PENABLE_pad of net PENABLE_pad because it might be a logical pin and does not have physical shapes. To fix the problem, check the pin connection in the netlist and ensure the pin shapes exist in the floorplan.
#WARNING (NRIG-39) NanoRoute cannot route to pin PIN/PWRITE_pad of net PWRITE_pad because it might be a logical pin and does not have physical shapes. To fix the problem, check the pin connection in the netlist and ensure the pin shapes exist in the floorplan.
#WARNING (NRIG-39) NanoRoute cannot route to pin PIN/PADDR_pad[7] of net PADDR_pad[7] because it might be a logical pin and does not have physical shapes. To fix the problem, check the pin connection in the netlist and ensure the pin shapes exist in the floorplan.
#WARNING (NRIG-39) NanoRoute cannot route to pin PIN/PADDR_pad[6] of net PADDR_pad[6] because it might be a logical pin and does not have physical shapes. To fix the problem, check the pin connection in the netlist and ensure the pin shapes exist in the floorplan.
#WARNING (NRIG-39) NanoRoute cannot route to pin PIN/PADDR_pad[5] of net PADDR_pad[5] because it might be a logical pin and does not have physical shapes. To fix the problem, check the pin connection in the netlist and ensure the pin shapes exist in the floorplan.
#WARNING (NRIG-39) NanoRoute cannot route to pin PIN/PADDR_pad[4] of net PADDR_pad[4] because it might be a logical pin and does not have physical shapes. To fix the problem, check the pin connection in the netlist and ensure the pin shapes exist in the floorplan.
#WARNING (NRIG-39) NanoRoute cannot route to pin PIN/PADDR_pad[3] of net PADDR_pad[3] because it might be a logical pin and does not have physical shapes. To fix the problem, check the pin connection in the netlist and ensure the pin shapes exist in the floorplan.
#WARNING (NRIG-39) NanoRoute cannot route to pin PIN/PADDR_pad[2] of net PADDR_pad[2] because it might be a logical pin and does not have physical shapes. To fix the problem, check the pin connection in the netlist and ensure the pin shapes exist in the floorplan.
#WARNING (NRIG-39) NanoRoute cannot route to pin PIN/PADDR_pad[1] of net PADDR_pad[1] because it might be a logical pin and does not have physical shapes. To fix the problem, check the pin connection in the netlist and ensure the pin shapes exist in the floorplan.
#WARNING (NRIG-39) NanoRoute cannot route to pin PIN/PADDR_pad[0] of net PADDR_pad[0] because it might be a logical pin and does not have physical shapes. To fix the problem, check the pin connection in the netlist and ensure the pin shapes exist in the floorplan.
#WARNING (NRIG-39) NanoRoute cannot route to pin PIN/SER_DATA_pad of net SER_DATA_pad because it might be a logical pin and does not have physical shapes. To fix the problem, check the pin connection in the netlist and ensure the pin shapes exist in the floorplan.
#WARNING (NRIG-39) NanoRoute cannot route to pin PIN/SHIFT_EN_pad of net SHIFT_EN_pad because it might be a logical pin and does not have physical shapes. To fix the problem, check the pin connection in the netlist and ensure the pin shapes exist in the floorplan.
#WARNING (NRIG-39) NanoRoute cannot route to pin PIN/PREADY_pad of net PREADY_pad because it might be a logical pin and does not have physical shapes. To fix the problem, check the pin connection in the netlist and ensure the pin shapes exist in the floorplan.
#WARNING (NRIG-39) NanoRoute cannot route to pin PIN/PSLVERR_pad of net PSLVERR_pad because it might be a logical pin and does not have physical shapes. To fix the problem, check the pin connection in the netlist and ensure the pin shapes exist in the floorplan.
#WARNING (NRIG-39) NanoRoute cannot route to pin PIN/SER_OUT_pad of net SER_OUT_pad because it might be a logical pin and does not have physical shapes. To fix the problem, check the pin connection in the netlist and ensure the pin shapes exist in the floorplan.
#WARNING (NRIG-39) NanoRoute cannot route to pin PIN/SHIFT_OUT_EN_pad of net SHIFT_OUT_EN_pad because it might be a logical pin and does not have physical shapes. To fix the problem, check the pin connection in the netlist and ensure the pin shapes exist in the floorplan.
#num needed restored net=0
#need_extraction net=0 (total=113160)
#WARNING (NRDB-733) PIN PADDR_pad[0] in CELL_VIEW C2S0306 does not have physical port.
#WARNING (NRDB-733) PIN PADDR_pad[1] in CELL_VIEW C2S0306 does not have physical port.
#WARNING (NRDB-733) PIN PADDR_pad[2] in CELL_VIEW C2S0306 does not have physical port.
#WARNING (NRDB-733) PIN PADDR_pad[3] in CELL_VIEW C2S0306 does not have physical port.
#WARNING (NRDB-733) PIN PADDR_pad[4] in CELL_VIEW C2S0306 does not have physical port.
#WARNING (NRDB-733) PIN PADDR_pad[5] in CELL_VIEW C2S0306 does not have physical port.
#WARNING (NRDB-733) PIN PADDR_pad[6] in CELL_VIEW C2S0306 does not have physical port.
#WARNING (NRDB-733) PIN PADDR_pad[7] in CELL_VIEW C2S0306 does not have physical port.
#WARNING (NRDB-733) PIN PENABLE_pad in CELL_VIEW C2S0306 does not have physical port.
#WARNING (NRDB-733) PIN PREADY_pad in CELL_VIEW C2S0306 does not have physical port.
#WARNING (NRDB-733) PIN PRESETn_pad in CELL_VIEW C2S0306 does not have physical port.
#WARNING (NRDB-733) PIN PSEL_pad in CELL_VIEW C2S0306 does not have physical port.
#WARNING (NRDB-733) PIN PSLVERR_pad in CELL_VIEW C2S0306 does not have physical port.
#WARNING (NRDB-733) PIN PWRITE_pad in CELL_VIEW C2S0306 does not have physical port.
#WARNING (NRDB-733) PIN SER_DATA_pad in CELL_VIEW C2S0306 does not have physical port.
#WARNING (NRDB-733) PIN SER_OUT_pad in CELL_VIEW C2S0306 does not have physical port.
#WARNING (NRDB-733) PIN SHIFT_EN_pad in CELL_VIEW C2S0306 does not have physical port.
#WARNING (NRDB-733) PIN SHIFT_OUT_EN_pad in CELL_VIEW C2S0306 does not have physical port.
#WARNING (NRDB-733) PIN main_clk_pad in CELL_VIEW C2S0306 does not have physical port.
#WARNING (NRDB-976) The TRACK STEP 0.5600 for preferred direction tracks is smaller than the PITCH 0.6600 for LAYER M5. This will cause routability problems for NanoRoute.
#Processed 29/0 dirty instances, 128/11 dirty terms, 0/0 dirty fterms, 0/0 dirty pgterms, 0/0 misc dirty regions(16 insts marked dirty, reset pre-exisiting dirty flag on 35 insts, 0 nets marked need extraction)
#NanoRoute Version 20.14-s095_1 NR210411-1939/20_14-UB
#Skip comparing routing design signature in db-snapshot flow
#Total number of trivial nets (e.g. < 2 pins) = 976 (skipped).
#Total number of routable nets = 112184.
#Total number of nets in the design = 113160.
#84 routable nets do not have any wires.
#112100 routable nets have routed wires.
#84 nets will be global routed.
#207 detail routed (routable) nets have been constrained (e.g. have preferred extra spacing, require shielding etc.)
#Start routing data preparation on Mon Jul 27 17:48:05 2026
#
#Minimum voltage of a net in the design = 0.000.
#Maximum voltage of a net in the design = 1.620.
#Voltage range [0.000 - 1.620] has 113156 nets.
#Voltage range [1.620 - 1.620] has 2 nets.
#Voltage range [0.000 - 0.000] has 2 nets.
#Initial pin access analysis.
#Detail pin access analysis.
# M1           H   Track-Pitch = 0.5600    Line-2-Via Pitch = 0.4850
# M2           V   Track-Pitch = 0.5600    Line-2-Via Pitch = 0.5600
# M3           H   Track-Pitch = 0.5600    Line-2-Via Pitch = 0.5600
# M4           V   Track-Pitch = 0.5600    Line-2-Via Pitch = 0.5600
# M5           H   Track-Pitch = 0.5600    Line-2-Via Pitch = 0.5600
# TOP_M        V   Track-Pitch = 1.1200    Line-2-Via Pitch = 0.9500
#Monitoring time of adding inner blkg by smac
#cpu time = 00:00:00, elapsed time = 00:00:00, memory = 2676.61 (MB), peak = 3216.88 (MB)
#Regenerating Ggrids automatically.
#Auto generating G-grids with size=15 tracks, using layer M3's pitch = 0.5600.
#Using automatically generated G-grids.
#Done routing data preparation.
#cpu time = 00:00:06, elapsed time = 00:00:06, memory = 2680.21 (MB), peak = 3216.88 (MB)
#
#Finished routing data preparation on Mon Jul 27 17:48:13 2026
#
#Cpu time = 00:00:08
#Elapsed time = 00:00:08
#Increased memory = 9.21 (MB)
#Total memory = 2681.55 (MB)
#Peak memory = 3216.88 (MB)
#
#
#Start global routing on Mon Jul 27 17:48:13 2026
#
#
#Start global routing initialization on Mon Jul 27 17:48:13 2026
#
#Number of eco nets is 84
#
#Start global routing data preparation on Mon Jul 27 17:48:13 2026
#
#Start routing resource analysis on Mon Jul 27 17:48:14 2026
#
#Routing resource analysis is done on Mon Jul 27 17:48:21 2026
#
#  Resource Analysis:
#
#               Routing  #Avail      #Track     #Total     %Gcell
#  Layer      Direction   Track     Blocked      Gcell    Blocked
#  --------------------------------------------------------------
#  M1             H        3615        1634      122500    76.52%
#  M2             V        3635        1614      122500    32.12%
#  M3             H        3621        1628      122500    30.75%
#  M4             V        3610        1639      122500    32.24%
#  M5             H        3492        1757      122500    32.10%
#  TOP_M          V        1364        1261      122500    38.19%
#  --------------------------------------------------------------
#  Total                  19338      34.27%      735000    40.32%
#
#
#
#
#Global routing data preparation is done on Mon Jul 27 17:48:21 2026
#
#cpu time = 00:00:08, elapsed time = 00:00:08, memory = 2700.20 (MB), peak = 3216.88 (MB)
#
#
#Global routing initialization is done on Mon Jul 27 17:48:22 2026
#
#cpu time = 00:00:09, elapsed time = 00:00:09, memory = 2702.29 (MB), peak = 3216.88 (MB)
#
#start global routing iteration 1...
#cpu time = 00:00:01, elapsed time = 00:00:01, memory = 2707.21 (MB), peak = 3216.88 (MB)
#
#start global routing iteration 2...
#cpu time = 00:00:02, elapsed time = 00:00:02, memory = 2709.03 (MB), peak = 3216.88 (MB)
#
#start global routing iteration 3...
#cpu time = 00:00:03, elapsed time = 00:00:03, memory = 2718.58 (MB), peak = 3216.88 (MB)
#
#
#Total number of trivial nets (e.g. < 2 pins) = 976 (skipped).
#Total number of routable nets = 112184.
#Total number of nets in the design = 113160.
#
#112184 routable nets have routed wires.
#207 detail routed (routable) nets have been constrained (e.g. have preferred extra spacing, require shielding etc.)
#
#Routed nets constraints summary:
#-----------------------------
#        Rules   Unconstrained  
#-----------------------------
#      Default              84  
#-----------------------------
#        Total              84  
#-----------------------------
#
#Routing constraints summary of the whole design:
#---------------------------------------------------------
#        Rules   Pref Layer   Avoid Detour   Unconstrained  
#---------------------------------------------------------
#      Default          207            207          111977  
#---------------------------------------------------------
#        Total          207            207          111977  
#---------------------------------------------------------
#
#
#  Congestion Analysis: (blocked Gcells are excluded)
#
#                 OverCon       OverCon          
#                  #Gcell        #Gcell    %Gcell
#     Layer           (1)           (2)   OverCon
#  ----------------------------------------------
#  M1            0(0.00%)      0(0.00%)   (0.00%)
#  M2           12(0.01%)      5(0.01%)   (0.02%)
#  M3            3(0.00%)      1(0.00%)   (0.00%)
#  M4            0(0.00%)      0(0.00%)   (0.00%)
#  M5            1(0.00%)      0(0.00%)   (0.00%)
#  TOP_M         0(0.00%)      0(0.00%)   (0.00%)
#  ----------------------------------------------
#     Total     16(0.00%)      6(0.00%)   (0.00%)
#
#  The worst congested Gcell overcon (routing demand over resource in number of tracks) = 2
#  Overflow after GR: 0.00% H + 0.00% V
#
#Complete Global Routing.
#Total wire length = 13195489 um.
#Total half perimeter of net bounding box = 10520489 um.
#Total wire length on LAYER M1 = 188738 um.
#Total wire length on LAYER M2 = 1969108 um.
#Total wire length on LAYER M3 = 2882701 um.
#Total wire length on LAYER M4 = 3809625 um.
#Total wire length on LAYER M5 = 3353626 um.
#Total wire length on LAYER TOP_M = 991691 um.
#Total number of vias = 1136819
#Total number of multi-cut vias = 402513 ( 35.4%)
#Total number of single cut vias = 734306 ( 64.6%)
#Up-Via Summary (total 1136819):
#                   single-cut          multi-cut      Total
#-----------------------------------------------------------
# M1            243608 ( 61.5%)    152192 ( 38.5%)     395800
# M2            231859 ( 58.5%)    164561 ( 41.5%)     396420
# M3            145406 ( 71.2%)     58902 ( 28.8%)     204308
# M4             99085 ( 82.9%)     20400 ( 17.1%)     119485
# M5             14348 ( 69.0%)      6458 ( 31.0%)      20806
#-----------------------------------------------------------
#               734306 ( 64.6%)    402513 ( 35.4%)    1136819 
#
#Max overcon = 2 tracks.
#Total overcon = 0.00%.
#Worst layer Gcell overcon rate = 0.00%.
#
#Global routing statistics:
#Cpu time = 00:00:21
#Elapsed time = 00:00:21
#Increased memory = 35.55 (MB)
#Total memory = 2717.10 (MB)
#Peak memory = 3216.88 (MB)
#
#Finished global routing on Mon Jul 27 17:48:33 2026
#
#
#cpu time = 00:00:01, elapsed time = 00:00:01, memory = 2707.91 (MB), peak = 3216.88 (MB)
#Start Track Assignment.
#Done with 33 horizontal wires in 11 hboxes and 40 vertical wires in 11 hboxes.
#Done with 1 horizontal wires in 11 hboxes and 5 vertical wires in 11 hboxes.
#Complete Track Assignment.
#Total wire length = 13195794 um.
#Total half perimeter of net bounding box = 10520489 um.
#Total wire length on LAYER M1 = 188767 um.
#Total wire length on LAYER M2 = 1969184 um.
#Total wire length on LAYER M3 = 2882879 um.
#Total wire length on LAYER M4 = 3809649 um.
#Total wire length on LAYER M5 = 3353630 um.
#Total wire length on LAYER TOP_M = 991685 um.
#Total number of vias = 1136819
#Total number of multi-cut vias = 402513 ( 35.4%)
#Total number of single cut vias = 734306 ( 64.6%)
#Up-Via Summary (total 1136819):
#                   single-cut          multi-cut      Total
#-----------------------------------------------------------
# M1            243608 ( 61.5%)    152192 ( 38.5%)     395800
# M2            231859 ( 58.5%)    164561 ( 41.5%)     396420
# M3            145406 ( 71.2%)     58902 ( 28.8%)     204308
# M4             99085 ( 82.9%)     20400 ( 17.1%)     119485
# M5             14348 ( 69.0%)      6458 ( 31.0%)      20806
#-----------------------------------------------------------
#               734306 ( 64.6%)    402513 ( 35.4%)    1136819 
#
#cpu time = 00:00:13, elapsed time = 00:00:13, memory = 2712.57 (MB), peak = 3216.88 (MB)
#
#number of short segments in preferred routing layers
#	
#	
#
#Routing data preparation, pin analysis, global routing and track assignment statistics:
#Cpu time = 00:00:47
#Elapsed time = 00:00:47
#Increased memory = 42.84 (MB)
#Total memory = 2715.17 (MB)
#Peak memory = 3216.88 (MB)
#
#Start Detail Routing..
#start initial detail routing ...
#   Improving pin accessing ...
#    elapsed time = 00:00:02, memory = 2723.68 (MB)
#    completing 20% with 4 violations
#    elapsed time = 00:00:03, memory = 2762.64 (MB)
#    completing 30% with 4 violations
#    elapsed time = 00:00:03, memory = 2762.64 (MB)
#    completing 40% with 21 violations
#    elapsed time = 00:00:05, memory = 2784.05 (MB)
#    completing 50% with 21 violations
#    elapsed time = 00:00:05, memory = 2784.05 (MB)
#    completing 60% with 21 violations
#    elapsed time = 00:00:05, memory = 2784.05 (MB)
#    completing 70% with 23 violations
#    elapsed time = 00:00:06, memory = 2790.05 (MB)
#    completing 80% with 23 violations
#    elapsed time = 00:00:07, memory = 2790.05 (MB)
#    completing 90% with 21 violations
#    elapsed time = 00:00:08, memory = 2811.16 (MB)
#    completing 100% with 21 violations
#    elapsed time = 00:00:08, memory = 2811.16 (MB)
# ECO: 0.1% of the total area was rechecked for DRC, and 0.4% required routing.
#   number of violations = 21
#
#    By Layer and Type :
#	         MetSpc    Short   Totals
#	M1            1        0        1
#	M2            0        8        8
#	M3            3        0        3
#	M4            1        0        1
#	M5            6        2        8
#	Totals       11       10       21
#16 out of 111168 instances (0.0%) need to be verified(marked ipoed), dirty area = 0.0%.
#0.0% of the total area is being checked for drcs
#0.0% of the total area was checked
#   number of violations = 21
#
#    By Layer and Type :
#	         MetSpc    Short   Totals
#	M1            1        0        1
#	M2            0        8        8
#	M3            3        0        3
#	M4            1        0        1
#	M5            6        2        8
#	Totals       11       10       21
#cpu time = 00:00:11, elapsed time = 00:00:11, memory = 2720.10 (MB), peak = 3216.88 (MB)
#start 1st optimization iteration ...
#   number of violations = 0
#    number of process antenna violations = 328
#cpu time = 00:00:02, elapsed time = 00:00:02, memory = 2720.20 (MB), peak = 3216.88 (MB)
#Complete Detail Routing.
#Total wire length = 13195677 um.
#Total half perimeter of net bounding box = 10520489 um.
#Total wire length on LAYER M1 = 188734 um.
#Total wire length on LAYER M2 = 1969183 um.
#Total wire length on LAYER M3 = 2882798 um.
#Total wire length on LAYER M4 = 3809728 um.
#Total wire length on LAYER M5 = 3353596 um.
#Total wire length on LAYER TOP_M = 991637 um.
#Total number of vias = 1136952
#Total number of multi-cut vias = 402516 ( 35.4%)
#Total number of single cut vias = 734436 ( 64.6%)
#Up-Via Summary (total 1136952):
#                   single-cut          multi-cut      Total
#-----------------------------------------------------------
# M1            243610 ( 61.5%)    152190 ( 38.5%)     395800
# M2            231914 ( 58.5%)    164568 ( 41.5%)     396482
# M3            145454 ( 71.2%)     58900 ( 28.8%)     204354
# M4             99110 ( 82.9%)     20400 ( 17.1%)     119510
# M5             14348 ( 69.0%)      6458 ( 31.0%)      20806
#-----------------------------------------------------------
#               734436 ( 64.6%)    402516 ( 35.4%)    1136952 
#
#Total number of DRC violations = 0
#Cpu time = 00:00:25
#Elapsed time = 00:00:25
#Increased memory = 2.58 (MB)
#Total memory = 2717.75 (MB)
#Peak memory = 3216.88 (MB)
#
#start routing for process antenna violation fix ...
#cpu time = 00:00:11, elapsed time = 00:00:11, memory = 2723.41 (MB), peak = 3216.88 (MB)
#
#Total wire length = 13195677 um.
#Total half perimeter of net bounding box = 10520489 um.
#Total wire length on LAYER M1 = 188734 um.
#Total wire length on LAYER M2 = 1969183 um.
#Total wire length on LAYER M3 = 2882798 um.
#Total wire length on LAYER M4 = 3809728 um.
#Total wire length on LAYER M5 = 3353596 um.
#Total wire length on LAYER TOP_M = 991637 um.
#Total number of vias = 1136952
#Total number of multi-cut vias = 402516 ( 35.4%)
#Total number of single cut vias = 734436 ( 64.6%)
#Up-Via Summary (total 1136952):
#                   single-cut          multi-cut      Total
#-----------------------------------------------------------
# M1            243610 ( 61.5%)    152190 ( 38.5%)     395800
# M2            231914 ( 58.5%)    164568 ( 41.5%)     396482
# M3            145454 ( 71.2%)     58900 ( 28.8%)     204354
# M4             99110 ( 82.9%)     20400 ( 17.1%)     119510
# M5             14348 ( 69.0%)      6458 ( 31.0%)      20806
#-----------------------------------------------------------
#               734436 ( 64.6%)    402516 ( 35.4%)    1136952 
#
#Total number of DRC violations = 0
#Total number of process antenna violations = 65
#Total number of net violated process antenna rule = 65 ant fix stage
#
#WARNING (NRDB-104) Cannot find antenna cell. Please set option 'route_antenna_cell_name', or change your LEF file.
#
# start diode insertion for process antenna violation fix ...
#WARNING (NRDB-104) Cannot find antenna cell. Please set option 'route_antenna_cell_name', or change your LEF file.
#cpu time = 00:00:00, elapsed time = 00:00:00, memory = 2720.79 (MB), peak = 3216.88 (MB)
#
#Total wire length = 13195677 um.
#Total half perimeter of net bounding box = 10520489 um.
#Total wire length on LAYER M1 = 188734 um.
#Total wire length on LAYER M2 = 1969183 um.
#Total wire length on LAYER M3 = 2882798 um.
#Total wire length on LAYER M4 = 3809728 um.
#Total wire length on LAYER M5 = 3353596 um.
#Total wire length on LAYER TOP_M = 991637 um.
#Total number of vias = 1136952
#Total number of multi-cut vias = 402516 ( 35.4%)
#Total number of single cut vias = 734436 ( 64.6%)
#Up-Via Summary (total 1136952):
#                   single-cut          multi-cut      Total
#-----------------------------------------------------------
# M1            243610 ( 61.5%)    152190 ( 38.5%)     395800
# M2            231914 ( 58.5%)    164568 ( 41.5%)     396482
# M3            145454 ( 71.2%)     58900 ( 28.8%)     204354
# M4             99110 ( 82.9%)     20400 ( 17.1%)     119510
# M5             14348 ( 69.0%)      6458 ( 31.0%)      20806
#-----------------------------------------------------------
#               734436 ( 64.6%)    402516 ( 35.4%)    1136952 
#
#Total number of DRC violations = 0
#Total number of process antenna violations = 65
#Total number of net violated process antenna rule = 65 
#
#WARNING (NRDB-104) Cannot find antenna cell. Please set option 'route_antenna_cell_name', or change your LEF file.
#
#Total wire length = 13195677 um.
#Total half perimeter of net bounding box = 10520489 um.
#Total wire length on LAYER M1 = 188734 um.
#Total wire length on LAYER M2 = 1969183 um.
#Total wire length on LAYER M3 = 2882798 um.
#Total wire length on LAYER M4 = 3809728 um.
#Total wire length on LAYER M5 = 3353596 um.
#Total wire length on LAYER TOP_M = 991637 um.
#Total number of vias = 1136952
#Total number of multi-cut vias = 402516 ( 35.4%)
#Total number of single cut vias = 734436 ( 64.6%)
#Up-Via Summary (total 1136952):
#                   single-cut          multi-cut      Total
#-----------------------------------------------------------
# M1            243610 ( 61.5%)    152190 ( 38.5%)     395800
# M2            231914 ( 58.5%)    164568 ( 41.5%)     396482
# M3            145454 ( 71.2%)     58900 ( 28.8%)     204354
# M4             99110 ( 82.9%)     20400 ( 17.1%)     119510
# M5             14348 ( 69.0%)      6458 ( 31.0%)      20806
#-----------------------------------------------------------
#               734436 ( 64.6%)    402516 ( 35.4%)    1136952 
#
#Total number of DRC violations = 0
#Total number of process antenna violations = 65
#Total number of net violated process antenna rule = 65 
#
#WARNING (NRDB-104) Cannot find antenna cell. Please set option 'route_antenna_cell_name', or change your LEF file.
#
#Start Post Route wire spreading..
#
#Start data preparation for wire spreading...
#
#Data preparation is done on Mon Jul 27 17:49:49 2026
#
#WARNING (NRDB-104) Cannot find antenna cell. Please set option 'route_antenna_cell_name', or change your LEF file.
#
#Start Post Route Wire Spread.
#Done with 905 horizontal wires in 22 hboxes and 1215 vertical wires in 22 hboxes.
#Complete Post Route Wire Spread.
#
#Total wire length = 13195705 um.
#Total half perimeter of net bounding box = 10520489 um.
#Total wire length on LAYER M1 = 188734 um.
#Total wire length on LAYER M2 = 1969188 um.
#Total wire length on LAYER M3 = 2882804 um.
#Total wire length on LAYER M4 = 3809731 um.
#Total wire length on LAYER M5 = 3353606 um.
#Total wire length on LAYER TOP_M = 991642 um.
#Total number of vias = 1136952
#Total number of multi-cut vias = 402516 ( 35.4%)
#Total number of single cut vias = 734436 ( 64.6%)
#Up-Via Summary (total 1136952):
#                   single-cut          multi-cut      Total
#-----------------------------------------------------------
# M1            243610 ( 61.5%)    152190 ( 38.5%)     395800
# M2            231914 ( 58.5%)    164568 ( 41.5%)     396482
# M3            145454 ( 71.2%)     58900 ( 28.8%)     204354
# M4             99110 ( 82.9%)     20400 ( 17.1%)     119510
# M5             14348 ( 69.0%)      6458 ( 31.0%)      20806
#-----------------------------------------------------------
#               734436 ( 64.6%)    402516 ( 35.4%)    1136952 
#
#WARNING (NRDB-104) Cannot find antenna cell. Please set option 'route_antenna_cell_name', or change your LEF file.
#   number of violations = 0
#cpu time = 00:00:40, elapsed time = 00:00:40, memory = 2721.11 (MB), peak = 3216.88 (MB)
#CELL_VIEW C2S0306,init has 0 DRC violations
#Total number of DRC violations = 0
#Total number of process antenna violations = 65
#Total number of net violated process antenna rule = 65 
#Post Route wire spread is done.
#Total wire length = 13195705 um.
#Total half perimeter of net bounding box = 10520489 um.
#Total wire length on LAYER M1 = 188734 um.
#Total wire length on LAYER M2 = 1969188 um.
#Total wire length on LAYER M3 = 2882804 um.
#Total wire length on LAYER M4 = 3809731 um.
#Total wire length on LAYER M5 = 3353606 um.
#Total wire length on LAYER TOP_M = 991642 um.
#Total number of vias = 1136952
#Total number of multi-cut vias = 402516 ( 35.4%)
#Total number of single cut vias = 734436 ( 64.6%)
#Up-Via Summary (total 1136952):
#                   single-cut          multi-cut      Total
#-----------------------------------------------------------
# M1            243610 ( 61.5%)    152190 ( 38.5%)     395800
# M2            231914 ( 58.5%)    164568 ( 41.5%)     396482
# M3            145454 ( 71.2%)     58900 ( 28.8%)     204354
# M4             99110 ( 82.9%)     20400 ( 17.1%)     119510
# M5             14348 ( 69.0%)      6458 ( 31.0%)      20806
#-----------------------------------------------------------
#               734436 ( 64.6%)    402516 ( 35.4%)    1136952 
#
#detailRoute Statistics:
#Cpu time = 00:01:39
#Elapsed time = 00:01:39
#Increased memory = 3.27 (MB)
#Total memory = 2718.44 (MB)
#Peak memory = 3216.88 (MB)
#Skip updating routing design signature in db-snapshot flow
#
#globalDetailRoute statistics:
#Cpu time = 00:02:45
#Elapsed time = 00:02:45
#Increased memory = -157.95 (MB)
#Total memory = 2515.52 (MB)
#Peak memory = 3216.88 (MB)
#Number of warnings = 46
#Total number of warnings = 279
#Number of fails = 0
#Total number of fails = 0
#Complete globalDetailRoute on Mon Jul 27 17:50:36 2026
#
#% End globalDetailRoute (date=07/27 17:50:37, total cpu=0:02:46, real=0:02:46, peak res=2790.1M, current mem=2511.2M)
<CMD> timeDesign -postRoute
*** timeDesign #3 [begin] : totSession cpu/real = 2:23:12.3/2:54:52.4 (0.8), mem = 3498.9M
 Reset EOS DB
Ignoring AAE DB Resetting ...
Extraction called for design 'C2S0306' of instances=111168 and nets=113160 using extraction engine 'postRoute' at effort level 'low' .
**WARN: (IMPEXT-3530):	The process node is not set. Use the command setDesignMode -process <process node> prior to extraction for maximum accuracy and optimal automatic threshold setting.
Type 'man IMPEXT-3530' for more detail.
PostRoute (effortLevel low) RC Extraction called for design C2S0306.
RC Extraction called in multi-corner(2) mode.
**WARN: (IMPEXT-6166):	Capacitance table file(s) without the EXTENDED section is being used for RC extraction. This is not recommended because it results in lower accuracy for clock nets in preRoute extraction and for all nets in postRoute extraction using -effortLevel low. Regenerate capacitance table file(s) using the generateCapTbl command.
Type 'man IMPEXT-6166' for more detail.
Process corner(s) are loaded.
 Corner: rc_worst
 Corner: rc_best
extractDetailRC Option : -outfile /tmp/innovus_temp_169137_c2sgpr065.Cambridge.edu.in_scl_shuttle_8_3_MYlu7D/C2S0306_169137_5sti2s.rcdb.d -maxResLength 200  -basic
RC Mode: PostRoute -effortLevel low [Basic CapTable, RC Table Resistances]
      RC Corner Indexes            0       1   
Capacitance Scaling Factor   : 1.00000 1.00000 
Coupling Cap. Scaling Factor : 1.00000 1.00000 
Resistance Scaling Factor    : 1.00000 1.00000 
Clock Cap. Scaling Factor    : 1.00000 1.00000 
Clock Res. Scaling Factor    : 1.00000 1.00000 
Shrink Factor                : 1.00000
Initializing multi-corner resistance tables ...
Checking LVS Completed (CPU Time= 0:00:00.8  MEM= 3498.9M)
Extracted 10.0001% (CPU Time= 0:00:07.9  MEM= 3559.0M)
Extracted 20.0001% (CPU Time= 0:00:10.1  MEM= 3559.0M)
Extracted 30.0001% (CPU Time= 0:00:12.7  MEM= 3559.0M)
Extracted 40.0001% (CPU Time= 0:00:15.4  MEM= 3559.0M)
Extracted 50.0001% (CPU Time= 0:00:17.5  MEM= 3559.0M)
Extracted 60.0001% (CPU Time= 0:00:21.2  MEM= 3559.0M)
Extracted 70.0001% (CPU Time= 0:00:22.6  MEM= 3559.0M)
Extracted 80.0001% (CPU Time= 0:00:26.7  MEM= 3559.0M)
Extracted 90.0001% (CPU Time= 0:00:28.7  MEM= 3559.0M)
Extracted 100% (CPU Time= 0:00:36.2  MEM= 3559.0M)
Number of Extracted Resistors     : 3198144
Number of Extracted Ground Cap.   : 3244381
Number of Extracted Coupling Cap. : 8187964
Filtering XCap in 'relativeOnly' mode using values relative_c_threshold=0.03 and total_c_threshold=5fF.
 Corner: rc_worst
 Corner: rc_best
Checking LVS Completed (CPU Time= 0:00:01.0  MEM= 3527.7M)
PostRoute (effortLevel low) RC Extraction DONE (CPU Time: 0:00:46.5  Real Time: 0:00:44.0  MEM: 3535.691M)
Starting delay calculation for Setup views
Starting SI iteration 1 using Infinite Timing Windows
#################################################################################
# Design Stage: PostRoute
# Design Name: C2S0306
# Design Mode: 90nm
# Analysis Mode: MMMC OCV 
# Parasitics Mode: SPEF/RCDB 
# Signoff Settings: SI On 
#################################################################################
AAE_INFO: 1 threads acquired from CTE.
Start delay calculation (fullDC) (1 T). (MEM=3551.21)
*** Calculating scaling factor for max_timing libraries using the default operating condition of each library.
Initializing multi-corner resistance tables ...
Total number of fetched objects 112203
AAE_INFO-618: Total number of nets in the design is 113160,  99.2 percent of the nets selected for SI analysis
Total number of fetched objects 112203
AAE_INFO-618: Total number of nets in the design is 113160,  99.2 percent of the nets selected for SI analysis
End delay calculation. (MEM=3559.36 CPU=0:00:56.1 REAL=0:00:56.0)
End delay calculation (fullDC). (MEM=3559.36 CPU=0:01:01 REAL=0:01:01)
Loading CTE timing window with TwFlowType 0...(CPU = 0:00:00.0, REAL = 0:00:00.0, MEM = 3559.4M)
Add other clocks and setupCteToAAEClockMapping during iter 1
Loading CTE timing window is completed (CPU = 0:00:00.4, REAL = 0:00:00.0, MEM = 3559.4M)
Starting SI iteration 2
Start delay calculation (fullDC) (1 T). (MEM=3495.48)
Glitch Analysis: View worst_case -- Total Number of Nets Skipped = 0. 
Glitch Analysis: View worst_case -- Total Number of Nets Analyzed = 0. 
Total number of fetched objects 112203
AAE_INFO-618: Total number of nets in the design is 113160,  0.4 percent of the nets selected for SI analysis
Total number of fetched objects 112203
AAE_INFO-618: Total number of nets in the design is 113160,  0.2 percent of the nets selected for SI analysis
End delay calculation. (MEM=3538.16 CPU=0:00:01.5 REAL=0:00:01.0)
End delay calculation (fullDC). (MEM=3538.16 CPU=0:00:01.8 REAL=0:00:02.0)
*** Done Building Timing Graph (cpu=0:01:16 real=0:01:16 totSessionCpu=2:25:15 mem=3538.2M)

------------------------------------------------------------------
          timeDesign Summary
------------------------------------------------------------------

Setup views included:
 worst_case 

+--------------------+---------+---------+---------+
|     Setup mode     |   all   | reg2reg | default |
+--------------------+---------+---------+---------+
|           WNS (ns):| 12.867  | 12.867  | 25.331  |
|           TNS (ns):|  0.000  |  0.000  |  0.000  |
|    Violating Paths:|    0    |    0    |    0    |
|          All Paths:|  23082  |  22131  |  4136   |
+--------------------+---------+---------+---------+

+----------------+-------------------------------+------------------+
|                |              Real             |       Total      |
|    DRVs        +------------------+------------+------------------|
|                |  Nr nets(terms)  | Worst Vio  |  Nr nets(terms)  |
+----------------+------------------+------------+------------------+
|   max_cap      |      0 (0)       |   0.000    |      0 (0)       |
|   max_tran     |      0 (0)       |   0.000    |      0 (0)       |
|   max_fanout   |      0 (0)       |     0      |      0 (0)       |
|   max_length   |      0 (0)       |     0      |      0 (0)       |
+----------------+------------------+------------+------------------+

Density: 71.772%
Total number of glitch violations: 0
------------------------------------------------------------------
Reported timing to dir ./timingReports
Total CPU time: 135.31 sec
Total Real time: 134.0 sec
Total Memory Usage: 3526.175781 Mbytes
Reset AAE Options
*** timeDesign #3 [finish] : cpu/real = 0:02:15.3/0:02:13.9 (1.0), totSession cpu/real = 2:25:27.5/2:57:06.3 (0.8), mem = 3526.2M
<CMD> timeDesign -postRoute -hold
*** timeDesign #4 [begin] : totSession cpu/real = 2:25:27.6/2:57:06.4 (0.8), mem = 3526.2M
 Reset EOS DB
Ignoring AAE DB Resetting ...
Extraction called for design 'C2S0306' of instances=111168 and nets=113160 using extraction engine 'postRoute' at effort level 'low' .
**WARN: (IMPEXT-3530):	The process node is not set. Use the command setDesignMode -process <process node> prior to extraction for maximum accuracy and optimal automatic threshold setting.
Type 'man IMPEXT-3530' for more detail.
PostRoute (effortLevel low) RC Extraction called for design C2S0306.
RC Extraction called in multi-corner(2) mode.
**WARN: (IMPEXT-6166):	Capacitance table file(s) without the EXTENDED section is being used for RC extraction. This is not recommended because it results in lower accuracy for clock nets in preRoute extraction and for all nets in postRoute extraction using -effortLevel low. Regenerate capacitance table file(s) using the generateCapTbl command.
Type 'man IMPEXT-6166' for more detail.
Process corner(s) are loaded.
 Corner: rc_worst
 Corner: rc_best
extractDetailRC Option : -outfile /tmp/innovus_temp_169137_c2sgpr065.Cambridge.edu.in_scl_shuttle_8_3_MYlu7D/C2S0306_169137_5sti2s.rcdb.d -maxResLength 200  -basic
RC Mode: PostRoute -effortLevel low [Basic CapTable, RC Table Resistances]
      RC Corner Indexes            0       1   
Capacitance Scaling Factor   : 1.00000 1.00000 
Coupling Cap. Scaling Factor : 1.00000 1.00000 
Resistance Scaling Factor    : 1.00000 1.00000 
Clock Cap. Scaling Factor    : 1.00000 1.00000 
Clock Res. Scaling Factor    : 1.00000 1.00000 
Shrink Factor                : 1.00000
Initializing multi-corner resistance tables ...
Checking LVS Completed (CPU Time= 0:00:00.8  MEM= 3526.2M)
Extracted 10.0001% (CPU Time= 0:00:07.8  MEM= 3586.2M)
Extracted 20.0001% (CPU Time= 0:00:09.9  MEM= 3586.2M)
Extracted 30.0001% (CPU Time= 0:00:12.5  MEM= 3586.2M)
Extracted 40.0001% (CPU Time= 0:00:15.0  MEM= 3586.2M)
Extracted 50.0001% (CPU Time= 0:00:16.9  MEM= 3586.2M)
Extracted 60.0001% (CPU Time= 0:00:20.5  MEM= 3586.2M)
Extracted 70.0001% (CPU Time= 0:00:21.8  MEM= 3586.2M)
Extracted 80.0001% (CPU Time= 0:00:25.9  MEM= 3586.2M)
Extracted 90.0001% (CPU Time= 0:00:27.9  MEM= 3586.2M)
Extracted 100% (CPU Time= 0:00:35.3  MEM= 3586.2M)
Number of Extracted Resistors     : 3198144
Number of Extracted Ground Cap.   : 3244381
Number of Extracted Coupling Cap. : 8187964
Filtering XCap in 'relativeOnly' mode using values relative_c_threshold=0.03 and total_c_threshold=5fF.
 Corner: rc_worst
 Corner: rc_best
Checking LVS Completed (CPU Time= 0:00:00.8  MEM= 3554.2M)
PostRoute (effortLevel low) RC Extraction DONE (CPU Time: 0:00:44.2  Real Time: 0:00:42.0  MEM: 3558.184M)
Starting delay calculation for Hold views
Starting SI iteration 1 using Infinite Timing Windows
#################################################################################
# Design Stage: PostRoute
# Design Name: C2S0306
# Design Mode: 90nm
# Analysis Mode: MMMC OCV 
# Parasitics Mode: SPEF/RCDB 
# Signoff Settings: SI On 
#################################################################################
AAE_INFO: 1 threads acquired from CTE.
Start delay calculation (fullDC) (1 T). (MEM=3520.51)
*** Calculating scaling factor for min_timing libraries using the default operating condition of each library.
Initializing multi-corner resistance tables ...
Total number of fetched objects 112203
AAE_INFO-618: Total number of nets in the design is 113160,  99.2 percent of the nets selected for SI analysis
Total number of fetched objects 112203
AAE_INFO-618: Total number of nets in the design is 113160,  99.2 percent of the nets selected for SI analysis
End delay calculation. (MEM=3544.4 CPU=0:00:53.8 REAL=0:00:53.0)
End delay calculation (fullDC). (MEM=3544.4 CPU=0:00:58.1 REAL=0:00:58.0)
Loading CTE timing window with TwFlowType 0...(CPU = 0:00:00.0, REAL = 0:00:00.0, MEM = 3544.4M)
Add other clocks and setupCteToAAEClockMapping during iter 1
Loading CTE timing window is completed (CPU = 0:00:00.4, REAL = 0:00:00.0, MEM = 3544.4M)
Starting SI iteration 2
Start delay calculation (fullDC) (1 T). (MEM=3492.52)
Glitch Analysis: View best_case -- Total Number of Nets Skipped = 0. 
Glitch Analysis: View best_case -- Total Number of Nets Analyzed = 0. 
Total number of fetched objects 112203
AAE_INFO-618: Total number of nets in the design is 113160,  0.2 percent of the nets selected for SI analysis
Total number of fetched objects 112203
AAE_INFO-618: Total number of nets in the design is 113160,  0.0 percent of the nets selected for SI analysis
End delay calculation. (MEM=3535.2 CPU=0:00:00.9 REAL=0:00:01.0)
End delay calculation (fullDC). (MEM=3535.2 CPU=0:00:01.2 REAL=0:00:02.0)
*** Done Building Timing Graph (cpu=0:01:10 real=0:01:10 totSessionCpu=2:27:26 mem=3535.2M)

------------------------------------------------------------------
          timeDesign Summary
------------------------------------------------------------------

Hold views included:
 best_case 

+--------------------+---------+---------+---------+
|     Hold mode      |   all   | reg2reg | default |
+--------------------+---------+---------+---------+
|           WNS (ns):|  0.149  |  0.149  |  0.301  |
|           TNS (ns):|  0.000  |  0.000  |  0.000  |
|    Violating Paths:|    0    |    0    |    0    |
|          All Paths:|  23082  |  22131  |  4136   |
+--------------------+---------+---------+---------+

Density: 71.772%
------------------------------------------------------------------
Reported timing to dir ./timingReports
Total CPU time: 119.76 sec
Total Real time: 118.0 sec
Total Memory Usage: 3458.457031 Mbytes
Reset AAE Options
*** timeDesign #4 [finish] : cpu/real = 0:01:59.7/0:01:57.8 (1.0), totSession cpu/real = 2:27:27.3/2:59:04.1 (0.8), mem = 3458.5M
<CMD> report_constraint -all_violators
Starting SI iteration 1 using Infinite Timing Windows
#################################################################################
# Design Stage: PostRoute
# Design Name: C2S0306
# Design Mode: 90nm
# Analysis Mode: MMMC OCV 
# Parasitics Mode: SPEF/RCDB 
# Signoff Settings: SI On 
#################################################################################
AAE_INFO: 1 threads acquired from CTE.
Start delay calculation (fullDC) (1 T). (MEM=3493.52)
*** Calculating scaling factor for max_timing libraries using the default operating condition of each library.
Total number of fetched objects 112203
AAE_INFO-618: Total number of nets in the design is 113160,  99.2 percent of the nets selected for SI analysis
Total number of fetched objects 112203
AAE_INFO-618: Total number of nets in the design is 113160,  99.2 percent of the nets selected for SI analysis
End delay calculation. (MEM=3544.23 CPU=0:00:55.9 REAL=0:00:56.0)
End delay calculation (fullDC). (MEM=3544.23 CPU=0:00:57.8 REAL=0:00:58.0)
Loading CTE timing window with TwFlowType 0...(CPU = 0:00:00.0, REAL = 0:00:00.0, MEM = 3544.2M)
Add other clocks and setupCteToAAEClockMapping during iter 1
Loading CTE timing window is completed (CPU = 0:00:00.4, REAL = 0:00:00.0, MEM = 3544.2M)
Starting SI iteration 2
Start delay calculation (fullDC) (1 T). (MEM=3496.35)
Glitch Analysis: View worst_case -- Total Number of Nets Skipped = 0. 
Glitch Analysis: View worst_case -- Total Number of Nets Analyzed = 0. 
Total number of fetched objects 112203
AAE_INFO-618: Total number of nets in the design is 113160,  0.4 percent of the nets selected for SI analysis
Total number of fetched objects 112203
AAE_INFO-618: Total number of nets in the design is 113160,  0.2 percent of the nets selected for SI analysis
End delay calculation. (MEM=3547.29 CPU=0:00:01.7 REAL=0:00:02.0)
End delay calculation (fullDC). (MEM=3547.29 CPU=0:00:02.1 REAL=0:00:02.0)

max_delay/setup
---------------------------
No paths found

Check type : clock_period
---------------------------
No paths found

Check type : skew
---------------------------
No paths found

Check type : pulse_width
---------------------------
 No violating Checks with given description found

Check type : max_transition
---------------------------
 No Violations found

Check type : max_capacitance
---------------------------
 No Violations found

Check type : max_fanout
---------------------------
 No Violations found
<CMD> verify_drc
 *** Starting Verify DRC (MEM: 3547.3) ***

  VERIFY DRC ...... Starting Verification
  VERIFY DRC ...... Initializing
  VERIFY DRC ...... Deleting Existing Violations
  VERIFY DRC ...... Creating Sub-Areas
  VERIFY DRC ...... Using new threading

  Verification Complete : 0 Viols.

 *** End Verify DRC (CPU: 0:00:30.2  ELAPSED TIME: 30.00  MEM: 0.0M) ***

<CMD> violationBrowser -all -no_display_false -displayByLayer
<CMD> verifyProcessAntenna

******* START VERIFY ANTENNA ********
Report File: C2S0306.antenna.rpt
LEF Macro File: C2S0306.antenna.lef
5000 nets processed: 20 violations
10000 nets processed: 20 violations
15000 nets processed: 20 violations
20000 nets processed: 23 violations
25000 nets processed: 23 violations
30000 nets processed: 24 violations
35000 nets processed: 26 violations
40000 nets processed: 27 violations
45000 nets processed: 27 violations
50000 nets processed: 27 violations
55000 nets processed: 30 violations
60000 nets processed: 39 violations
65000 nets processed: 40 violations
70000 nets processed: 53 violations
75000 nets processed: 54 violations
80000 nets processed: 58 violations
85000 nets processed: 63 violations
90000 nets processed: 64 violations
95000 nets processed: 64 violations
100000 nets processed: 65 violations
105000 nets processed: 66 violations
110000 nets processed: 66 violations
Verification Complete: 66 Violations
******* DONE VERIFY ANTENNA ********
(CPU Time: 0:00:08.1  MEM: 0.000M)

<CMD> violationBrowser -all -no_display_false -displayByLayer
<CMD> setNanoRouteMode -drouteFixAntenna true
<CMD> setNanoRouteMode -routeInsertAntennaDiode true
<CMD> setNanoRouteMode -routeAntennaCellName adiode
<CMD> getNanoRouteMode -quiet -routeWithTimingDriven
<CMD> setSIMode -acceptableWNS same -fixDRC 1 -fixHoldIncludeXtalkSetup 0
**WARN: (IMPTCM-70):	Option "-fixDRC" for command setSIMode is obsolete and has been replaced by "-report_si_slew_max_transition". The obsolete option still works in this release but to avoid this warning and to ensure compatibility with future releases, update your script to use "-report_si_slew_max_transition".
This setSIMode -acceptableWNS option will have no impact on the current Default AAE-SI GigaOpt optDesign -postRoute (-hold) commands. It is only supported in the old Celtic Optimization Flow which can be triggered using setDelayCalMode -engine signalStorm/feDc -SIAware false & optDesign -postRoute -si (-hold).
**INFO: Noisy slews have been enabled for DRV max transition reporting only. Delay calculation will continue to use base slews for timing analysis commands such as reportTranViolation, report_constraint, reportDelayCalculation, report_timing etc.  DRV violations will be reported by timeDesign under the './timingReports/<design name>.SI_Glitches.rpt' file only and the number of max tran violations due to noisy slews will be listed in the timeDesign summary report
This setSIMode -fixHoldIncludeXTalkSetup option will have no impact on the current Default AAE-SI GigaOpt optDesign -postRoute (-hold) commands. It is only supported in the old Celtic Optimization Flow which can be triggered using setDelayCalMode -engine signalStorm/feDc -SIAware false & optDesign -postRoute -si (-hold).
<CMD> setOptMode -fixCap false -fixTran false -fixFanoutLoad false
<CMD> setDelayCalMode -engine default -siAware true
<CMD> optDesign -postRoute -incr
**optDesign ... cpu = 0:00:00, real = 0:00:00, mem = 3070.1M, totSessionCpu=2:29:34 **
**INFO: User settings:
setNanoRouteMode -drouteAntennaFactor                           1
setNanoRouteMode -drouteFixAntenna                              true
setNanoRouteMode -droutePostRouteSpreadWire                     1
setNanoRouteMode -drouteStartIteration                          0
setNanoRouteMode -drouteUseMinSpacingForBlockage                auto
setNanoRouteMode -drouteUseMultiCutViaEffort                    high
setNanoRouteMode -extractThirdPartyCompatible                   false
setNanoRouteMode -grouteExpTdStdDelay                           45.5
setNanoRouteMode -grouteExpTdUseTifTimingEngineForImportDesign  false
setNanoRouteMode -routeAntennaCellName                          adiode
setNanoRouteMode -routeBottomRoutingLayer                       1
setNanoRouteMode -routeInsertAntennaDiode                       true
setNanoRouteMode -routeSiEffort                                 high
setNanoRouteMode -routeStrictlyHonorNonDefaultRule              false
setNanoRouteMode -routeTdrEffort                                6
setNanoRouteMode -routeTopRoutingLayer                          6
setNanoRouteMode -routeWithSiDriven                             true
setNanoRouteMode -routeWithSiPostRouteFix                       false
setNanoRouteMode -routeWithTimingDriven                         true
setNanoRouteMode -timingEngine                                  {}
setExtractRCMode -basic                                         true
setExtractRCMode -coupled                                       true
setExtractRCMode -engine                                        postRoute
setExtractRCMode -extended                                      false
setExtractRCMode -noCleanRCDB                                   true
setExtractRCMode -nrNetInMemory                                 100000
setUsefulSkewMode -ecoRoute                                     false
setUsefulSkewMode -maxAllowedDelay                              1
setUsefulSkewMode -maxSkew                                      false
setUsefulSkewMode -noBoundary                                   false
setUsefulSkewMode -useCells                                     {dl04d1 bufbd7 buffd2 dl03d1 bufbdf buffda dl02d2 dl03d4 dl04d2 dl02d1 dl01d4 buffd3 bufbda bufbdk buffd4 dl04d4 dl02d4 bufbd4 dl01d2 bufbd3 bufbd1 dl01d1 buffd7 bufbd2 buffd1 dl03d2 inv0d2 invbda inv0da invbdk inv0d1 inv0d7 invbd4 invbd2 inv0d0 invbd7 invbdf inv0d4}
setDelayCalMode -enable_high_fanout                             true
setDelayCalMode -eng_copyNetPropToNewNet                        true
setDelayCalMode -engine                                         aae
setDelayCalMode -ignoreNetLoad                                  false
setDelayCalMode -SIAware                                        true
setDelayCalMode -socv_accuracy_mode                             low
setOptMode -activeSetupViews                                    { worst_case }
setOptMode -allEndPoints                                        true
setOptMode -autoSetupViews                                      { worst_case}
setOptMode -autoTDGRSetupViews                                  { worst_case}
setOptMode -deleteInst                                          true
setOptMode -drcMargin                                           0
setOptMode -effort                                              high
setOptMode -fixCap                                              false
setOptMode -fixDrc                                              true
setOptMode -fixFanoutLoad                                       false
setOptMode -fixTran                                             false
setOptMode -holdTargetSlack                                     0.2999
setOptMode -leakageToDynamicRatio                               1
setOptMode -maxDensity                                          0.8
setOptMode -optimizeFF                                          true
setOptMode -powerEffort                                         none
setOptMode -preserveAllSequential                               false
setOptMode -reclaimArea                                         true
setOptMode -setupTargetSlack                                    0
setOptMode -simplifyNetlist                                     true
setOptMode -usefulSkew                                          true
setSIMode -acceptableWNS                                        same
setSIMode -fixHoldIncludeXtalkSetup                             false
setSIMode -report_si_slew_max_transition                        true
setSIMode -separate_delta_delay_on_data                         true
setSIMode -si_reselection                                       slack
setPlaceMode -place_design_floorplan_mode                       false
setPlaceMode -place_detail_check_route                          false
setPlaceMode -place_detail_preserve_routing                     true
setPlaceMode -place_detail_remove_affected_routing              false
setPlaceMode -place_detail_swap_eeq_cells                       false
setPlaceMode -place_global_clock_gate_aware                     true
setPlaceMode -place_global_cong_effort                          high
setPlaceMode -place_global_ignore_scan                          true
setPlaceMode -place_global_ignore_spare                         false
setPlaceMode -place_global_module_aware_spare                   false
setPlaceMode -place_global_place_io_pins                        false
setPlaceMode -place_global_reorder_scan                         true
setPlaceMode -powerDriven                                       false
setPlaceMode -timingDriven                                      true
setAnalysisMode -analysisType                                   onChipVariation
setAnalysisMode -checkType                                      setup
setAnalysisMode -clkSrcPath                                     true
setAnalysisMode -clockPropagation                               sdcControl
setAnalysisMode -cppr                                           both
setAnalysisMode -skew                                           true
setAnalysisMode -usefulSkew                                     true
setAnalysisMode -virtualIPO                                     false

Disable merging buffers from different footprints for postRoute code for non-MSV designs
Need call spDPlaceInit before registerPrioInstLoc.
*** optDesign #5 [begin] : totSession cpu/real = 2:29:34.6/3:05:39.8 (0.8), mem = 3549.3M
*** InitOpt #5 [begin] : totSession cpu/real = 2:29:34.6/3:05:39.8 (0.8), mem = 3549.3M
GigaOpt running with 1 threads.
**WARN :: 'setOptMode -fixSISlew false' has been set. 'setSIMode -report_si_slew_max_transition false' is set now
**optDesign ... cpu = 0:00:09, real = 0:00:08, mem = 3086.4M, totSessionCpu=2:29:43 **
**INFO: DRVs not fixed with -incr option
Existing Dirty Nets : 0
New Signature Flow (optDesignCheckOptions) ....
#Taking db snapshot
#Taking db snapshot ... done
Begin checking placement ... (start mem=3591.3M, init mem=3596.3M)
*info: Placed = 110864         (Fixed = 205)
*info: Unplaced = 0           
Placement Density:71.77%(3441860/4795574)
Placement Density (including fixed std cells):71.77%(3441860/4795574)
Finished checkPlace (total: cpu=0:00:01.2, real=0:00:01.0; vio checks: cpu=0:00:01.1, real=0:00:01.0; mem=3627.3M)
 Initial DC engine is -> aae
 
 AAE-Opt:: Current number of nets in RC Memory -> 100 K
 
 
 AAE-Opt:: New number of nets in RC Memory -> 100 K
 
Reset EOS DB
Ignoring AAE DB Resetting ...
 Set Options for AAE Based Opt flow 
*** optDesign -postRoute ***
DRC Margin: user margin 0.0; extra margin 0
Setup Target Slack: user slack 0
Hold Target Slack: user slack 0.2999
**INFO: setOptMode -fixDRC false -> DRV Optimization will not be done as part of the Optimization.
Multi-VT timing optimization disabled based on library information.
*** InitOpt #5 [finish] : cpu/real = 0:00:10.6/0:00:10.4 (1.0), totSession cpu/real = 2:29:45.2/3:05:50.3 (0.8), mem = 3635.3M
** INFO : this run is activating 'postRoute' automaton
**INFO: flowCheckPoint #22 InitialSummary
Extraction called for design 'C2S0306' of instances=111168 and nets=113160 using extraction engine 'postRoute' at effort level 'low' .
**WARN: (IMPEXT-3530):	The process node is not set. Use the command setDesignMode -process <process node> prior to extraction for maximum accuracy and optimal automatic threshold setting.
Type 'man IMPEXT-3530' for more detail.
PostRoute (effortLevel low) RC Extraction called for design C2S0306.
RC Extraction called in multi-corner(2) mode.
**WARN: (IMPEXT-6166):	Capacitance table file(s) without the EXTENDED section is being used for RC extraction. This is not recommended because it results in lower accuracy for clock nets in preRoute extraction and for all nets in postRoute extraction using -effortLevel low. Regenerate capacitance table file(s) using the generateCapTbl command.
Type 'man IMPEXT-6166' for more detail.
Process corner(s) are loaded.
 Corner: rc_worst
 Corner: rc_best
extractDetailRC Option : -outfile /tmp/innovus_temp_169137_c2sgpr065.Cambridge.edu.in_scl_shuttle_8_3_MYlu7D/C2S0306_169137_5sti2s.rcdb.d -maxResLength 200  -basic
RC Mode: PostRoute -effortLevel low [Basic CapTable, RC Table Resistances]
      RC Corner Indexes            0       1   
Capacitance Scaling Factor   : 1.00000 1.00000 
Coupling Cap. Scaling Factor : 1.00000 1.00000 
Resistance Scaling Factor    : 1.00000 1.00000 
Clock Cap. Scaling Factor    : 1.00000 1.00000 
Clock Res. Scaling Factor    : 1.00000 1.00000 
Shrink Factor                : 1.00000
Initializing multi-corner resistance tables ...
Checking LVS Completed (CPU Time= 0:00:00.8  MEM= 3635.3M)
Extracted 10.0001% (CPU Time= 0:00:07.5  MEM= 3695.3M)
Extracted 20.0001% (CPU Time= 0:00:09.6  MEM= 3695.3M)
Extracted 30.0001% (CPU Time= 0:00:12.1  MEM= 3695.3M)
Extracted 40.0001% (CPU Time= 0:00:14.7  MEM= 3695.3M)
Extracted 50.0001% (CPU Time= 0:00:16.5  MEM= 3695.3M)
Extracted 60.0001% (CPU Time= 0:00:19.9  MEM= 3695.3M)
Extracted 70.0001% (CPU Time= 0:00:21.3  MEM= 3695.3M)
Extracted 80.0001% (CPU Time= 0:00:25.3  MEM= 3695.3M)
Extracted 90.0001% (CPU Time= 0:00:27.3  MEM= 3695.3M)
Extracted 100% (CPU Time= 0:00:33.9  MEM= 3695.3M)
Number of Extracted Resistors     : 3198144
Number of Extracted Ground Cap.   : 3244381
Number of Extracted Coupling Cap. : 8187964
Filtering XCap in 'relativeOnly' mode using values relative_c_threshold=0.03 and total_c_threshold=5fF.
 Corner: rc_worst
 Corner: rc_best
Checking LVS Completed (CPU Time= 0:00:00.8  MEM= 3663.3M)
PostRoute (effortLevel low) RC Extraction DONE (CPU Time: 0:00:43.7  Real Time: 0:00:42.0  MEM: 3663.320M)
Initializing multi-corner resistance tables ...
*** BuildHoldData #5 [begin] : totSession cpu/real = 2:30:32.6/3:06:36.1 (0.8), mem = 3643.6M
Starting delay calculation for Hold views
AAE DB initialization (MEM=3641.59 CPU=0:00:00.1 REAL=0:00:01.0) 
#################################################################################
# Design Stage: PostRoute
# Design Name: C2S0306
# Design Mode: 90nm
# Analysis Mode: MMMC OCV 
# Parasitics Mode: SPEF/RCDB 
# Signoff Settings: SI Off 
#################################################################################
Start delay calculation (fullDC) (1 T). (MEM=3653.1)
*** Calculating scaling factor for min_timing libraries using the default operating condition of each library.
Total number of fetched objects 112203
Total number of fetched objects 112203
End delay calculation. (MEM=3706.08 CPU=0:00:16.7 REAL=0:00:17.0)
End delay calculation (fullDC). (MEM=3679 CPU=0:00:18.8 REAL=0:00:19.0)
*** Done Building Timing Graph (cpu=0:00:23.5 real=0:00:24.0 totSessionCpu=2:30:59 mem=3679.0M)
Done building cte hold timing graph (HoldAware) cpu=0:00:26.7 real=0:00:27.0 totSessionCpu=2:30:59 mem=3679.0M ***
Starting delay calculation for Setup views
AAE DB initialization (MEM=3672.53 CPU=0:00:00.1 REAL=0:00:00.0) 
Starting SI iteration 1 using Infinite Timing Windows
#################################################################################
# Design Stage: PostRoute
# Design Name: C2S0306
# Design Mode: 90nm
# Analysis Mode: MMMC OCV 
# Parasitics Mode: SPEF/RCDB 
# Signoff Settings: SI On 
#################################################################################
AAE_INFO: 1 threads acquired from CTE.
Start delay calculation (fullDC) (1 T). (MEM=3684.14)
*** Calculating scaling factor for max_timing libraries using the default operating condition of each library.
Total number of fetched objects 112203
AAE_INFO-618: Total number of nets in the design is 113160,  99.2 percent of the nets selected for SI analysis
Total number of fetched objects 112203
AAE_INFO-618: Total number of nets in the design is 113160,  99.2 percent of the nets selected for SI analysis
End delay calculation. (MEM=3697.96 CPU=0:00:55.7 REAL=0:00:55.0)
End delay calculation (fullDC). (MEM=3670.88 CPU=0:00:58.1 REAL=0:00:58.0)
Loading CTE timing window with TwFlowType 0...(CPU = 0:00:00.0, REAL = 0:00:00.0, MEM = 3670.9M)
Add other clocks and setupCteToAAEClockMapping during iter 1
Loading CTE timing window is completed (CPU = 0:00:00.4, REAL = 0:00:01.0, MEM = 3670.9M)

Executing IPO callback for view pruning ..
Starting SI iteration 2
Start delay calculation (fullDC) (1 T). (MEM=3589)
Glitch Analysis: View worst_case -- Total Number of Nets Skipped = 0. 
Glitch Analysis: View worst_case -- Total Number of Nets Analyzed = 0. 
Total number of fetched objects 112203
AAE_INFO-618: Total number of nets in the design is 113160,  0.4 percent of the nets selected for SI analysis
Total number of fetched objects 112203
AAE_INFO-618: Total number of nets in the design is 113160,  0.2 percent of the nets selected for SI analysis
End delay calculation. (MEM=3640.95 CPU=0:00:01.6 REAL=0:00:02.0)
End delay calculation (fullDC). (MEM=3640.95 CPU=0:00:02.0 REAL=0:00:02.0)
*** Done Building Timing Graph (cpu=0:01:14 real=0:01:14 totSessionCpu=2:32:21 mem=3640.9M)

------------------------------------------------------------------
     Initial SI Timing Summary
------------------------------------------------------------------

Setup views included:
 worst_case 

+--------------------+---------+---------+---------+
|     Setup mode     |   all   | reg2reg | default |
+--------------------+---------+---------+---------+
|           WNS (ns):| 12.867  | 12.867  | 25.331  |
|           TNS (ns):|  0.000  |  0.000  |  0.000  |
|    Violating Paths:|    0    |    0    |    0    |
|          All Paths:|  23082  |  22131  |  4136   |
+--------------------+---------+---------+---------+

+----------------+-------------------------------+------------------+
|                |              Real             |       Total      |
|    DRVs        +------------------+------------+------------------|
|                |  Nr nets(terms)  | Worst Vio  |  Nr nets(terms)  |
+----------------+------------------+------------+------------------+
|   max_cap      |      0 (0)       |   0.000    |      0 (0)       |
|   max_tran     |      0 (0)       |   0.000    |      0 (0)       |
|   max_fanout   |      0 (0)       |     0      |      0 (0)       |
|   max_length   |      0 (0)       |     0      |      0 (0)       |
+----------------+------------------+------------+------------------+

Density: 71.772%
Total number of glitch violations: 0
------------------------------------------------------------------
*** BuildHoldData #5 [finish] : cpu/real = 0:01:52.0/0:01:52.0 (1.0), totSession cpu/real = 2:32:24.7/3:08:28.0 (0.8), mem = 3656.2M
**optDesign ... cpu = 0:02:50, real = 0:02:48, mem = 3114.5M, totSessionCpu=2:32:25 **
Setting latch borrow mode to budget during optimization.
Info: Done creating the CCOpt slew target map.
**INFO: flowCheckPoint #23 OptimizationPass1
*** Timing Is met
*** Check timing (0:00:00.0)
*** Setup timing is met (target slack 0ns)
Default Rule : ""
Non Default Rules :
Worst Slack : 12.867 ns

Start Layer Assignment ...
WNS(12.867ns) Target(0.000ns) MaxAssign(0%) MaxCong(20%) MinLen(100um) MinCap(0.050pf) layerBucket(1)

Select 0 cadidates out of 113160.
No critical nets selected. Skipped !
GigaOpt: setting up router preferences
GigaOpt: 0 nets assigned router directives

Start Assign Priority Nets ...
TargetSlk(0.200ns) MaxAssign(3%) minLen(50um)
Existing Priority Nets 0 (0.0%)
Assigned Priority Nets 0 (0.0%)
Default Rule : ""
Non Default Rules :
Worst Slack : 12.867 ns

Start Layer Assignment ...
WNS(12.867ns) Target(0.000ns) MaxAssign(0%) MaxCong(20%) MinLen(100um) MinCap(0.050pf) layerBucket(1)

Select 0 cadidates out of 113160.
No critical nets selected. Skipped !
GigaOpt: setting up router preferences
GigaOpt: 0 nets assigned router directives

Start Assign Priority Nets ...
TargetSlk(0.200ns) MaxAssign(3%) minLen(50um)
Existing Priority Nets 0 (0.0%)
Assigned Priority Nets 0 (0.0%)

------------------------------------------------------------------
        Pre-ecoRoute Summary
------------------------------------------------------------------

Setup views included:
 worst_case 

+--------------------+---------+---------+---------+
|     Setup mode     |   all   | reg2reg | default |
+--------------------+---------+---------+---------+
|           WNS (ns):| 12.867  | 12.867  | 25.331  |
|           TNS (ns):|  0.000  |  0.000  |  0.000  |
|    Violating Paths:|    0    |    0    |    0    |
|          All Paths:|  23082  |  22131  |  4136   |
+--------------------+---------+---------+---------+

+----------------+-------------------------------+------------------+
|                |              Real             |       Total      |
|    DRVs        +------------------+------------+------------------|
|                |  Nr nets(terms)  | Worst Vio  |  Nr nets(terms)  |
+----------------+------------------+------------+------------------+
|   max_cap      |      0 (0)       |   0.000    |      0 (0)       |
|   max_tran     |      0 (0)       |   0.000    |      0 (0)       |
|   max_fanout   |      0 (0)       |     0      |      0 (0)       |
|   max_length   |      0 (0)       |     0      |      0 (0)       |
+----------------+------------------+------------+------------------+

Density: 71.772%
Total number of glitch violations: 0
------------------------------------------------------------------
**optDesign ... cpu = 0:03:07, real = 0:03:05, mem = 3131.2M, totSessionCpu=2:32:41 **
**INFO: flowCheckPoint #24 GlobalDetailRoute
Running refinePlace -preserveRouting true -hardFence false
*** Starting refinePlace (2:32:42 mem=3644.3M) ***
Move report: Detail placement moves 0 insts, mean move: 0.00 um, max move: 0.00 um 
	Runtime: CPU: 0:00:01.7 REAL: 0:00:02.0 MEM: 3687.4MB
Summary Report:
Instances move: 0 (out of 110659 movable)
Instances flipped: 0
Mean displacement: 0.00 um
Max displacement: 0.00 um 
Runtime: CPU: 0:00:01.9 REAL: 0:00:02.0 MEM: 3687.4MB
*** Finished refinePlace (2:32:44 mem=3687.4M) ***
-routeWithEco false                       # bool, default=false
-routeWithEco true                        # bool, default=false, user setting
-routeSelectedNetOnly false               # bool, default=false
-routeWithTimingDriven true               # bool, default=false, user setting
-routeWithTimingDriven false              # bool, default=false
-routeWithSiDriven true                   # bool, default=false, user setting
-routeWithSiDriven false                  # bool, default=false, user setting
Existing Dirty Nets : 0
New Signature Flow (saveAndSetNanoRouteOptions) ....
Reset Dirty Nets : 0
*** EcoRoute #5 [begin] : totSession cpu/real = 2:32:44.5/3:08:47.9 (0.8), mem = 3678.4M

globalDetailRoute

#Start globalDetailRoute on Mon Jul 27 18:04:46 2026
#
#WARNING (NRIG-39) NanoRoute cannot route to pin PIN/main_clk_pad of net main_clk_pad because it might be a logical pin and does not have physical shapes. To fix the problem, check the pin connection in the netlist and ensure the pin shapes exist in the floorplan.
#WARNING (NRIG-39) NanoRoute cannot route to pin PIN/PRESETn_pad of net PRESETn_pad because it might be a logical pin and does not have physical shapes. To fix the problem, check the pin connection in the netlist and ensure the pin shapes exist in the floorplan.
#WARNING (NRIG-39) NanoRoute cannot route to pin PIN/PSEL_pad of net PSEL_pad because it might be a logical pin and does not have physical shapes. To fix the problem, check the pin connection in the netlist and ensure the pin shapes exist in the floorplan.
#WARNING (NRIG-39) NanoRoute cannot route to pin PIN/PENABLE_pad of net PENABLE_pad because it might be a logical pin and does not have physical shapes. To fix the problem, check the pin connection in the netlist and ensure the pin shapes exist in the floorplan.
#WARNING (NRIG-39) NanoRoute cannot route to pin PIN/PWRITE_pad of net PWRITE_pad because it might be a logical pin and does not have physical shapes. To fix the problem, check the pin connection in the netlist and ensure the pin shapes exist in the floorplan.
#WARNING (NRIG-39) NanoRoute cannot route to pin PIN/PADDR_pad[7] of net PADDR_pad[7] because it might be a logical pin and does not have physical shapes. To fix the problem, check the pin connection in the netlist and ensure the pin shapes exist in the floorplan.
#WARNING (NRIG-39) NanoRoute cannot route to pin PIN/PADDR_pad[6] of net PADDR_pad[6] because it might be a logical pin and does not have physical shapes. To fix the problem, check the pin connection in the netlist and ensure the pin shapes exist in the floorplan.
#WARNING (NRIG-39) NanoRoute cannot route to pin PIN/PADDR_pad[5] of net PADDR_pad[5] because it might be a logical pin and does not have physical shapes. To fix the problem, check the pin connection in the netlist and ensure the pin shapes exist in the floorplan.
#WARNING (NRIG-39) NanoRoute cannot route to pin PIN/PADDR_pad[4] of net PADDR_pad[4] because it might be a logical pin and does not have physical shapes. To fix the problem, check the pin connection in the netlist and ensure the pin shapes exist in the floorplan.
#WARNING (NRIG-39) NanoRoute cannot route to pin PIN/PADDR_pad[3] of net PADDR_pad[3] because it might be a logical pin and does not have physical shapes. To fix the problem, check the pin connection in the netlist and ensure the pin shapes exist in the floorplan.
#WARNING (NRIG-39) NanoRoute cannot route to pin PIN/PADDR_pad[2] of net PADDR_pad[2] because it might be a logical pin and does not have physical shapes. To fix the problem, check the pin connection in the netlist and ensure the pin shapes exist in the floorplan.
#WARNING (NRIG-39) NanoRoute cannot route to pin PIN/PADDR_pad[1] of net PADDR_pad[1] because it might be a logical pin and does not have physical shapes. To fix the problem, check the pin connection in the netlist and ensure the pin shapes exist in the floorplan.
#WARNING (NRIG-39) NanoRoute cannot route to pin PIN/PADDR_pad[0] of net PADDR_pad[0] because it might be a logical pin and does not have physical shapes. To fix the problem, check the pin connection in the netlist and ensure the pin shapes exist in the floorplan.
#WARNING (NRIG-39) NanoRoute cannot route to pin PIN/SER_DATA_pad of net SER_DATA_pad because it might be a logical pin and does not have physical shapes. To fix the problem, check the pin connection in the netlist and ensure the pin shapes exist in the floorplan.
#WARNING (NRIG-39) NanoRoute cannot route to pin PIN/SHIFT_EN_pad of net SHIFT_EN_pad because it might be a logical pin and does not have physical shapes. To fix the problem, check the pin connection in the netlist and ensure the pin shapes exist in the floorplan.
#WARNING (NRIG-39) NanoRoute cannot route to pin PIN/PREADY_pad of net PREADY_pad because it might be a logical pin and does not have physical shapes. To fix the problem, check the pin connection in the netlist and ensure the pin shapes exist in the floorplan.
#WARNING (NRIG-39) NanoRoute cannot route to pin PIN/PSLVERR_pad of net PSLVERR_pad because it might be a logical pin and does not have physical shapes. To fix the problem, check the pin connection in the netlist and ensure the pin shapes exist in the floorplan.
#WARNING (NRIG-39) NanoRoute cannot route to pin PIN/SER_OUT_pad of net SER_OUT_pad because it might be a logical pin and does not have physical shapes. To fix the problem, check the pin connection in the netlist and ensure the pin shapes exist in the floorplan.
#WARNING (NRIG-39) NanoRoute cannot route to pin PIN/SHIFT_OUT_EN_pad of net SHIFT_OUT_EN_pad because it might be a logical pin and does not have physical shapes. To fix the problem, check the pin connection in the netlist and ensure the pin shapes exist in the floorplan.
#num needed restored net=0
#need_extraction net=0 (total=113160)
#WARNING (NRDB-733) PIN PADDR_pad[0] in CELL_VIEW C2S0306 does not have physical port.
#WARNING (NRDB-733) PIN PADDR_pad[1] in CELL_VIEW C2S0306 does not have physical port.
#WARNING (NRDB-733) PIN PADDR_pad[2] in CELL_VIEW C2S0306 does not have physical port.
#WARNING (NRDB-733) PIN PADDR_pad[3] in CELL_VIEW C2S0306 does not have physical port.
#WARNING (NRDB-733) PIN PADDR_pad[4] in CELL_VIEW C2S0306 does not have physical port.
#WARNING (NRDB-733) PIN PADDR_pad[5] in CELL_VIEW C2S0306 does not have physical port.
#WARNING (NRDB-733) PIN PADDR_pad[6] in CELL_VIEW C2S0306 does not have physical port.
#WARNING (NRDB-733) PIN PADDR_pad[7] in CELL_VIEW C2S0306 does not have physical port.
#WARNING (NRDB-733) PIN PENABLE_pad in CELL_VIEW C2S0306 does not have physical port.
#WARNING (NRDB-733) PIN PREADY_pad in CELL_VIEW C2S0306 does not have physical port.
#WARNING (NRDB-733) PIN PRESETn_pad in CELL_VIEW C2S0306 does not have physical port.
#WARNING (NRDB-733) PIN PSEL_pad in CELL_VIEW C2S0306 does not have physical port.
#WARNING (NRDB-733) PIN PSLVERR_pad in CELL_VIEW C2S0306 does not have physical port.
#WARNING (NRDB-733) PIN PWRITE_pad in CELL_VIEW C2S0306 does not have physical port.
#WARNING (NRDB-733) PIN SER_DATA_pad in CELL_VIEW C2S0306 does not have physical port.
#WARNING (NRDB-733) PIN SER_OUT_pad in CELL_VIEW C2S0306 does not have physical port.
#WARNING (NRDB-733) PIN SHIFT_EN_pad in CELL_VIEW C2S0306 does not have physical port.
#WARNING (NRDB-733) PIN SHIFT_OUT_EN_pad in CELL_VIEW C2S0306 does not have physical port.
#WARNING (NRDB-733) PIN main_clk_pad in CELL_VIEW C2S0306 does not have physical port.
#WARNING (NRDB-976) The TRACK STEP 0.5600 for preferred direction tracks is smaller than the PITCH 0.6600 for LAYER M5. This will cause routability problems for NanoRoute.
#Processed 0/0 dirty instances, 0/0 dirty terms, 0/0 dirty fterms, 0/0 dirty pgterms, 0/0 misc dirty regions(0 insts marked dirty, reset pre-exisiting dirty flag on 0 insts, 0 nets marked need extraction)
#NanoRoute Version 20.14-s095_1 NR210411-1939/20_14-UB
#Skip comparing routing design signature in db-snapshot flow
#Total number of trivial nets (e.g. < 2 pins) = 976 (skipped).
#Total number of routable nets = 112184.
#Total number of nets in the design = 113160.
#112184 routable nets have routed wires.
#207 detail routed (routable) nets have been constrained (e.g. have preferred extra spacing, require shielding etc.)
#No nets have been global routed.
#Start routing data preparation on Mon Jul 27 18:04:56 2026
#
#Minimum voltage of a net in the design = 0.000.
#Maximum voltage of a net in the design = 1.620.
#Voltage range [0.000 - 1.620] has 113156 nets.
#Voltage range [1.620 - 1.620] has 2 nets.
#Voltage range [0.000 - 0.000] has 2 nets.
#Initial pin access analysis.
#Detail pin access analysis.
# M1           H   Track-Pitch = 0.5600    Line-2-Via Pitch = 0.4850
# M2           V   Track-Pitch = 0.5600    Line-2-Via Pitch = 0.5600
# M3           H   Track-Pitch = 0.5600    Line-2-Via Pitch = 0.5600
# M4           V   Track-Pitch = 0.5600    Line-2-Via Pitch = 0.5600
# M5           H   Track-Pitch = 0.5600    Line-2-Via Pitch = 0.5600
# TOP_M        V   Track-Pitch = 1.1200    Line-2-Via Pitch = 0.9500
#Monitoring time of adding inner blkg by smac
#cpu time = 00:00:00, elapsed time = 00:00:00, memory = 2782.35 (MB), peak = 3220.94 (MB)
#Regenerating Ggrids automatically.
#Auto generating G-grids with size=15 tracks, using layer M3's pitch = 0.5600.
#Using automatically generated G-grids.
#Done routing data preparation.
#cpu time = 00:00:05, elapsed time = 00:00:05, memory = 2786.11 (MB), peak = 3220.94 (MB)
#Found 0 nets for post-route si or timing fixing.
#
#Finished routing data preparation on Mon Jul 27 18:05:02 2026
#
#Cpu time = 00:00:06
#Elapsed time = 00:00:06
#Increased memory = 9.31 (MB)
#Total memory = 2787.45 (MB)
#Peak memory = 3220.94 (MB)
#
#
#Start global routing on Mon Jul 27 18:05:02 2026
#
#
#Start global routing initialization on Mon Jul 27 18:05:02 2026
#
#WARNING (NRGR-22) Design is already detail routed.
#Routing data preparation, pin analysis, global routing and track assignment statistics:
#Cpu time = 00:00:16
#Elapsed time = 00:00:16
#Increased memory = 9.33 (MB)
#Total memory = 2787.46 (MB)
#Peak memory = 3220.94 (MB)
#
#Start Detail Routing..
#start initial detail routing ...
#   Improving pin accessing ...
#    elapsed time = 00:00:02, memory = 2806.33 (MB)
#   Improving pin accessing ...
#    elapsed time = 00:00:03, memory = 2806.36 (MB)
#   Improving pin accessing ...
#    elapsed time = 00:00:03, memory = 2806.36 (MB)
#   Improving pin accessing ...
#    elapsed time = 00:00:04, memory = 2806.36 (MB)
#   Improving pin accessing ...
#    elapsed time = 00:00:04, memory = 2806.36 (MB)
#   Improving pin accessing ...
#    elapsed time = 00:00:05, memory = 2806.36 (MB)
#   Improving pin accessing ...
#    elapsed time = 00:00:06, memory = 2806.36 (MB)
#   Improving pin accessing ...
#    elapsed time = 00:00:06, memory = 2806.36 (MB)
#   Improving pin accessing ...
#    elapsed time = 00:00:07, memory = 2806.36 (MB)
#   Improving pin accessing ...
#    elapsed time = 00:00:07, memory = 2806.36 (MB)
#   number of violations = 0
#cpu time = 00:00:08, elapsed time = 00:00:08, memory = 2796.12 (MB), peak = 3220.94 (MB)
#Complete Detail Routing.
#Total wire length = 13195705 um.
#Total half perimeter of net bounding box = 10520489 um.
#Total wire length on LAYER M1 = 188734 um.
#Total wire length on LAYER M2 = 1969188 um.
#Total wire length on LAYER M3 = 2882804 um.
#Total wire length on LAYER M4 = 3809731 um.
#Total wire length on LAYER M5 = 3353606 um.
#Total wire length on LAYER TOP_M = 991642 um.
#Total number of vias = 1136952
#Total number of multi-cut vias = 402516 ( 35.4%)
#Total number of single cut vias = 734436 ( 64.6%)
#Up-Via Summary (total 1136952):
#                   single-cut          multi-cut      Total
#-----------------------------------------------------------
# M1            243610 ( 61.5%)    152190 ( 38.5%)     395800
# M2            231914 ( 58.5%)    164568 ( 41.5%)     396482
# M3            145454 ( 71.2%)     58900 ( 28.8%)     204354
# M4             99110 ( 82.9%)     20400 ( 17.1%)     119510
# M5             14348 ( 69.0%)      6458 ( 31.0%)      20806
#-----------------------------------------------------------
#               734436 ( 64.6%)    402516 ( 35.4%)    1136952 
#
#Total number of DRC violations = 0
#Cpu time = 00:00:17
#Elapsed time = 00:00:17
#Increased memory = 6.00 (MB)
#Total memory = 2793.46 (MB)
#Peak memory = 3220.94 (MB)
#
#start routing for process antenna violation fix ...
#cpu time = 00:00:18, elapsed time = 00:00:18, memory = 2804.91 (MB), peak = 3220.94 (MB)
#
#Total wire length = 13195705 um.
#Total half perimeter of net bounding box = 10520489 um.
#Total wire length on LAYER M1 = 188734 um.
#Total wire length on LAYER M2 = 1969188 um.
#Total wire length on LAYER M3 = 2882804 um.
#Total wire length on LAYER M4 = 3809731 um.
#Total wire length on LAYER M5 = 3353606 um.
#Total wire length on LAYER TOP_M = 991642 um.
#Total number of vias = 1136952
#Total number of multi-cut vias = 402516 ( 35.4%)
#Total number of single cut vias = 734436 ( 64.6%)
#Up-Via Summary (total 1136952):
#                   single-cut          multi-cut      Total
#-----------------------------------------------------------
# M1            243610 ( 61.5%)    152190 ( 38.5%)     395800
# M2            231914 ( 58.5%)    164568 ( 41.5%)     396482
# M3            145454 ( 71.2%)     58900 ( 28.8%)     204354
# M4             99110 ( 82.9%)     20400 ( 17.1%)     119510
# M5             14348 ( 69.0%)      6458 ( 31.0%)      20806
#-----------------------------------------------------------
#               734436 ( 64.6%)    402516 ( 35.4%)    1136952 
#
#Total number of DRC violations = 0
#Total number of process antenna violations = 65
#Total number of net violated process antenna rule = 65 ant fix stage
#
#
# start diode insertion for process antenna violation fix ...
# output diode eco list to '.nano_eco_diode.list'.
#
# ** Added 65 diode instances.
# Distance statistics from ideal location:
#     Max (X+Y): 17.915 microns
#    Mean (X+Y): 3.340 microns
#
# 65 diode(s) added
# 0 old filler cell(s) deleted
# 0 new filler cell(s) added
#
#cpu time = 00:01:16, elapsed time = 00:01:16, memory = 2815.82 (MB), peak = 3220.94 (MB)
#
#Total wire length = 13196236 um.
#Total half perimeter of net bounding box = 10520714 um.
#Total wire length on LAYER M1 = 188691 um.
#Total wire length on LAYER M2 = 1969349 um.
#Total wire length on LAYER M3 = 2883044 um.
#Total wire length on LAYER M4 = 3809847 um.
#Total wire length on LAYER M5 = 3353662 um.
#Total wire length on LAYER TOP_M = 991642 um.
#Total number of vias = 1137221
#Total number of multi-cut vias = 402405 ( 35.4%)
#Total number of single cut vias = 734816 ( 64.6%)
#Up-Via Summary (total 1137221):
#                   single-cut          multi-cut      Total
#-----------------------------------------------------------
# M1            243739 ( 61.6%)    152127 ( 38.4%)     395866
# M2            232080 ( 58.5%)    164525 ( 41.5%)     396605
# M3            145521 ( 71.2%)     58895 ( 28.8%)     204416
# M4             99128 ( 82.9%)     20400 ( 17.1%)     119528
# M5             14348 ( 69.0%)      6458 ( 31.0%)      20806
#-----------------------------------------------------------
#               734816 ( 64.6%)    402405 ( 35.4%)    1137221 
#
#Total number of DRC violations = 0
#Total number of process antenna violations = 0
#Total number of net violated process antenna rule = 0 ant fix stage
#
#
#Total wire length = 13196236 um.
#Total half perimeter of net bounding box = 10520714 um.
#Total wire length on LAYER M1 = 188691 um.
#Total wire length on LAYER M2 = 1969349 um.
#Total wire length on LAYER M3 = 2883044 um.
#Total wire length on LAYER M4 = 3809847 um.
#Total wire length on LAYER M5 = 3353662 um.
#Total wire length on LAYER TOP_M = 991642 um.
#Total number of vias = 1137221
#Total number of multi-cut vias = 402405 ( 35.4%)
#Total number of single cut vias = 734816 ( 64.6%)
#Up-Via Summary (total 1137221):
#                   single-cut          multi-cut      Total
#-----------------------------------------------------------
# M1            243739 ( 61.6%)    152127 ( 38.4%)     395866
# M2            232080 ( 58.5%)    164525 ( 41.5%)     396605
# M3            145521 ( 71.2%)     58895 ( 28.8%)     204416
# M4             99128 ( 82.9%)     20400 ( 17.1%)     119528
# M5             14348 ( 69.0%)      6458 ( 31.0%)      20806
#-----------------------------------------------------------
#               734816 ( 64.6%)    402405 ( 35.4%)    1137221 
#
#Total number of DRC violations = 0
#Total number of process antenna violations = 0
#Total number of net violated process antenna rule = 0 ant fix stage
#
#
#Start Post Route wire spreading..
#
#Start data preparation for wire spreading...
#
#Data preparation is done on Mon Jul 27 18:07:24 2026
#
#
#Start Post Route Wire Spread.
#Done with 894 horizontal wires in 22 hboxes and 1205 vertical wires in 22 hboxes.
#Complete Post Route Wire Spread.
#
#Total wire length = 13196243 um.
#Total half perimeter of net bounding box = 10520714 um.
#Total wire length on LAYER M1 = 188691 um.
#Total wire length on LAYER M2 = 1969350 um.
#Total wire length on LAYER M3 = 2883050 um.
#Total wire length on LAYER M4 = 3809848 um.
#Total wire length on LAYER M5 = 3353662 um.
#Total wire length on LAYER TOP_M = 991642 um.
#Total number of vias = 1137221
#Total number of multi-cut vias = 402405 ( 35.4%)
#Total number of single cut vias = 734816 ( 64.6%)
#Up-Via Summary (total 1137221):
#                   single-cut          multi-cut      Total
#-----------------------------------------------------------
# M1            243739 ( 61.6%)    152127 ( 38.4%)     395866
# M2            232080 ( 58.5%)    164525 ( 41.5%)     396605
# M3            145521 ( 71.2%)     58895 ( 28.8%)     204416
# M4             99128 ( 82.9%)     20400 ( 17.1%)     119528
# M5             14348 ( 69.0%)      6458 ( 31.0%)      20806
#-----------------------------------------------------------
#               734816 ( 64.6%)    402405 ( 35.4%)    1137221 
#
#   number of violations = 0
#cpu time = 00:00:37, elapsed time = 00:00:37, memory = 2816.96 (MB), peak = 3220.94 (MB)
#CELL_VIEW C2S0306,init has no DRC violation.
#Total number of DRC violations = 0
#Total number of process antenna violations = 0
#Total number of net violated process antenna rule = 0 ant fix stage
#Post Route wire spread is done.
#Total wire length = 13196243 um.
#Total half perimeter of net bounding box = 10520714 um.
#Total wire length on LAYER M1 = 188691 um.
#Total wire length on LAYER M2 = 1969350 um.
#Total wire length on LAYER M3 = 2883050 um.
#Total wire length on LAYER M4 = 3809848 um.
#Total wire length on LAYER M5 = 3353662 um.
#Total wire length on LAYER TOP_M = 991642 um.
#Total number of vias = 1137221
#Total number of multi-cut vias = 402405 ( 35.4%)
#Total number of single cut vias = 734816 ( 64.6%)
#Up-Via Summary (total 1137221):
#                   single-cut          multi-cut      Total
#-----------------------------------------------------------
# M1            243739 ( 61.6%)    152127 ( 38.4%)     395866
# M2            232080 ( 58.5%)    164525 ( 41.5%)     396605
# M3            145521 ( 71.2%)     58895 ( 28.8%)     204416
# M4             99128 ( 82.9%)     20400 ( 17.1%)     119528
# M5             14348 ( 69.0%)      6458 ( 31.0%)      20806
#-----------------------------------------------------------
#               734816 ( 64.6%)    402405 ( 35.4%)    1137221 
#
#detailRoute Statistics:
#Cpu time = 00:02:51
#Elapsed time = 00:02:51
#Increased memory = 26.83 (MB)
#Total memory = 2814.29 (MB)
#Peak memory = 3220.94 (MB)
#Skip updating routing design signature in db-snapshot flow
#
#globalDetailRoute statistics:
#Cpu time = 00:03:22
#Elapsed time = 00:03:22
#Increased memory = -531.42 (MB)
#Total memory = 2626.20 (MB)
#Peak memory = 3220.94 (MB)
#Number of warnings = 40
#Total number of warnings = 319
#Number of fails = 0
#Total number of fails = 0
#Complete globalDetailRoute on Mon Jul 27 18:08:08 2026
#
*** EcoRoute #5 [finish] : cpu/real = 0:03:22.9/0:03:23.1 (1.0), totSession cpu/real = 2:36:07.5/3:12:11.0 (0.8), mem = 3608.9M
**optDesign ... cpu = 0:06:33, real = 0:06:31, mem = 2623.3M, totSessionCpu=2:36:07 **
-routeWithEco false                       # bool, default=false
-routeSelectedNetOnly false               # bool, default=false
-routeWithTimingDriven true               # bool, default=false, user setting
-routeWithSiDriven true                   # bool, default=false, user setting
New Signature Flow (restoreNanoRouteOptions) ....
Extraction called for design 'C2S0306' of instances=111233 and nets=113160 using extraction engine 'postRoute' at effort level 'low' .
**WARN: (IMPEXT-3530):	The process node is not set. Use the command setDesignMode -process <process node> prior to extraction for maximum accuracy and optimal automatic threshold setting.
Type 'man IMPEXT-3530' for more detail.
PostRoute (effortLevel low) RC Extraction called for design C2S0306.
RC Extraction called in multi-corner(2) mode.
**WARN: (IMPEXT-6166):	Capacitance table file(s) without the EXTENDED section is being used for RC extraction. This is not recommended because it results in lower accuracy for clock nets in preRoute extraction and for all nets in postRoute extraction using -effortLevel low. Regenerate capacitance table file(s) using the generateCapTbl command.
Type 'man IMPEXT-6166' for more detail.
Process corner(s) are loaded.
 Corner: rc_worst
 Corner: rc_best
extractDetailRC Option : -outfile /tmp/innovus_temp_169137_c2sgpr065.Cambridge.edu.in_scl_shuttle_8_3_MYlu7D/C2S0306_169137_5sti2s.rcdb.d -maxResLength 200  -basic
RC Mode: PostRoute -effortLevel low [Basic CapTable, RC Table Resistances]
      RC Corner Indexes            0       1   
Capacitance Scaling Factor   : 1.00000 1.00000 
Coupling Cap. Scaling Factor : 1.00000 1.00000 
Resistance Scaling Factor    : 1.00000 1.00000 
Clock Cap. Scaling Factor    : 1.00000 1.00000 
Clock Res. Scaling Factor    : 1.00000 1.00000 
Shrink Factor                : 1.00000
Initializing multi-corner resistance tables ...
Checking LVS Completed (CPU Time= 0:00:00.9  MEM= 3608.9M)
Extracted 10.0001% (CPU Time= 0:00:08.2  MEM= 3671.9M)
Extracted 20.0001% (CPU Time= 0:00:10.8  MEM= 3671.9M)
Extracted 30.0001% (CPU Time= 0:00:13.8  MEM= 3671.9M)
Extracted 40.0001% (CPU Time= 0:00:16.9  MEM= 3671.9M)
Extracted 50.0001% (CPU Time= 0:00:19.0  MEM= 3671.9M)
Extracted 60.0001% (CPU Time= 0:00:23.0  MEM= 3671.9M)
Extracted 70.0001% (CPU Time= 0:00:24.5  MEM= 3671.9M)
Extracted 80.0001% (CPU Time= 0:00:29.1  MEM= 3671.9M)
Extracted 90.0001% (CPU Time= 0:00:31.2  MEM= 3671.9M)
Extracted 100% (CPU Time= 0:00:38.3  MEM= 3671.9M)
Number of Extracted Resistors     : 3198773
Number of Extracted Ground Cap.   : 3244966
Number of Extracted Coupling Cap. : 8189484
Filtering XCap in 'relativeOnly' mode using values relative_c_threshold=0.03 and total_c_threshold=5fF.
 Corner: rc_worst
 Corner: rc_best
Checking LVS Completed (CPU Time= 0:00:00.9  MEM= 3640.6M)
PostRoute (effortLevel low) RC Extraction DONE (CPU Time: 0:00:47.3  Real Time: 0:00:46.0  MEM: 3648.617M)
**optDesign ... cpu = 0:07:20, real = 0:07:17, mem = 2625.2M, totSessionCpu=2:36:55 **
Starting delay calculation for Setup views
Starting SI iteration 1 using Infinite Timing Windows
#################################################################################
# Design Stage: PostRoute
# Design Name: C2S0306
# Design Mode: 90nm
# Analysis Mode: MMMC OCV 
# Parasitics Mode: SPEF/RCDB 
# Signoff Settings: SI On 
#################################################################################
AAE_INFO: 1 threads acquired from CTE.
Start delay calculation (fullDC) (1 T). (MEM=3641.68)
Initializing multi-corner resistance tables ...
Total number of fetched objects 112203
AAE_INFO-618: Total number of nets in the design is 113160,  99.2 percent of the nets selected for SI analysis
Total number of fetched objects 112203
AAE_INFO-618: Total number of nets in the design is 113160,  99.2 percent of the nets selected for SI analysis
End delay calculation. (MEM=3667.58 CPU=0:00:54.4 REAL=0:00:55.0)
End delay calculation (fullDC). (MEM=3667.58 CPU=0:00:58.6 REAL=0:00:59.0)
Loading CTE timing window with TwFlowType 0...(CPU = 0:00:00.0, REAL = 0:00:00.0, MEM = 3667.6M)
Add other clocks and setupCteToAAEClockMapping during iter 1
Loading CTE timing window is completed (CPU = 0:00:00.4, REAL = 0:00:01.0, MEM = 3667.6M)
Starting SI iteration 2
Start delay calculation (fullDC) (1 T). (MEM=3615.7)
Glitch Analysis: View worst_case -- Total Number of Nets Skipped = 0. 
Glitch Analysis: View worst_case -- Total Number of Nets Analyzed = 0. 
Total number of fetched objects 112203
AAE_INFO-618: Total number of nets in the design is 113160,  0.4 percent of the nets selected for SI analysis
Total number of fetched objects 112203
AAE_INFO-618: Total number of nets in the design is 113160,  0.2 percent of the nets selected for SI analysis
End delay calculation. (MEM=3658.38 CPU=0:00:01.5 REAL=0:00:01.0)
End delay calculation (fullDC). (MEM=3658.38 CPU=0:00:01.9 REAL=0:00:01.0)
*** Done Building Timing Graph (cpu=0:01:17 real=0:01:17 totSessionCpu=2:38:12 mem=3658.4M)

------------------------------------------------------------------
       Post-ecoRoute Summary
------------------------------------------------------------------

Setup views included:
 worst_case 

+--------------------+---------+---------+---------+
|     Setup mode     |   all   | reg2reg | default |
+--------------------+---------+---------+---------+
|           WNS (ns):| 12.867  | 12.867  | 25.332  |
|           TNS (ns):|  0.000  |  0.000  |  0.000  |
|    Violating Paths:|    0    |    0    |    0    |
|          All Paths:|  23082  |  22131  |  4136   |
+--------------------+---------+---------+---------+

+----------------+-------------------------------+------------------+
|                |              Real             |       Total      |
|    DRVs        +------------------+------------+------------------|
|                |  Nr nets(terms)  | Worst Vio  |  Nr nets(terms)  |
+----------------+------------------+------------+------------------+
|   max_cap      |      0 (0)       |   0.000    |      0 (0)       |
|   max_tran     |      0 (0)       |   0.000    |      0 (0)       |
|   max_fanout   |      0 (0)       |     0      |      0 (0)       |
|   max_length   |      0 (0)       |     0      |      0 (0)       |
+----------------+------------------+------------+------------------+

Density: 71.780%
Total number of glitch violations: 0
------------------------------------------------------------------
**optDesign ... cpu = 0:08:42, real = 0:08:38, mem = 2905.2M, totSessionCpu=2:38:16 **
Executing marking Critical Nets1
**INFO: flowCheckPoint #25 OptimizationRecovery
*** Timing Is met
*** Check timing (0:00:00.1)
Running postRoute recovery in postEcoRoute mode
**optDesign ... cpu = 0:08:42, real = 0:08:38, mem = 2905.2M, totSessionCpu=2:38:16 **
Checking setup slack degradation ...
Checking DRV degradation...
**INFO: Skipping DRV recovery as drv did not degrade beyond margin
Finish postRoute recovery in postEcoRoute mode (cpu=0:00:02, real=0:00:03, mem=3632.02M, totSessionCpu=2:38:19).
**optDesign ... cpu = 0:08:44, real = 0:08:41, mem = 2905.4M, totSessionCpu=2:38:19 **

Latch borrow mode reset to max_borrow
**INFO: flowCheckPoint #26 FinalSummary
Reported timing to dir ./timingReports
**optDesign ... cpu = 0:08:49, real = 0:08:45, mem = 2890.7M, totSessionCpu=2:38:23 **

------------------------------------------------------------------
     optDesign Final SI Timing Summary
------------------------------------------------------------------

Setup views included:
 worst_case 

+--------------------+---------+---------+---------+
|     Setup mode     |   all   | reg2reg | default |
+--------------------+---------+---------+---------+
|           WNS (ns):| 12.867  | 12.867  | 25.332  |
|           TNS (ns):|  0.000  |  0.000  |  0.000  |
|    Violating Paths:|    0    |    0    |    0    |
|          All Paths:|  23082  |  22131  |  4136   |
+--------------------+---------+---------+---------+

+----------------+-------------------------------+------------------+
|                |              Real             |       Total      |
|    DRVs        +------------------+------------+------------------|
|                |  Nr nets(terms)  | Worst Vio  |  Nr nets(terms)  |
+----------------+------------------+------------+------------------+
|   max_cap      |      0 (0)       |   0.000    |      0 (0)       |
|   max_tran     |      0 (0)       |   0.000    |      0 (0)       |
|   max_fanout   |      0 (0)       |     0      |      0 (0)       |
|   max_length   |      0 (0)       |     0      |      0 (0)       |
+----------------+------------------+------------+------------------+

Density: 71.780%
Total number of glitch violations: 0
------------------------------------------------------------------
**optDesign ... cpu = 0:08:56, real = 0:08:53, mem = 2899.4M, totSessionCpu=2:38:30 **
 ReSet Options after AAE Based Opt flow 
*** Finished optDesign ***
Info: Destroy the CCOpt slew target map.
*** optDesign #5 [finish] : cpu/real = 0:08:55.6/0:08:52.8 (1.0), totSession cpu/real = 2:38:30.2/3:14:32.6 (0.8), mem = 3632.0M
<CMD> violationBrowser -all -no_display_false -displayByLayer
<CMD> verifyProcessAntenna

******* START VERIFY ANTENNA ********
Report File: C2S0306.antenna.rpt
LEF Macro File: C2S0306.antenna.lef
5000 nets processed: 0 violations
10000 nets processed: 0 violations
15000 nets processed: 0 violations
20000 nets processed: 0 violations
25000 nets processed: 0 violations
30000 nets processed: 0 violations
35000 nets processed: 0 violations
40000 nets processed: 0 violations
45000 nets processed: 0 violations
50000 nets processed: 0 violations
55000 nets processed: 0 violations
60000 nets processed: 0 violations
65000 nets processed: 0 violations
70000 nets processed: 0 violations
75000 nets processed: 0 violations
80000 nets processed: 0 violations
85000 nets processed: 1 violations
90000 nets processed: 1 violations
95000 nets processed: 1 violations
100000 nets processed: 1 violations
105000 nets processed: 1 violations
110000 nets processed: 1 violations
Verification Complete: 1 Violations
******* DONE VERIFY ANTENNA ********
(CPU Time: 0:00:08.1  MEM: 0.000M)

<CMD> violationBrowser -all -no_display_false -displayByLayer
<CMD> verify_drc
 *** Starting Verify DRC (MEM: 3635.1) ***

  VERIFY DRC ...... Starting Verification
  VERIFY DRC ...... Initializing
  VERIFY DRC ...... Deleting Existing Violations
  VERIFY DRC ...... Creating Sub-Areas
  VERIFY DRC ...... Using new threading

  Verification Complete : 0 Viols.

 *** End Verify DRC (CPU: 0:00:28.9  ELAPSED TIME: 29.00  MEM: 0.0M) ***

<CMD> violationBrowser -all -no_display_false -displayByLayer
<CMD> redirect -quiet {set honorDomain [getAnalysisMode -honorClockDomains]} > /dev/null
<CMD> timeDesign -postRoute -hold -pathReports -slackReports -numPaths 500 -prefix C2S0306_postRoute -outDir timingReports
*** timeDesign #5 [begin] : totSession cpu/real = 2:39:16.7/3:17:12.2 (0.8), mem = 3635.1M
 Reset EOS DB
Ignoring AAE DB Resetting ...
Extraction called for design 'C2S0306' of instances=111233 and nets=113160 using extraction engine 'postRoute' at effort level 'low' .
**WARN: (IMPEXT-3530):	The process node is not set. Use the command setDesignMode -process <process node> prior to extraction for maximum accuracy and optimal automatic threshold setting.
Type 'man IMPEXT-3530' for more detail.
PostRoute (effortLevel low) RC Extraction called for design C2S0306.
RC Extraction called in multi-corner(2) mode.
**WARN: (IMPEXT-6166):	Capacitance table file(s) without the EXTENDED section is being used for RC extraction. This is not recommended because it results in lower accuracy for clock nets in preRoute extraction and for all nets in postRoute extraction using -effortLevel low. Regenerate capacitance table file(s) using the generateCapTbl command.
Type 'man IMPEXT-6166' for more detail.
Process corner(s) are loaded.
 Corner: rc_worst
 Corner: rc_best
extractDetailRC Option : -outfile /tmp/innovus_temp_169137_c2sgpr065.Cambridge.edu.in_scl_shuttle_8_3_MYlu7D/C2S0306_169137_5sti2s.rcdb.d -maxResLength 200  -basic
RC Mode: PostRoute -effortLevel low [Basic CapTable, RC Table Resistances]
      RC Corner Indexes            0       1   
Capacitance Scaling Factor   : 1.00000 1.00000 
Coupling Cap. Scaling Factor : 1.00000 1.00000 
Resistance Scaling Factor    : 1.00000 1.00000 
Clock Cap. Scaling Factor    : 1.00000 1.00000 
Clock Res. Scaling Factor    : 1.00000 1.00000 
Shrink Factor                : 1.00000
Initializing multi-corner resistance tables ...
Checking LVS Completed (CPU Time= 0:00:01.0  MEM= 3643.1M)
Extracted 10.0001% (CPU Time= 0:00:07.7  MEM= 3703.1M)
Extracted 20.0001% (CPU Time= 0:00:10.4  MEM= 3703.1M)
Extracted 30.0001% (CPU Time= 0:00:13.0  MEM= 3703.1M)
Extracted 40.0001% (CPU Time= 0:00:15.4  MEM= 3703.1M)
Extracted 50.0001% (CPU Time= 0:00:17.2  MEM= 3703.1M)
Extracted 60.0001% (CPU Time= 0:00:20.6  MEM= 3703.1M)
Extracted 70.0001% (CPU Time= 0:00:22.0  MEM= 3703.1M)
Extracted 80.0001% (CPU Time= 0:00:26.5  MEM= 3703.1M)
Extracted 90.0001% (CPU Time= 0:00:28.5  MEM= 3703.1M)
Extracted 100% (CPU Time= 0:00:34.6  MEM= 3703.1M)
Number of Extracted Resistors     : 3198773
Number of Extracted Ground Cap.   : 3244966
Number of Extracted Coupling Cap. : 8189484
Filtering XCap in 'relativeOnly' mode using values relative_c_threshold=0.03 and total_c_threshold=5fF.
 Corner: rc_worst
 Corner: rc_best
Checking LVS Completed (CPU Time= 0:00:00.8  MEM= 3687.1M)
PostRoute (effortLevel low) RC Extraction DONE (CPU Time: 0:00:43.1  Real Time: 0:00:41.0  MEM: 3691.070M)
Starting delay calculation for Hold views
Starting SI iteration 1 using Infinite Timing Windows
#################################################################################
# Design Stage: PostRoute
# Design Name: C2S0306
# Design Mode: 90nm
# Analysis Mode: MMMC OCV 
# Parasitics Mode: SPEF/RCDB 
# Signoff Settings: SI On 
#################################################################################
AAE_INFO: 1 threads acquired from CTE.
Start delay calculation (fullDC) (1 T). (MEM=3650.39)
*** Calculating scaling factor for min_timing libraries using the default operating condition of each library.
Initializing multi-corner resistance tables ...
Total number of fetched objects 112203
AAE_INFO-618: Total number of nets in the design is 113160,  99.2 percent of the nets selected for SI analysis
Total number of fetched objects 112203
AAE_INFO-618: Total number of nets in the design is 113160,  99.2 percent of the nets selected for SI analysis
End delay calculation. (MEM=3674.29 CPU=0:00:55.2 REAL=0:00:55.0)
End delay calculation (fullDC). (MEM=3674.29 CPU=0:00:59.3 REAL=0:00:59.0)
Loading CTE timing window with TwFlowType 0...(CPU = 0:00:00.0, REAL = 0:00:00.0, MEM = 3674.3M)
Add other clocks and setupCteToAAEClockMapping during iter 1
Loading CTE timing window is completed (CPU = 0:00:00.4, REAL = 0:00:00.0, MEM = 3674.3M)
Starting SI iteration 2
Start delay calculation (fullDC) (1 T). (MEM=3622.4)
Glitch Analysis: View best_case -- Total Number of Nets Skipped = 0. 
Glitch Analysis: View best_case -- Total Number of Nets Analyzed = 0. 
Total number of fetched objects 112203
AAE_INFO-618: Total number of nets in the design is 113160,  0.2 percent of the nets selected for SI analysis
Total number of fetched objects 112203
AAE_INFO-618: Total number of nets in the design is 113160,  0.0 percent of the nets selected for SI analysis
End delay calculation. (MEM=3665.08 CPU=0:00:00.8 REAL=0:00:00.0)
End delay calculation (fullDC). (MEM=3665.08 CPU=0:00:01.1 REAL=0:00:01.0)
*** Done Building Timing Graph (cpu=0:01:11 real=0:01:11 totSessionCpu=2:41:15 mem=3665.1M)

------------------------------------------------------------------
          timeDesign Summary
------------------------------------------------------------------

Hold views included:
 best_case 

+--------------------+---------+---------+---------+
|     Hold mode      |   all   | reg2reg | default |
+--------------------+---------+---------+---------+
|           WNS (ns):|  0.149  |  0.149  |  0.301  |
|           TNS (ns):|  0.000  |  0.000  |  0.000  |
|    Violating Paths:|    0    |    0    |    0    |
|          All Paths:|  23082  |  22131  |  4136   |
+--------------------+---------+---------+---------+

Density: 71.780%
------------------------------------------------------------------
Reported timing to dir timingReports
Total CPU time: 121.37 sec
Total Real time: 120.0 sec
Total Memory Usage: 3590.34375 Mbytes
Reset AAE Options
*** timeDesign #5 [finish] : cpu/real = 0:02:01.3/0:01:59.4 (1.0), totSession cpu/real = 2:41:18.1/3:19:11.6 (0.8), mem = 3590.3M
<CMD> getFillerMode -quiet
<CMD> addFiller -cell feedth feedth3 feedth9 -prefix FILLER
**WARN: (IMPSP-5217):	addFiller command is running on a postRoute database. It is recommended to be followed by ecoRoute -target command to make the DRC clean.
Type 'man IMPSP-5217' for more detail.
*INFO: Adding fillers to top-module.
*INFO:   Added 29834 filler insts (cell feedth9 / prefix FILLER).
*INFO:   Added 32811 filler insts (cell feedth3 / prefix FILLER).
*INFO:   Added 64600 filler insts (cell feedth / prefix FILLER).
*INFO: Swapped 0 special filler inst. 
*INFO: Total 127245 filler insts added - prefix FILLER (CPU: 0:00:16.2).
For 127245 new insts, *** Applied 4 GNC rules (cpu = 0:00:00.0)
<CMD> saveDesign C2S0306_route.enc
The in-memory database contained RC information but was not saved. To save 
the RC information, use saveDesign's -rc option. Note: Saving RC information can be quite large, 
so it should only be saved when it is really desired.
#% Begin save design ... (date=07/27 18:16:58, mem=2944.9M)
% Begin Save ccopt configuration ... (date=07/27 18:16:58, mem=2947.3M)
% End Save ccopt configuration ... (date=07/27 18:16:59, total cpu=0:00:00.4, real=0:00:01.0, peak res=2948.3M, current mem=2948.3M)
% Begin Save netlist data ... (date=07/27 18:16:59, mem=2948.3M)
Writing Binary DB to C2S0306_route.enc.dat/C2S0306.v.bin in single-threaded mode...
% End Save netlist data ... (date=07/27 18:16:59, total cpu=0:00:00.2, real=0:00:00.0, peak res=2948.4M, current mem=2948.4M)
Saving symbol-table file ...
Saving congestion map file C2S0306_route.enc.dat/C2S0306.route.congmap.gz ...
% Begin Save AAE data ... (date=07/27 18:16:59, mem=2950.7M)
Saving AAE Data ...
% End Save AAE data ... (date=07/27 18:16:59, total cpu=0:00:00.0, real=0:00:00.0, peak res=2950.7M, current mem=2950.7M)
Saving preference file C2S0306_route.enc.dat/gui.pref.tcl ...
Saving mode setting ...
Saving global file ...
% Begin Save floorplan data ... (date=07/27 18:17:00, mem=2951.4M)
Saving floorplan file ...
% End Save floorplan data ... (date=07/27 18:17:01, total cpu=0:00:00.7, real=0:00:01.0, peak res=2951.7M, current mem=2951.7M)
Saving PG file C2S0306_route.enc.dat/C2S0306.pg.gz, version#2, (Created by Innovus v20.14-s095_1 on Mon Jul 27 18:17:01 2026)
*** Completed savePGFile (cpu=0:00:00.2 real=0:00:00.0 mem=3629.6M) ***
Saving Drc markers ...
... 69 markers are saved ...
... 0 geometry drc markers are saved ...
... 1 antenna drc markers are saved ...
% Begin Save placement data ... (date=07/27 18:17:01, mem=2951.8M)
** Saving stdCellPlacement_binary (version# 2) ...
Save Adaptive View Pruning View Names to Binary file
% End Save placement data ... (date=07/27 18:17:01, total cpu=0:00:00.1, real=0:00:00.0, peak res=2951.8M, current mem=2951.8M)
% Begin Save routing data ... (date=07/27 18:17:01, mem=2951.8M)
Saving route file ...
*** Completed saveRoute (cpu=0:00:01.8 real=0:00:02.0 mem=3626.6M) ***
% End Save routing data ... (date=07/27 18:17:03, total cpu=0:00:01.9, real=0:00:02.0, peak res=2952.4M, current mem=2952.4M)
Saving property file C2S0306_route.enc.dat/C2S0306.prop
*** Completed saveProperty (cpu=0:00:00.0 real=0:00:00.0 mem=3629.6M) ***
#Saving pin access data to file C2S0306_route.enc.dat/C2S0306.apa ...
#
% Begin Save power constraints data ... (date=07/27 18:17:04, mem=2952.8M)
% End Save power constraints data ... (date=07/27 18:17:04, total cpu=0:00:00.0, real=0:00:00.0, peak res=2952.9M, current mem=2952.9M)
rc_best rc_worst
Generated self-contained design C2S0306_route.enc.dat
#% End save design ... (date=07/27 18:17:05, total cpu=0:00:06.0, real=0:00:07.0, peak res=2954.5M, current mem=2954.5M)
*** Message Summary: 0 warning(s), 0 error(s)

**INFO (INTERRUPT): One more Ctrl-C to exit Innovus ...
Innovus terminated by user interrupt.

*** Memory Usage v#1 (Current mem = 3640.930M, initial mem = 284.301M) ***
*** Message Summary: 1631 warning(s), 1 error(s)

--- Ending "Innovus" (totcpu=2:41:48, real=3:21:43, mem=3640.9M) ---
