============================================================
  Generated by:           Genus(TM) Synthesis Solution 20.11-s111_1
  Generated on:           Jul 27 2026  11:59:37 am
  Module:                 C2S0306
  Operating conditions:   tsl18cio150_max (worst_case_tree)
  Wireload mode:          enclosed
  Area mode:              timing library
============================================================


Path 1: MET (41319 ps) Setup Check with Pin u_crypto_synth_top/u_top/u_sha256/core/a_reg_reg[31]/clk->d
          Group: R2R
     Startpoint: (R) u_crypto_synth_top/u_top/u_sha256/core/w_mem_inst/w_mem_reg[14][19]/clk
          Clock: (R) MAIN_CLK
       Endpoint: (R) u_crypto_synth_top/u_top/u_sha256/core/a_reg_reg[31]/d
          Clock: (R) MAIN_CLK

                     Capture       Launch     
        Clock Edge:+   58000            0     
       Src Latency:+     150          250     
       Net Latency:+       0 (I)        0 (I) 
           Arrival:=   58150          250     
                                              
             Setup:-     122                  
       Uncertainty:-    1450                  
       Path Adjust:+   -1500                  
     Required Time:=   55078                  
      Launch Clock:-     250                  
         Data Path:-   13508                  
             Slack:=   41319                  

Exceptions/Constraints:
  path_adjust            -1500            PA_C2C 

#-----------------------------------------------------------------------------------------------------------------------------------------------------------------------
#                                    Timing Point                                      Flags    Arc    Edge       Cell         Fanout Load Trans Delay Arrival Instance 
#                                                                                                                                     (fF)  (ps)  (ps)   (ps)  Location 
#-----------------------------------------------------------------------------------------------------------------------------------------------------------------------
  u_crypto_synth_top/u_top/u_sha256/core/w_mem_inst/w_mem_reg[14][19]/clk              -       -       R     (arrival)          19892    -     0     0     250    (-,-) 
  u_crypto_synth_top/u_top/u_sha256/core/w_mem_inst/w_mem_reg[14][19]/q                (u)     clk->q  R     unmapped_d_flop        9 49.5     0   878    1128    (-,-) 
  u_crypto_synth_top/u_top/u_sha256/core/w_mem_inst/g7543/z                            (u)     in_1->z F     unmapped_complex2      1  5.1     0   114    1242    (-,-) 
  u_crypto_synth_top/u_top/u_sha256/core/w_mem_inst/g7544/z                            (u)     in_1->z R     unmapped_nand2         2 11.0     0   150    1393    (-,-) 
  u_crypto_synth_top/u_top/u_sha256/core/w_mem_inst/g7330/z                            (u)     in_0->z R     unmapped_complex2      1  5.5     0   114    1507    (-,-) 
  u_crypto_synth_top/u_top/u_sha256/core/w_mem_inst/g7331/z                            (u)     in_1->z F     unmapped_nand2         4 20.4     0   227    1734    (-,-) 
  u_crypto_synth_top/u_top/u_sha256/core/w_mem_inst/csa_tree_add_193_29_groupi/g1585/z (u)     in_1->z F     unmapped_or2           1  5.1     0   108    1842    (-,-) 
  u_crypto_synth_top/u_top/u_sha256/core/w_mem_inst/csa_tree_add_193_29_groupi/g2744/z (u)     in_0->z R     unmapped_nand2         1  5.5     0   108    1950    (-,-) 
  u_crypto_synth_top/u_top/u_sha256/core/w_mem_inst/csa_tree_add_193_29_groupi/g2630/z (u)     in_0->z F     unmapped_nand2         4 20.4     0   214    2164    (-,-) 
  u_crypto_synth_top/u_top/u_sha256/core/w_mem_inst/csa_tree_add_193_29_groupi/g1561/z (u)     in_0->z F     unmapped_or2           1  5.1     0   108    2272    (-,-) 
  u_crypto_synth_top/u_top/u_sha256/core/w_mem_inst/csa_tree_add_193_29_groupi/g2432/z (u)     in_0->z R     unmapped_nand2         1  5.5     0   108    2380    (-,-) 
  u_crypto_synth_top/u_top/u_sha256/core/w_mem_inst/csa_tree_add_193_29_groupi/g2402/z (u)     in_0->z F     unmapped_nand2         3 15.3     0   173    2553    (-,-) 
  u_crypto_synth_top/u_top/u_sha256/core/w_mem_inst/csa_tree_add_193_29_groupi/g2313/z (u)     in_1->z R     unmapped_nand2         1  5.5     0   108    2661    (-,-) 
  u_crypto_synth_top/u_top/u_sha256/core/w_mem_inst/csa_tree_add_193_29_groupi/g2309/z (u)     in_0->z F     unmapped_nand2         3 15.3     0   173    2834    (-,-) 
  u_crypto_synth_top/u_top/u_sha256/core/w_mem_inst/csa_tree_add_193_29_groupi/g2307/z (u)     in_1->z R     unmapped_nand2         1  5.5     0   108    2942    (-,-) 
  u_crypto_synth_top/u_top/u_sha256/core/w_mem_inst/csa_tree_add_193_29_groupi/g2303/z (u)     in_0->z F     unmapped_nand2         3 15.3     0   173    3115    (-,-) 
  u_crypto_synth_top/u_top/u_sha256/core/w_mem_inst/csa_tree_add_193_29_groupi/g2299/z (u)     in_1->z R     unmapped_nand2         1  5.5     0   108    3223    (-,-) 
  u_crypto_synth_top/u_top/u_sha256/core/w_mem_inst/csa_tree_add_193_29_groupi/g2298/z (u)     in_0->z F     unmapped_nand2         3 15.3     0   173    3395    (-,-) 
  u_crypto_synth_top/u_top/u_sha256/core/w_mem_inst/csa_tree_add_193_29_groupi/g2294/z (u)     in_1->z R     unmapped_nand2         1  5.5     0   108    3504    (-,-) 
  u_crypto_synth_top/u_top/u_sha256/core/w_mem_inst/csa_tree_add_193_29_groupi/g2293/z (u)     in_0->z F     unmapped_nand2         3 15.3     0   173    3676    (-,-) 
  u_crypto_synth_top/u_top/u_sha256/core/w_mem_inst/csa_tree_add_193_29_groupi/g2289/z (u)     in_1->z R     unmapped_nand2         1  5.5     0   108    3784    (-,-) 
  u_crypto_synth_top/u_top/u_sha256/core/w_mem_inst/csa_tree_add_193_29_groupi/g2288/z (u)     in_0->z F     unmapped_nand2         3 15.3     0   173    3957    (-,-) 
  u_crypto_synth_top/u_top/u_sha256/core/w_mem_inst/csa_tree_add_193_29_groupi/g2284/z (u)     in_1->z R     unmapped_nand2         1  5.5     0   108    4065    (-,-) 
  u_crypto_synth_top/u_top/u_sha256/core/w_mem_inst/csa_tree_add_193_29_groupi/g2283/z (u)     in_0->z F     unmapped_nand2         3 15.3     0   173    4238    (-,-) 
  u_crypto_synth_top/u_top/u_sha256/core/w_mem_inst/csa_tree_add_193_29_groupi/g2282/z (u)     in_1->z R     unmapped_nand2         1  5.5     0   108    4346    (-,-) 
  u_crypto_synth_top/u_top/u_sha256/core/w_mem_inst/csa_tree_add_193_29_groupi/g2278/z (u)     in_1->z F     unmapped_nand2         3 15.3     0   173    4519    (-,-) 
  u_crypto_synth_top/u_top/u_sha256/core/w_mem_inst/csa_tree_add_193_29_groupi/g2277/z (u)     in_1->z R     unmapped_nand2         1  5.5     0   108    4627    (-,-) 
  u_crypto_synth_top/u_top/u_sha256/core/w_mem_inst/csa_tree_add_193_29_groupi/g2273/z (u)     in_0->z F     unmapped_nand2         3 15.3     0   173    4799    (-,-) 
  u_crypto_synth_top/u_top/u_sha256/core/w_mem_inst/csa_tree_add_193_29_groupi/g2272/z (u)     in_1->z R     unmapped_nand2         1  5.5     0   108    4908    (-,-) 
  u_crypto_synth_top/u_top/u_sha256/core/w_mem_inst/csa_tree_add_193_29_groupi/g2268/z (u)     in_0->z F     unmapped_nand2         3 15.3     0   173    5080    (-,-) 
  u_crypto_synth_top/u_top/u_sha256/core/w_mem_inst/csa_tree_add_193_29_groupi/g2264/z (u)     in_1->z R     unmapped_nand2         1  5.5     0   108    5188    (-,-) 
  u_crypto_synth_top/u_top/u_sha256/core/w_mem_inst/csa_tree_add_193_29_groupi/g2263/z (u)     in_0->z F     unmapped_nand2         3 15.3     0   173    5361    (-,-) 
  u_crypto_synth_top/u_top/u_sha256/core/w_mem_inst/csa_tree_add_193_29_groupi/g2259/z (u)     in_1->z R     unmapped_nand2         1  5.5     0   108    5469    (-,-) 
  u_crypto_synth_top/u_top/u_sha256/core/w_mem_inst/csa_tree_add_193_29_groupi/g2258/z (u)     in_1->z F     unmapped_nand2         3 15.3     0   173    5642    (-,-) 
  u_crypto_synth_top/u_top/u_sha256/core/w_mem_inst/csa_tree_add_193_29_groupi/g2254/z (u)     in_1->z R     unmapped_nand2         1  5.5     0   108    5750    (-,-) 
  u_crypto_synth_top/u_top/u_sha256/core/w_mem_inst/csa_tree_add_193_29_groupi/g2253/z (u)     in_0->z F     unmapped_nand2         3 15.3     0   173    5923    (-,-) 
  u_crypto_synth_top/u_top/u_sha256/core/w_mem_inst/csa_tree_add_193_29_groupi/g2252/z (u)     in_1->z R     unmapped_nand2         1  5.5     0   108    6031    (-,-) 
  u_crypto_synth_top/u_top/u_sha256/core/w_mem_inst/csa_tree_add_193_29_groupi/g2248/z (u)     in_0->z F     unmapped_nand2         3 15.3     0   173    6203    (-,-) 
  u_crypto_synth_top/u_top/u_sha256/core/w_mem_inst/csa_tree_add_193_29_groupi/g2244/z (u)     in_1->z R     unmapped_nand2         1  5.5     0   108    6312    (-,-) 
  u_crypto_synth_top/u_top/u_sha256/core/w_mem_inst/csa_tree_add_193_29_groupi/g2243/z (u)     in_0->z F     unmapped_nand2         4 20.4     0   214    6525    (-,-) 
  u_crypto_synth_top/u_top/u_sha256/core/w_mem_inst/csa_tree_add_193_29_groupi/g2242/z (u)     in_1->z R     unmapped_nand2         1  5.5     0   108    6634    (-,-) 
  u_crypto_synth_top/u_top/u_sha256/core/w_mem_inst/csa_tree_add_193_29_groupi/g2237/z (u)     in_1->z F     unmapped_nand2         2 10.2     0   142    6776    (-,-) 
  u_crypto_synth_top/u_top/u_sha256/core/w_mem_inst/csa_tree_add_193_29_groupi/g2234/z (u)     in_0->z F     unmapped_or2           1  5.1     0   108    6884    (-,-) 
  u_crypto_synth_top/u_top/u_sha256/core/w_mem_inst/csa_tree_add_193_29_groupi/g2235/z (u)     in_1->z R     unmapped_nand2         2 11.0     0   142    7026    (-,-) 
  u_crypto_synth_top/u_top/u_sha256/core/w_mem_inst/g10384/z                           (u)     in_1->z F     unmapped_nand2         1  5.1     0   114    7140    (-,-) 
  u_crypto_synth_top/u_top/u_sha256/core/w_mem_inst/g9726/z                            (u)     in_0->z R     unmapped_nand2         1  5.5     0   114    7254    (-,-) 
  u_crypto_synth_top/u_top/u_sha256/core/w_mem_inst/g9496/z                            (u)     in_0->z R     unmapped_or2           1  5.5     0   114    7368    (-,-) 
  u_crypto_synth_top/u_top/u_sha256/core/w_mem_inst/g9436/z                            (u)     in_0->z R     unmapped_or2           1  5.5     0   114    7482    (-,-) 
  u_crypto_synth_top/u_top/u_sha256/core/w_mem_inst/g9368/z                            (u)     in_0->z R     unmapped_or2           1  5.5     0   114    7596    (-,-) 
  u_crypto_synth_top/u_top/u_sha256/core/w_mem_inst/g9345/z                            (u)     in_0->z R     unmapped_complex2      4 22.0     0   227    7823    (-,-) 
  u_crypto_synth_top/u_top/u_sha256/core/csa_tree_add_341_39_groupi/g3213/z            (u)     in_1->z F     unmapped_complex2      1  5.1     0   108    7931    (-,-) 
  u_crypto_synth_top/u_top/u_sha256/core/csa_tree_add_341_39_groupi/g3214/z            (u)     in_1->z R     unmapped_nand2         2 11.0     0   142    8073    (-,-) 
  u_crypto_synth_top/u_top/u_sha256/core/csa_tree_add_341_39_groupi/g3090/z            (u)     in_1->z R     unmapped_or2           3 16.5     0   173    8246    (-,-) 
  u_crypto_synth_top/u_top/u_sha256/core/csa_tree_add_341_39_groupi/g3073/z            (u)     in_1->z F     unmapped_complex2      1  5.1     0   108    8354    (-,-) 
  u_crypto_synth_top/u_top/u_sha256/core/csa_tree_add_341_39_groupi/g3070/z            (u)     in_0->z R     unmapped_nand2         1  5.5     0   108    8462    (-,-) 
  u_crypto_synth_top/u_top/u_sha256/core/csa_tree_add_341_39_groupi/g3003/z            (u)     in_1->z R     unmapped_complex2      3 16.5     0   173    8635    (-,-) 
  u_crypto_synth_top/u_top/u_sha256/core/csa_tree_add_341_39_groupi/g2995/z            (u)     in_1->z F     unmapped_nand2         1  5.1     0   108    8743    (-,-) 
  u_crypto_synth_top/u_top/u_sha256/core/csa_tree_add_341_39_groupi/g2994/z            (u)     in_1->z R     unmapped_nand2         3 16.5     0   173    8916    (-,-) 
  u_crypto_synth_top/u_top/u_sha256/core/csa_tree_add_341_39_groupi/g2993/z            (u)     in_0->z F     unmapped_nand2         1  5.1     0   108    9024    (-,-) 
  u_crypto_synth_top/u_top/u_sha256/core/csa_tree_add_341_39_groupi/g2989/z            (u)     in_0->z R     unmapped_nand2         3 16.5     0   173    9196    (-,-) 
  u_crypto_synth_top/u_top/u_sha256/core/csa_tree_add_341_39_groupi/g2985/z            (u)     in_1->z F     unmapped_nand2         1  5.1     0   108    9305    (-,-) 
  u_crypto_synth_top/u_top/u_sha256/core/csa_tree_add_341_39_groupi/g2984/z            (u)     in_1->z R     unmapped_nand2         3 16.5     0   173    9477    (-,-) 
  u_crypto_synth_top/u_top/u_sha256/core/csa_tree_add_341_39_groupi/g2983/z            (u)     in_1->z F     unmapped_nand2         1  5.1     0   108    9585    (-,-) 
  u_crypto_synth_top/u_top/u_sha256/core/csa_tree_add_341_39_groupi/g2979/z            (u)     in_0->z R     unmapped_nand2         3 16.5     0   173    9758    (-,-) 
  u_crypto_synth_top/u_top/u_sha256/core/csa_tree_add_341_39_groupi/g2978/z            (u)     in_1->z F     unmapped_nand2         1  5.1     0   108    9866    (-,-) 
  u_crypto_synth_top/u_top/u_sha256/core/csa_tree_add_341_39_groupi/g2974/z            (u)     in_0->z R     unmapped_nand2         3 16.5     0   173   10039    (-,-) 
  u_crypto_synth_top/u_top/u_sha256/core/csa_tree_add_341_39_groupi/g2970/z            (u)     in_1->z F     unmapped_nand2         1  5.1     0   108   10147    (-,-) 
  u_crypto_synth_top/u_top/u_sha256/core/csa_tree_add_341_39_groupi/g2969/z            (u)     in_0->z R     unmapped_nand2         4 22.0     0   214   10361    (-,-) 
  u_crypto_synth_top/u_top/u_sha256/core/csa_tree_add_341_39_groupi/g2964/z            (u)     in_1->z F     unmapped_nand2         1  5.1     0   108   10469    (-,-) 
  u_crypto_synth_top/u_top/u_sha256/core/csa_tree_add_341_39_groupi/g2963/z            (u)     in_1->z R     unmapped_nand2         2 11.0     0   142   10611    (-,-) 
  u_crypto_synth_top/u_top/u_sha256/core/csa_tree_add_341_39_groupi/g2957/z            (u)     in_0->z R     unmapped_or2           1  5.5     0   108   10719    (-,-) 
  u_crypto_synth_top/u_top/u_sha256/core/csa_tree_add_341_39_groupi/g2958/z            (u)     in_1->z F     unmapped_nand2         6 30.6     0   236   10955    (-,-) 
  u_crypto_synth_top/u_top/u_sha256/core/csa_tree_add_426_23_groupi/g2048/z            (u)     in_1->z R     unmapped_complex2      1  5.5     0   105   11061    (-,-) 
  u_crypto_synth_top/u_top/u_sha256/core/csa_tree_add_426_23_groupi/g2049/z            (u)     in_1->z F     unmapped_nand2         2 10.2     0   138   11199    (-,-) 
  u_crypto_synth_top/u_top/u_sha256/core/csa_tree_add_426_23_groupi/g1929/z            (u)     in_1->z F     unmapped_or2           3 15.3     0   168   11366    (-,-) 
  u_crypto_synth_top/u_top/u_sha256/core/csa_tree_add_426_23_groupi/g1862/z            (u)     in_1->z R     unmapped_complex2      1  5.5     0   105   11472    (-,-) 
  u_crypto_synth_top/u_top/u_sha256/core/csa_tree_add_426_23_groupi/g1849/z            (u)     in_0->z F     unmapped_nand2         1  5.1     0   105   11577    (-,-) 
  u_crypto_synth_top/u_top/u_sha256/core/csa_tree_add_426_23_groupi/g1718/z            (u)     in_1->z F     unmapped_complex2      3 15.3     0   168   11745    (-,-) 
  u_crypto_synth_top/u_top/u_sha256/core/csa_tree_add_426_23_groupi/g1710/z            (u)     in_1->z R     unmapped_nand2         1  5.5     0   105   11850    (-,-) 
  u_crypto_synth_top/u_top/u_sha256/core/csa_tree_add_426_23_groupi/g1709/z            (u)     in_1->z F     unmapped_nand2         3 15.3     0   168   12018    (-,-) 
  u_crypto_synth_top/u_top/u_sha256/core/csa_tree_add_426_23_groupi/g1708/z            (u)     in_0->z R     unmapped_nand2         1  5.5     0   105   12123    (-,-) 
  u_crypto_synth_top/u_top/u_sha256/core/csa_tree_add_426_23_groupi/g1704/z            (u)     in_0->z F     unmapped_nand2         3 15.3     0   168   12291    (-,-) 
  u_crypto_synth_top/u_top/u_sha256/core/csa_tree_add_426_23_groupi/g1700/z            (u)     in_1->z R     unmapped_nand2         1  5.5     0   105   12396    (-,-) 
  u_crypto_synth_top/u_top/u_sha256/core/csa_tree_add_426_23_groupi/g1699/z            (u)     in_1->z F     unmapped_nand2         3 15.3     0   168   12564    (-,-) 
  u_crypto_synth_top/u_top/u_sha256/core/csa_tree_add_426_23_groupi/g1698/z            (u)     in_1->z R     unmapped_nand2         1  5.5     0   105   12669    (-,-) 
  u_crypto_synth_top/u_top/u_sha256/core/csa_tree_add_426_23_groupi/g1694/z            (u)     in_0->z F     unmapped_nand2         3 15.3     0   168   12836    (-,-) 
  u_crypto_synth_top/u_top/u_sha256/core/csa_tree_add_426_23_groupi/g1693/z            (u)     in_1->z R     unmapped_nand2         1  5.5     0   105   12942    (-,-) 
  u_crypto_synth_top/u_top/u_sha256/core/csa_tree_add_426_23_groupi/g1689/z            (u)     in_0->z F     unmapped_nand2         2 10.2     0   138   13080    (-,-) 
  u_crypto_synth_top/u_top/u_sha256/core/csa_tree_add_426_23_groupi/g1687/z            (u)     in_0->z F     unmapped_or2           1  5.1     0   105   13185    (-,-) 
  u_crypto_synth_top/u_top/u_sha256/core/csa_tree_add_426_23_groupi/g1688/z            (u)     in_1->z R     unmapped_nand2         1  5.5     0   105   13291    (-,-) 
  u_crypto_synth_top/u_top/u_sha256/core/g16822/z                                      (u)     in_0->z F     unmapped_complex2      1  5.1     0   117   13408    (-,-) 
  u_crypto_synth_top/u_top/u_sha256/core/g15093/z                                      (u)     in_0->z R     unmapped_nand2         1  5.5     0   117   13525    (-,-) 
  u_crypto_synth_top/u_top/u_sha256/core/g14971/z                                      (u)     in_0->z R     unmapped_complex2      1  5.5     0   117   13642    (-,-) 
  u_crypto_synth_top/u_top/u_sha256/core/g14668/z                                      (u)     in_0->z R     unmapped_complex2      1  5.5     0   117   13758    (-,-) 
  u_crypto_synth_top/u_top/u_sha256/core/a_reg_reg[31]/d                               -       -       R     unmapped_d_flop        1    -     -     0   13758    (-,-) 
#-----------------------------------------------------------------------------------------------------------------------------------------------------------------------

(u) : Net has unmapped pin(s).



Path 2: MET (41563 ps) Setup Check with Pin u_crypto_synth_top/u_top/u_sha256/core/a_reg_reg[30]/clk->d
          Group: R2R
     Startpoint: (R) u_crypto_synth_top/u_top/u_sha256/core/w_mem_inst/w_mem_reg[14][19]/clk
          Clock: (R) MAIN_CLK
       Endpoint: (R) u_crypto_synth_top/u_top/u_sha256/core/a_reg_reg[30]/d
          Clock: (R) MAIN_CLK

                     Capture       Launch     
        Clock Edge:+   58000            0     
       Src Latency:+     150          250     
       Net Latency:+       0 (I)        0 (I) 
           Arrival:=   58150          250     
                                              
             Setup:-     122                  
       Uncertainty:-    1450                  
       Path Adjust:+   -1500                  
     Required Time:=   55078                  
      Launch Clock:-     250                  
         Data Path:-   13265                  
             Slack:=   41563                  

Exceptions/Constraints:
  path_adjust            -1500            PA_C2C 

#-----------------------------------------------------------------------------------------------------------------------------------------------------------------------
#                                    Timing Point                                      Flags    Arc    Edge       Cell         Fanout Load Trans Delay Arrival Instance 
#                                                                                                                                     (fF)  (ps)  (ps)   (ps)  Location 
#-----------------------------------------------------------------------------------------------------------------------------------------------------------------------
  u_crypto_synth_top/u_top/u_sha256/core/w_mem_inst/w_mem_reg[14][19]/clk              -       -       R     (arrival)          19892    -     0     0     250    (-,-) 
  u_crypto_synth_top/u_top/u_sha256/core/w_mem_inst/w_mem_reg[14][19]/q                (u)     clk->q  R     unmapped_d_flop        9 49.5     0   878    1128    (-,-) 
  u_crypto_synth_top/u_top/u_sha256/core/w_mem_inst/g7543/z                            (u)     in_1->z F     unmapped_complex2      1  5.1     0   114    1242    (-,-) 
  u_crypto_synth_top/u_top/u_sha256/core/w_mem_inst/g7544/z                            (u)     in_1->z R     unmapped_nand2         2 11.0     0   150    1393    (-,-) 
  u_crypto_synth_top/u_top/u_sha256/core/w_mem_inst/g7330/z                            (u)     in_0->z R     unmapped_complex2      1  5.5     0   114    1507    (-,-) 
  u_crypto_synth_top/u_top/u_sha256/core/w_mem_inst/g7331/z                            (u)     in_1->z F     unmapped_nand2         4 20.4     0   227    1734    (-,-) 
  u_crypto_synth_top/u_top/u_sha256/core/w_mem_inst/csa_tree_add_193_29_groupi/g1585/z (u)     in_1->z F     unmapped_or2           1  5.1     0   108    1842    (-,-) 
  u_crypto_synth_top/u_top/u_sha256/core/w_mem_inst/csa_tree_add_193_29_groupi/g2744/z (u)     in_0->z R     unmapped_nand2         1  5.5     0   108    1950    (-,-) 
  u_crypto_synth_top/u_top/u_sha256/core/w_mem_inst/csa_tree_add_193_29_groupi/g2630/z (u)     in_0->z F     unmapped_nand2         4 20.4     0   214    2164    (-,-) 
  u_crypto_synth_top/u_top/u_sha256/core/w_mem_inst/csa_tree_add_193_29_groupi/g1561/z (u)     in_0->z F     unmapped_or2           1  5.1     0   108    2272    (-,-) 
  u_crypto_synth_top/u_top/u_sha256/core/w_mem_inst/csa_tree_add_193_29_groupi/g2432/z (u)     in_0->z R     unmapped_nand2         1  5.5     0   108    2380    (-,-) 
  u_crypto_synth_top/u_top/u_sha256/core/w_mem_inst/csa_tree_add_193_29_groupi/g2402/z (u)     in_0->z F     unmapped_nand2         3 15.3     0   173    2553    (-,-) 
  u_crypto_synth_top/u_top/u_sha256/core/w_mem_inst/csa_tree_add_193_29_groupi/g2313/z (u)     in_1->z R     unmapped_nand2         1  5.5     0   108    2661    (-,-) 
  u_crypto_synth_top/u_top/u_sha256/core/w_mem_inst/csa_tree_add_193_29_groupi/g2309/z (u)     in_0->z F     unmapped_nand2         3 15.3     0   173    2834    (-,-) 
  u_crypto_synth_top/u_top/u_sha256/core/w_mem_inst/csa_tree_add_193_29_groupi/g2307/z (u)     in_1->z R     unmapped_nand2         1  5.5     0   108    2942    (-,-) 
  u_crypto_synth_top/u_top/u_sha256/core/w_mem_inst/csa_tree_add_193_29_groupi/g2303/z (u)     in_0->z F     unmapped_nand2         3 15.3     0   173    3115    (-,-) 
  u_crypto_synth_top/u_top/u_sha256/core/w_mem_inst/csa_tree_add_193_29_groupi/g2299/z (u)     in_1->z R     unmapped_nand2         1  5.5     0   108    3223    (-,-) 
  u_crypto_synth_top/u_top/u_sha256/core/w_mem_inst/csa_tree_add_193_29_groupi/g2298/z (u)     in_0->z F     unmapped_nand2         3 15.3     0   173    3395    (-,-) 
  u_crypto_synth_top/u_top/u_sha256/core/w_mem_inst/csa_tree_add_193_29_groupi/g2294/z (u)     in_1->z R     unmapped_nand2         1  5.5     0   108    3504    (-,-) 
  u_crypto_synth_top/u_top/u_sha256/core/w_mem_inst/csa_tree_add_193_29_groupi/g2293/z (u)     in_0->z F     unmapped_nand2         3 15.3     0   173    3676    (-,-) 
  u_crypto_synth_top/u_top/u_sha256/core/w_mem_inst/csa_tree_add_193_29_groupi/g2289/z (u)     in_1->z R     unmapped_nand2         1  5.5     0   108    3784    (-,-) 
  u_crypto_synth_top/u_top/u_sha256/core/w_mem_inst/csa_tree_add_193_29_groupi/g2288/z (u)     in_0->z F     unmapped_nand2         3 15.3     0   173    3957    (-,-) 
  u_crypto_synth_top/u_top/u_sha256/core/w_mem_inst/csa_tree_add_193_29_groupi/g2284/z (u)     in_1->z R     unmapped_nand2         1  5.5     0   108    4065    (-,-) 
  u_crypto_synth_top/u_top/u_sha256/core/w_mem_inst/csa_tree_add_193_29_groupi/g2283/z (u)     in_0->z F     unmapped_nand2         3 15.3     0   173    4238    (-,-) 
  u_crypto_synth_top/u_top/u_sha256/core/w_mem_inst/csa_tree_add_193_29_groupi/g2282/z (u)     in_1->z R     unmapped_nand2         1  5.5     0   108    4346    (-,-) 
  u_crypto_synth_top/u_top/u_sha256/core/w_mem_inst/csa_tree_add_193_29_groupi/g2278/z (u)     in_1->z F     unmapped_nand2         3 15.3     0   173    4519    (-,-) 
  u_crypto_synth_top/u_top/u_sha256/core/w_mem_inst/csa_tree_add_193_29_groupi/g2277/z (u)     in_1->z R     unmapped_nand2         1  5.5     0   108    4627    (-,-) 
  u_crypto_synth_top/u_top/u_sha256/core/w_mem_inst/csa_tree_add_193_29_groupi/g2273/z (u)     in_0->z F     unmapped_nand2         3 15.3     0   173    4799    (-,-) 
  u_crypto_synth_top/u_top/u_sha256/core/w_mem_inst/csa_tree_add_193_29_groupi/g2272/z (u)     in_1->z R     unmapped_nand2         1  5.5     0   108    4908    (-,-) 
  u_crypto_synth_top/u_top/u_sha256/core/w_mem_inst/csa_tree_add_193_29_groupi/g2268/z (u)     in_0->z F     unmapped_nand2         3 15.3     0   173    5080    (-,-) 
  u_crypto_synth_top/u_top/u_sha256/core/w_mem_inst/csa_tree_add_193_29_groupi/g2264/z (u)     in_1->z R     unmapped_nand2         1  5.5     0   108    5188    (-,-) 
  u_crypto_synth_top/u_top/u_sha256/core/w_mem_inst/csa_tree_add_193_29_groupi/g2263/z (u)     in_0->z F     unmapped_nand2         3 15.3     0   173    5361    (-,-) 
  u_crypto_synth_top/u_top/u_sha256/core/w_mem_inst/csa_tree_add_193_29_groupi/g2259/z (u)     in_1->z R     unmapped_nand2         1  5.5     0   108    5469    (-,-) 
  u_crypto_synth_top/u_top/u_sha256/core/w_mem_inst/csa_tree_add_193_29_groupi/g2258/z (u)     in_1->z F     unmapped_nand2         3 15.3     0   173    5642    (-,-) 
  u_crypto_synth_top/u_top/u_sha256/core/w_mem_inst/csa_tree_add_193_29_groupi/g2254/z (u)     in_1->z R     unmapped_nand2         1  5.5     0   108    5750    (-,-) 
  u_crypto_synth_top/u_top/u_sha256/core/w_mem_inst/csa_tree_add_193_29_groupi/g2253/z (u)     in_0->z F     unmapped_nand2         3 15.3     0   173    5923    (-,-) 
  u_crypto_synth_top/u_top/u_sha256/core/w_mem_inst/csa_tree_add_193_29_groupi/g2252/z (u)     in_1->z R     unmapped_nand2         1  5.5     0   108    6031    (-,-) 
  u_crypto_synth_top/u_top/u_sha256/core/w_mem_inst/csa_tree_add_193_29_groupi/g2248/z (u)     in_0->z F     unmapped_nand2         3 15.3     0   173    6203    (-,-) 
  u_crypto_synth_top/u_top/u_sha256/core/w_mem_inst/csa_tree_add_193_29_groupi/g2244/z (u)     in_1->z R     unmapped_nand2         1  5.5     0   108    6312    (-,-) 
  u_crypto_synth_top/u_top/u_sha256/core/w_mem_inst/csa_tree_add_193_29_groupi/g2243/z (u)     in_0->z F     unmapped_nand2         4 20.4     0   214    6525    (-,-) 
  u_crypto_synth_top/u_top/u_sha256/core/w_mem_inst/csa_tree_add_193_29_groupi/g2242/z (u)     in_1->z R     unmapped_nand2         1  5.5     0   108    6634    (-,-) 
  u_crypto_synth_top/u_top/u_sha256/core/w_mem_inst/csa_tree_add_193_29_groupi/g2237/z (u)     in_1->z F     unmapped_nand2         2 10.2     0   142    6776    (-,-) 
  u_crypto_synth_top/u_top/u_sha256/core/w_mem_inst/csa_tree_add_193_29_groupi/g2234/z (u)     in_0->z F     unmapped_or2           1  5.1     0   108    6884    (-,-) 
  u_crypto_synth_top/u_top/u_sha256/core/w_mem_inst/csa_tree_add_193_29_groupi/g2235/z (u)     in_1->z R     unmapped_nand2         2 11.0     0   142    7026    (-,-) 
  u_crypto_synth_top/u_top/u_sha256/core/w_mem_inst/g10384/z                           (u)     in_1->z F     unmapped_nand2         1  5.1     0   114    7140    (-,-) 
  u_crypto_synth_top/u_top/u_sha256/core/w_mem_inst/g9726/z                            (u)     in_0->z R     unmapped_nand2         1  5.5     0   114    7254    (-,-) 
  u_crypto_synth_top/u_top/u_sha256/core/w_mem_inst/g9496/z                            (u)     in_0->z R     unmapped_or2           1  5.5     0   114    7368    (-,-) 
  u_crypto_synth_top/u_top/u_sha256/core/w_mem_inst/g9436/z                            (u)     in_0->z R     unmapped_or2           1  5.5     0   114    7482    (-,-) 
  u_crypto_synth_top/u_top/u_sha256/core/w_mem_inst/g9368/z                            (u)     in_0->z R     unmapped_or2           1  5.5     0   114    7596    (-,-) 
  u_crypto_synth_top/u_top/u_sha256/core/w_mem_inst/g9345/z                            (u)     in_0->z R     unmapped_complex2      4 22.0     0   227    7823    (-,-) 
  u_crypto_synth_top/u_top/u_sha256/core/csa_tree_add_341_39_groupi/g3213/z            (u)     in_1->z F     unmapped_complex2      1  5.1     0   108    7931    (-,-) 
  u_crypto_synth_top/u_top/u_sha256/core/csa_tree_add_341_39_groupi/g3214/z            (u)     in_1->z R     unmapped_nand2         2 11.0     0   142    8073    (-,-) 
  u_crypto_synth_top/u_top/u_sha256/core/csa_tree_add_341_39_groupi/g3090/z            (u)     in_1->z R     unmapped_or2           3 16.5     0   173    8246    (-,-) 
  u_crypto_synth_top/u_top/u_sha256/core/csa_tree_add_341_39_groupi/g3073/z            (u)     in_1->z F     unmapped_complex2      1  5.1     0   108    8354    (-,-) 
  u_crypto_synth_top/u_top/u_sha256/core/csa_tree_add_341_39_groupi/g3070/z            (u)     in_0->z R     unmapped_nand2         1  5.5     0   108    8462    (-,-) 
  u_crypto_synth_top/u_top/u_sha256/core/csa_tree_add_341_39_groupi/g3003/z            (u)     in_1->z R     unmapped_complex2      3 16.5     0   173    8635    (-,-) 
  u_crypto_synth_top/u_top/u_sha256/core/csa_tree_add_341_39_groupi/g2995/z            (u)     in_1->z F     unmapped_nand2         1  5.1     0   108    8743    (-,-) 
  u_crypto_synth_top/u_top/u_sha256/core/csa_tree_add_341_39_groupi/g2994/z            (u)     in_1->z R     unmapped_nand2         3 16.5     0   173    8916    (-,-) 
  u_crypto_synth_top/u_top/u_sha256/core/csa_tree_add_341_39_groupi/g2993/z            (u)     in_0->z F     unmapped_nand2         1  5.1     0   108    9024    (-,-) 
  u_crypto_synth_top/u_top/u_sha256/core/csa_tree_add_341_39_groupi/g2989/z            (u)     in_0->z R     unmapped_nand2         3 16.5     0   173    9196    (-,-) 
  u_crypto_synth_top/u_top/u_sha256/core/csa_tree_add_341_39_groupi/g2985/z            (u)     in_1->z F     unmapped_nand2         1  5.1     0   108    9305    (-,-) 
  u_crypto_synth_top/u_top/u_sha256/core/csa_tree_add_341_39_groupi/g2984/z            (u)     in_1->z R     unmapped_nand2         3 16.5     0   173    9477    (-,-) 
  u_crypto_synth_top/u_top/u_sha256/core/csa_tree_add_341_39_groupi/g2983/z            (u)     in_1->z F     unmapped_nand2         1  5.1     0   108    9585    (-,-) 
  u_crypto_synth_top/u_top/u_sha256/core/csa_tree_add_341_39_groupi/g2979/z            (u)     in_0->z R     unmapped_nand2         3 16.5     0   173    9758    (-,-) 
  u_crypto_synth_top/u_top/u_sha256/core/csa_tree_add_341_39_groupi/g2978/z            (u)     in_1->z F     unmapped_nand2         1  5.1     0   108    9866    (-,-) 
  u_crypto_synth_top/u_top/u_sha256/core/csa_tree_add_341_39_groupi/g2974/z            (u)     in_0->z R     unmapped_nand2         3 16.5     0   173   10039    (-,-) 
  u_crypto_synth_top/u_top/u_sha256/core/csa_tree_add_341_39_groupi/g2970/z            (u)     in_1->z F     unmapped_nand2         1  5.1     0   108   10147    (-,-) 
  u_crypto_synth_top/u_top/u_sha256/core/csa_tree_add_341_39_groupi/g2969/z            (u)     in_0->z R     unmapped_nand2         4 22.0     0   214   10361    (-,-) 
  u_crypto_synth_top/u_top/u_sha256/core/csa_tree_add_341_39_groupi/g2964/z            (u)     in_1->z F     unmapped_nand2         1  5.1     0   108   10469    (-,-) 
  u_crypto_synth_top/u_top/u_sha256/core/csa_tree_add_341_39_groupi/g2963/z            (u)     in_1->z R     unmapped_nand2         2 11.0     0   142   10611    (-,-) 
  u_crypto_synth_top/u_top/u_sha256/core/csa_tree_add_341_39_groupi/g2957/z            (u)     in_0->z R     unmapped_or2           1  5.5     0   108   10719    (-,-) 
  u_crypto_synth_top/u_top/u_sha256/core/csa_tree_add_341_39_groupi/g2958/z            (u)     in_1->z F     unmapped_nand2         6 30.6     0   236   10955    (-,-) 
  u_crypto_synth_top/u_top/u_sha256/core/csa_tree_add_426_23_groupi/g2048/z            (u)     in_1->z R     unmapped_complex2      1  5.5     0   105   11061    (-,-) 
  u_crypto_synth_top/u_top/u_sha256/core/csa_tree_add_426_23_groupi/g2049/z            (u)     in_1->z F     unmapped_nand2         2 10.2     0   138   11199    (-,-) 
  u_crypto_synth_top/u_top/u_sha256/core/csa_tree_add_426_23_groupi/g1929/z            (u)     in_1->z F     unmapped_or2           3 15.3     0   168   11366    (-,-) 
  u_crypto_synth_top/u_top/u_sha256/core/csa_tree_add_426_23_groupi/g1862/z            (u)     in_1->z R     unmapped_complex2      1  5.5     0   105   11472    (-,-) 
  u_crypto_synth_top/u_top/u_sha256/core/csa_tree_add_426_23_groupi/g1849/z            (u)     in_0->z F     unmapped_nand2         1  5.1     0   105   11577    (-,-) 
  u_crypto_synth_top/u_top/u_sha256/core/csa_tree_add_426_23_groupi/g1718/z            (u)     in_1->z F     unmapped_complex2      3 15.3     0   168   11745    (-,-) 
  u_crypto_synth_top/u_top/u_sha256/core/csa_tree_add_426_23_groupi/g1710/z            (u)     in_1->z R     unmapped_nand2         1  5.5     0   105   11850    (-,-) 
  u_crypto_synth_top/u_top/u_sha256/core/csa_tree_add_426_23_groupi/g1709/z            (u)     in_1->z F     unmapped_nand2         3 15.3     0   168   12018    (-,-) 
  u_crypto_synth_top/u_top/u_sha256/core/csa_tree_add_426_23_groupi/g1708/z            (u)     in_0->z R     unmapped_nand2         1  5.5     0   105   12123    (-,-) 
  u_crypto_synth_top/u_top/u_sha256/core/csa_tree_add_426_23_groupi/g1704/z            (u)     in_0->z F     unmapped_nand2         3 15.3     0   168   12291    (-,-) 
  u_crypto_synth_top/u_top/u_sha256/core/csa_tree_add_426_23_groupi/g1700/z            (u)     in_1->z R     unmapped_nand2         1  5.5     0   105   12396    (-,-) 
  u_crypto_synth_top/u_top/u_sha256/core/csa_tree_add_426_23_groupi/g1699/z            (u)     in_1->z F     unmapped_nand2         3 15.3     0   168   12564    (-,-) 
  u_crypto_synth_top/u_top/u_sha256/core/csa_tree_add_426_23_groupi/g1698/z            (u)     in_1->z R     unmapped_nand2         1  5.5     0   105   12669    (-,-) 
  u_crypto_synth_top/u_top/u_sha256/core/csa_tree_add_426_23_groupi/g1694/z            (u)     in_0->z F     unmapped_nand2         3 15.3     0   168   12836    (-,-) 
  u_crypto_synth_top/u_top/u_sha256/core/csa_tree_add_426_23_groupi/g1691/z            (u)     in_0->z F     unmapped_or2           1  5.1     0   105   12942    (-,-) 
  u_crypto_synth_top/u_top/u_sha256/core/csa_tree_add_426_23_groupi/g1692/z            (u)     in_1->z R     unmapped_nand2         1  5.5     0   105   13047    (-,-) 
  u_crypto_synth_top/u_top/u_sha256/core/g16804/z                                      (u)     in_0->z F     unmapped_complex2      1  5.1     0   117   13164    (-,-) 
  u_crypto_synth_top/u_top/u_sha256/core/g15065/z                                      (u)     in_1->z R     unmapped_nand2         1  5.5     0   117   13281    (-,-) 
  u_crypto_synth_top/u_top/u_sha256/core/g15000/z                                      (u)     in_0->z R     unmapped_complex2      1  5.5     0   117   13398    (-,-) 
  u_crypto_synth_top/u_top/u_sha256/core/g14666/z                                      (u)     in_1->z R     unmapped_complex2      1  5.5     0   117   13515    (-,-) 
  u_crypto_synth_top/u_top/u_sha256/core/a_reg_reg[30]/d                               -       -       R     unmapped_d_flop        1    -     -     0   13515    (-,-) 
#-----------------------------------------------------------------------------------------------------------------------------------------------------------------------

(u) : Net has unmapped pin(s).



Path 3: MET (41657 ps) Setup Check with Pin u_crypto_synth_top/u_top/u_sha256/core/e_reg_reg[31]/clk->d
          Group: R2R
     Startpoint: (R) u_crypto_synth_top/u_top/u_sha256/core/w_mem_inst/w_mem_reg[14][19]/clk
          Clock: (R) MAIN_CLK
       Endpoint: (R) u_crypto_synth_top/u_top/u_sha256/core/e_reg_reg[31]/d
          Clock: (R) MAIN_CLK

                     Capture       Launch     
        Clock Edge:+   58000            0     
       Src Latency:+     150          250     
       Net Latency:+       0 (I)        0 (I) 
           Arrival:=   58150          250     
                                              
             Setup:-     122                  
       Uncertainty:-    1450                  
       Path Adjust:+   -1500                  
     Required Time:=   55078                  
      Launch Clock:-     250                  
         Data Path:-   13170                  
             Slack:=   41657                  

Exceptions/Constraints:
  path_adjust            -1500            PA_C2C 

#-----------------------------------------------------------------------------------------------------------------------------------------------------------------------
#                                    Timing Point                                      Flags    Arc    Edge       Cell         Fanout Load Trans Delay Arrival Instance 
#                                                                                                                                     (fF)  (ps)  (ps)   (ps)  Location 
#-----------------------------------------------------------------------------------------------------------------------------------------------------------------------
  u_crypto_synth_top/u_top/u_sha256/core/w_mem_inst/w_mem_reg[14][19]/clk              -       -       R     (arrival)          19892    -     0     0     250    (-,-) 
  u_crypto_synth_top/u_top/u_sha256/core/w_mem_inst/w_mem_reg[14][19]/q                (u)     clk->q  F     unmapped_d_flop        9 45.9     0   878    1128    (-,-) 
  u_crypto_synth_top/u_top/u_sha256/core/w_mem_inst/g7543/z                            (u)     in_1->z R     unmapped_complex2      1  5.5     0   114    1242    (-,-) 
  u_crypto_synth_top/u_top/u_sha256/core/w_mem_inst/g7544/z                            (u)     in_1->z F     unmapped_nand2         2 10.2     0   150    1393    (-,-) 
  u_crypto_synth_top/u_top/u_sha256/core/w_mem_inst/g7330/z                            (u)     in_0->z F     unmapped_complex2      1  5.1     0   114    1507    (-,-) 
  u_crypto_synth_top/u_top/u_sha256/core/w_mem_inst/g7331/z                            (u)     in_1->z R     unmapped_nand2         4 22.0     0   227    1734    (-,-) 
  u_crypto_synth_top/u_top/u_sha256/core/w_mem_inst/csa_tree_add_193_29_groupi/g1585/z (u)     in_1->z R     unmapped_or2           1  5.5     0   108    1842    (-,-) 
  u_crypto_synth_top/u_top/u_sha256/core/w_mem_inst/csa_tree_add_193_29_groupi/g2744/z (u)     in_0->z F     unmapped_nand2         1  5.1     0   108    1950    (-,-) 
  u_crypto_synth_top/u_top/u_sha256/core/w_mem_inst/csa_tree_add_193_29_groupi/g2630/z (u)     in_0->z R     unmapped_nand2         4 22.0     0   214    2164    (-,-) 
  u_crypto_synth_top/u_top/u_sha256/core/w_mem_inst/csa_tree_add_193_29_groupi/g1561/z (u)     in_0->z R     unmapped_or2           1  5.5     0   108    2272    (-,-) 
  u_crypto_synth_top/u_top/u_sha256/core/w_mem_inst/csa_tree_add_193_29_groupi/g2432/z (u)     in_0->z F     unmapped_nand2         1  5.1     0   108    2380    (-,-) 
  u_crypto_synth_top/u_top/u_sha256/core/w_mem_inst/csa_tree_add_193_29_groupi/g2402/z (u)     in_0->z R     unmapped_nand2         3 16.5     0   173    2553    (-,-) 
  u_crypto_synth_top/u_top/u_sha256/core/w_mem_inst/csa_tree_add_193_29_groupi/g2313/z (u)     in_1->z F     unmapped_nand2         1  5.1     0   108    2661    (-,-) 
  u_crypto_synth_top/u_top/u_sha256/core/w_mem_inst/csa_tree_add_193_29_groupi/g2309/z (u)     in_0->z R     unmapped_nand2         3 16.5     0   173    2834    (-,-) 
  u_crypto_synth_top/u_top/u_sha256/core/w_mem_inst/csa_tree_add_193_29_groupi/g2307/z (u)     in_1->z F     unmapped_nand2         1  5.1     0   108    2942    (-,-) 
  u_crypto_synth_top/u_top/u_sha256/core/w_mem_inst/csa_tree_add_193_29_groupi/g2303/z (u)     in_0->z R     unmapped_nand2         3 16.5     0   173    3115    (-,-) 
  u_crypto_synth_top/u_top/u_sha256/core/w_mem_inst/csa_tree_add_193_29_groupi/g2299/z (u)     in_1->z F     unmapped_nand2         1  5.1     0   108    3223    (-,-) 
  u_crypto_synth_top/u_top/u_sha256/core/w_mem_inst/csa_tree_add_193_29_groupi/g2298/z (u)     in_0->z R     unmapped_nand2         3 16.5     0   173    3395    (-,-) 
  u_crypto_synth_top/u_top/u_sha256/core/w_mem_inst/csa_tree_add_193_29_groupi/g2294/z (u)     in_1->z F     unmapped_nand2         1  5.1     0   108    3504    (-,-) 
  u_crypto_synth_top/u_top/u_sha256/core/w_mem_inst/csa_tree_add_193_29_groupi/g2293/z (u)     in_0->z R     unmapped_nand2         3 16.5     0   173    3676    (-,-) 
  u_crypto_synth_top/u_top/u_sha256/core/w_mem_inst/csa_tree_add_193_29_groupi/g2289/z (u)     in_1->z F     unmapped_nand2         1  5.1     0   108    3784    (-,-) 
  u_crypto_synth_top/u_top/u_sha256/core/w_mem_inst/csa_tree_add_193_29_groupi/g2288/z (u)     in_0->z R     unmapped_nand2         3 16.5     0   173    3957    (-,-) 
  u_crypto_synth_top/u_top/u_sha256/core/w_mem_inst/csa_tree_add_193_29_groupi/g2284/z (u)     in_1->z F     unmapped_nand2         1  5.1     0   108    4065    (-,-) 
  u_crypto_synth_top/u_top/u_sha256/core/w_mem_inst/csa_tree_add_193_29_groupi/g2283/z (u)     in_0->z R     unmapped_nand2         3 16.5     0   173    4238    (-,-) 
  u_crypto_synth_top/u_top/u_sha256/core/w_mem_inst/csa_tree_add_193_29_groupi/g2282/z (u)     in_1->z F     unmapped_nand2         1  5.1     0   108    4346    (-,-) 
  u_crypto_synth_top/u_top/u_sha256/core/w_mem_inst/csa_tree_add_193_29_groupi/g2278/z (u)     in_1->z R     unmapped_nand2         3 16.5     0   173    4519    (-,-) 
  u_crypto_synth_top/u_top/u_sha256/core/w_mem_inst/csa_tree_add_193_29_groupi/g2277/z (u)     in_1->z F     unmapped_nand2         1  5.1     0   108    4627    (-,-) 
  u_crypto_synth_top/u_top/u_sha256/core/w_mem_inst/csa_tree_add_193_29_groupi/g2273/z (u)     in_0->z R     unmapped_nand2         3 16.5     0   173    4799    (-,-) 
  u_crypto_synth_top/u_top/u_sha256/core/w_mem_inst/csa_tree_add_193_29_groupi/g2272/z (u)     in_1->z F     unmapped_nand2         1  5.1     0   108    4908    (-,-) 
  u_crypto_synth_top/u_top/u_sha256/core/w_mem_inst/csa_tree_add_193_29_groupi/g2268/z (u)     in_0->z R     unmapped_nand2         3 16.5     0   173    5080    (-,-) 
  u_crypto_synth_top/u_top/u_sha256/core/w_mem_inst/csa_tree_add_193_29_groupi/g2264/z (u)     in_1->z F     unmapped_nand2         1  5.1     0   108    5188    (-,-) 
  u_crypto_synth_top/u_top/u_sha256/core/w_mem_inst/csa_tree_add_193_29_groupi/g2263/z (u)     in_0->z R     unmapped_nand2         3 16.5     0   173    5361    (-,-) 
  u_crypto_synth_top/u_top/u_sha256/core/w_mem_inst/csa_tree_add_193_29_groupi/g2259/z (u)     in_1->z F     unmapped_nand2         1  5.1     0   108    5469    (-,-) 
  u_crypto_synth_top/u_top/u_sha256/core/w_mem_inst/csa_tree_add_193_29_groupi/g2258/z (u)     in_1->z R     unmapped_nand2         3 16.5     0   173    5642    (-,-) 
  u_crypto_synth_top/u_top/u_sha256/core/w_mem_inst/csa_tree_add_193_29_groupi/g2254/z (u)     in_1->z F     unmapped_nand2         1  5.1     0   108    5750    (-,-) 
  u_crypto_synth_top/u_top/u_sha256/core/w_mem_inst/csa_tree_add_193_29_groupi/g2253/z (u)     in_0->z R     unmapped_nand2         3 16.5     0   173    5923    (-,-) 
  u_crypto_synth_top/u_top/u_sha256/core/w_mem_inst/csa_tree_add_193_29_groupi/g2252/z (u)     in_1->z F     unmapped_nand2         1  5.1     0   108    6031    (-,-) 
  u_crypto_synth_top/u_top/u_sha256/core/w_mem_inst/csa_tree_add_193_29_groupi/g2248/z (u)     in_0->z R     unmapped_nand2         3 16.5     0   173    6203    (-,-) 
  u_crypto_synth_top/u_top/u_sha256/core/w_mem_inst/csa_tree_add_193_29_groupi/g2244/z (u)     in_1->z F     unmapped_nand2         1  5.1     0   108    6312    (-,-) 
  u_crypto_synth_top/u_top/u_sha256/core/w_mem_inst/csa_tree_add_193_29_groupi/g2243/z (u)     in_0->z R     unmapped_nand2         4 22.0     0   214    6525    (-,-) 
  u_crypto_synth_top/u_top/u_sha256/core/w_mem_inst/csa_tree_add_193_29_groupi/g2242/z (u)     in_1->z F     unmapped_nand2         1  5.1     0   108    6634    (-,-) 
  u_crypto_synth_top/u_top/u_sha256/core/w_mem_inst/csa_tree_add_193_29_groupi/g2237/z (u)     in_1->z R     unmapped_nand2         2 11.0     0   142    6776    (-,-) 
  u_crypto_synth_top/u_top/u_sha256/core/w_mem_inst/csa_tree_add_193_29_groupi/g2234/z (u)     in_0->z R     unmapped_or2           1  5.5     0   108    6884    (-,-) 
  u_crypto_synth_top/u_top/u_sha256/core/w_mem_inst/csa_tree_add_193_29_groupi/g2235/z (u)     in_1->z F     unmapped_nand2         2 10.2     0   142    7026    (-,-) 
  u_crypto_synth_top/u_top/u_sha256/core/w_mem_inst/g10384/z                           (u)     in_1->z R     unmapped_nand2         1  5.5     0   114    7140    (-,-) 
  u_crypto_synth_top/u_top/u_sha256/core/w_mem_inst/g9726/z                            (u)     in_0->z F     unmapped_nand2         1  5.1     0   114    7254    (-,-) 
  u_crypto_synth_top/u_top/u_sha256/core/w_mem_inst/g9496/z                            (u)     in_0->z F     unmapped_or2           1  5.1     0   114    7368    (-,-) 
  u_crypto_synth_top/u_top/u_sha256/core/w_mem_inst/g9436/z                            (u)     in_0->z F     unmapped_or2           1  5.1     0   114    7482    (-,-) 
  u_crypto_synth_top/u_top/u_sha256/core/w_mem_inst/g9368/z                            (u)     in_0->z F     unmapped_or2           1  5.1     0   114    7596    (-,-) 
  u_crypto_synth_top/u_top/u_sha256/core/w_mem_inst/g9345/z                            (u)     in_0->z F     unmapped_complex2      4 20.4     0   227    7823    (-,-) 
  u_crypto_synth_top/u_top/u_sha256/core/csa_tree_add_341_39_groupi/g3213/z            (u)     in_1->z R     unmapped_complex2      1  5.5     0   108    7931    (-,-) 
  u_crypto_synth_top/u_top/u_sha256/core/csa_tree_add_341_39_groupi/g3214/z            (u)     in_1->z F     unmapped_nand2         2 10.2     0   142    8073    (-,-) 
  u_crypto_synth_top/u_top/u_sha256/core/csa_tree_add_341_39_groupi/g3090/z            (u)     in_1->z F     unmapped_or2           3 15.3     0   173    8246    (-,-) 
  u_crypto_synth_top/u_top/u_sha256/core/csa_tree_add_341_39_groupi/g3074/z            (u)     in_0->z R     unmapped_nand2         2 11.0     0   142    8388    (-,-) 
  u_crypto_synth_top/u_top/u_sha256/core/csa_tree_add_341_39_groupi/g3000/z            (u)     in_1->z R     unmapped_or2           1  5.5     0   108    8496    (-,-) 
  u_crypto_synth_top/u_top/u_sha256/core/csa_tree_add_341_39_groupi/g3001/z            (u)     in_1->z F     unmapped_nand2         6 30.6     0   236    8732    (-,-) 
  u_crypto_synth_top/u_top/u_sha256/core/add_430_26/g1640/z                            (u)     in_1->z F     unmapped_or2           3 15.3     0   165    8897    (-,-) 
  u_crypto_synth_top/u_top/u_sha256/core/add_430_26/g1553/z                            (u)     in_1->z R     unmapped_complex2      1  5.5     0   104    9002    (-,-) 
  u_crypto_synth_top/u_top/u_sha256/core/add_430_26/g1545/z                            (u)     in_0->z F     unmapped_nand2         1  5.1     0   104    9106    (-,-) 
  u_crypto_synth_top/u_top/u_sha256/core/add_430_26/g1468/z                            (u)     in_1->z F     unmapped_complex2      3 15.3     0   165    9271    (-,-) 
  u_crypto_synth_top/u_top/u_sha256/core/add_430_26/g1467/z                            (u)     in_1->z R     unmapped_nand2         1  5.5     0   104    9375    (-,-) 
  u_crypto_synth_top/u_top/u_sha256/core/add_430_26/g1460/z                            (u)     in_1->z F     unmapped_nand2         3 15.3     0   165    9540    (-,-) 
  u_crypto_synth_top/u_top/u_sha256/core/add_430_26/g1459/z                            (u)     in_0->z R     unmapped_nand2         1  5.5     0   104    9645    (-,-) 
  u_crypto_synth_top/u_top/u_sha256/core/add_430_26/g1455/z                            (u)     in_0->z F     unmapped_nand2         3 15.3     0   165    9810    (-,-) 
  u_crypto_synth_top/u_top/u_sha256/core/add_430_26/g1454/z                            (u)     in_1->z R     unmapped_nand2         1  5.5     0   104    9914    (-,-) 
  u_crypto_synth_top/u_top/u_sha256/core/add_430_26/g1450/z                            (u)     in_1->z F     unmapped_nand2         3 15.3     0   165   10079    (-,-) 
  u_crypto_synth_top/u_top/u_sha256/core/add_430_26/g1446/z                            (u)     in_1->z R     unmapped_nand2         1  5.5     0   104   10183    (-,-) 
  u_crypto_synth_top/u_top/u_sha256/core/add_430_26/g1445/z                            (u)     in_0->z F     unmapped_nand2         3 15.3     0   165   10349    (-,-) 
  u_crypto_synth_top/u_top/u_sha256/core/add_430_26/g1441/z                            (u)     in_1->z R     unmapped_nand2         1  5.5     0   104   10453    (-,-) 
  u_crypto_synth_top/u_top/u_sha256/core/add_430_26/g1440/z                            (u)     in_0->z F     unmapped_nand2         3 15.3     0   165   10618    (-,-) 
  u_crypto_synth_top/u_top/u_sha256/core/add_430_26/g1436/z                            (u)     in_1->z R     unmapped_nand2         1  5.5     0   104   10722    (-,-) 
  u_crypto_synth_top/u_top/u_sha256/core/add_430_26/g1435/z                            (u)     in_0->z F     unmapped_nand2         3 15.3     0   165   10887    (-,-) 
  u_crypto_synth_top/u_top/u_sha256/core/add_430_26/g1434/z                            (u)     in_1->z R     unmapped_nand2         1  5.5     0   104   10992    (-,-) 
  u_crypto_synth_top/u_top/u_sha256/core/add_430_26/g1430/z                            (u)     in_1->z F     unmapped_nand2         3 15.3     0   165   11157    (-,-) 
  u_crypto_synth_top/u_top/u_sha256/core/add_430_26/g1429/z                            (u)     in_0->z R     unmapped_nand2         1  5.5     0   104   11261    (-,-) 
  u_crypto_synth_top/u_top/u_sha256/core/add_430_26/g1425/z                            (u)     in_1->z F     unmapped_nand2         3 15.3     0   165   11426    (-,-) 
  u_crypto_synth_top/u_top/u_sha256/core/add_430_26/g1421/z                            (u)     in_1->z R     unmapped_nand2         1  5.5     0   104   11530    (-,-) 
  u_crypto_synth_top/u_top/u_sha256/core/add_430_26/g1420/z                            (u)     in_1->z F     unmapped_nand2         3 15.3     0   165   11696    (-,-) 
  u_crypto_synth_top/u_top/u_sha256/core/add_430_26/g1419/z                            (u)     in_0->z R     unmapped_nand2         1  5.5     0   104   11800    (-,-) 
  u_crypto_synth_top/u_top/u_sha256/core/add_430_26/g1415/z                            (u)     in_1->z F     unmapped_nand2         3 15.3     0   165   11965    (-,-) 
  u_crypto_synth_top/u_top/u_sha256/core/add_430_26/g1411/z                            (u)     in_1->z R     unmapped_nand2         1  5.5     0   104   12069    (-,-) 
  u_crypto_synth_top/u_top/u_sha256/core/add_430_26/g1410/z                            (u)     in_1->z F     unmapped_nand2         3 15.3     0   165   12234    (-,-) 
  u_crypto_synth_top/u_top/u_sha256/core/add_430_26/g1409/z                            (u)     in_1->z R     unmapped_nand2         1  5.5     0   104   12339    (-,-) 
  u_crypto_synth_top/u_top/u_sha256/core/add_430_26/g1405/z                            (u)     in_1->z F     unmapped_nand2         3 15.3     0   165   12504    (-,-) 
  u_crypto_synth_top/u_top/u_sha256/core/add_430_26/g1401/z                            (u)     in_0->z R     unmapped_nand2         1  5.5     0   104   12608    (-,-) 
  u_crypto_synth_top/u_top/u_sha256/core/add_430_26/g1400/z                            (u)     in_1->z F     unmapped_nand2         2 10.2     0   136   12744    (-,-) 
  u_crypto_synth_top/u_top/u_sha256/core/add_430_26/g1398/z                            (u)     in_0->z F     unmapped_or2           1  5.1     0   104   12849    (-,-) 
  u_crypto_synth_top/u_top/u_sha256/core/add_430_26/g1399/z                            (u)     in_1->z R     unmapped_nand2         1  5.5     0   104   12953    (-,-) 
  u_crypto_synth_top/u_top/u_sha256/core/g16887/z                                      (u)     in_0->z F     unmapped_complex2      1  5.1     0   117   13070    (-,-) 
  u_crypto_synth_top/u_top/u_sha256/core/g15191/z                                      (u)     in_0->z R     unmapped_nand2         1  5.5     0   117   13187    (-,-) 
  u_crypto_synth_top/u_top/u_sha256/core/g14872/z                                      (u)     in_0->z R     unmapped_complex2      1  5.5     0   117   13304    (-,-) 
  u_crypto_synth_top/u_top/u_sha256/core/g14757/z                                      (u)     in_0->z R     unmapped_complex2      1  5.5     0   117   13420    (-,-) 
  u_crypto_synth_top/u_top/u_sha256/core/e_reg_reg[31]/d                               -       -       R     unmapped_d_flop        1    -     -     0   13420    (-,-) 
#-----------------------------------------------------------------------------------------------------------------------------------------------------------------------

(u) : Net has unmapped pin(s).



Path 4: MET (41836 ps) Setup Check with Pin u_crypto_synth_top/u_top/u_sha256/core/a_reg_reg[29]/clk->d
          Group: R2R
     Startpoint: (R) u_crypto_synth_top/u_top/u_sha256/core/w_mem_inst/w_mem_reg[14][19]/clk
          Clock: (R) MAIN_CLK
       Endpoint: (R) u_crypto_synth_top/u_top/u_sha256/core/a_reg_reg[29]/d
          Clock: (R) MAIN_CLK

                     Capture       Launch     
        Clock Edge:+   58000            0     
       Src Latency:+     150          250     
       Net Latency:+       0 (I)        0 (I) 
           Arrival:=   58150          250     
                                              
             Setup:-     122                  
       Uncertainty:-    1450                  
       Path Adjust:+   -1500                  
     Required Time:=   55078                  
      Launch Clock:-     250                  
         Data Path:-   12992                  
             Slack:=   41836                  

Exceptions/Constraints:
  path_adjust            -1500            PA_C2C 

#-----------------------------------------------------------------------------------------------------------------------------------------------------------------------
#                                    Timing Point                                      Flags    Arc    Edge       Cell         Fanout Load Trans Delay Arrival Instance 
#                                                                                                                                     (fF)  (ps)  (ps)   (ps)  Location 
#-----------------------------------------------------------------------------------------------------------------------------------------------------------------------
  u_crypto_synth_top/u_top/u_sha256/core/w_mem_inst/w_mem_reg[14][19]/clk              -       -       R     (arrival)          19892    -     0     0     250    (-,-) 
  u_crypto_synth_top/u_top/u_sha256/core/w_mem_inst/w_mem_reg[14][19]/q                (u)     clk->q  R     unmapped_d_flop        9 49.5     0   878    1128    (-,-) 
  u_crypto_synth_top/u_top/u_sha256/core/w_mem_inst/g7543/z                            (u)     in_1->z F     unmapped_complex2      1  5.1     0   114    1242    (-,-) 
  u_crypto_synth_top/u_top/u_sha256/core/w_mem_inst/g7544/z                            (u)     in_1->z R     unmapped_nand2         2 11.0     0   150    1393    (-,-) 
  u_crypto_synth_top/u_top/u_sha256/core/w_mem_inst/g7330/z                            (u)     in_0->z R     unmapped_complex2      1  5.5     0   114    1507    (-,-) 
  u_crypto_synth_top/u_top/u_sha256/core/w_mem_inst/g7331/z                            (u)     in_1->z F     unmapped_nand2         4 20.4     0   227    1734    (-,-) 
  u_crypto_synth_top/u_top/u_sha256/core/w_mem_inst/csa_tree_add_193_29_groupi/g1585/z (u)     in_1->z F     unmapped_or2           1  5.1     0   108    1842    (-,-) 
  u_crypto_synth_top/u_top/u_sha256/core/w_mem_inst/csa_tree_add_193_29_groupi/g2744/z (u)     in_0->z R     unmapped_nand2         1  5.5     0   108    1950    (-,-) 
  u_crypto_synth_top/u_top/u_sha256/core/w_mem_inst/csa_tree_add_193_29_groupi/g2630/z (u)     in_0->z F     unmapped_nand2         4 20.4     0   214    2164    (-,-) 
  u_crypto_synth_top/u_top/u_sha256/core/w_mem_inst/csa_tree_add_193_29_groupi/g1561/z (u)     in_0->z F     unmapped_or2           1  5.1     0   108    2272    (-,-) 
  u_crypto_synth_top/u_top/u_sha256/core/w_mem_inst/csa_tree_add_193_29_groupi/g2432/z (u)     in_0->z R     unmapped_nand2         1  5.5     0   108    2380    (-,-) 
  u_crypto_synth_top/u_top/u_sha256/core/w_mem_inst/csa_tree_add_193_29_groupi/g2402/z (u)     in_0->z F     unmapped_nand2         3 15.3     0   173    2553    (-,-) 
  u_crypto_synth_top/u_top/u_sha256/core/w_mem_inst/csa_tree_add_193_29_groupi/g2313/z (u)     in_1->z R     unmapped_nand2         1  5.5     0   108    2661    (-,-) 
  u_crypto_synth_top/u_top/u_sha256/core/w_mem_inst/csa_tree_add_193_29_groupi/g2309/z (u)     in_0->z F     unmapped_nand2         3 15.3     0   173    2834    (-,-) 
  u_crypto_synth_top/u_top/u_sha256/core/w_mem_inst/csa_tree_add_193_29_groupi/g2307/z (u)     in_1->z R     unmapped_nand2         1  5.5     0   108    2942    (-,-) 
  u_crypto_synth_top/u_top/u_sha256/core/w_mem_inst/csa_tree_add_193_29_groupi/g2303/z (u)     in_0->z F     unmapped_nand2         3 15.3     0   173    3115    (-,-) 
  u_crypto_synth_top/u_top/u_sha256/core/w_mem_inst/csa_tree_add_193_29_groupi/g2299/z (u)     in_1->z R     unmapped_nand2         1  5.5     0   108    3223    (-,-) 
  u_crypto_synth_top/u_top/u_sha256/core/w_mem_inst/csa_tree_add_193_29_groupi/g2298/z (u)     in_0->z F     unmapped_nand2         3 15.3     0   173    3395    (-,-) 
  u_crypto_synth_top/u_top/u_sha256/core/w_mem_inst/csa_tree_add_193_29_groupi/g2294/z (u)     in_1->z R     unmapped_nand2         1  5.5     0   108    3504    (-,-) 
  u_crypto_synth_top/u_top/u_sha256/core/w_mem_inst/csa_tree_add_193_29_groupi/g2293/z (u)     in_0->z F     unmapped_nand2         3 15.3     0   173    3676    (-,-) 
  u_crypto_synth_top/u_top/u_sha256/core/w_mem_inst/csa_tree_add_193_29_groupi/g2289/z (u)     in_1->z R     unmapped_nand2         1  5.5     0   108    3784    (-,-) 
  u_crypto_synth_top/u_top/u_sha256/core/w_mem_inst/csa_tree_add_193_29_groupi/g2288/z (u)     in_0->z F     unmapped_nand2         3 15.3     0   173    3957    (-,-) 
  u_crypto_synth_top/u_top/u_sha256/core/w_mem_inst/csa_tree_add_193_29_groupi/g2284/z (u)     in_1->z R     unmapped_nand2         1  5.5     0   108    4065    (-,-) 
  u_crypto_synth_top/u_top/u_sha256/core/w_mem_inst/csa_tree_add_193_29_groupi/g2283/z (u)     in_0->z F     unmapped_nand2         3 15.3     0   173    4238    (-,-) 
  u_crypto_synth_top/u_top/u_sha256/core/w_mem_inst/csa_tree_add_193_29_groupi/g2282/z (u)     in_1->z R     unmapped_nand2         1  5.5     0   108    4346    (-,-) 
  u_crypto_synth_top/u_top/u_sha256/core/w_mem_inst/csa_tree_add_193_29_groupi/g2278/z (u)     in_1->z F     unmapped_nand2         3 15.3     0   173    4519    (-,-) 
  u_crypto_synth_top/u_top/u_sha256/core/w_mem_inst/csa_tree_add_193_29_groupi/g2277/z (u)     in_1->z R     unmapped_nand2         1  5.5     0   108    4627    (-,-) 
  u_crypto_synth_top/u_top/u_sha256/core/w_mem_inst/csa_tree_add_193_29_groupi/g2273/z (u)     in_0->z F     unmapped_nand2         3 15.3     0   173    4799    (-,-) 
  u_crypto_synth_top/u_top/u_sha256/core/w_mem_inst/csa_tree_add_193_29_groupi/g2272/z (u)     in_1->z R     unmapped_nand2         1  5.5     0   108    4908    (-,-) 
  u_crypto_synth_top/u_top/u_sha256/core/w_mem_inst/csa_tree_add_193_29_groupi/g2268/z (u)     in_0->z F     unmapped_nand2         3 15.3     0   173    5080    (-,-) 
  u_crypto_synth_top/u_top/u_sha256/core/w_mem_inst/csa_tree_add_193_29_groupi/g2264/z (u)     in_1->z R     unmapped_nand2         1  5.5     0   108    5188    (-,-) 
  u_crypto_synth_top/u_top/u_sha256/core/w_mem_inst/csa_tree_add_193_29_groupi/g2263/z (u)     in_0->z F     unmapped_nand2         3 15.3     0   173    5361    (-,-) 
  u_crypto_synth_top/u_top/u_sha256/core/w_mem_inst/csa_tree_add_193_29_groupi/g2259/z (u)     in_1->z R     unmapped_nand2         1  5.5     0   108    5469    (-,-) 
  u_crypto_synth_top/u_top/u_sha256/core/w_mem_inst/csa_tree_add_193_29_groupi/g2258/z (u)     in_1->z F     unmapped_nand2         3 15.3     0   173    5642    (-,-) 
  u_crypto_synth_top/u_top/u_sha256/core/w_mem_inst/csa_tree_add_193_29_groupi/g2254/z (u)     in_1->z R     unmapped_nand2         1  5.5     0   108    5750    (-,-) 
  u_crypto_synth_top/u_top/u_sha256/core/w_mem_inst/csa_tree_add_193_29_groupi/g2253/z (u)     in_0->z F     unmapped_nand2         3 15.3     0   173    5923    (-,-) 
  u_crypto_synth_top/u_top/u_sha256/core/w_mem_inst/csa_tree_add_193_29_groupi/g2252/z (u)     in_1->z R     unmapped_nand2         1  5.5     0   108    6031    (-,-) 
  u_crypto_synth_top/u_top/u_sha256/core/w_mem_inst/csa_tree_add_193_29_groupi/g2248/z (u)     in_0->z F     unmapped_nand2         3 15.3     0   173    6203    (-,-) 
  u_crypto_synth_top/u_top/u_sha256/core/w_mem_inst/csa_tree_add_193_29_groupi/g2244/z (u)     in_1->z R     unmapped_nand2         1  5.5     0   108    6312    (-,-) 
  u_crypto_synth_top/u_top/u_sha256/core/w_mem_inst/csa_tree_add_193_29_groupi/g2243/z (u)     in_0->z F     unmapped_nand2         4 20.4     0   214    6525    (-,-) 
  u_crypto_synth_top/u_top/u_sha256/core/w_mem_inst/csa_tree_add_193_29_groupi/g2242/z (u)     in_1->z R     unmapped_nand2         1  5.5     0   108    6634    (-,-) 
  u_crypto_synth_top/u_top/u_sha256/core/w_mem_inst/csa_tree_add_193_29_groupi/g2237/z (u)     in_1->z F     unmapped_nand2         2 10.2     0   142    6776    (-,-) 
  u_crypto_synth_top/u_top/u_sha256/core/w_mem_inst/csa_tree_add_193_29_groupi/g2234/z (u)     in_0->z F     unmapped_or2           1  5.1     0   108    6884    (-,-) 
  u_crypto_synth_top/u_top/u_sha256/core/w_mem_inst/csa_tree_add_193_29_groupi/g2235/z (u)     in_1->z R     unmapped_nand2         2 11.0     0   142    7026    (-,-) 
  u_crypto_synth_top/u_top/u_sha256/core/w_mem_inst/g10384/z                           (u)     in_1->z F     unmapped_nand2         1  5.1     0   114    7140    (-,-) 
  u_crypto_synth_top/u_top/u_sha256/core/w_mem_inst/g9726/z                            (u)     in_0->z R     unmapped_nand2         1  5.5     0   114    7254    (-,-) 
  u_crypto_synth_top/u_top/u_sha256/core/w_mem_inst/g9496/z                            (u)     in_0->z R     unmapped_or2           1  5.5     0   114    7368    (-,-) 
  u_crypto_synth_top/u_top/u_sha256/core/w_mem_inst/g9436/z                            (u)     in_0->z R     unmapped_or2           1  5.5     0   114    7482    (-,-) 
  u_crypto_synth_top/u_top/u_sha256/core/w_mem_inst/g9368/z                            (u)     in_0->z R     unmapped_or2           1  5.5     0   114    7596    (-,-) 
  u_crypto_synth_top/u_top/u_sha256/core/w_mem_inst/g9345/z                            (u)     in_0->z R     unmapped_complex2      4 22.0     0   227    7823    (-,-) 
  u_crypto_synth_top/u_top/u_sha256/core/csa_tree_add_341_39_groupi/g3213/z            (u)     in_1->z F     unmapped_complex2      1  5.1     0   108    7931    (-,-) 
  u_crypto_synth_top/u_top/u_sha256/core/csa_tree_add_341_39_groupi/g3214/z            (u)     in_1->z R     unmapped_nand2         2 11.0     0   142    8073    (-,-) 
  u_crypto_synth_top/u_top/u_sha256/core/csa_tree_add_341_39_groupi/g3090/z            (u)     in_1->z R     unmapped_or2           3 16.5     0   173    8246    (-,-) 
  u_crypto_synth_top/u_top/u_sha256/core/csa_tree_add_341_39_groupi/g3073/z            (u)     in_1->z F     unmapped_complex2      1  5.1     0   108    8354    (-,-) 
  u_crypto_synth_top/u_top/u_sha256/core/csa_tree_add_341_39_groupi/g3070/z            (u)     in_0->z R     unmapped_nand2         1  5.5     0   108    8462    (-,-) 
  u_crypto_synth_top/u_top/u_sha256/core/csa_tree_add_341_39_groupi/g3003/z            (u)     in_1->z R     unmapped_complex2      3 16.5     0   173    8635    (-,-) 
  u_crypto_synth_top/u_top/u_sha256/core/csa_tree_add_341_39_groupi/g2995/z            (u)     in_1->z F     unmapped_nand2         1  5.1     0   108    8743    (-,-) 
  u_crypto_synth_top/u_top/u_sha256/core/csa_tree_add_341_39_groupi/g2994/z            (u)     in_1->z R     unmapped_nand2         3 16.5     0   173    8916    (-,-) 
  u_crypto_synth_top/u_top/u_sha256/core/csa_tree_add_341_39_groupi/g2993/z            (u)     in_0->z F     unmapped_nand2         1  5.1     0   108    9024    (-,-) 
  u_crypto_synth_top/u_top/u_sha256/core/csa_tree_add_341_39_groupi/g2989/z            (u)     in_0->z R     unmapped_nand2         3 16.5     0   173    9196    (-,-) 
  u_crypto_synth_top/u_top/u_sha256/core/csa_tree_add_341_39_groupi/g2985/z            (u)     in_1->z F     unmapped_nand2         1  5.1     0   108    9305    (-,-) 
  u_crypto_synth_top/u_top/u_sha256/core/csa_tree_add_341_39_groupi/g2984/z            (u)     in_1->z R     unmapped_nand2         3 16.5     0   173    9477    (-,-) 
  u_crypto_synth_top/u_top/u_sha256/core/csa_tree_add_341_39_groupi/g2983/z            (u)     in_1->z F     unmapped_nand2         1  5.1     0   108    9585    (-,-) 
  u_crypto_synth_top/u_top/u_sha256/core/csa_tree_add_341_39_groupi/g2979/z            (u)     in_0->z R     unmapped_nand2         3 16.5     0   173    9758    (-,-) 
  u_crypto_synth_top/u_top/u_sha256/core/csa_tree_add_341_39_groupi/g2978/z            (u)     in_1->z F     unmapped_nand2         1  5.1     0   108    9866    (-,-) 
  u_crypto_synth_top/u_top/u_sha256/core/csa_tree_add_341_39_groupi/g2974/z            (u)     in_0->z R     unmapped_nand2         3 16.5     0   173   10039    (-,-) 
  u_crypto_synth_top/u_top/u_sha256/core/csa_tree_add_341_39_groupi/g2970/z            (u)     in_1->z F     unmapped_nand2         1  5.1     0   108   10147    (-,-) 
  u_crypto_synth_top/u_top/u_sha256/core/csa_tree_add_341_39_groupi/g2969/z            (u)     in_0->z R     unmapped_nand2         4 22.0     0   214   10361    (-,-) 
  u_crypto_synth_top/u_top/u_sha256/core/csa_tree_add_341_39_groupi/g2964/z            (u)     in_1->z F     unmapped_nand2         1  5.1     0   108   10469    (-,-) 
  u_crypto_synth_top/u_top/u_sha256/core/csa_tree_add_341_39_groupi/g2963/z            (u)     in_1->z R     unmapped_nand2         2 11.0     0   142   10611    (-,-) 
  u_crypto_synth_top/u_top/u_sha256/core/csa_tree_add_341_39_groupi/g2957/z            (u)     in_0->z R     unmapped_or2           1  5.5     0   108   10719    (-,-) 
  u_crypto_synth_top/u_top/u_sha256/core/csa_tree_add_341_39_groupi/g2958/z            (u)     in_1->z F     unmapped_nand2         6 30.6     0   236   10955    (-,-) 
  u_crypto_synth_top/u_top/u_sha256/core/csa_tree_add_426_23_groupi/g2048/z            (u)     in_1->z R     unmapped_complex2      1  5.5     0   105   11061    (-,-) 
  u_crypto_synth_top/u_top/u_sha256/core/csa_tree_add_426_23_groupi/g2049/z            (u)     in_1->z F     unmapped_nand2         2 10.2     0   138   11199    (-,-) 
  u_crypto_synth_top/u_top/u_sha256/core/csa_tree_add_426_23_groupi/g1929/z            (u)     in_1->z F     unmapped_or2           3 15.3     0   168   11366    (-,-) 
  u_crypto_synth_top/u_top/u_sha256/core/csa_tree_add_426_23_groupi/g1862/z            (u)     in_1->z R     unmapped_complex2      1  5.5     0   105   11472    (-,-) 
  u_crypto_synth_top/u_top/u_sha256/core/csa_tree_add_426_23_groupi/g1849/z            (u)     in_0->z F     unmapped_nand2         1  5.1     0   105   11577    (-,-) 
  u_crypto_synth_top/u_top/u_sha256/core/csa_tree_add_426_23_groupi/g1718/z            (u)     in_1->z F     unmapped_complex2      3 15.3     0   168   11745    (-,-) 
  u_crypto_synth_top/u_top/u_sha256/core/csa_tree_add_426_23_groupi/g1710/z            (u)     in_1->z R     unmapped_nand2         1  5.5     0   105   11850    (-,-) 
  u_crypto_synth_top/u_top/u_sha256/core/csa_tree_add_426_23_groupi/g1709/z            (u)     in_1->z F     unmapped_nand2         3 15.3     0   168   12018    (-,-) 
  u_crypto_synth_top/u_top/u_sha256/core/csa_tree_add_426_23_groupi/g1708/z            (u)     in_0->z R     unmapped_nand2         1  5.5     0   105   12123    (-,-) 
  u_crypto_synth_top/u_top/u_sha256/core/csa_tree_add_426_23_groupi/g1704/z            (u)     in_0->z F     unmapped_nand2         3 15.3     0   168   12291    (-,-) 
  u_crypto_synth_top/u_top/u_sha256/core/csa_tree_add_426_23_groupi/g1700/z            (u)     in_1->z R     unmapped_nand2         1  5.5     0   105   12396    (-,-) 
  u_crypto_synth_top/u_top/u_sha256/core/csa_tree_add_426_23_groupi/g1699/z            (u)     in_1->z F     unmapped_nand2         3 15.3     0   168   12564    (-,-) 
  u_crypto_synth_top/u_top/u_sha256/core/csa_tree_add_426_23_groupi/g1696/z            (u)     in_0->z F     unmapped_or2           1  5.1     0   105   12669    (-,-) 
  u_crypto_synth_top/u_top/u_sha256/core/csa_tree_add_426_23_groupi/g1697/z            (u)     in_1->z R     unmapped_nand2         1  5.5     0   105   12774    (-,-) 
  u_crypto_synth_top/u_top/u_sha256/core/g16686/z                                      (u)     in_0->z F     unmapped_complex2      1  5.1     0   117   12891    (-,-) 
  u_crypto_synth_top/u_top/u_sha256/core/g15316/z                                      (u)     in_0->z R     unmapped_nand2         1  5.5     0   117   13008    (-,-) 
  u_crypto_synth_top/u_top/u_sha256/core/g14793/z                                      (u)     in_0->z R     unmapped_complex2      1  5.5     0   117   13125    (-,-) 
  u_crypto_synth_top/u_top/u_sha256/core/g14615/z                                      (u)     in_0->z R     unmapped_complex2      1  5.5     0   117   13242    (-,-) 
  u_crypto_synth_top/u_top/u_sha256/core/a_reg_reg[29]/d                               -       -       R     unmapped_d_flop        1    -     -     0   13242    (-,-) 
#-----------------------------------------------------------------------------------------------------------------------------------------------------------------------

(u) : Net has unmapped pin(s).



Path 5: MET (41898 ps) Setup Check with Pin u_crypto_synth_top/u_top/u_sha256/core/e_reg_reg[30]/clk->d
          Group: R2R
     Startpoint: (R) u_crypto_synth_top/u_top/u_sha256/core/w_mem_inst/w_mem_reg[14][19]/clk
          Clock: (R) MAIN_CLK
       Endpoint: (R) u_crypto_synth_top/u_top/u_sha256/core/e_reg_reg[30]/d
          Clock: (R) MAIN_CLK

                     Capture       Launch     
        Clock Edge:+   58000            0     
       Src Latency:+     150          250     
       Net Latency:+       0 (I)        0 (I) 
           Arrival:=   58150          250     
                                              
             Setup:-     122                  
       Uncertainty:-    1450                  
       Path Adjust:+   -1500                  
     Required Time:=   55078                  
      Launch Clock:-     250                  
         Data Path:-   12930                  
             Slack:=   41898                  

Exceptions/Constraints:
  path_adjust            -1500            PA_C2C 

#-----------------------------------------------------------------------------------------------------------------------------------------------------------------------
#                                    Timing Point                                      Flags    Arc    Edge       Cell         Fanout Load Trans Delay Arrival Instance 
#                                                                                                                                     (fF)  (ps)  (ps)   (ps)  Location 
#-----------------------------------------------------------------------------------------------------------------------------------------------------------------------
  u_crypto_synth_top/u_top/u_sha256/core/w_mem_inst/w_mem_reg[14][19]/clk              -       -       R     (arrival)          19892    -     0     0     250    (-,-) 
  u_crypto_synth_top/u_top/u_sha256/core/w_mem_inst/w_mem_reg[14][19]/q                (u)     clk->q  F     unmapped_d_flop        9 45.9     0   878    1128    (-,-) 
  u_crypto_synth_top/u_top/u_sha256/core/w_mem_inst/g7543/z                            (u)     in_1->z R     unmapped_complex2      1  5.5     0   114    1242    (-,-) 
  u_crypto_synth_top/u_top/u_sha256/core/w_mem_inst/g7544/z                            (u)     in_1->z F     unmapped_nand2         2 10.2     0   150    1393    (-,-) 
  u_crypto_synth_top/u_top/u_sha256/core/w_mem_inst/g7330/z                            (u)     in_0->z F     unmapped_complex2      1  5.1     0   114    1507    (-,-) 
  u_crypto_synth_top/u_top/u_sha256/core/w_mem_inst/g7331/z                            (u)     in_1->z R     unmapped_nand2         4 22.0     0   227    1734    (-,-) 
  u_crypto_synth_top/u_top/u_sha256/core/w_mem_inst/csa_tree_add_193_29_groupi/g1585/z (u)     in_1->z R     unmapped_or2           1  5.5     0   108    1842    (-,-) 
  u_crypto_synth_top/u_top/u_sha256/core/w_mem_inst/csa_tree_add_193_29_groupi/g2744/z (u)     in_0->z F     unmapped_nand2         1  5.1     0   108    1950    (-,-) 
  u_crypto_synth_top/u_top/u_sha256/core/w_mem_inst/csa_tree_add_193_29_groupi/g2630/z (u)     in_0->z R     unmapped_nand2         4 22.0     0   214    2164    (-,-) 
  u_crypto_synth_top/u_top/u_sha256/core/w_mem_inst/csa_tree_add_193_29_groupi/g1561/z (u)     in_0->z R     unmapped_or2           1  5.5     0   108    2272    (-,-) 
  u_crypto_synth_top/u_top/u_sha256/core/w_mem_inst/csa_tree_add_193_29_groupi/g2432/z (u)     in_0->z F     unmapped_nand2         1  5.1     0   108    2380    (-,-) 
  u_crypto_synth_top/u_top/u_sha256/core/w_mem_inst/csa_tree_add_193_29_groupi/g2402/z (u)     in_0->z R     unmapped_nand2         3 16.5     0   173    2553    (-,-) 
  u_crypto_synth_top/u_top/u_sha256/core/w_mem_inst/csa_tree_add_193_29_groupi/g2313/z (u)     in_1->z F     unmapped_nand2         1  5.1     0   108    2661    (-,-) 
  u_crypto_synth_top/u_top/u_sha256/core/w_mem_inst/csa_tree_add_193_29_groupi/g2309/z (u)     in_0->z R     unmapped_nand2         3 16.5     0   173    2834    (-,-) 
  u_crypto_synth_top/u_top/u_sha256/core/w_mem_inst/csa_tree_add_193_29_groupi/g2307/z (u)     in_1->z F     unmapped_nand2         1  5.1     0   108    2942    (-,-) 
  u_crypto_synth_top/u_top/u_sha256/core/w_mem_inst/csa_tree_add_193_29_groupi/g2303/z (u)     in_0->z R     unmapped_nand2         3 16.5     0   173    3115    (-,-) 
  u_crypto_synth_top/u_top/u_sha256/core/w_mem_inst/csa_tree_add_193_29_groupi/g2299/z (u)     in_1->z F     unmapped_nand2         1  5.1     0   108    3223    (-,-) 
  u_crypto_synth_top/u_top/u_sha256/core/w_mem_inst/csa_tree_add_193_29_groupi/g2298/z (u)     in_0->z R     unmapped_nand2         3 16.5     0   173    3395    (-,-) 
  u_crypto_synth_top/u_top/u_sha256/core/w_mem_inst/csa_tree_add_193_29_groupi/g2294/z (u)     in_1->z F     unmapped_nand2         1  5.1     0   108    3504    (-,-) 
  u_crypto_synth_top/u_top/u_sha256/core/w_mem_inst/csa_tree_add_193_29_groupi/g2293/z (u)     in_0->z R     unmapped_nand2         3 16.5     0   173    3676    (-,-) 
  u_crypto_synth_top/u_top/u_sha256/core/w_mem_inst/csa_tree_add_193_29_groupi/g2289/z (u)     in_1->z F     unmapped_nand2         1  5.1     0   108    3784    (-,-) 
  u_crypto_synth_top/u_top/u_sha256/core/w_mem_inst/csa_tree_add_193_29_groupi/g2288/z (u)     in_0->z R     unmapped_nand2         3 16.5     0   173    3957    (-,-) 
  u_crypto_synth_top/u_top/u_sha256/core/w_mem_inst/csa_tree_add_193_29_groupi/g2284/z (u)     in_1->z F     unmapped_nand2         1  5.1     0   108    4065    (-,-) 
  u_crypto_synth_top/u_top/u_sha256/core/w_mem_inst/csa_tree_add_193_29_groupi/g2283/z (u)     in_0->z R     unmapped_nand2         3 16.5     0   173    4238    (-,-) 
  u_crypto_synth_top/u_top/u_sha256/core/w_mem_inst/csa_tree_add_193_29_groupi/g2282/z (u)     in_1->z F     unmapped_nand2         1  5.1     0   108    4346    (-,-) 
  u_crypto_synth_top/u_top/u_sha256/core/w_mem_inst/csa_tree_add_193_29_groupi/g2278/z (u)     in_1->z R     unmapped_nand2         3 16.5     0   173    4519    (-,-) 
  u_crypto_synth_top/u_top/u_sha256/core/w_mem_inst/csa_tree_add_193_29_groupi/g2277/z (u)     in_1->z F     unmapped_nand2         1  5.1     0   108    4627    (-,-) 
  u_crypto_synth_top/u_top/u_sha256/core/w_mem_inst/csa_tree_add_193_29_groupi/g2273/z (u)     in_0->z R     unmapped_nand2         3 16.5     0   173    4799    (-,-) 
  u_crypto_synth_top/u_top/u_sha256/core/w_mem_inst/csa_tree_add_193_29_groupi/g2272/z (u)     in_1->z F     unmapped_nand2         1  5.1     0   108    4908    (-,-) 
  u_crypto_synth_top/u_top/u_sha256/core/w_mem_inst/csa_tree_add_193_29_groupi/g2268/z (u)     in_0->z R     unmapped_nand2         3 16.5     0   173    5080    (-,-) 
  u_crypto_synth_top/u_top/u_sha256/core/w_mem_inst/csa_tree_add_193_29_groupi/g2264/z (u)     in_1->z F     unmapped_nand2         1  5.1     0   108    5188    (-,-) 
  u_crypto_synth_top/u_top/u_sha256/core/w_mem_inst/csa_tree_add_193_29_groupi/g2263/z (u)     in_0->z R     unmapped_nand2         3 16.5     0   173    5361    (-,-) 
  u_crypto_synth_top/u_top/u_sha256/core/w_mem_inst/csa_tree_add_193_29_groupi/g2259/z (u)     in_1->z F     unmapped_nand2         1  5.1     0   108    5469    (-,-) 
  u_crypto_synth_top/u_top/u_sha256/core/w_mem_inst/csa_tree_add_193_29_groupi/g2258/z (u)     in_1->z R     unmapped_nand2         3 16.5     0   173    5642    (-,-) 
  u_crypto_synth_top/u_top/u_sha256/core/w_mem_inst/csa_tree_add_193_29_groupi/g2254/z (u)     in_1->z F     unmapped_nand2         1  5.1     0   108    5750    (-,-) 
  u_crypto_synth_top/u_top/u_sha256/core/w_mem_inst/csa_tree_add_193_29_groupi/g2253/z (u)     in_0->z R     unmapped_nand2         3 16.5     0   173    5923    (-,-) 
  u_crypto_synth_top/u_top/u_sha256/core/w_mem_inst/csa_tree_add_193_29_groupi/g2252/z (u)     in_1->z F     unmapped_nand2         1  5.1     0   108    6031    (-,-) 
  u_crypto_synth_top/u_top/u_sha256/core/w_mem_inst/csa_tree_add_193_29_groupi/g2248/z (u)     in_0->z R     unmapped_nand2         3 16.5     0   173    6203    (-,-) 
  u_crypto_synth_top/u_top/u_sha256/core/w_mem_inst/csa_tree_add_193_29_groupi/g2244/z (u)     in_1->z F     unmapped_nand2         1  5.1     0   108    6312    (-,-) 
  u_crypto_synth_top/u_top/u_sha256/core/w_mem_inst/csa_tree_add_193_29_groupi/g2243/z (u)     in_0->z R     unmapped_nand2         4 22.0     0   214    6525    (-,-) 
  u_crypto_synth_top/u_top/u_sha256/core/w_mem_inst/csa_tree_add_193_29_groupi/g2242/z (u)     in_1->z F     unmapped_nand2         1  5.1     0   108    6634    (-,-) 
  u_crypto_synth_top/u_top/u_sha256/core/w_mem_inst/csa_tree_add_193_29_groupi/g2237/z (u)     in_1->z R     unmapped_nand2         2 11.0     0   142    6776    (-,-) 
  u_crypto_synth_top/u_top/u_sha256/core/w_mem_inst/csa_tree_add_193_29_groupi/g2234/z (u)     in_0->z R     unmapped_or2           1  5.5     0   108    6884    (-,-) 
  u_crypto_synth_top/u_top/u_sha256/core/w_mem_inst/csa_tree_add_193_29_groupi/g2235/z (u)     in_1->z F     unmapped_nand2         2 10.2     0   142    7026    (-,-) 
  u_crypto_synth_top/u_top/u_sha256/core/w_mem_inst/g10384/z                           (u)     in_1->z R     unmapped_nand2         1  5.5     0   114    7140    (-,-) 
  u_crypto_synth_top/u_top/u_sha256/core/w_mem_inst/g9726/z                            (u)     in_0->z F     unmapped_nand2         1  5.1     0   114    7254    (-,-) 
  u_crypto_synth_top/u_top/u_sha256/core/w_mem_inst/g9496/z                            (u)     in_0->z F     unmapped_or2           1  5.1     0   114    7368    (-,-) 
  u_crypto_synth_top/u_top/u_sha256/core/w_mem_inst/g9436/z                            (u)     in_0->z F     unmapped_or2           1  5.1     0   114    7482    (-,-) 
  u_crypto_synth_top/u_top/u_sha256/core/w_mem_inst/g9368/z                            (u)     in_0->z F     unmapped_or2           1  5.1     0   114    7596    (-,-) 
  u_crypto_synth_top/u_top/u_sha256/core/w_mem_inst/g9345/z                            (u)     in_0->z F     unmapped_complex2      4 20.4     0   227    7823    (-,-) 
  u_crypto_synth_top/u_top/u_sha256/core/csa_tree_add_341_39_groupi/g3213/z            (u)     in_1->z R     unmapped_complex2      1  5.5     0   108    7931    (-,-) 
  u_crypto_synth_top/u_top/u_sha256/core/csa_tree_add_341_39_groupi/g3214/z            (u)     in_1->z F     unmapped_nand2         2 10.2     0   142    8073    (-,-) 
  u_crypto_synth_top/u_top/u_sha256/core/csa_tree_add_341_39_groupi/g3090/z            (u)     in_1->z F     unmapped_or2           3 15.3     0   173    8246    (-,-) 
  u_crypto_synth_top/u_top/u_sha256/core/csa_tree_add_341_39_groupi/g3074/z            (u)     in_0->z R     unmapped_nand2         2 11.0     0   142    8388    (-,-) 
  u_crypto_synth_top/u_top/u_sha256/core/csa_tree_add_341_39_groupi/g3000/z            (u)     in_1->z R     unmapped_or2           1  5.5     0   108    8496    (-,-) 
  u_crypto_synth_top/u_top/u_sha256/core/csa_tree_add_341_39_groupi/g3001/z            (u)     in_1->z F     unmapped_nand2         6 30.6     0   236    8732    (-,-) 
  u_crypto_synth_top/u_top/u_sha256/core/add_430_26/g1640/z                            (u)     in_1->z F     unmapped_or2           3 15.3     0   165    8897    (-,-) 
  u_crypto_synth_top/u_top/u_sha256/core/add_430_26/g1553/z                            (u)     in_1->z R     unmapped_complex2      1  5.5     0   104    9002    (-,-) 
  u_crypto_synth_top/u_top/u_sha256/core/add_430_26/g1545/z                            (u)     in_0->z F     unmapped_nand2         1  5.1     0   104    9106    (-,-) 
  u_crypto_synth_top/u_top/u_sha256/core/add_430_26/g1468/z                            (u)     in_1->z F     unmapped_complex2      3 15.3     0   165    9271    (-,-) 
  u_crypto_synth_top/u_top/u_sha256/core/add_430_26/g1467/z                            (u)     in_1->z R     unmapped_nand2         1  5.5     0   104    9375    (-,-) 
  u_crypto_synth_top/u_top/u_sha256/core/add_430_26/g1460/z                            (u)     in_1->z F     unmapped_nand2         3 15.3     0   165    9540    (-,-) 
  u_crypto_synth_top/u_top/u_sha256/core/add_430_26/g1459/z                            (u)     in_0->z R     unmapped_nand2         1  5.5     0   104    9645    (-,-) 
  u_crypto_synth_top/u_top/u_sha256/core/add_430_26/g1455/z                            (u)     in_0->z F     unmapped_nand2         3 15.3     0   165    9810    (-,-) 
  u_crypto_synth_top/u_top/u_sha256/core/add_430_26/g1454/z                            (u)     in_1->z R     unmapped_nand2         1  5.5     0   104    9914    (-,-) 
  u_crypto_synth_top/u_top/u_sha256/core/add_430_26/g1450/z                            (u)     in_1->z F     unmapped_nand2         3 15.3     0   165   10079    (-,-) 
  u_crypto_synth_top/u_top/u_sha256/core/add_430_26/g1446/z                            (u)     in_1->z R     unmapped_nand2         1  5.5     0   104   10183    (-,-) 
  u_crypto_synth_top/u_top/u_sha256/core/add_430_26/g1445/z                            (u)     in_0->z F     unmapped_nand2         3 15.3     0   165   10349    (-,-) 
  u_crypto_synth_top/u_top/u_sha256/core/add_430_26/g1441/z                            (u)     in_1->z R     unmapped_nand2         1  5.5     0   104   10453    (-,-) 
  u_crypto_synth_top/u_top/u_sha256/core/add_430_26/g1440/z                            (u)     in_0->z F     unmapped_nand2         3 15.3     0   165   10618    (-,-) 
  u_crypto_synth_top/u_top/u_sha256/core/add_430_26/g1436/z                            (u)     in_1->z R     unmapped_nand2         1  5.5     0   104   10722    (-,-) 
  u_crypto_synth_top/u_top/u_sha256/core/add_430_26/g1435/z                            (u)     in_0->z F     unmapped_nand2         3 15.3     0   165   10887    (-,-) 
  u_crypto_synth_top/u_top/u_sha256/core/add_430_26/g1434/z                            (u)     in_1->z R     unmapped_nand2         1  5.5     0   104   10992    (-,-) 
  u_crypto_synth_top/u_top/u_sha256/core/add_430_26/g1430/z                            (u)     in_1->z F     unmapped_nand2         3 15.3     0   165   11157    (-,-) 
  u_crypto_synth_top/u_top/u_sha256/core/add_430_26/g1429/z                            (u)     in_0->z R     unmapped_nand2         1  5.5     0   104   11261    (-,-) 
  u_crypto_synth_top/u_top/u_sha256/core/add_430_26/g1425/z                            (u)     in_1->z F     unmapped_nand2         3 15.3     0   165   11426    (-,-) 
  u_crypto_synth_top/u_top/u_sha256/core/add_430_26/g1421/z                            (u)     in_1->z R     unmapped_nand2         1  5.5     0   104   11530    (-,-) 
  u_crypto_synth_top/u_top/u_sha256/core/add_430_26/g1420/z                            (u)     in_1->z F     unmapped_nand2         3 15.3     0   165   11696    (-,-) 
  u_crypto_synth_top/u_top/u_sha256/core/add_430_26/g1419/z                            (u)     in_0->z R     unmapped_nand2         1  5.5     0   104   11800    (-,-) 
  u_crypto_synth_top/u_top/u_sha256/core/add_430_26/g1415/z                            (u)     in_1->z F     unmapped_nand2         3 15.3     0   165   11965    (-,-) 
  u_crypto_synth_top/u_top/u_sha256/core/add_430_26/g1411/z                            (u)     in_1->z R     unmapped_nand2         1  5.5     0   104   12069    (-,-) 
  u_crypto_synth_top/u_top/u_sha256/core/add_430_26/g1410/z                            (u)     in_1->z F     unmapped_nand2         3 15.3     0   165   12234    (-,-) 
  u_crypto_synth_top/u_top/u_sha256/core/add_430_26/g1409/z                            (u)     in_1->z R     unmapped_nand2         1  5.5     0   104   12339    (-,-) 
  u_crypto_synth_top/u_top/u_sha256/core/add_430_26/g1405/z                            (u)     in_1->z F     unmapped_nand2         3 15.3     0   165   12504    (-,-) 
  u_crypto_synth_top/u_top/u_sha256/core/add_430_26/g1403/z                            (u)     in_0->z F     unmapped_or2           1  5.1     0   104   12608    (-,-) 
  u_crypto_synth_top/u_top/u_sha256/core/add_430_26/g1404/z                            (u)     in_1->z R     unmapped_nand2         1  5.5     0   104   12712    (-,-) 
  u_crypto_synth_top/u_top/u_sha256/core/g16724/z                                      (u)     in_0->z F     unmapped_complex2      1  5.1     0   117   12829    (-,-) 
  u_crypto_synth_top/u_top/u_sha256/core/g15204/z                                      (u)     in_1->z R     unmapped_nand2         1  5.5     0   117   12946    (-,-) 
  u_crypto_synth_top/u_top/u_sha256/core/g14858/z                                      (u)     in_0->z R     unmapped_complex2      1  5.5     0   117   13063    (-,-) 
  u_crypto_synth_top/u_top/u_sha256/core/g14726/z                                      (u)     in_1->z R     unmapped_complex2      1  5.5     0   117   13180    (-,-) 
  u_crypto_synth_top/u_top/u_sha256/core/e_reg_reg[30]/d                               -       -       R     unmapped_d_flop        1    -     -     0   13180    (-,-) 
#-----------------------------------------------------------------------------------------------------------------------------------------------------------------------

(u) : Net has unmapped pin(s).



Path 6: MET (42167 ps) Setup Check with Pin u_crypto_synth_top/u_top/u_sha256/core/e_reg_reg[29]/clk->d
          Group: R2R
     Startpoint: (R) u_crypto_synth_top/u_top/u_sha256/core/w_mem_inst/w_mem_reg[14][19]/clk
          Clock: (R) MAIN_CLK
       Endpoint: (R) u_crypto_synth_top/u_top/u_sha256/core/e_reg_reg[29]/d
          Clock: (R) MAIN_CLK

                     Capture       Launch     
        Clock Edge:+   58000            0     
       Src Latency:+     150          250     
       Net Latency:+       0 (I)        0 (I) 
           Arrival:=   58150          250     
                                              
             Setup:-     122                  
       Uncertainty:-    1450                  
       Path Adjust:+   -1500                  
     Required Time:=   55078                  
      Launch Clock:-     250                  
         Data Path:-   12660                  
             Slack:=   42167                  

Exceptions/Constraints:
  path_adjust            -1500            PA_C2C 

#-----------------------------------------------------------------------------------------------------------------------------------------------------------------------
#                                    Timing Point                                      Flags    Arc    Edge       Cell         Fanout Load Trans Delay Arrival Instance 
#                                                                                                                                     (fF)  (ps)  (ps)   (ps)  Location 
#-----------------------------------------------------------------------------------------------------------------------------------------------------------------------
  u_crypto_synth_top/u_top/u_sha256/core/w_mem_inst/w_mem_reg[14][19]/clk              -       -       R     (arrival)          19892    -     0     0     250    (-,-) 
  u_crypto_synth_top/u_top/u_sha256/core/w_mem_inst/w_mem_reg[14][19]/q                (u)     clk->q  F     unmapped_d_flop        9 45.9     0   878    1128    (-,-) 
  u_crypto_synth_top/u_top/u_sha256/core/w_mem_inst/g7543/z                            (u)     in_1->z R     unmapped_complex2      1  5.5     0   114    1242    (-,-) 
  u_crypto_synth_top/u_top/u_sha256/core/w_mem_inst/g7544/z                            (u)     in_1->z F     unmapped_nand2         2 10.2     0   150    1393    (-,-) 
  u_crypto_synth_top/u_top/u_sha256/core/w_mem_inst/g7330/z                            (u)     in_0->z F     unmapped_complex2      1  5.1     0   114    1507    (-,-) 
  u_crypto_synth_top/u_top/u_sha256/core/w_mem_inst/g7331/z                            (u)     in_1->z R     unmapped_nand2         4 22.0     0   227    1734    (-,-) 
  u_crypto_synth_top/u_top/u_sha256/core/w_mem_inst/csa_tree_add_193_29_groupi/g1585/z (u)     in_1->z R     unmapped_or2           1  5.5     0   108    1842    (-,-) 
  u_crypto_synth_top/u_top/u_sha256/core/w_mem_inst/csa_tree_add_193_29_groupi/g2744/z (u)     in_0->z F     unmapped_nand2         1  5.1     0   108    1950    (-,-) 
  u_crypto_synth_top/u_top/u_sha256/core/w_mem_inst/csa_tree_add_193_29_groupi/g2630/z (u)     in_0->z R     unmapped_nand2         4 22.0     0   214    2164    (-,-) 
  u_crypto_synth_top/u_top/u_sha256/core/w_mem_inst/csa_tree_add_193_29_groupi/g1561/z (u)     in_0->z R     unmapped_or2           1  5.5     0   108    2272    (-,-) 
  u_crypto_synth_top/u_top/u_sha256/core/w_mem_inst/csa_tree_add_193_29_groupi/g2432/z (u)     in_0->z F     unmapped_nand2         1  5.1     0   108    2380    (-,-) 
  u_crypto_synth_top/u_top/u_sha256/core/w_mem_inst/csa_tree_add_193_29_groupi/g2402/z (u)     in_0->z R     unmapped_nand2         3 16.5     0   173    2553    (-,-) 
  u_crypto_synth_top/u_top/u_sha256/core/w_mem_inst/csa_tree_add_193_29_groupi/g2313/z (u)     in_1->z F     unmapped_nand2         1  5.1     0   108    2661    (-,-) 
  u_crypto_synth_top/u_top/u_sha256/core/w_mem_inst/csa_tree_add_193_29_groupi/g2309/z (u)     in_0->z R     unmapped_nand2         3 16.5     0   173    2834    (-,-) 
  u_crypto_synth_top/u_top/u_sha256/core/w_mem_inst/csa_tree_add_193_29_groupi/g2307/z (u)     in_1->z F     unmapped_nand2         1  5.1     0   108    2942    (-,-) 
  u_crypto_synth_top/u_top/u_sha256/core/w_mem_inst/csa_tree_add_193_29_groupi/g2303/z (u)     in_0->z R     unmapped_nand2         3 16.5     0   173    3115    (-,-) 
  u_crypto_synth_top/u_top/u_sha256/core/w_mem_inst/csa_tree_add_193_29_groupi/g2299/z (u)     in_1->z F     unmapped_nand2         1  5.1     0   108    3223    (-,-) 
  u_crypto_synth_top/u_top/u_sha256/core/w_mem_inst/csa_tree_add_193_29_groupi/g2298/z (u)     in_0->z R     unmapped_nand2         3 16.5     0   173    3395    (-,-) 
  u_crypto_synth_top/u_top/u_sha256/core/w_mem_inst/csa_tree_add_193_29_groupi/g2294/z (u)     in_1->z F     unmapped_nand2         1  5.1     0   108    3504    (-,-) 
  u_crypto_synth_top/u_top/u_sha256/core/w_mem_inst/csa_tree_add_193_29_groupi/g2293/z (u)     in_0->z R     unmapped_nand2         3 16.5     0   173    3676    (-,-) 
  u_crypto_synth_top/u_top/u_sha256/core/w_mem_inst/csa_tree_add_193_29_groupi/g2289/z (u)     in_1->z F     unmapped_nand2         1  5.1     0   108    3784    (-,-) 
  u_crypto_synth_top/u_top/u_sha256/core/w_mem_inst/csa_tree_add_193_29_groupi/g2288/z (u)     in_0->z R     unmapped_nand2         3 16.5     0   173    3957    (-,-) 
  u_crypto_synth_top/u_top/u_sha256/core/w_mem_inst/csa_tree_add_193_29_groupi/g2284/z (u)     in_1->z F     unmapped_nand2         1  5.1     0   108    4065    (-,-) 
  u_crypto_synth_top/u_top/u_sha256/core/w_mem_inst/csa_tree_add_193_29_groupi/g2283/z (u)     in_0->z R     unmapped_nand2         3 16.5     0   173    4238    (-,-) 
  u_crypto_synth_top/u_top/u_sha256/core/w_mem_inst/csa_tree_add_193_29_groupi/g2282/z (u)     in_1->z F     unmapped_nand2         1  5.1     0   108    4346    (-,-) 
  u_crypto_synth_top/u_top/u_sha256/core/w_mem_inst/csa_tree_add_193_29_groupi/g2278/z (u)     in_1->z R     unmapped_nand2         3 16.5     0   173    4519    (-,-) 
  u_crypto_synth_top/u_top/u_sha256/core/w_mem_inst/csa_tree_add_193_29_groupi/g2277/z (u)     in_1->z F     unmapped_nand2         1  5.1     0   108    4627    (-,-) 
  u_crypto_synth_top/u_top/u_sha256/core/w_mem_inst/csa_tree_add_193_29_groupi/g2273/z (u)     in_0->z R     unmapped_nand2         3 16.5     0   173    4799    (-,-) 
  u_crypto_synth_top/u_top/u_sha256/core/w_mem_inst/csa_tree_add_193_29_groupi/g2272/z (u)     in_1->z F     unmapped_nand2         1  5.1     0   108    4908    (-,-) 
  u_crypto_synth_top/u_top/u_sha256/core/w_mem_inst/csa_tree_add_193_29_groupi/g2268/z (u)     in_0->z R     unmapped_nand2         3 16.5     0   173    5080    (-,-) 
  u_crypto_synth_top/u_top/u_sha256/core/w_mem_inst/csa_tree_add_193_29_groupi/g2264/z (u)     in_1->z F     unmapped_nand2         1  5.1     0   108    5188    (-,-) 
  u_crypto_synth_top/u_top/u_sha256/core/w_mem_inst/csa_tree_add_193_29_groupi/g2263/z (u)     in_0->z R     unmapped_nand2         3 16.5     0   173    5361    (-,-) 
  u_crypto_synth_top/u_top/u_sha256/core/w_mem_inst/csa_tree_add_193_29_groupi/g2259/z (u)     in_1->z F     unmapped_nand2         1  5.1     0   108    5469    (-,-) 
  u_crypto_synth_top/u_top/u_sha256/core/w_mem_inst/csa_tree_add_193_29_groupi/g2258/z (u)     in_1->z R     unmapped_nand2         3 16.5     0   173    5642    (-,-) 
  u_crypto_synth_top/u_top/u_sha256/core/w_mem_inst/csa_tree_add_193_29_groupi/g2254/z (u)     in_1->z F     unmapped_nand2         1  5.1     0   108    5750    (-,-) 
  u_crypto_synth_top/u_top/u_sha256/core/w_mem_inst/csa_tree_add_193_29_groupi/g2253/z (u)     in_0->z R     unmapped_nand2         3 16.5     0   173    5923    (-,-) 
  u_crypto_synth_top/u_top/u_sha256/core/w_mem_inst/csa_tree_add_193_29_groupi/g2252/z (u)     in_1->z F     unmapped_nand2         1  5.1     0   108    6031    (-,-) 
  u_crypto_synth_top/u_top/u_sha256/core/w_mem_inst/csa_tree_add_193_29_groupi/g2248/z (u)     in_0->z R     unmapped_nand2         3 16.5     0   173    6203    (-,-) 
  u_crypto_synth_top/u_top/u_sha256/core/w_mem_inst/csa_tree_add_193_29_groupi/g2244/z (u)     in_1->z F     unmapped_nand2         1  5.1     0   108    6312    (-,-) 
  u_crypto_synth_top/u_top/u_sha256/core/w_mem_inst/csa_tree_add_193_29_groupi/g2243/z (u)     in_0->z R     unmapped_nand2         4 22.0     0   214    6525    (-,-) 
  u_crypto_synth_top/u_top/u_sha256/core/w_mem_inst/csa_tree_add_193_29_groupi/g2242/z (u)     in_1->z F     unmapped_nand2         1  5.1     0   108    6634    (-,-) 
  u_crypto_synth_top/u_top/u_sha256/core/w_mem_inst/csa_tree_add_193_29_groupi/g2237/z (u)     in_1->z R     unmapped_nand2         2 11.0     0   142    6776    (-,-) 
  u_crypto_synth_top/u_top/u_sha256/core/w_mem_inst/csa_tree_add_193_29_groupi/g2234/z (u)     in_0->z R     unmapped_or2           1  5.5     0   108    6884    (-,-) 
  u_crypto_synth_top/u_top/u_sha256/core/w_mem_inst/csa_tree_add_193_29_groupi/g2235/z (u)     in_1->z F     unmapped_nand2         2 10.2     0   142    7026    (-,-) 
  u_crypto_synth_top/u_top/u_sha256/core/w_mem_inst/g10384/z                           (u)     in_1->z R     unmapped_nand2         1  5.5     0   114    7140    (-,-) 
  u_crypto_synth_top/u_top/u_sha256/core/w_mem_inst/g9726/z                            (u)     in_0->z F     unmapped_nand2         1  5.1     0   114    7254    (-,-) 
  u_crypto_synth_top/u_top/u_sha256/core/w_mem_inst/g9496/z                            (u)     in_0->z F     unmapped_or2           1  5.1     0   114    7368    (-,-) 
  u_crypto_synth_top/u_top/u_sha256/core/w_mem_inst/g9436/z                            (u)     in_0->z F     unmapped_or2           1  5.1     0   114    7482    (-,-) 
  u_crypto_synth_top/u_top/u_sha256/core/w_mem_inst/g9368/z                            (u)     in_0->z F     unmapped_or2           1  5.1     0   114    7596    (-,-) 
  u_crypto_synth_top/u_top/u_sha256/core/w_mem_inst/g9345/z                            (u)     in_0->z F     unmapped_complex2      4 20.4     0   227    7823    (-,-) 
  u_crypto_synth_top/u_top/u_sha256/core/csa_tree_add_341_39_groupi/g3213/z            (u)     in_1->z R     unmapped_complex2      1  5.5     0   108    7931    (-,-) 
  u_crypto_synth_top/u_top/u_sha256/core/csa_tree_add_341_39_groupi/g3214/z            (u)     in_1->z F     unmapped_nand2         2 10.2     0   142    8073    (-,-) 
  u_crypto_synth_top/u_top/u_sha256/core/csa_tree_add_341_39_groupi/g3090/z            (u)     in_1->z F     unmapped_or2           3 15.3     0   173    8246    (-,-) 
  u_crypto_synth_top/u_top/u_sha256/core/csa_tree_add_341_39_groupi/g3074/z            (u)     in_0->z R     unmapped_nand2         2 11.0     0   142    8388    (-,-) 
  u_crypto_synth_top/u_top/u_sha256/core/csa_tree_add_341_39_groupi/g3000/z            (u)     in_1->z R     unmapped_or2           1  5.5     0   108    8496    (-,-) 
  u_crypto_synth_top/u_top/u_sha256/core/csa_tree_add_341_39_groupi/g3001/z            (u)     in_1->z F     unmapped_nand2         6 30.6     0   236    8732    (-,-) 
  u_crypto_synth_top/u_top/u_sha256/core/add_430_26/g1640/z                            (u)     in_1->z F     unmapped_or2           3 15.3     0   165    8897    (-,-) 
  u_crypto_synth_top/u_top/u_sha256/core/add_430_26/g1553/z                            (u)     in_1->z R     unmapped_complex2      1  5.5     0   104    9002    (-,-) 
  u_crypto_synth_top/u_top/u_sha256/core/add_430_26/g1545/z                            (u)     in_0->z F     unmapped_nand2         1  5.1     0   104    9106    (-,-) 
  u_crypto_synth_top/u_top/u_sha256/core/add_430_26/g1468/z                            (u)     in_1->z F     unmapped_complex2      3 15.3     0   165    9271    (-,-) 
  u_crypto_synth_top/u_top/u_sha256/core/add_430_26/g1467/z                            (u)     in_1->z R     unmapped_nand2         1  5.5     0   104    9375    (-,-) 
  u_crypto_synth_top/u_top/u_sha256/core/add_430_26/g1460/z                            (u)     in_1->z F     unmapped_nand2         3 15.3     0   165    9540    (-,-) 
  u_crypto_synth_top/u_top/u_sha256/core/add_430_26/g1459/z                            (u)     in_0->z R     unmapped_nand2         1  5.5     0   104    9645    (-,-) 
  u_crypto_synth_top/u_top/u_sha256/core/add_430_26/g1455/z                            (u)     in_0->z F     unmapped_nand2         3 15.3     0   165    9810    (-,-) 
  u_crypto_synth_top/u_top/u_sha256/core/add_430_26/g1454/z                            (u)     in_1->z R     unmapped_nand2         1  5.5     0   104    9914    (-,-) 
  u_crypto_synth_top/u_top/u_sha256/core/add_430_26/g1450/z                            (u)     in_1->z F     unmapped_nand2         3 15.3     0   165   10079    (-,-) 
  u_crypto_synth_top/u_top/u_sha256/core/add_430_26/g1446/z                            (u)     in_1->z R     unmapped_nand2         1  5.5     0   104   10183    (-,-) 
  u_crypto_synth_top/u_top/u_sha256/core/add_430_26/g1445/z                            (u)     in_0->z F     unmapped_nand2         3 15.3     0   165   10349    (-,-) 
  u_crypto_synth_top/u_top/u_sha256/core/add_430_26/g1441/z                            (u)     in_1->z R     unmapped_nand2         1  5.5     0   104   10453    (-,-) 
  u_crypto_synth_top/u_top/u_sha256/core/add_430_26/g1440/z                            (u)     in_0->z F     unmapped_nand2         3 15.3     0   165   10618    (-,-) 
  u_crypto_synth_top/u_top/u_sha256/core/add_430_26/g1436/z                            (u)     in_1->z R     unmapped_nand2         1  5.5     0   104   10722    (-,-) 
  u_crypto_synth_top/u_top/u_sha256/core/add_430_26/g1435/z                            (u)     in_0->z F     unmapped_nand2         3 15.3     0   165   10887    (-,-) 
  u_crypto_synth_top/u_top/u_sha256/core/add_430_26/g1434/z                            (u)     in_1->z R     unmapped_nand2         1  5.5     0   104   10992    (-,-) 
  u_crypto_synth_top/u_top/u_sha256/core/add_430_26/g1430/z                            (u)     in_1->z F     unmapped_nand2         3 15.3     0   165   11157    (-,-) 
  u_crypto_synth_top/u_top/u_sha256/core/add_430_26/g1429/z                            (u)     in_0->z R     unmapped_nand2         1  5.5     0   104   11261    (-,-) 
  u_crypto_synth_top/u_top/u_sha256/core/add_430_26/g1425/z                            (u)     in_1->z F     unmapped_nand2         3 15.3     0   165   11426    (-,-) 
  u_crypto_synth_top/u_top/u_sha256/core/add_430_26/g1421/z                            (u)     in_1->z R     unmapped_nand2         1  5.5     0   104   11530    (-,-) 
  u_crypto_synth_top/u_top/u_sha256/core/add_430_26/g1420/z                            (u)     in_1->z F     unmapped_nand2         3 15.3     0   165   11696    (-,-) 
  u_crypto_synth_top/u_top/u_sha256/core/add_430_26/g1419/z                            (u)     in_0->z R     unmapped_nand2         1  5.5     0   104   11800    (-,-) 
  u_crypto_synth_top/u_top/u_sha256/core/add_430_26/g1415/z                            (u)     in_1->z F     unmapped_nand2         3 15.3     0   165   11965    (-,-) 
  u_crypto_synth_top/u_top/u_sha256/core/add_430_26/g1411/z                            (u)     in_1->z R     unmapped_nand2         1  5.5     0   104   12069    (-,-) 
  u_crypto_synth_top/u_top/u_sha256/core/add_430_26/g1410/z                            (u)     in_1->z F     unmapped_nand2         3 15.3     0   165   12234    (-,-) 
  u_crypto_synth_top/u_top/u_sha256/core/add_430_26/g1407/z                            (u)     in_0->z F     unmapped_or2           1  5.1     0   104   12339    (-,-) 
  u_crypto_synth_top/u_top/u_sha256/core/add_430_26/g1408/z                            (u)     in_1->z R     unmapped_nand2         1  5.5     0   104   12443    (-,-) 
  u_crypto_synth_top/u_top/u_sha256/core/g16884/z                                      (u)     in_0->z F     unmapped_complex2      1  5.1     0   117   12560    (-,-) 
  u_crypto_synth_top/u_top/u_sha256/core/g15187/z                                      (u)     in_0->z R     unmapped_nand2         1  5.5     0   117   12677    (-,-) 
  u_crypto_synth_top/u_top/u_sha256/core/g14876/z                                      (u)     in_0->z R     unmapped_complex2      1  5.5     0   117   12794    (-,-) 
  u_crypto_synth_top/u_top/u_sha256/core/g14763/z                                      (u)     in_0->z R     unmapped_complex2      1  5.5     0   117   12910    (-,-) 
  u_crypto_synth_top/u_top/u_sha256/core/e_reg_reg[29]/d                               -       -       R     unmapped_d_flop        1    -     -     0   12910    (-,-) 
#-----------------------------------------------------------------------------------------------------------------------------------------------------------------------

(u) : Net has unmapped pin(s).



Path 7: MET (42342 ps) Setup Check with Pin u_crypto_synth_top/u_top/u_sha256/core/a_reg_reg[28]/clk->d
          Group: R2R
     Startpoint: (R) u_crypto_synth_top/u_top/u_sha256/core/w_mem_inst/w_mem_reg[14][19]/clk
          Clock: (R) MAIN_CLK
       Endpoint: (R) u_crypto_synth_top/u_top/u_sha256/core/a_reg_reg[28]/d
          Clock: (R) MAIN_CLK

                     Capture       Launch     
        Clock Edge:+   58000            0     
       Src Latency:+     150          250     
       Net Latency:+       0 (I)        0 (I) 
           Arrival:=   58150          250     
                                              
             Setup:-     122                  
       Uncertainty:-    1450                  
       Path Adjust:+   -1500                  
     Required Time:=   55078                  
      Launch Clock:-     250                  
         Data Path:-   12485                  
             Slack:=   42342                  

Exceptions/Constraints:
  path_adjust            -1500            PA_C2C 

#-----------------------------------------------------------------------------------------------------------------------------------------------------------------------
#                                    Timing Point                                      Flags    Arc    Edge       Cell         Fanout Load Trans Delay Arrival Instance 
#                                                                                                                                     (fF)  (ps)  (ps)   (ps)  Location 
#-----------------------------------------------------------------------------------------------------------------------------------------------------------------------
  u_crypto_synth_top/u_top/u_sha256/core/w_mem_inst/w_mem_reg[14][19]/clk              -       -       R     (arrival)          19892    -     0     0     250    (-,-) 
  u_crypto_synth_top/u_top/u_sha256/core/w_mem_inst/w_mem_reg[14][19]/q                (u)     clk->q  R     unmapped_d_flop        9 49.5     0   878    1128    (-,-) 
  u_crypto_synth_top/u_top/u_sha256/core/w_mem_inst/g7543/z                            (u)     in_1->z F     unmapped_complex2      1  5.1     0   114    1242    (-,-) 
  u_crypto_synth_top/u_top/u_sha256/core/w_mem_inst/g7544/z                            (u)     in_1->z R     unmapped_nand2         2 11.0     0   150    1393    (-,-) 
  u_crypto_synth_top/u_top/u_sha256/core/w_mem_inst/g7330/z                            (u)     in_0->z R     unmapped_complex2      1  5.5     0   114    1507    (-,-) 
  u_crypto_synth_top/u_top/u_sha256/core/w_mem_inst/g7331/z                            (u)     in_1->z F     unmapped_nand2         4 20.4     0   227    1734    (-,-) 
  u_crypto_synth_top/u_top/u_sha256/core/w_mem_inst/csa_tree_add_193_29_groupi/g1585/z (u)     in_1->z F     unmapped_or2           1  5.1     0   108    1842    (-,-) 
  u_crypto_synth_top/u_top/u_sha256/core/w_mem_inst/csa_tree_add_193_29_groupi/g2744/z (u)     in_0->z R     unmapped_nand2         1  5.5     0   108    1950    (-,-) 
  u_crypto_synth_top/u_top/u_sha256/core/w_mem_inst/csa_tree_add_193_29_groupi/g2630/z (u)     in_0->z F     unmapped_nand2         4 20.4     0   214    2164    (-,-) 
  u_crypto_synth_top/u_top/u_sha256/core/w_mem_inst/csa_tree_add_193_29_groupi/g1561/z (u)     in_0->z F     unmapped_or2           1  5.1     0   108    2272    (-,-) 
  u_crypto_synth_top/u_top/u_sha256/core/w_mem_inst/csa_tree_add_193_29_groupi/g2432/z (u)     in_0->z R     unmapped_nand2         1  5.5     0   108    2380    (-,-) 
  u_crypto_synth_top/u_top/u_sha256/core/w_mem_inst/csa_tree_add_193_29_groupi/g2402/z (u)     in_0->z F     unmapped_nand2         3 15.3     0   173    2553    (-,-) 
  u_crypto_synth_top/u_top/u_sha256/core/w_mem_inst/csa_tree_add_193_29_groupi/g2313/z (u)     in_1->z R     unmapped_nand2         1  5.5     0   108    2661    (-,-) 
  u_crypto_synth_top/u_top/u_sha256/core/w_mem_inst/csa_tree_add_193_29_groupi/g2309/z (u)     in_0->z F     unmapped_nand2         3 15.3     0   173    2834    (-,-) 
  u_crypto_synth_top/u_top/u_sha256/core/w_mem_inst/csa_tree_add_193_29_groupi/g2307/z (u)     in_1->z R     unmapped_nand2         1  5.5     0   108    2942    (-,-) 
  u_crypto_synth_top/u_top/u_sha256/core/w_mem_inst/csa_tree_add_193_29_groupi/g2303/z (u)     in_0->z F     unmapped_nand2         3 15.3     0   173    3115    (-,-) 
  u_crypto_synth_top/u_top/u_sha256/core/w_mem_inst/csa_tree_add_193_29_groupi/g2299/z (u)     in_1->z R     unmapped_nand2         1  5.5     0   108    3223    (-,-) 
  u_crypto_synth_top/u_top/u_sha256/core/w_mem_inst/csa_tree_add_193_29_groupi/g2298/z (u)     in_0->z F     unmapped_nand2         3 15.3     0   173    3395    (-,-) 
  u_crypto_synth_top/u_top/u_sha256/core/w_mem_inst/csa_tree_add_193_29_groupi/g2294/z (u)     in_1->z R     unmapped_nand2         1  5.5     0   108    3504    (-,-) 
  u_crypto_synth_top/u_top/u_sha256/core/w_mem_inst/csa_tree_add_193_29_groupi/g2293/z (u)     in_0->z F     unmapped_nand2         3 15.3     0   173    3676    (-,-) 
  u_crypto_synth_top/u_top/u_sha256/core/w_mem_inst/csa_tree_add_193_29_groupi/g2289/z (u)     in_1->z R     unmapped_nand2         1  5.5     0   108    3784    (-,-) 
  u_crypto_synth_top/u_top/u_sha256/core/w_mem_inst/csa_tree_add_193_29_groupi/g2288/z (u)     in_0->z F     unmapped_nand2         3 15.3     0   173    3957    (-,-) 
  u_crypto_synth_top/u_top/u_sha256/core/w_mem_inst/csa_tree_add_193_29_groupi/g2284/z (u)     in_1->z R     unmapped_nand2         1  5.5     0   108    4065    (-,-) 
  u_crypto_synth_top/u_top/u_sha256/core/w_mem_inst/csa_tree_add_193_29_groupi/g2283/z (u)     in_0->z F     unmapped_nand2         3 15.3     0   173    4238    (-,-) 
  u_crypto_synth_top/u_top/u_sha256/core/w_mem_inst/csa_tree_add_193_29_groupi/g2282/z (u)     in_1->z R     unmapped_nand2         1  5.5     0   108    4346    (-,-) 
  u_crypto_synth_top/u_top/u_sha256/core/w_mem_inst/csa_tree_add_193_29_groupi/g2278/z (u)     in_1->z F     unmapped_nand2         3 15.3     0   173    4519    (-,-) 
  u_crypto_synth_top/u_top/u_sha256/core/w_mem_inst/csa_tree_add_193_29_groupi/g2277/z (u)     in_1->z R     unmapped_nand2         1  5.5     0   108    4627    (-,-) 
  u_crypto_synth_top/u_top/u_sha256/core/w_mem_inst/csa_tree_add_193_29_groupi/g2273/z (u)     in_0->z F     unmapped_nand2         3 15.3     0   173    4799    (-,-) 
  u_crypto_synth_top/u_top/u_sha256/core/w_mem_inst/csa_tree_add_193_29_groupi/g2272/z (u)     in_1->z R     unmapped_nand2         1  5.5     0   108    4908    (-,-) 
  u_crypto_synth_top/u_top/u_sha256/core/w_mem_inst/csa_tree_add_193_29_groupi/g2268/z (u)     in_0->z F     unmapped_nand2         3 15.3     0   173    5080    (-,-) 
  u_crypto_synth_top/u_top/u_sha256/core/w_mem_inst/csa_tree_add_193_29_groupi/g2264/z (u)     in_1->z R     unmapped_nand2         1  5.5     0   108    5188    (-,-) 
  u_crypto_synth_top/u_top/u_sha256/core/w_mem_inst/csa_tree_add_193_29_groupi/g2263/z (u)     in_0->z F     unmapped_nand2         3 15.3     0   173    5361    (-,-) 
  u_crypto_synth_top/u_top/u_sha256/core/w_mem_inst/csa_tree_add_193_29_groupi/g2259/z (u)     in_1->z R     unmapped_nand2         1  5.5     0   108    5469    (-,-) 
  u_crypto_synth_top/u_top/u_sha256/core/w_mem_inst/csa_tree_add_193_29_groupi/g2258/z (u)     in_1->z F     unmapped_nand2         3 15.3     0   173    5642    (-,-) 
  u_crypto_synth_top/u_top/u_sha256/core/w_mem_inst/csa_tree_add_193_29_groupi/g2254/z (u)     in_1->z R     unmapped_nand2         1  5.5     0   108    5750    (-,-) 
  u_crypto_synth_top/u_top/u_sha256/core/w_mem_inst/csa_tree_add_193_29_groupi/g2253/z (u)     in_0->z F     unmapped_nand2         3 15.3     0   173    5923    (-,-) 
  u_crypto_synth_top/u_top/u_sha256/core/w_mem_inst/csa_tree_add_193_29_groupi/g2252/z (u)     in_1->z R     unmapped_nand2         1  5.5     0   108    6031    (-,-) 
  u_crypto_synth_top/u_top/u_sha256/core/w_mem_inst/csa_tree_add_193_29_groupi/g2248/z (u)     in_0->z F     unmapped_nand2         3 15.3     0   173    6203    (-,-) 
  u_crypto_synth_top/u_top/u_sha256/core/w_mem_inst/csa_tree_add_193_29_groupi/g2244/z (u)     in_1->z R     unmapped_nand2         1  5.5     0   108    6312    (-,-) 
  u_crypto_synth_top/u_top/u_sha256/core/w_mem_inst/csa_tree_add_193_29_groupi/g2243/z (u)     in_0->z F     unmapped_nand2         4 20.4     0   214    6525    (-,-) 
  u_crypto_synth_top/u_top/u_sha256/core/w_mem_inst/csa_tree_add_193_29_groupi/g2242/z (u)     in_1->z R     unmapped_nand2         1  5.5     0   108    6634    (-,-) 
  u_crypto_synth_top/u_top/u_sha256/core/w_mem_inst/csa_tree_add_193_29_groupi/g2237/z (u)     in_1->z F     unmapped_nand2         2 10.2     0   142    6776    (-,-) 
  u_crypto_synth_top/u_top/u_sha256/core/w_mem_inst/csa_tree_add_193_29_groupi/g2234/z (u)     in_0->z F     unmapped_or2           1  5.1     0   108    6884    (-,-) 
  u_crypto_synth_top/u_top/u_sha256/core/w_mem_inst/csa_tree_add_193_29_groupi/g2235/z (u)     in_1->z R     unmapped_nand2         2 11.0     0   142    7026    (-,-) 
  u_crypto_synth_top/u_top/u_sha256/core/w_mem_inst/g10384/z                           (u)     in_1->z F     unmapped_nand2         1  5.1     0   114    7140    (-,-) 
  u_crypto_synth_top/u_top/u_sha256/core/w_mem_inst/g9726/z                            (u)     in_0->z R     unmapped_nand2         1  5.5     0   114    7254    (-,-) 
  u_crypto_synth_top/u_top/u_sha256/core/w_mem_inst/g9496/z                            (u)     in_0->z R     unmapped_or2           1  5.5     0   114    7368    (-,-) 
  u_crypto_synth_top/u_top/u_sha256/core/w_mem_inst/g9436/z                            (u)     in_0->z R     unmapped_or2           1  5.5     0   114    7482    (-,-) 
  u_crypto_synth_top/u_top/u_sha256/core/w_mem_inst/g9368/z                            (u)     in_0->z R     unmapped_or2           1  5.5     0   114    7596    (-,-) 
  u_crypto_synth_top/u_top/u_sha256/core/w_mem_inst/g9345/z                            (u)     in_0->z R     unmapped_complex2      4 22.0     0   227    7823    (-,-) 
  u_crypto_synth_top/u_top/u_sha256/core/csa_tree_add_341_39_groupi/g3213/z            (u)     in_1->z F     unmapped_complex2      1  5.1     0   108    7931    (-,-) 
  u_crypto_synth_top/u_top/u_sha256/core/csa_tree_add_341_39_groupi/g3214/z            (u)     in_1->z R     unmapped_nand2         2 11.0     0   142    8073    (-,-) 
  u_crypto_synth_top/u_top/u_sha256/core/csa_tree_add_341_39_groupi/g3090/z            (u)     in_1->z R     unmapped_or2           3 16.5     0   173    8246    (-,-) 
  u_crypto_synth_top/u_top/u_sha256/core/csa_tree_add_341_39_groupi/g3073/z            (u)     in_1->z F     unmapped_complex2      1  5.1     0   108    8354    (-,-) 
  u_crypto_synth_top/u_top/u_sha256/core/csa_tree_add_341_39_groupi/g3070/z            (u)     in_0->z R     unmapped_nand2         1  5.5     0   108    8462    (-,-) 
  u_crypto_synth_top/u_top/u_sha256/core/csa_tree_add_341_39_groupi/g3003/z            (u)     in_1->z R     unmapped_complex2      3 16.5     0   173    8635    (-,-) 
  u_crypto_synth_top/u_top/u_sha256/core/csa_tree_add_341_39_groupi/g2995/z            (u)     in_1->z F     unmapped_nand2         1  5.1     0   108    8743    (-,-) 
  u_crypto_synth_top/u_top/u_sha256/core/csa_tree_add_341_39_groupi/g2994/z            (u)     in_1->z R     unmapped_nand2         3 16.5     0   173    8916    (-,-) 
  u_crypto_synth_top/u_top/u_sha256/core/csa_tree_add_341_39_groupi/g2993/z            (u)     in_0->z F     unmapped_nand2         1  5.1     0   108    9024    (-,-) 
  u_crypto_synth_top/u_top/u_sha256/core/csa_tree_add_341_39_groupi/g2989/z            (u)     in_0->z R     unmapped_nand2         3 16.5     0   173    9196    (-,-) 
  u_crypto_synth_top/u_top/u_sha256/core/csa_tree_add_341_39_groupi/g2985/z            (u)     in_1->z F     unmapped_nand2         1  5.1     0   108    9305    (-,-) 
  u_crypto_synth_top/u_top/u_sha256/core/csa_tree_add_341_39_groupi/g2984/z            (u)     in_1->z R     unmapped_nand2         3 16.5     0   173    9477    (-,-) 
  u_crypto_synth_top/u_top/u_sha256/core/csa_tree_add_341_39_groupi/g2983/z            (u)     in_1->z F     unmapped_nand2         1  5.1     0   108    9585    (-,-) 
  u_crypto_synth_top/u_top/u_sha256/core/csa_tree_add_341_39_groupi/g2979/z            (u)     in_0->z R     unmapped_nand2         3 16.5     0   173    9758    (-,-) 
  u_crypto_synth_top/u_top/u_sha256/core/csa_tree_add_341_39_groupi/g2978/z            (u)     in_1->z F     unmapped_nand2         1  5.1     0   108    9866    (-,-) 
  u_crypto_synth_top/u_top/u_sha256/core/csa_tree_add_341_39_groupi/g2974/z            (u)     in_0->z R     unmapped_nand2         3 16.5     0   173   10039    (-,-) 
  u_crypto_synth_top/u_top/u_sha256/core/csa_tree_add_341_39_groupi/g2970/z            (u)     in_1->z F     unmapped_nand2         1  5.1     0   108   10147    (-,-) 
  u_crypto_synth_top/u_top/u_sha256/core/csa_tree_add_341_39_groupi/g2969/z            (u)     in_0->z R     unmapped_nand2         4 22.0     0   214   10361    (-,-) 
  u_crypto_synth_top/u_top/u_sha256/core/csa_tree_add_341_39_groupi/g2964/z            (u)     in_1->z F     unmapped_nand2         1  5.1     0   108   10469    (-,-) 
  u_crypto_synth_top/u_top/u_sha256/core/csa_tree_add_341_39_groupi/g2963/z            (u)     in_1->z R     unmapped_nand2         2 11.0     0   142   10611    (-,-) 
  u_crypto_synth_top/u_top/u_sha256/core/csa_tree_add_341_39_groupi/g2957/z            (u)     in_0->z R     unmapped_or2           1  5.5     0   108   10719    (-,-) 
  u_crypto_synth_top/u_top/u_sha256/core/csa_tree_add_341_39_groupi/g2958/z            (u)     in_1->z F     unmapped_nand2         6 30.6     0   236   10955    (-,-) 
  u_crypto_synth_top/u_top/u_sha256/core/csa_tree_add_426_23_groupi/g2048/z            (u)     in_1->z R     unmapped_complex2      1  5.5     0   105   11061    (-,-) 
  u_crypto_synth_top/u_top/u_sha256/core/csa_tree_add_426_23_groupi/g2049/z            (u)     in_1->z F     unmapped_nand2         2 10.2     0   138   11199    (-,-) 
  u_crypto_synth_top/u_top/u_sha256/core/csa_tree_add_426_23_groupi/g1929/z            (u)     in_1->z F     unmapped_or2           3 15.3     0   168   11366    (-,-) 
  u_crypto_synth_top/u_top/u_sha256/core/csa_tree_add_426_23_groupi/g1862/z            (u)     in_1->z R     unmapped_complex2      1  5.5     0   105   11472    (-,-) 
  u_crypto_synth_top/u_top/u_sha256/core/csa_tree_add_426_23_groupi/g1849/z            (u)     in_0->z F     unmapped_nand2         1  5.1     0   105   11577    (-,-) 
  u_crypto_synth_top/u_top/u_sha256/core/csa_tree_add_426_23_groupi/g1718/z            (u)     in_1->z F     unmapped_complex2      3 15.3     0   168   11745    (-,-) 
  u_crypto_synth_top/u_top/u_sha256/core/csa_tree_add_426_23_groupi/g1710/z            (u)     in_1->z R     unmapped_nand2         1  5.5     0   105   11850    (-,-) 
  u_crypto_synth_top/u_top/u_sha256/core/csa_tree_add_426_23_groupi/g1709/z            (u)     in_1->z F     unmapped_nand2         3 15.3     0   168   12018    (-,-) 
  u_crypto_synth_top/u_top/u_sha256/core/csa_tree_add_426_23_groupi/g1708/z            (u)     in_0->z R     unmapped_nand2         1  5.5     0   105   12123    (-,-) 
  u_crypto_synth_top/u_top/u_sha256/core/csa_tree_add_426_23_groupi/g1704/z            (u)     in_0->z F     unmapped_nand2         3 15.3     0   168   12291    (-,-) 
  u_crypto_synth_top/u_top/u_sha256/core/csa_tree_add_426_23_groupi/g1702/z            (u)     in_0->z F     unmapped_or2           1  5.1     0   105   12396    (-,-) 
  u_crypto_synth_top/u_top/u_sha256/core/csa_tree_add_426_23_groupi/g1703/z            (u)     in_1->z R     unmapped_nand2         1  5.5     0   105   12501    (-,-) 
  u_crypto_synth_top/u_top/u_sha256/core/g16897/z                                      (u)     in_0->z F     unmapped_complex2      1  5.1     0   117   12618    (-,-) 
  u_crypto_synth_top/u_top/u_sha256/core/g14859/z                                      (u)     in_1->z R     unmapped_complex2      1  5.5     0   117   12735    (-,-) 
  u_crypto_synth_top/u_top/u_sha256/core/a_reg_reg[28]/d                               -       -       R     unmapped_d_flop        1    -     -     0   12735    (-,-) 
#-----------------------------------------------------------------------------------------------------------------------------------------------------------------------

(u) : Net has unmapped pin(s).



Path 8: MET (42382 ps) Setup Check with Pin u_crypto_synth_top/u_top/u_sha256/core/a_reg_reg[27]/clk->d
          Group: R2R
     Startpoint: (R) u_crypto_synth_top/u_top/u_sha256/core/w_mem_inst/w_mem_reg[14][19]/clk
          Clock: (R) MAIN_CLK
       Endpoint: (R) u_crypto_synth_top/u_top/u_sha256/core/a_reg_reg[27]/d
          Clock: (R) MAIN_CLK

                     Capture       Launch     
        Clock Edge:+   58000            0     
       Src Latency:+     150          250     
       Net Latency:+       0 (I)        0 (I) 
           Arrival:=   58150          250     
                                              
             Setup:-     122                  
       Uncertainty:-    1450                  
       Path Adjust:+   -1500                  
     Required Time:=   55078                  
      Launch Clock:-     250                  
         Data Path:-   12446                  
             Slack:=   42382                  

Exceptions/Constraints:
  path_adjust            -1500            PA_C2C 

#-----------------------------------------------------------------------------------------------------------------------------------------------------------------------
#                                    Timing Point                                      Flags    Arc    Edge       Cell         Fanout Load Trans Delay Arrival Instance 
#                                                                                                                                     (fF)  (ps)  (ps)   (ps)  Location 
#-----------------------------------------------------------------------------------------------------------------------------------------------------------------------
  u_crypto_synth_top/u_top/u_sha256/core/w_mem_inst/w_mem_reg[14][19]/clk              -       -       R     (arrival)          19892    -     0     0     250    (-,-) 
  u_crypto_synth_top/u_top/u_sha256/core/w_mem_inst/w_mem_reg[14][19]/q                (u)     clk->q  R     unmapped_d_flop        9 49.5     0   878    1128    (-,-) 
  u_crypto_synth_top/u_top/u_sha256/core/w_mem_inst/g7543/z                            (u)     in_1->z F     unmapped_complex2      1  5.1     0   114    1242    (-,-) 
  u_crypto_synth_top/u_top/u_sha256/core/w_mem_inst/g7544/z                            (u)     in_1->z R     unmapped_nand2         2 11.0     0   150    1393    (-,-) 
  u_crypto_synth_top/u_top/u_sha256/core/w_mem_inst/g7330/z                            (u)     in_0->z R     unmapped_complex2      1  5.5     0   114    1507    (-,-) 
  u_crypto_synth_top/u_top/u_sha256/core/w_mem_inst/g7331/z                            (u)     in_1->z F     unmapped_nand2         4 20.4     0   227    1734    (-,-) 
  u_crypto_synth_top/u_top/u_sha256/core/w_mem_inst/csa_tree_add_193_29_groupi/g1585/z (u)     in_1->z F     unmapped_or2           1  5.1     0   108    1842    (-,-) 
  u_crypto_synth_top/u_top/u_sha256/core/w_mem_inst/csa_tree_add_193_29_groupi/g2744/z (u)     in_0->z R     unmapped_nand2         1  5.5     0   108    1950    (-,-) 
  u_crypto_synth_top/u_top/u_sha256/core/w_mem_inst/csa_tree_add_193_29_groupi/g2630/z (u)     in_0->z F     unmapped_nand2         4 20.4     0   214    2164    (-,-) 
  u_crypto_synth_top/u_top/u_sha256/core/w_mem_inst/csa_tree_add_193_29_groupi/g1561/z (u)     in_0->z F     unmapped_or2           1  5.1     0   108    2272    (-,-) 
  u_crypto_synth_top/u_top/u_sha256/core/w_mem_inst/csa_tree_add_193_29_groupi/g2432/z (u)     in_0->z R     unmapped_nand2         1  5.5     0   108    2380    (-,-) 
  u_crypto_synth_top/u_top/u_sha256/core/w_mem_inst/csa_tree_add_193_29_groupi/g2402/z (u)     in_0->z F     unmapped_nand2         3 15.3     0   173    2553    (-,-) 
  u_crypto_synth_top/u_top/u_sha256/core/w_mem_inst/csa_tree_add_193_29_groupi/g2313/z (u)     in_1->z R     unmapped_nand2         1  5.5     0   108    2661    (-,-) 
  u_crypto_synth_top/u_top/u_sha256/core/w_mem_inst/csa_tree_add_193_29_groupi/g2309/z (u)     in_0->z F     unmapped_nand2         3 15.3     0   173    2834    (-,-) 
  u_crypto_synth_top/u_top/u_sha256/core/w_mem_inst/csa_tree_add_193_29_groupi/g2307/z (u)     in_1->z R     unmapped_nand2         1  5.5     0   108    2942    (-,-) 
  u_crypto_synth_top/u_top/u_sha256/core/w_mem_inst/csa_tree_add_193_29_groupi/g2303/z (u)     in_0->z F     unmapped_nand2         3 15.3     0   173    3115    (-,-) 
  u_crypto_synth_top/u_top/u_sha256/core/w_mem_inst/csa_tree_add_193_29_groupi/g2299/z (u)     in_1->z R     unmapped_nand2         1  5.5     0   108    3223    (-,-) 
  u_crypto_synth_top/u_top/u_sha256/core/w_mem_inst/csa_tree_add_193_29_groupi/g2298/z (u)     in_0->z F     unmapped_nand2         3 15.3     0   173    3395    (-,-) 
  u_crypto_synth_top/u_top/u_sha256/core/w_mem_inst/csa_tree_add_193_29_groupi/g2294/z (u)     in_1->z R     unmapped_nand2         1  5.5     0   108    3504    (-,-) 
  u_crypto_synth_top/u_top/u_sha256/core/w_mem_inst/csa_tree_add_193_29_groupi/g2293/z (u)     in_0->z F     unmapped_nand2         3 15.3     0   173    3676    (-,-) 
  u_crypto_synth_top/u_top/u_sha256/core/w_mem_inst/csa_tree_add_193_29_groupi/g2289/z (u)     in_1->z R     unmapped_nand2         1  5.5     0   108    3784    (-,-) 
  u_crypto_synth_top/u_top/u_sha256/core/w_mem_inst/csa_tree_add_193_29_groupi/g2288/z (u)     in_0->z F     unmapped_nand2         3 15.3     0   173    3957    (-,-) 
  u_crypto_synth_top/u_top/u_sha256/core/w_mem_inst/csa_tree_add_193_29_groupi/g2284/z (u)     in_1->z R     unmapped_nand2         1  5.5     0   108    4065    (-,-) 
  u_crypto_synth_top/u_top/u_sha256/core/w_mem_inst/csa_tree_add_193_29_groupi/g2283/z (u)     in_0->z F     unmapped_nand2         3 15.3     0   173    4238    (-,-) 
  u_crypto_synth_top/u_top/u_sha256/core/w_mem_inst/csa_tree_add_193_29_groupi/g2282/z (u)     in_1->z R     unmapped_nand2         1  5.5     0   108    4346    (-,-) 
  u_crypto_synth_top/u_top/u_sha256/core/w_mem_inst/csa_tree_add_193_29_groupi/g2278/z (u)     in_1->z F     unmapped_nand2         3 15.3     0   173    4519    (-,-) 
  u_crypto_synth_top/u_top/u_sha256/core/w_mem_inst/csa_tree_add_193_29_groupi/g2277/z (u)     in_1->z R     unmapped_nand2         1  5.5     0   108    4627    (-,-) 
  u_crypto_synth_top/u_top/u_sha256/core/w_mem_inst/csa_tree_add_193_29_groupi/g2273/z (u)     in_0->z F     unmapped_nand2         3 15.3     0   173    4799    (-,-) 
  u_crypto_synth_top/u_top/u_sha256/core/w_mem_inst/csa_tree_add_193_29_groupi/g2272/z (u)     in_1->z R     unmapped_nand2         1  5.5     0   108    4908    (-,-) 
  u_crypto_synth_top/u_top/u_sha256/core/w_mem_inst/csa_tree_add_193_29_groupi/g2268/z (u)     in_0->z F     unmapped_nand2         3 15.3     0   173    5080    (-,-) 
  u_crypto_synth_top/u_top/u_sha256/core/w_mem_inst/csa_tree_add_193_29_groupi/g2264/z (u)     in_1->z R     unmapped_nand2         1  5.5     0   108    5188    (-,-) 
  u_crypto_synth_top/u_top/u_sha256/core/w_mem_inst/csa_tree_add_193_29_groupi/g2263/z (u)     in_0->z F     unmapped_nand2         3 15.3     0   173    5361    (-,-) 
  u_crypto_synth_top/u_top/u_sha256/core/w_mem_inst/csa_tree_add_193_29_groupi/g2259/z (u)     in_1->z R     unmapped_nand2         1  5.5     0   108    5469    (-,-) 
  u_crypto_synth_top/u_top/u_sha256/core/w_mem_inst/csa_tree_add_193_29_groupi/g2258/z (u)     in_1->z F     unmapped_nand2         3 15.3     0   173    5642    (-,-) 
  u_crypto_synth_top/u_top/u_sha256/core/w_mem_inst/csa_tree_add_193_29_groupi/g2254/z (u)     in_1->z R     unmapped_nand2         1  5.5     0   108    5750    (-,-) 
  u_crypto_synth_top/u_top/u_sha256/core/w_mem_inst/csa_tree_add_193_29_groupi/g2253/z (u)     in_0->z F     unmapped_nand2         3 15.3     0   173    5923    (-,-) 
  u_crypto_synth_top/u_top/u_sha256/core/w_mem_inst/csa_tree_add_193_29_groupi/g2252/z (u)     in_1->z R     unmapped_nand2         1  5.5     0   108    6031    (-,-) 
  u_crypto_synth_top/u_top/u_sha256/core/w_mem_inst/csa_tree_add_193_29_groupi/g2248/z (u)     in_0->z F     unmapped_nand2         3 15.3     0   173    6203    (-,-) 
  u_crypto_synth_top/u_top/u_sha256/core/w_mem_inst/csa_tree_add_193_29_groupi/g2244/z (u)     in_1->z R     unmapped_nand2         1  5.5     0   108    6312    (-,-) 
  u_crypto_synth_top/u_top/u_sha256/core/w_mem_inst/csa_tree_add_193_29_groupi/g2243/z (u)     in_0->z F     unmapped_nand2         4 20.4     0   214    6525    (-,-) 
  u_crypto_synth_top/u_top/u_sha256/core/w_mem_inst/csa_tree_add_193_29_groupi/g2242/z (u)     in_1->z R     unmapped_nand2         1  5.5     0   108    6634    (-,-) 
  u_crypto_synth_top/u_top/u_sha256/core/w_mem_inst/csa_tree_add_193_29_groupi/g2237/z (u)     in_1->z F     unmapped_nand2         2 10.2     0   142    6776    (-,-) 
  u_crypto_synth_top/u_top/u_sha256/core/w_mem_inst/csa_tree_add_193_29_groupi/g2234/z (u)     in_0->z F     unmapped_or2           1  5.1     0   108    6884    (-,-) 
  u_crypto_synth_top/u_top/u_sha256/core/w_mem_inst/csa_tree_add_193_29_groupi/g2235/z (u)     in_1->z R     unmapped_nand2         2 11.0     0   142    7026    (-,-) 
  u_crypto_synth_top/u_top/u_sha256/core/w_mem_inst/g10384/z                           (u)     in_1->z F     unmapped_nand2         1  5.1     0   114    7140    (-,-) 
  u_crypto_synth_top/u_top/u_sha256/core/w_mem_inst/g9726/z                            (u)     in_0->z R     unmapped_nand2         1  5.5     0   114    7254    (-,-) 
  u_crypto_synth_top/u_top/u_sha256/core/w_mem_inst/g9496/z                            (u)     in_0->z R     unmapped_or2           1  5.5     0   114    7368    (-,-) 
  u_crypto_synth_top/u_top/u_sha256/core/w_mem_inst/g9436/z                            (u)     in_0->z R     unmapped_or2           1  5.5     0   114    7482    (-,-) 
  u_crypto_synth_top/u_top/u_sha256/core/w_mem_inst/g9368/z                            (u)     in_0->z R     unmapped_or2           1  5.5     0   114    7596    (-,-) 
  u_crypto_synth_top/u_top/u_sha256/core/w_mem_inst/g9345/z                            (u)     in_0->z R     unmapped_complex2      4 22.0     0   227    7823    (-,-) 
  u_crypto_synth_top/u_top/u_sha256/core/csa_tree_add_341_39_groupi/g3213/z            (u)     in_1->z F     unmapped_complex2      1  5.1     0   108    7931    (-,-) 
  u_crypto_synth_top/u_top/u_sha256/core/csa_tree_add_341_39_groupi/g3214/z            (u)     in_1->z R     unmapped_nand2         2 11.0     0   142    8073    (-,-) 
  u_crypto_synth_top/u_top/u_sha256/core/csa_tree_add_341_39_groupi/g3090/z            (u)     in_1->z R     unmapped_or2           3 16.5     0   173    8246    (-,-) 
  u_crypto_synth_top/u_top/u_sha256/core/csa_tree_add_341_39_groupi/g3073/z            (u)     in_1->z F     unmapped_complex2      1  5.1     0   108    8354    (-,-) 
  u_crypto_synth_top/u_top/u_sha256/core/csa_tree_add_341_39_groupi/g3070/z            (u)     in_0->z R     unmapped_nand2         1  5.5     0   108    8462    (-,-) 
  u_crypto_synth_top/u_top/u_sha256/core/csa_tree_add_341_39_groupi/g3003/z            (u)     in_1->z R     unmapped_complex2      3 16.5     0   173    8635    (-,-) 
  u_crypto_synth_top/u_top/u_sha256/core/csa_tree_add_341_39_groupi/g2995/z            (u)     in_1->z F     unmapped_nand2         1  5.1     0   108    8743    (-,-) 
  u_crypto_synth_top/u_top/u_sha256/core/csa_tree_add_341_39_groupi/g2994/z            (u)     in_1->z R     unmapped_nand2         3 16.5     0   173    8916    (-,-) 
  u_crypto_synth_top/u_top/u_sha256/core/csa_tree_add_341_39_groupi/g2993/z            (u)     in_0->z F     unmapped_nand2         1  5.1     0   108    9024    (-,-) 
  u_crypto_synth_top/u_top/u_sha256/core/csa_tree_add_341_39_groupi/g2989/z            (u)     in_0->z R     unmapped_nand2         3 16.5     0   173    9196    (-,-) 
  u_crypto_synth_top/u_top/u_sha256/core/csa_tree_add_341_39_groupi/g2985/z            (u)     in_1->z F     unmapped_nand2         1  5.1     0   108    9305    (-,-) 
  u_crypto_synth_top/u_top/u_sha256/core/csa_tree_add_341_39_groupi/g2984/z            (u)     in_1->z R     unmapped_nand2         3 16.5     0   173    9477    (-,-) 
  u_crypto_synth_top/u_top/u_sha256/core/csa_tree_add_341_39_groupi/g2983/z            (u)     in_1->z F     unmapped_nand2         1  5.1     0   108    9585    (-,-) 
  u_crypto_synth_top/u_top/u_sha256/core/csa_tree_add_341_39_groupi/g2979/z            (u)     in_0->z R     unmapped_nand2         3 16.5     0   173    9758    (-,-) 
  u_crypto_synth_top/u_top/u_sha256/core/csa_tree_add_341_39_groupi/g2978/z            (u)     in_1->z F     unmapped_nand2         1  5.1     0   108    9866    (-,-) 
  u_crypto_synth_top/u_top/u_sha256/core/csa_tree_add_341_39_groupi/g2974/z            (u)     in_0->z R     unmapped_nand2         3 16.5     0   173   10039    (-,-) 
  u_crypto_synth_top/u_top/u_sha256/core/csa_tree_add_341_39_groupi/g2970/z            (u)     in_1->z F     unmapped_nand2         1  5.1     0   108   10147    (-,-) 
  u_crypto_synth_top/u_top/u_sha256/core/csa_tree_add_341_39_groupi/g2969/z            (u)     in_0->z R     unmapped_nand2         4 22.0     0   214   10361    (-,-) 
  u_crypto_synth_top/u_top/u_sha256/core/csa_tree_add_341_39_groupi/g2964/z            (u)     in_1->z F     unmapped_nand2         1  5.1     0   108   10469    (-,-) 
  u_crypto_synth_top/u_top/u_sha256/core/csa_tree_add_341_39_groupi/g2963/z            (u)     in_1->z R     unmapped_nand2         2 11.0     0   142   10611    (-,-) 
  u_crypto_synth_top/u_top/u_sha256/core/csa_tree_add_341_39_groupi/g2957/z            (u)     in_0->z R     unmapped_or2           1  5.5     0   108   10719    (-,-) 
  u_crypto_synth_top/u_top/u_sha256/core/csa_tree_add_341_39_groupi/g2958/z            (u)     in_1->z F     unmapped_nand2         6 30.6     0   236   10955    (-,-) 
  u_crypto_synth_top/u_top/u_sha256/core/csa_tree_add_426_23_groupi/g2048/z            (u)     in_1->z R     unmapped_complex2      1  5.5     0   105   11061    (-,-) 
  u_crypto_synth_top/u_top/u_sha256/core/csa_tree_add_426_23_groupi/g2049/z            (u)     in_1->z F     unmapped_nand2         2 10.2     0   138   11199    (-,-) 
  u_crypto_synth_top/u_top/u_sha256/core/csa_tree_add_426_23_groupi/g1929/z            (u)     in_1->z F     unmapped_or2           3 15.3     0   168   11366    (-,-) 
  u_crypto_synth_top/u_top/u_sha256/core/csa_tree_add_426_23_groupi/g1862/z            (u)     in_1->z R     unmapped_complex2      1  5.5     0   105   11472    (-,-) 
  u_crypto_synth_top/u_top/u_sha256/core/csa_tree_add_426_23_groupi/g1849/z            (u)     in_0->z F     unmapped_nand2         1  5.1     0   105   11577    (-,-) 
  u_crypto_synth_top/u_top/u_sha256/core/csa_tree_add_426_23_groupi/g1718/z            (u)     in_1->z F     unmapped_complex2      3 15.3     0   168   11745    (-,-) 
  u_crypto_synth_top/u_top/u_sha256/core/csa_tree_add_426_23_groupi/g1710/z            (u)     in_1->z R     unmapped_nand2         1  5.5     0   105   11850    (-,-) 
  u_crypto_synth_top/u_top/u_sha256/core/csa_tree_add_426_23_groupi/g1709/z            (u)     in_1->z F     unmapped_nand2         3 15.3     0   168   12018    (-,-) 
  u_crypto_synth_top/u_top/u_sha256/core/csa_tree_add_426_23_groupi/g1706/z            (u)     in_0->z F     unmapped_or2           1  5.1     0   105   12123    (-,-) 
  u_crypto_synth_top/u_top/u_sha256/core/csa_tree_add_426_23_groupi/g1707/z            (u)     in_1->z R     unmapped_nand2         1  5.5     0   105   12228    (-,-) 
  u_crypto_synth_top/u_top/u_sha256/core/g16684/z                                      (u)     in_0->z F     unmapped_complex2      1  5.1     0   117   12345    (-,-) 
  u_crypto_synth_top/u_top/u_sha256/core/g15322/z                                      (u)     in_0->z R     unmapped_nand2         1  5.5     0   117   12462    (-,-) 
  u_crypto_synth_top/u_top/u_sha256/core/g14790/z                                      (u)     in_0->z R     unmapped_complex2      1  5.5     0   117   12579    (-,-) 
  u_crypto_synth_top/u_top/u_sha256/core/g14609/z                                      (u)     in_0->z R     unmapped_complex2      1  5.5     0   117   12696    (-,-) 
  u_crypto_synth_top/u_top/u_sha256/core/a_reg_reg[27]/d                               -       -       R     unmapped_d_flop        1    -     -     0   12696    (-,-) 
#-----------------------------------------------------------------------------------------------------------------------------------------------------------------------

(u) : Net has unmapped pin(s).



Path 9: MET (42437 ps) Setup Check with Pin u_crypto_synth_top/u_top/u_sha256/core/e_reg_reg[28]/clk->d
          Group: R2R
     Startpoint: (R) u_crypto_synth_top/u_top/u_sha256/core/w_mem_inst/w_mem_reg[14][19]/clk
          Clock: (R) MAIN_CLK
       Endpoint: (R) u_crypto_synth_top/u_top/u_sha256/core/e_reg_reg[28]/d
          Clock: (R) MAIN_CLK

                     Capture       Launch     
        Clock Edge:+   58000            0     
       Src Latency:+     150          250     
       Net Latency:+       0 (I)        0 (I) 
           Arrival:=   58150          250     
                                              
             Setup:-     122                  
       Uncertainty:-    1450                  
       Path Adjust:+   -1500                  
     Required Time:=   55078                  
      Launch Clock:-     250                  
         Data Path:-   12391                  
             Slack:=   42437                  

Exceptions/Constraints:
  path_adjust            -1500            PA_C2C 

#-----------------------------------------------------------------------------------------------------------------------------------------------------------------------
#                                    Timing Point                                      Flags    Arc    Edge       Cell         Fanout Load Trans Delay Arrival Instance 
#                                                                                                                                     (fF)  (ps)  (ps)   (ps)  Location 
#-----------------------------------------------------------------------------------------------------------------------------------------------------------------------
  u_crypto_synth_top/u_top/u_sha256/core/w_mem_inst/w_mem_reg[14][19]/clk              -       -       R     (arrival)          19892    -     0     0     250    (-,-) 
  u_crypto_synth_top/u_top/u_sha256/core/w_mem_inst/w_mem_reg[14][19]/q                (u)     clk->q  F     unmapped_d_flop        9 45.9     0   878    1128    (-,-) 
  u_crypto_synth_top/u_top/u_sha256/core/w_mem_inst/g7543/z                            (u)     in_1->z R     unmapped_complex2      1  5.5     0   114    1242    (-,-) 
  u_crypto_synth_top/u_top/u_sha256/core/w_mem_inst/g7544/z                            (u)     in_1->z F     unmapped_nand2         2 10.2     0   150    1393    (-,-) 
  u_crypto_synth_top/u_top/u_sha256/core/w_mem_inst/g7330/z                            (u)     in_0->z F     unmapped_complex2      1  5.1     0   114    1507    (-,-) 
  u_crypto_synth_top/u_top/u_sha256/core/w_mem_inst/g7331/z                            (u)     in_1->z R     unmapped_nand2         4 22.0     0   227    1734    (-,-) 
  u_crypto_synth_top/u_top/u_sha256/core/w_mem_inst/csa_tree_add_193_29_groupi/g1585/z (u)     in_1->z R     unmapped_or2           1  5.5     0   108    1842    (-,-) 
  u_crypto_synth_top/u_top/u_sha256/core/w_mem_inst/csa_tree_add_193_29_groupi/g2744/z (u)     in_0->z F     unmapped_nand2         1  5.1     0   108    1950    (-,-) 
  u_crypto_synth_top/u_top/u_sha256/core/w_mem_inst/csa_tree_add_193_29_groupi/g2630/z (u)     in_0->z R     unmapped_nand2         4 22.0     0   214    2164    (-,-) 
  u_crypto_synth_top/u_top/u_sha256/core/w_mem_inst/csa_tree_add_193_29_groupi/g1561/z (u)     in_0->z R     unmapped_or2           1  5.5     0   108    2272    (-,-) 
  u_crypto_synth_top/u_top/u_sha256/core/w_mem_inst/csa_tree_add_193_29_groupi/g2432/z (u)     in_0->z F     unmapped_nand2         1  5.1     0   108    2380    (-,-) 
  u_crypto_synth_top/u_top/u_sha256/core/w_mem_inst/csa_tree_add_193_29_groupi/g2402/z (u)     in_0->z R     unmapped_nand2         3 16.5     0   173    2553    (-,-) 
  u_crypto_synth_top/u_top/u_sha256/core/w_mem_inst/csa_tree_add_193_29_groupi/g2313/z (u)     in_1->z F     unmapped_nand2         1  5.1     0   108    2661    (-,-) 
  u_crypto_synth_top/u_top/u_sha256/core/w_mem_inst/csa_tree_add_193_29_groupi/g2309/z (u)     in_0->z R     unmapped_nand2         3 16.5     0   173    2834    (-,-) 
  u_crypto_synth_top/u_top/u_sha256/core/w_mem_inst/csa_tree_add_193_29_groupi/g2307/z (u)     in_1->z F     unmapped_nand2         1  5.1     0   108    2942    (-,-) 
  u_crypto_synth_top/u_top/u_sha256/core/w_mem_inst/csa_tree_add_193_29_groupi/g2303/z (u)     in_0->z R     unmapped_nand2         3 16.5     0   173    3115    (-,-) 
  u_crypto_synth_top/u_top/u_sha256/core/w_mem_inst/csa_tree_add_193_29_groupi/g2299/z (u)     in_1->z F     unmapped_nand2         1  5.1     0   108    3223    (-,-) 
  u_crypto_synth_top/u_top/u_sha256/core/w_mem_inst/csa_tree_add_193_29_groupi/g2298/z (u)     in_0->z R     unmapped_nand2         3 16.5     0   173    3395    (-,-) 
  u_crypto_synth_top/u_top/u_sha256/core/w_mem_inst/csa_tree_add_193_29_groupi/g2294/z (u)     in_1->z F     unmapped_nand2         1  5.1     0   108    3504    (-,-) 
  u_crypto_synth_top/u_top/u_sha256/core/w_mem_inst/csa_tree_add_193_29_groupi/g2293/z (u)     in_0->z R     unmapped_nand2         3 16.5     0   173    3676    (-,-) 
  u_crypto_synth_top/u_top/u_sha256/core/w_mem_inst/csa_tree_add_193_29_groupi/g2289/z (u)     in_1->z F     unmapped_nand2         1  5.1     0   108    3784    (-,-) 
  u_crypto_synth_top/u_top/u_sha256/core/w_mem_inst/csa_tree_add_193_29_groupi/g2288/z (u)     in_0->z R     unmapped_nand2         3 16.5     0   173    3957    (-,-) 
  u_crypto_synth_top/u_top/u_sha256/core/w_mem_inst/csa_tree_add_193_29_groupi/g2284/z (u)     in_1->z F     unmapped_nand2         1  5.1     0   108    4065    (-,-) 
  u_crypto_synth_top/u_top/u_sha256/core/w_mem_inst/csa_tree_add_193_29_groupi/g2283/z (u)     in_0->z R     unmapped_nand2         3 16.5     0   173    4238    (-,-) 
  u_crypto_synth_top/u_top/u_sha256/core/w_mem_inst/csa_tree_add_193_29_groupi/g2282/z (u)     in_1->z F     unmapped_nand2         1  5.1     0   108    4346    (-,-) 
  u_crypto_synth_top/u_top/u_sha256/core/w_mem_inst/csa_tree_add_193_29_groupi/g2278/z (u)     in_1->z R     unmapped_nand2         3 16.5     0   173    4519    (-,-) 
  u_crypto_synth_top/u_top/u_sha256/core/w_mem_inst/csa_tree_add_193_29_groupi/g2277/z (u)     in_1->z F     unmapped_nand2         1  5.1     0   108    4627    (-,-) 
  u_crypto_synth_top/u_top/u_sha256/core/w_mem_inst/csa_tree_add_193_29_groupi/g2273/z (u)     in_0->z R     unmapped_nand2         3 16.5     0   173    4799    (-,-) 
  u_crypto_synth_top/u_top/u_sha256/core/w_mem_inst/csa_tree_add_193_29_groupi/g2272/z (u)     in_1->z F     unmapped_nand2         1  5.1     0   108    4908    (-,-) 
  u_crypto_synth_top/u_top/u_sha256/core/w_mem_inst/csa_tree_add_193_29_groupi/g2268/z (u)     in_0->z R     unmapped_nand2         3 16.5     0   173    5080    (-,-) 
  u_crypto_synth_top/u_top/u_sha256/core/w_mem_inst/csa_tree_add_193_29_groupi/g2264/z (u)     in_1->z F     unmapped_nand2         1  5.1     0   108    5188    (-,-) 
  u_crypto_synth_top/u_top/u_sha256/core/w_mem_inst/csa_tree_add_193_29_groupi/g2263/z (u)     in_0->z R     unmapped_nand2         3 16.5     0   173    5361    (-,-) 
  u_crypto_synth_top/u_top/u_sha256/core/w_mem_inst/csa_tree_add_193_29_groupi/g2259/z (u)     in_1->z F     unmapped_nand2         1  5.1     0   108    5469    (-,-) 
  u_crypto_synth_top/u_top/u_sha256/core/w_mem_inst/csa_tree_add_193_29_groupi/g2258/z (u)     in_1->z R     unmapped_nand2         3 16.5     0   173    5642    (-,-) 
  u_crypto_synth_top/u_top/u_sha256/core/w_mem_inst/csa_tree_add_193_29_groupi/g2254/z (u)     in_1->z F     unmapped_nand2         1  5.1     0   108    5750    (-,-) 
  u_crypto_synth_top/u_top/u_sha256/core/w_mem_inst/csa_tree_add_193_29_groupi/g2253/z (u)     in_0->z R     unmapped_nand2         3 16.5     0   173    5923    (-,-) 
  u_crypto_synth_top/u_top/u_sha256/core/w_mem_inst/csa_tree_add_193_29_groupi/g2252/z (u)     in_1->z F     unmapped_nand2         1  5.1     0   108    6031    (-,-) 
  u_crypto_synth_top/u_top/u_sha256/core/w_mem_inst/csa_tree_add_193_29_groupi/g2248/z (u)     in_0->z R     unmapped_nand2         3 16.5     0   173    6203    (-,-) 
  u_crypto_synth_top/u_top/u_sha256/core/w_mem_inst/csa_tree_add_193_29_groupi/g2244/z (u)     in_1->z F     unmapped_nand2         1  5.1     0   108    6312    (-,-) 
  u_crypto_synth_top/u_top/u_sha256/core/w_mem_inst/csa_tree_add_193_29_groupi/g2243/z (u)     in_0->z R     unmapped_nand2         4 22.0     0   214    6525    (-,-) 
  u_crypto_synth_top/u_top/u_sha256/core/w_mem_inst/csa_tree_add_193_29_groupi/g2242/z (u)     in_1->z F     unmapped_nand2         1  5.1     0   108    6634    (-,-) 
  u_crypto_synth_top/u_top/u_sha256/core/w_mem_inst/csa_tree_add_193_29_groupi/g2237/z (u)     in_1->z R     unmapped_nand2         2 11.0     0   142    6776    (-,-) 
  u_crypto_synth_top/u_top/u_sha256/core/w_mem_inst/csa_tree_add_193_29_groupi/g2234/z (u)     in_0->z R     unmapped_or2           1  5.5     0   108    6884    (-,-) 
  u_crypto_synth_top/u_top/u_sha256/core/w_mem_inst/csa_tree_add_193_29_groupi/g2235/z (u)     in_1->z F     unmapped_nand2         2 10.2     0   142    7026    (-,-) 
  u_crypto_synth_top/u_top/u_sha256/core/w_mem_inst/g10384/z                           (u)     in_1->z R     unmapped_nand2         1  5.5     0   114    7140    (-,-) 
  u_crypto_synth_top/u_top/u_sha256/core/w_mem_inst/g9726/z                            (u)     in_0->z F     unmapped_nand2         1  5.1     0   114    7254    (-,-) 
  u_crypto_synth_top/u_top/u_sha256/core/w_mem_inst/g9496/z                            (u)     in_0->z F     unmapped_or2           1  5.1     0   114    7368    (-,-) 
  u_crypto_synth_top/u_top/u_sha256/core/w_mem_inst/g9436/z                            (u)     in_0->z F     unmapped_or2           1  5.1     0   114    7482    (-,-) 
  u_crypto_synth_top/u_top/u_sha256/core/w_mem_inst/g9368/z                            (u)     in_0->z F     unmapped_or2           1  5.1     0   114    7596    (-,-) 
  u_crypto_synth_top/u_top/u_sha256/core/w_mem_inst/g9345/z                            (u)     in_0->z F     unmapped_complex2      4 20.4     0   227    7823    (-,-) 
  u_crypto_synth_top/u_top/u_sha256/core/csa_tree_add_341_39_groupi/g3213/z            (u)     in_1->z R     unmapped_complex2      1  5.5     0   108    7931    (-,-) 
  u_crypto_synth_top/u_top/u_sha256/core/csa_tree_add_341_39_groupi/g3214/z            (u)     in_1->z F     unmapped_nand2         2 10.2     0   142    8073    (-,-) 
  u_crypto_synth_top/u_top/u_sha256/core/csa_tree_add_341_39_groupi/g3090/z            (u)     in_1->z F     unmapped_or2           3 15.3     0   173    8246    (-,-) 
  u_crypto_synth_top/u_top/u_sha256/core/csa_tree_add_341_39_groupi/g3074/z            (u)     in_0->z R     unmapped_nand2         2 11.0     0   142    8388    (-,-) 
  u_crypto_synth_top/u_top/u_sha256/core/csa_tree_add_341_39_groupi/g3000/z            (u)     in_1->z R     unmapped_or2           1  5.5     0   108    8496    (-,-) 
  u_crypto_synth_top/u_top/u_sha256/core/csa_tree_add_341_39_groupi/g3001/z            (u)     in_1->z F     unmapped_nand2         6 30.6     0   236    8732    (-,-) 
  u_crypto_synth_top/u_top/u_sha256/core/add_430_26/g1640/z                            (u)     in_1->z F     unmapped_or2           3 15.3     0   165    8897    (-,-) 
  u_crypto_synth_top/u_top/u_sha256/core/add_430_26/g1553/z                            (u)     in_1->z R     unmapped_complex2      1  5.5     0   104    9002    (-,-) 
  u_crypto_synth_top/u_top/u_sha256/core/add_430_26/g1545/z                            (u)     in_0->z F     unmapped_nand2         1  5.1     0   104    9106    (-,-) 
  u_crypto_synth_top/u_top/u_sha256/core/add_430_26/g1468/z                            (u)     in_1->z F     unmapped_complex2      3 15.3     0   165    9271    (-,-) 
  u_crypto_synth_top/u_top/u_sha256/core/add_430_26/g1467/z                            (u)     in_1->z R     unmapped_nand2         1  5.5     0   104    9375    (-,-) 
  u_crypto_synth_top/u_top/u_sha256/core/add_430_26/g1460/z                            (u)     in_1->z F     unmapped_nand2         3 15.3     0   165    9540    (-,-) 
  u_crypto_synth_top/u_top/u_sha256/core/add_430_26/g1459/z                            (u)     in_0->z R     unmapped_nand2         1  5.5     0   104    9645    (-,-) 
  u_crypto_synth_top/u_top/u_sha256/core/add_430_26/g1455/z                            (u)     in_0->z F     unmapped_nand2         3 15.3     0   165    9810    (-,-) 
  u_crypto_synth_top/u_top/u_sha256/core/add_430_26/g1454/z                            (u)     in_1->z R     unmapped_nand2         1  5.5     0   104    9914    (-,-) 
  u_crypto_synth_top/u_top/u_sha256/core/add_430_26/g1450/z                            (u)     in_1->z F     unmapped_nand2         3 15.3     0   165   10079    (-,-) 
  u_crypto_synth_top/u_top/u_sha256/core/add_430_26/g1446/z                            (u)     in_1->z R     unmapped_nand2         1  5.5     0   104   10183    (-,-) 
  u_crypto_synth_top/u_top/u_sha256/core/add_430_26/g1445/z                            (u)     in_0->z F     unmapped_nand2         3 15.3     0   165   10349    (-,-) 
  u_crypto_synth_top/u_top/u_sha256/core/add_430_26/g1441/z                            (u)     in_1->z R     unmapped_nand2         1  5.5     0   104   10453    (-,-) 
  u_crypto_synth_top/u_top/u_sha256/core/add_430_26/g1440/z                            (u)     in_0->z F     unmapped_nand2         3 15.3     0   165   10618    (-,-) 
  u_crypto_synth_top/u_top/u_sha256/core/add_430_26/g1436/z                            (u)     in_1->z R     unmapped_nand2         1  5.5     0   104   10722    (-,-) 
  u_crypto_synth_top/u_top/u_sha256/core/add_430_26/g1435/z                            (u)     in_0->z F     unmapped_nand2         3 15.3     0   165   10887    (-,-) 
  u_crypto_synth_top/u_top/u_sha256/core/add_430_26/g1434/z                            (u)     in_1->z R     unmapped_nand2         1  5.5     0   104   10992    (-,-) 
  u_crypto_synth_top/u_top/u_sha256/core/add_430_26/g1430/z                            (u)     in_1->z F     unmapped_nand2         3 15.3     0   165   11157    (-,-) 
  u_crypto_synth_top/u_top/u_sha256/core/add_430_26/g1429/z                            (u)     in_0->z R     unmapped_nand2         1  5.5     0   104   11261    (-,-) 
  u_crypto_synth_top/u_top/u_sha256/core/add_430_26/g1425/z                            (u)     in_1->z F     unmapped_nand2         3 15.3     0   165   11426    (-,-) 
  u_crypto_synth_top/u_top/u_sha256/core/add_430_26/g1421/z                            (u)     in_1->z R     unmapped_nand2         1  5.5     0   104   11530    (-,-) 
  u_crypto_synth_top/u_top/u_sha256/core/add_430_26/g1420/z                            (u)     in_1->z F     unmapped_nand2         3 15.3     0   165   11696    (-,-) 
  u_crypto_synth_top/u_top/u_sha256/core/add_430_26/g1419/z                            (u)     in_0->z R     unmapped_nand2         1  5.5     0   104   11800    (-,-) 
  u_crypto_synth_top/u_top/u_sha256/core/add_430_26/g1415/z                            (u)     in_1->z F     unmapped_nand2         3 15.3     0   165   11965    (-,-) 
  u_crypto_synth_top/u_top/u_sha256/core/add_430_26/g1413/z                            (u)     in_0->z F     unmapped_or2           1  5.1     0   104   12069    (-,-) 
  u_crypto_synth_top/u_top/u_sha256/core/add_430_26/g1414/z                            (u)     in_1->z R     unmapped_nand2         1  5.5     0   104   12173    (-,-) 
  u_crypto_synth_top/u_top/u_sha256/core/g16726/z                                      (u)     in_0->z F     unmapped_complex2      1  5.1     0   117   12290    (-,-) 
  u_crypto_synth_top/u_top/u_sha256/core/g15198/z                                      (u)     in_1->z R     unmapped_nand2         1  5.5     0   117   12407    (-,-) 
  u_crypto_synth_top/u_top/u_sha256/core/g14863/z                                      (u)     in_0->z R     unmapped_complex2      1  5.5     0   117   12524    (-,-) 
  u_crypto_synth_top/u_top/u_sha256/core/g14736/z                                      (u)     in_1->z R     unmapped_complex2      1  5.5     0   117   12641    (-,-) 
  u_crypto_synth_top/u_top/u_sha256/core/e_reg_reg[28]/d                               -       -       R     unmapped_d_flop        1    -     -     0   12641    (-,-) 
#-----------------------------------------------------------------------------------------------------------------------------------------------------------------------

(u) : Net has unmapped pin(s).



Path 10: MET (42706 ps) Setup Check with Pin u_crypto_synth_top/u_top/u_sha256/core/e_reg_reg[27]/clk->d
          Group: R2R
     Startpoint: (R) u_crypto_synth_top/u_top/u_sha256/core/w_mem_inst/w_mem_reg[14][19]/clk
          Clock: (R) MAIN_CLK
       Endpoint: (R) u_crypto_synth_top/u_top/u_sha256/core/e_reg_reg[27]/d
          Clock: (R) MAIN_CLK

                     Capture       Launch     
        Clock Edge:+   58000            0     
       Src Latency:+     150          250     
       Net Latency:+       0 (I)        0 (I) 
           Arrival:=   58150          250     
                                              
             Setup:-     122                  
       Uncertainty:-    1450                  
       Path Adjust:+   -1500                  
     Required Time:=   55078                  
      Launch Clock:-     250                  
         Data Path:-   12122                  
             Slack:=   42706                  

Exceptions/Constraints:
  path_adjust            -1500            PA_C2C 

#-----------------------------------------------------------------------------------------------------------------------------------------------------------------------
#                                    Timing Point                                      Flags    Arc    Edge       Cell         Fanout Load Trans Delay Arrival Instance 
#                                                                                                                                     (fF)  (ps)  (ps)   (ps)  Location 
#-----------------------------------------------------------------------------------------------------------------------------------------------------------------------
  u_crypto_synth_top/u_top/u_sha256/core/w_mem_inst/w_mem_reg[14][19]/clk              -       -       R     (arrival)          19892    -     0     0     250    (-,-) 
  u_crypto_synth_top/u_top/u_sha256/core/w_mem_inst/w_mem_reg[14][19]/q                (u)     clk->q  F     unmapped_d_flop        9 45.9     0   878    1128    (-,-) 
  u_crypto_synth_top/u_top/u_sha256/core/w_mem_inst/g7543/z                            (u)     in_1->z R     unmapped_complex2      1  5.5     0   114    1242    (-,-) 
  u_crypto_synth_top/u_top/u_sha256/core/w_mem_inst/g7544/z                            (u)     in_1->z F     unmapped_nand2         2 10.2     0   150    1393    (-,-) 
  u_crypto_synth_top/u_top/u_sha256/core/w_mem_inst/g7330/z                            (u)     in_0->z F     unmapped_complex2      1  5.1     0   114    1507    (-,-) 
  u_crypto_synth_top/u_top/u_sha256/core/w_mem_inst/g7331/z                            (u)     in_1->z R     unmapped_nand2         4 22.0     0   227    1734    (-,-) 
  u_crypto_synth_top/u_top/u_sha256/core/w_mem_inst/csa_tree_add_193_29_groupi/g1585/z (u)     in_1->z R     unmapped_or2           1  5.5     0   108    1842    (-,-) 
  u_crypto_synth_top/u_top/u_sha256/core/w_mem_inst/csa_tree_add_193_29_groupi/g2744/z (u)     in_0->z F     unmapped_nand2         1  5.1     0   108    1950    (-,-) 
  u_crypto_synth_top/u_top/u_sha256/core/w_mem_inst/csa_tree_add_193_29_groupi/g2630/z (u)     in_0->z R     unmapped_nand2         4 22.0     0   214    2164    (-,-) 
  u_crypto_synth_top/u_top/u_sha256/core/w_mem_inst/csa_tree_add_193_29_groupi/g1561/z (u)     in_0->z R     unmapped_or2           1  5.5     0   108    2272    (-,-) 
  u_crypto_synth_top/u_top/u_sha256/core/w_mem_inst/csa_tree_add_193_29_groupi/g2432/z (u)     in_0->z F     unmapped_nand2         1  5.1     0   108    2380    (-,-) 
  u_crypto_synth_top/u_top/u_sha256/core/w_mem_inst/csa_tree_add_193_29_groupi/g2402/z (u)     in_0->z R     unmapped_nand2         3 16.5     0   173    2553    (-,-) 
  u_crypto_synth_top/u_top/u_sha256/core/w_mem_inst/csa_tree_add_193_29_groupi/g2313/z (u)     in_1->z F     unmapped_nand2         1  5.1     0   108    2661    (-,-) 
  u_crypto_synth_top/u_top/u_sha256/core/w_mem_inst/csa_tree_add_193_29_groupi/g2309/z (u)     in_0->z R     unmapped_nand2         3 16.5     0   173    2834    (-,-) 
  u_crypto_synth_top/u_top/u_sha256/core/w_mem_inst/csa_tree_add_193_29_groupi/g2307/z (u)     in_1->z F     unmapped_nand2         1  5.1     0   108    2942    (-,-) 
  u_crypto_synth_top/u_top/u_sha256/core/w_mem_inst/csa_tree_add_193_29_groupi/g2303/z (u)     in_0->z R     unmapped_nand2         3 16.5     0   173    3115    (-,-) 
  u_crypto_synth_top/u_top/u_sha256/core/w_mem_inst/csa_tree_add_193_29_groupi/g2299/z (u)     in_1->z F     unmapped_nand2         1  5.1     0   108    3223    (-,-) 
  u_crypto_synth_top/u_top/u_sha256/core/w_mem_inst/csa_tree_add_193_29_groupi/g2298/z (u)     in_0->z R     unmapped_nand2         3 16.5     0   173    3395    (-,-) 
  u_crypto_synth_top/u_top/u_sha256/core/w_mem_inst/csa_tree_add_193_29_groupi/g2294/z (u)     in_1->z F     unmapped_nand2         1  5.1     0   108    3504    (-,-) 
  u_crypto_synth_top/u_top/u_sha256/core/w_mem_inst/csa_tree_add_193_29_groupi/g2293/z (u)     in_0->z R     unmapped_nand2         3 16.5     0   173    3676    (-,-) 
  u_crypto_synth_top/u_top/u_sha256/core/w_mem_inst/csa_tree_add_193_29_groupi/g2289/z (u)     in_1->z F     unmapped_nand2         1  5.1     0   108    3784    (-,-) 
  u_crypto_synth_top/u_top/u_sha256/core/w_mem_inst/csa_tree_add_193_29_groupi/g2288/z (u)     in_0->z R     unmapped_nand2         3 16.5     0   173    3957    (-,-) 
  u_crypto_synth_top/u_top/u_sha256/core/w_mem_inst/csa_tree_add_193_29_groupi/g2284/z (u)     in_1->z F     unmapped_nand2         1  5.1     0   108    4065    (-,-) 
  u_crypto_synth_top/u_top/u_sha256/core/w_mem_inst/csa_tree_add_193_29_groupi/g2283/z (u)     in_0->z R     unmapped_nand2         3 16.5     0   173    4238    (-,-) 
  u_crypto_synth_top/u_top/u_sha256/core/w_mem_inst/csa_tree_add_193_29_groupi/g2282/z (u)     in_1->z F     unmapped_nand2         1  5.1     0   108    4346    (-,-) 
  u_crypto_synth_top/u_top/u_sha256/core/w_mem_inst/csa_tree_add_193_29_groupi/g2278/z (u)     in_1->z R     unmapped_nand2         3 16.5     0   173    4519    (-,-) 
  u_crypto_synth_top/u_top/u_sha256/core/w_mem_inst/csa_tree_add_193_29_groupi/g2277/z (u)     in_1->z F     unmapped_nand2         1  5.1     0   108    4627    (-,-) 
  u_crypto_synth_top/u_top/u_sha256/core/w_mem_inst/csa_tree_add_193_29_groupi/g2273/z (u)     in_0->z R     unmapped_nand2         3 16.5     0   173    4799    (-,-) 
  u_crypto_synth_top/u_top/u_sha256/core/w_mem_inst/csa_tree_add_193_29_groupi/g2272/z (u)     in_1->z F     unmapped_nand2         1  5.1     0   108    4908    (-,-) 
  u_crypto_synth_top/u_top/u_sha256/core/w_mem_inst/csa_tree_add_193_29_groupi/g2268/z (u)     in_0->z R     unmapped_nand2         3 16.5     0   173    5080    (-,-) 
  u_crypto_synth_top/u_top/u_sha256/core/w_mem_inst/csa_tree_add_193_29_groupi/g2264/z (u)     in_1->z F     unmapped_nand2         1  5.1     0   108    5188    (-,-) 
  u_crypto_synth_top/u_top/u_sha256/core/w_mem_inst/csa_tree_add_193_29_groupi/g2263/z (u)     in_0->z R     unmapped_nand2         3 16.5     0   173    5361    (-,-) 
  u_crypto_synth_top/u_top/u_sha256/core/w_mem_inst/csa_tree_add_193_29_groupi/g2259/z (u)     in_1->z F     unmapped_nand2         1  5.1     0   108    5469    (-,-) 
  u_crypto_synth_top/u_top/u_sha256/core/w_mem_inst/csa_tree_add_193_29_groupi/g2258/z (u)     in_1->z R     unmapped_nand2         3 16.5     0   173    5642    (-,-) 
  u_crypto_synth_top/u_top/u_sha256/core/w_mem_inst/csa_tree_add_193_29_groupi/g2254/z (u)     in_1->z F     unmapped_nand2         1  5.1     0   108    5750    (-,-) 
  u_crypto_synth_top/u_top/u_sha256/core/w_mem_inst/csa_tree_add_193_29_groupi/g2253/z (u)     in_0->z R     unmapped_nand2         3 16.5     0   173    5923    (-,-) 
  u_crypto_synth_top/u_top/u_sha256/core/w_mem_inst/csa_tree_add_193_29_groupi/g2252/z (u)     in_1->z F     unmapped_nand2         1  5.1     0   108    6031    (-,-) 
  u_crypto_synth_top/u_top/u_sha256/core/w_mem_inst/csa_tree_add_193_29_groupi/g2248/z (u)     in_0->z R     unmapped_nand2         3 16.5     0   173    6203    (-,-) 
  u_crypto_synth_top/u_top/u_sha256/core/w_mem_inst/csa_tree_add_193_29_groupi/g2244/z (u)     in_1->z F     unmapped_nand2         1  5.1     0   108    6312    (-,-) 
  u_crypto_synth_top/u_top/u_sha256/core/w_mem_inst/csa_tree_add_193_29_groupi/g2243/z (u)     in_0->z R     unmapped_nand2         4 22.0     0   214    6525    (-,-) 
  u_crypto_synth_top/u_top/u_sha256/core/w_mem_inst/csa_tree_add_193_29_groupi/g2242/z (u)     in_1->z F     unmapped_nand2         1  5.1     0   108    6634    (-,-) 
  u_crypto_synth_top/u_top/u_sha256/core/w_mem_inst/csa_tree_add_193_29_groupi/g2237/z (u)     in_1->z R     unmapped_nand2         2 11.0     0   142    6776    (-,-) 
  u_crypto_synth_top/u_top/u_sha256/core/w_mem_inst/csa_tree_add_193_29_groupi/g2234/z (u)     in_0->z R     unmapped_or2           1  5.5     0   108    6884    (-,-) 
  u_crypto_synth_top/u_top/u_sha256/core/w_mem_inst/csa_tree_add_193_29_groupi/g2235/z (u)     in_1->z F     unmapped_nand2         2 10.2     0   142    7026    (-,-) 
  u_crypto_synth_top/u_top/u_sha256/core/w_mem_inst/g10384/z                           (u)     in_1->z R     unmapped_nand2         1  5.5     0   114    7140    (-,-) 
  u_crypto_synth_top/u_top/u_sha256/core/w_mem_inst/g9726/z                            (u)     in_0->z F     unmapped_nand2         1  5.1     0   114    7254    (-,-) 
  u_crypto_synth_top/u_top/u_sha256/core/w_mem_inst/g9496/z                            (u)     in_0->z F     unmapped_or2           1  5.1     0   114    7368    (-,-) 
  u_crypto_synth_top/u_top/u_sha256/core/w_mem_inst/g9436/z                            (u)     in_0->z F     unmapped_or2           1  5.1     0   114    7482    (-,-) 
  u_crypto_synth_top/u_top/u_sha256/core/w_mem_inst/g9368/z                            (u)     in_0->z F     unmapped_or2           1  5.1     0   114    7596    (-,-) 
  u_crypto_synth_top/u_top/u_sha256/core/w_mem_inst/g9345/z                            (u)     in_0->z F     unmapped_complex2      4 20.4     0   227    7823    (-,-) 
  u_crypto_synth_top/u_top/u_sha256/core/csa_tree_add_341_39_groupi/g3213/z            (u)     in_1->z R     unmapped_complex2      1  5.5     0   108    7931    (-,-) 
  u_crypto_synth_top/u_top/u_sha256/core/csa_tree_add_341_39_groupi/g3214/z            (u)     in_1->z F     unmapped_nand2         2 10.2     0   142    8073    (-,-) 
  u_crypto_synth_top/u_top/u_sha256/core/csa_tree_add_341_39_groupi/g3090/z            (u)     in_1->z F     unmapped_or2           3 15.3     0   173    8246    (-,-) 
  u_crypto_synth_top/u_top/u_sha256/core/csa_tree_add_341_39_groupi/g3074/z            (u)     in_0->z R     unmapped_nand2         2 11.0     0   142    8388    (-,-) 
  u_crypto_synth_top/u_top/u_sha256/core/csa_tree_add_341_39_groupi/g3000/z            (u)     in_1->z R     unmapped_or2           1  5.5     0   108    8496    (-,-) 
  u_crypto_synth_top/u_top/u_sha256/core/csa_tree_add_341_39_groupi/g3001/z            (u)     in_1->z F     unmapped_nand2         6 30.6     0   236    8732    (-,-) 
  u_crypto_synth_top/u_top/u_sha256/core/add_430_26/g1640/z                            (u)     in_1->z F     unmapped_or2           3 15.3     0   165    8897    (-,-) 
  u_crypto_synth_top/u_top/u_sha256/core/add_430_26/g1553/z                            (u)     in_1->z R     unmapped_complex2      1  5.5     0   104    9002    (-,-) 
  u_crypto_synth_top/u_top/u_sha256/core/add_430_26/g1545/z                            (u)     in_0->z F     unmapped_nand2         1  5.1     0   104    9106    (-,-) 
  u_crypto_synth_top/u_top/u_sha256/core/add_430_26/g1468/z                            (u)     in_1->z F     unmapped_complex2      3 15.3     0   165    9271    (-,-) 
  u_crypto_synth_top/u_top/u_sha256/core/add_430_26/g1467/z                            (u)     in_1->z R     unmapped_nand2         1  5.5     0   104    9375    (-,-) 
  u_crypto_synth_top/u_top/u_sha256/core/add_430_26/g1460/z                            (u)     in_1->z F     unmapped_nand2         3 15.3     0   165    9540    (-,-) 
  u_crypto_synth_top/u_top/u_sha256/core/add_430_26/g1459/z                            (u)     in_0->z R     unmapped_nand2         1  5.5     0   104    9645    (-,-) 
  u_crypto_synth_top/u_top/u_sha256/core/add_430_26/g1455/z                            (u)     in_0->z F     unmapped_nand2         3 15.3     0   165    9810    (-,-) 
  u_crypto_synth_top/u_top/u_sha256/core/add_430_26/g1454/z                            (u)     in_1->z R     unmapped_nand2         1  5.5     0   104    9914    (-,-) 
  u_crypto_synth_top/u_top/u_sha256/core/add_430_26/g1450/z                            (u)     in_1->z F     unmapped_nand2         3 15.3     0   165   10079    (-,-) 
  u_crypto_synth_top/u_top/u_sha256/core/add_430_26/g1446/z                            (u)     in_1->z R     unmapped_nand2         1  5.5     0   104   10183    (-,-) 
  u_crypto_synth_top/u_top/u_sha256/core/add_430_26/g1445/z                            (u)     in_0->z F     unmapped_nand2         3 15.3     0   165   10349    (-,-) 
  u_crypto_synth_top/u_top/u_sha256/core/add_430_26/g1441/z                            (u)     in_1->z R     unmapped_nand2         1  5.5     0   104   10453    (-,-) 
  u_crypto_synth_top/u_top/u_sha256/core/add_430_26/g1440/z                            (u)     in_0->z F     unmapped_nand2         3 15.3     0   165   10618    (-,-) 
  u_crypto_synth_top/u_top/u_sha256/core/add_430_26/g1436/z                            (u)     in_1->z R     unmapped_nand2         1  5.5     0   104   10722    (-,-) 
  u_crypto_synth_top/u_top/u_sha256/core/add_430_26/g1435/z                            (u)     in_0->z F     unmapped_nand2         3 15.3     0   165   10887    (-,-) 
  u_crypto_synth_top/u_top/u_sha256/core/add_430_26/g1434/z                            (u)     in_1->z R     unmapped_nand2         1  5.5     0   104   10992    (-,-) 
  u_crypto_synth_top/u_top/u_sha256/core/add_430_26/g1430/z                            (u)     in_1->z F     unmapped_nand2         3 15.3     0   165   11157    (-,-) 
  u_crypto_synth_top/u_top/u_sha256/core/add_430_26/g1429/z                            (u)     in_0->z R     unmapped_nand2         1  5.5     0   104   11261    (-,-) 
  u_crypto_synth_top/u_top/u_sha256/core/add_430_26/g1425/z                            (u)     in_1->z F     unmapped_nand2         3 15.3     0   165   11426    (-,-) 
  u_crypto_synth_top/u_top/u_sha256/core/add_430_26/g1421/z                            (u)     in_1->z R     unmapped_nand2         1  5.5     0   104   11530    (-,-) 
  u_crypto_synth_top/u_top/u_sha256/core/add_430_26/g1420/z                            (u)     in_1->z F     unmapped_nand2         3 15.3     0   165   11696    (-,-) 
  u_crypto_synth_top/u_top/u_sha256/core/add_430_26/g1417/z                            (u)     in_0->z F     unmapped_or2           1  5.1     0   104   11800    (-,-) 
  u_crypto_synth_top/u_top/u_sha256/core/add_430_26/g1418/z                            (u)     in_1->z R     unmapped_nand2         1  5.5     0   104   11904    (-,-) 
  u_crypto_synth_top/u_top/u_sha256/core/g16882/z                                      (u)     in_0->z F     unmapped_complex2      1  5.1     0   117   12021    (-,-) 
  u_crypto_synth_top/u_top/u_sha256/core/g15183/z                                      (u)     in_0->z R     unmapped_nand2         1  5.5     0   117   12138    (-,-) 
  u_crypto_synth_top/u_top/u_sha256/core/g14880/z                                      (u)     in_0->z R     unmapped_complex2      1  5.5     0   117   12255    (-,-) 
  u_crypto_synth_top/u_top/u_sha256/core/g14769/z                                      (u)     in_0->z R     unmapped_complex2      1  5.5     0   117   12372    (-,-) 
  u_crypto_synth_top/u_top/u_sha256/core/e_reg_reg[27]/d                               -       -       R     unmapped_d_flop        1    -     -     0   12372    (-,-) 
#-----------------------------------------------------------------------------------------------------------------------------------------------------------------------

(u) : Net has unmapped pin(s).



Path 11: MET (42888 ps) Setup Check with Pin u_crypto_synth_top/u_top/u_sha256/core/a_reg_reg[26]/clk->d
          Group: R2R
     Startpoint: (R) u_crypto_synth_top/u_top/u_sha256/core/w_mem_inst/w_mem_reg[14][19]/clk
          Clock: (R) MAIN_CLK
       Endpoint: (R) u_crypto_synth_top/u_top/u_sha256/core/a_reg_reg[26]/d
          Clock: (R) MAIN_CLK

                     Capture       Launch     
        Clock Edge:+   58000            0     
       Src Latency:+     150          250     
       Net Latency:+       0 (I)        0 (I) 
           Arrival:=   58150          250     
                                              
             Setup:-     122                  
       Uncertainty:-    1450                  
       Path Adjust:+   -1500                  
     Required Time:=   55078                  
      Launch Clock:-     250                  
         Data Path:-   11939                  
             Slack:=   42888                  

Exceptions/Constraints:
  path_adjust            -1500            PA_C2C 

#-----------------------------------------------------------------------------------------------------------------------------------------------------------------------
#                                    Timing Point                                      Flags    Arc    Edge       Cell         Fanout Load Trans Delay Arrival Instance 
#                                                                                                                                     (fF)  (ps)  (ps)   (ps)  Location 
#-----------------------------------------------------------------------------------------------------------------------------------------------------------------------
  u_crypto_synth_top/u_top/u_sha256/core/w_mem_inst/w_mem_reg[14][19]/clk              -       -       R     (arrival)          19892    -     0     0     250    (-,-) 
  u_crypto_synth_top/u_top/u_sha256/core/w_mem_inst/w_mem_reg[14][19]/q                (u)     clk->q  R     unmapped_d_flop        9 49.5     0   878    1128    (-,-) 
  u_crypto_synth_top/u_top/u_sha256/core/w_mem_inst/g7543/z                            (u)     in_1->z F     unmapped_complex2      1  5.1     0   114    1242    (-,-) 
  u_crypto_synth_top/u_top/u_sha256/core/w_mem_inst/g7544/z                            (u)     in_1->z R     unmapped_nand2         2 11.0     0   150    1393    (-,-) 
  u_crypto_synth_top/u_top/u_sha256/core/w_mem_inst/g7330/z                            (u)     in_0->z R     unmapped_complex2      1  5.5     0   114    1507    (-,-) 
  u_crypto_synth_top/u_top/u_sha256/core/w_mem_inst/g7331/z                            (u)     in_1->z F     unmapped_nand2         4 20.4     0   227    1734    (-,-) 
  u_crypto_synth_top/u_top/u_sha256/core/w_mem_inst/csa_tree_add_193_29_groupi/g1585/z (u)     in_1->z F     unmapped_or2           1  5.1     0   108    1842    (-,-) 
  u_crypto_synth_top/u_top/u_sha256/core/w_mem_inst/csa_tree_add_193_29_groupi/g2744/z (u)     in_0->z R     unmapped_nand2         1  5.5     0   108    1950    (-,-) 
  u_crypto_synth_top/u_top/u_sha256/core/w_mem_inst/csa_tree_add_193_29_groupi/g2630/z (u)     in_0->z F     unmapped_nand2         4 20.4     0   214    2164    (-,-) 
  u_crypto_synth_top/u_top/u_sha256/core/w_mem_inst/csa_tree_add_193_29_groupi/g1561/z (u)     in_0->z F     unmapped_or2           1  5.1     0   108    2272    (-,-) 
  u_crypto_synth_top/u_top/u_sha256/core/w_mem_inst/csa_tree_add_193_29_groupi/g2432/z (u)     in_0->z R     unmapped_nand2         1  5.5     0   108    2380    (-,-) 
  u_crypto_synth_top/u_top/u_sha256/core/w_mem_inst/csa_tree_add_193_29_groupi/g2402/z (u)     in_0->z F     unmapped_nand2         3 15.3     0   173    2553    (-,-) 
  u_crypto_synth_top/u_top/u_sha256/core/w_mem_inst/csa_tree_add_193_29_groupi/g2313/z (u)     in_1->z R     unmapped_nand2         1  5.5     0   108    2661    (-,-) 
  u_crypto_synth_top/u_top/u_sha256/core/w_mem_inst/csa_tree_add_193_29_groupi/g2309/z (u)     in_0->z F     unmapped_nand2         3 15.3     0   173    2834    (-,-) 
  u_crypto_synth_top/u_top/u_sha256/core/w_mem_inst/csa_tree_add_193_29_groupi/g2307/z (u)     in_1->z R     unmapped_nand2         1  5.5     0   108    2942    (-,-) 
  u_crypto_synth_top/u_top/u_sha256/core/w_mem_inst/csa_tree_add_193_29_groupi/g2303/z (u)     in_0->z F     unmapped_nand2         3 15.3     0   173    3115    (-,-) 
  u_crypto_synth_top/u_top/u_sha256/core/w_mem_inst/csa_tree_add_193_29_groupi/g2299/z (u)     in_1->z R     unmapped_nand2         1  5.5     0   108    3223    (-,-) 
  u_crypto_synth_top/u_top/u_sha256/core/w_mem_inst/csa_tree_add_193_29_groupi/g2298/z (u)     in_0->z F     unmapped_nand2         3 15.3     0   173    3395    (-,-) 
  u_crypto_synth_top/u_top/u_sha256/core/w_mem_inst/csa_tree_add_193_29_groupi/g2294/z (u)     in_1->z R     unmapped_nand2         1  5.5     0   108    3504    (-,-) 
  u_crypto_synth_top/u_top/u_sha256/core/w_mem_inst/csa_tree_add_193_29_groupi/g2293/z (u)     in_0->z F     unmapped_nand2         3 15.3     0   173    3676    (-,-) 
  u_crypto_synth_top/u_top/u_sha256/core/w_mem_inst/csa_tree_add_193_29_groupi/g2289/z (u)     in_1->z R     unmapped_nand2         1  5.5     0   108    3784    (-,-) 
  u_crypto_synth_top/u_top/u_sha256/core/w_mem_inst/csa_tree_add_193_29_groupi/g2288/z (u)     in_0->z F     unmapped_nand2         3 15.3     0   173    3957    (-,-) 
  u_crypto_synth_top/u_top/u_sha256/core/w_mem_inst/csa_tree_add_193_29_groupi/g2284/z (u)     in_1->z R     unmapped_nand2         1  5.5     0   108    4065    (-,-) 
  u_crypto_synth_top/u_top/u_sha256/core/w_mem_inst/csa_tree_add_193_29_groupi/g2283/z (u)     in_0->z F     unmapped_nand2         3 15.3     0   173    4238    (-,-) 
  u_crypto_synth_top/u_top/u_sha256/core/w_mem_inst/csa_tree_add_193_29_groupi/g2282/z (u)     in_1->z R     unmapped_nand2         1  5.5     0   108    4346    (-,-) 
  u_crypto_synth_top/u_top/u_sha256/core/w_mem_inst/csa_tree_add_193_29_groupi/g2278/z (u)     in_1->z F     unmapped_nand2         3 15.3     0   173    4519    (-,-) 
  u_crypto_synth_top/u_top/u_sha256/core/w_mem_inst/csa_tree_add_193_29_groupi/g2277/z (u)     in_1->z R     unmapped_nand2         1  5.5     0   108    4627    (-,-) 
  u_crypto_synth_top/u_top/u_sha256/core/w_mem_inst/csa_tree_add_193_29_groupi/g2273/z (u)     in_0->z F     unmapped_nand2         3 15.3     0   173    4799    (-,-) 
  u_crypto_synth_top/u_top/u_sha256/core/w_mem_inst/csa_tree_add_193_29_groupi/g2272/z (u)     in_1->z R     unmapped_nand2         1  5.5     0   108    4908    (-,-) 
  u_crypto_synth_top/u_top/u_sha256/core/w_mem_inst/csa_tree_add_193_29_groupi/g2268/z (u)     in_0->z F     unmapped_nand2         3 15.3     0   173    5080    (-,-) 
  u_crypto_synth_top/u_top/u_sha256/core/w_mem_inst/csa_tree_add_193_29_groupi/g2264/z (u)     in_1->z R     unmapped_nand2         1  5.5     0   108    5188    (-,-) 
  u_crypto_synth_top/u_top/u_sha256/core/w_mem_inst/csa_tree_add_193_29_groupi/g2263/z (u)     in_0->z F     unmapped_nand2         3 15.3     0   173    5361    (-,-) 
  u_crypto_synth_top/u_top/u_sha256/core/w_mem_inst/csa_tree_add_193_29_groupi/g2259/z (u)     in_1->z R     unmapped_nand2         1  5.5     0   108    5469    (-,-) 
  u_crypto_synth_top/u_top/u_sha256/core/w_mem_inst/csa_tree_add_193_29_groupi/g2258/z (u)     in_1->z F     unmapped_nand2         3 15.3     0   173    5642    (-,-) 
  u_crypto_synth_top/u_top/u_sha256/core/w_mem_inst/csa_tree_add_193_29_groupi/g2254/z (u)     in_1->z R     unmapped_nand2         1  5.5     0   108    5750    (-,-) 
  u_crypto_synth_top/u_top/u_sha256/core/w_mem_inst/csa_tree_add_193_29_groupi/g2253/z (u)     in_0->z F     unmapped_nand2         3 15.3     0   173    5923    (-,-) 
  u_crypto_synth_top/u_top/u_sha256/core/w_mem_inst/csa_tree_add_193_29_groupi/g2252/z (u)     in_1->z R     unmapped_nand2         1  5.5     0   108    6031    (-,-) 
  u_crypto_synth_top/u_top/u_sha256/core/w_mem_inst/csa_tree_add_193_29_groupi/g2248/z (u)     in_0->z F     unmapped_nand2         3 15.3     0   173    6203    (-,-) 
  u_crypto_synth_top/u_top/u_sha256/core/w_mem_inst/csa_tree_add_193_29_groupi/g2244/z (u)     in_1->z R     unmapped_nand2         1  5.5     0   108    6312    (-,-) 
  u_crypto_synth_top/u_top/u_sha256/core/w_mem_inst/csa_tree_add_193_29_groupi/g2243/z (u)     in_0->z F     unmapped_nand2         4 20.4     0   214    6525    (-,-) 
  u_crypto_synth_top/u_top/u_sha256/core/w_mem_inst/csa_tree_add_193_29_groupi/g2242/z (u)     in_1->z R     unmapped_nand2         1  5.5     0   108    6634    (-,-) 
  u_crypto_synth_top/u_top/u_sha256/core/w_mem_inst/csa_tree_add_193_29_groupi/g2237/z (u)     in_1->z F     unmapped_nand2         2 10.2     0   142    6776    (-,-) 
  u_crypto_synth_top/u_top/u_sha256/core/w_mem_inst/csa_tree_add_193_29_groupi/g2234/z (u)     in_0->z F     unmapped_or2           1  5.1     0   108    6884    (-,-) 
  u_crypto_synth_top/u_top/u_sha256/core/w_mem_inst/csa_tree_add_193_29_groupi/g2235/z (u)     in_1->z R     unmapped_nand2         2 11.0     0   142    7026    (-,-) 
  u_crypto_synth_top/u_top/u_sha256/core/w_mem_inst/g10384/z                           (u)     in_1->z F     unmapped_nand2         1  5.1     0   114    7140    (-,-) 
  u_crypto_synth_top/u_top/u_sha256/core/w_mem_inst/g9726/z                            (u)     in_0->z R     unmapped_nand2         1  5.5     0   114    7254    (-,-) 
  u_crypto_synth_top/u_top/u_sha256/core/w_mem_inst/g9496/z                            (u)     in_0->z R     unmapped_or2           1  5.5     0   114    7368    (-,-) 
  u_crypto_synth_top/u_top/u_sha256/core/w_mem_inst/g9436/z                            (u)     in_0->z R     unmapped_or2           1  5.5     0   114    7482    (-,-) 
  u_crypto_synth_top/u_top/u_sha256/core/w_mem_inst/g9368/z                            (u)     in_0->z R     unmapped_or2           1  5.5     0   114    7596    (-,-) 
  u_crypto_synth_top/u_top/u_sha256/core/w_mem_inst/g9345/z                            (u)     in_0->z R     unmapped_complex2      4 22.0     0   227    7823    (-,-) 
  u_crypto_synth_top/u_top/u_sha256/core/csa_tree_add_341_39_groupi/g3213/z            (u)     in_1->z F     unmapped_complex2      1  5.1     0   108    7931    (-,-) 
  u_crypto_synth_top/u_top/u_sha256/core/csa_tree_add_341_39_groupi/g3214/z            (u)     in_1->z R     unmapped_nand2         2 11.0     0   142    8073    (-,-) 
  u_crypto_synth_top/u_top/u_sha256/core/csa_tree_add_341_39_groupi/g3090/z            (u)     in_1->z R     unmapped_or2           3 16.5     0   173    8246    (-,-) 
  u_crypto_synth_top/u_top/u_sha256/core/csa_tree_add_341_39_groupi/g3073/z            (u)     in_1->z F     unmapped_complex2      1  5.1     0   108    8354    (-,-) 
  u_crypto_synth_top/u_top/u_sha256/core/csa_tree_add_341_39_groupi/g3070/z            (u)     in_0->z R     unmapped_nand2         1  5.5     0   108    8462    (-,-) 
  u_crypto_synth_top/u_top/u_sha256/core/csa_tree_add_341_39_groupi/g3003/z            (u)     in_1->z R     unmapped_complex2      3 16.5     0   173    8635    (-,-) 
  u_crypto_synth_top/u_top/u_sha256/core/csa_tree_add_341_39_groupi/g2995/z            (u)     in_1->z F     unmapped_nand2         1  5.1     0   108    8743    (-,-) 
  u_crypto_synth_top/u_top/u_sha256/core/csa_tree_add_341_39_groupi/g2994/z            (u)     in_1->z R     unmapped_nand2         3 16.5     0   173    8916    (-,-) 
  u_crypto_synth_top/u_top/u_sha256/core/csa_tree_add_341_39_groupi/g2993/z            (u)     in_0->z F     unmapped_nand2         1  5.1     0   108    9024    (-,-) 
  u_crypto_synth_top/u_top/u_sha256/core/csa_tree_add_341_39_groupi/g2989/z            (u)     in_0->z R     unmapped_nand2         3 16.5     0   173    9196    (-,-) 
  u_crypto_synth_top/u_top/u_sha256/core/csa_tree_add_341_39_groupi/g2985/z            (u)     in_1->z F     unmapped_nand2         1  5.1     0   108    9305    (-,-) 
  u_crypto_synth_top/u_top/u_sha256/core/csa_tree_add_341_39_groupi/g2984/z            (u)     in_1->z R     unmapped_nand2         3 16.5     0   173    9477    (-,-) 
  u_crypto_synth_top/u_top/u_sha256/core/csa_tree_add_341_39_groupi/g2983/z            (u)     in_1->z F     unmapped_nand2         1  5.1     0   108    9585    (-,-) 
  u_crypto_synth_top/u_top/u_sha256/core/csa_tree_add_341_39_groupi/g2979/z            (u)     in_0->z R     unmapped_nand2         3 16.5     0   173    9758    (-,-) 
  u_crypto_synth_top/u_top/u_sha256/core/csa_tree_add_341_39_groupi/g2978/z            (u)     in_1->z F     unmapped_nand2         1  5.1     0   108    9866    (-,-) 
  u_crypto_synth_top/u_top/u_sha256/core/csa_tree_add_341_39_groupi/g2974/z            (u)     in_0->z R     unmapped_nand2         3 16.5     0   173   10039    (-,-) 
  u_crypto_synth_top/u_top/u_sha256/core/csa_tree_add_341_39_groupi/g2970/z            (u)     in_1->z F     unmapped_nand2         1  5.1     0   108   10147    (-,-) 
  u_crypto_synth_top/u_top/u_sha256/core/csa_tree_add_341_39_groupi/g2969/z            (u)     in_0->z R     unmapped_nand2         4 22.0     0   214   10361    (-,-) 
  u_crypto_synth_top/u_top/u_sha256/core/csa_tree_add_341_39_groupi/g2964/z            (u)     in_1->z F     unmapped_nand2         1  5.1     0   108   10469    (-,-) 
  u_crypto_synth_top/u_top/u_sha256/core/csa_tree_add_341_39_groupi/g2963/z            (u)     in_1->z R     unmapped_nand2         2 11.0     0   142   10611    (-,-) 
  u_crypto_synth_top/u_top/u_sha256/core/csa_tree_add_341_39_groupi/g2957/z            (u)     in_0->z R     unmapped_or2           1  5.5     0   108   10719    (-,-) 
  u_crypto_synth_top/u_top/u_sha256/core/csa_tree_add_341_39_groupi/g2958/z            (u)     in_1->z F     unmapped_nand2         6 30.6     0   236   10955    (-,-) 
  u_crypto_synth_top/u_top/u_sha256/core/csa_tree_add_426_23_groupi/g2048/z            (u)     in_1->z R     unmapped_complex2      1  5.5     0   105   11061    (-,-) 
  u_crypto_synth_top/u_top/u_sha256/core/csa_tree_add_426_23_groupi/g2049/z            (u)     in_1->z F     unmapped_nand2         2 10.2     0   138   11199    (-,-) 
  u_crypto_synth_top/u_top/u_sha256/core/csa_tree_add_426_23_groupi/g1929/z            (u)     in_1->z F     unmapped_or2           3 15.3     0   168   11366    (-,-) 
  u_crypto_synth_top/u_top/u_sha256/core/csa_tree_add_426_23_groupi/g1862/z            (u)     in_1->z R     unmapped_complex2      1  5.5     0   105   11472    (-,-) 
  u_crypto_synth_top/u_top/u_sha256/core/csa_tree_add_426_23_groupi/g1849/z            (u)     in_0->z F     unmapped_nand2         1  5.1     0   105   11577    (-,-) 
  u_crypto_synth_top/u_top/u_sha256/core/csa_tree_add_426_23_groupi/g1718/z            (u)     in_1->z F     unmapped_complex2      3 15.3     0   168   11745    (-,-) 
  u_crypto_synth_top/u_top/u_sha256/core/csa_tree_add_426_23_groupi/g1715/z            (u)     in_0->z F     unmapped_or2           1  5.1     0   105   11850    (-,-) 
  u_crypto_synth_top/u_top/u_sha256/core/csa_tree_add_426_23_groupi/g1716/z            (u)     in_1->z R     unmapped_nand2         1  5.5     0   105   11956    (-,-) 
  u_crypto_synth_top/u_top/u_sha256/core/g16899/z                                      (u)     in_0->z F     unmapped_complex2      1  5.1     0   117   12072    (-,-) 
  u_crypto_synth_top/u_top/u_sha256/core/g14856/z                                      (u)     in_1->z R     unmapped_complex2      1  5.5     0   117   12189    (-,-) 
  u_crypto_synth_top/u_top/u_sha256/core/a_reg_reg[26]/d                               -       -       R     unmapped_d_flop        1    -     -     0   12189    (-,-) 
#-----------------------------------------------------------------------------------------------------------------------------------------------------------------------

(u) : Net has unmapped pin(s).



Path 12: MET (42894 ps) Setup Check with Pin u_crypto_synth_top/u_top/u_sha256/core/a_reg_reg[25]/clk->d
          Group: R2R
     Startpoint: (R) u_crypto_synth_top/u_top/u_sha256/core/w_mem_inst/w_mem_reg[14][19]/clk
          Clock: (R) MAIN_CLK
       Endpoint: (R) u_crypto_synth_top/u_top/u_sha256/core/a_reg_reg[25]/d
          Clock: (R) MAIN_CLK

                     Capture       Launch     
        Clock Edge:+   58000            0     
       Src Latency:+     150          250     
       Net Latency:+       0 (I)        0 (I) 
           Arrival:=   58150          250     
                                              
             Setup:-     122                  
       Uncertainty:-    1450                  
       Path Adjust:+   -1500                  
     Required Time:=   55078                  
      Launch Clock:-     250                  
         Data Path:-   11933                  
             Slack:=   42894                  

Exceptions/Constraints:
  path_adjust            -1500            PA_C2C 

#-----------------------------------------------------------------------------------------------------------------------------------------------------------------------
#                                    Timing Point                                      Flags    Arc    Edge       Cell         Fanout Load Trans Delay Arrival Instance 
#                                                                                                                                     (fF)  (ps)  (ps)   (ps)  Location 
#-----------------------------------------------------------------------------------------------------------------------------------------------------------------------
  u_crypto_synth_top/u_top/u_sha256/core/w_mem_inst/w_mem_reg[14][19]/clk              -       -       R     (arrival)          19892    -     0     0     250    (-,-) 
  u_crypto_synth_top/u_top/u_sha256/core/w_mem_inst/w_mem_reg[14][19]/q                (u)     clk->q  F     unmapped_d_flop        9 45.9     0   878    1128    (-,-) 
  u_crypto_synth_top/u_top/u_sha256/core/w_mem_inst/g7543/z                            (u)     in_1->z R     unmapped_complex2      1  5.5     0   114    1242    (-,-) 
  u_crypto_synth_top/u_top/u_sha256/core/w_mem_inst/g7544/z                            (u)     in_1->z F     unmapped_nand2         2 10.2     0   150    1393    (-,-) 
  u_crypto_synth_top/u_top/u_sha256/core/w_mem_inst/g7330/z                            (u)     in_0->z F     unmapped_complex2      1  5.1     0   114    1507    (-,-) 
  u_crypto_synth_top/u_top/u_sha256/core/w_mem_inst/g7331/z                            (u)     in_1->z R     unmapped_nand2         4 22.0     0   227    1734    (-,-) 
  u_crypto_synth_top/u_top/u_sha256/core/w_mem_inst/csa_tree_add_193_29_groupi/g1585/z (u)     in_1->z R     unmapped_or2           1  5.5     0   108    1842    (-,-) 
  u_crypto_synth_top/u_top/u_sha256/core/w_mem_inst/csa_tree_add_193_29_groupi/g2744/z (u)     in_0->z F     unmapped_nand2         1  5.1     0   108    1950    (-,-) 
  u_crypto_synth_top/u_top/u_sha256/core/w_mem_inst/csa_tree_add_193_29_groupi/g2630/z (u)     in_0->z R     unmapped_nand2         4 22.0     0   214    2164    (-,-) 
  u_crypto_synth_top/u_top/u_sha256/core/w_mem_inst/csa_tree_add_193_29_groupi/g1561/z (u)     in_0->z R     unmapped_or2           1  5.5     0   108    2272    (-,-) 
  u_crypto_synth_top/u_top/u_sha256/core/w_mem_inst/csa_tree_add_193_29_groupi/g2432/z (u)     in_0->z F     unmapped_nand2         1  5.1     0   108    2380    (-,-) 
  u_crypto_synth_top/u_top/u_sha256/core/w_mem_inst/csa_tree_add_193_29_groupi/g2402/z (u)     in_0->z R     unmapped_nand2         3 16.5     0   173    2553    (-,-) 
  u_crypto_synth_top/u_top/u_sha256/core/w_mem_inst/csa_tree_add_193_29_groupi/g2313/z (u)     in_1->z F     unmapped_nand2         1  5.1     0   108    2661    (-,-) 
  u_crypto_synth_top/u_top/u_sha256/core/w_mem_inst/csa_tree_add_193_29_groupi/g2309/z (u)     in_0->z R     unmapped_nand2         3 16.5     0   173    2834    (-,-) 
  u_crypto_synth_top/u_top/u_sha256/core/w_mem_inst/csa_tree_add_193_29_groupi/g2307/z (u)     in_1->z F     unmapped_nand2         1  5.1     0   108    2942    (-,-) 
  u_crypto_synth_top/u_top/u_sha256/core/w_mem_inst/csa_tree_add_193_29_groupi/g2303/z (u)     in_0->z R     unmapped_nand2         3 16.5     0   173    3115    (-,-) 
  u_crypto_synth_top/u_top/u_sha256/core/w_mem_inst/csa_tree_add_193_29_groupi/g2299/z (u)     in_1->z F     unmapped_nand2         1  5.1     0   108    3223    (-,-) 
  u_crypto_synth_top/u_top/u_sha256/core/w_mem_inst/csa_tree_add_193_29_groupi/g2298/z (u)     in_0->z R     unmapped_nand2         3 16.5     0   173    3395    (-,-) 
  u_crypto_synth_top/u_top/u_sha256/core/w_mem_inst/csa_tree_add_193_29_groupi/g2294/z (u)     in_1->z F     unmapped_nand2         1  5.1     0   108    3504    (-,-) 
  u_crypto_synth_top/u_top/u_sha256/core/w_mem_inst/csa_tree_add_193_29_groupi/g2293/z (u)     in_0->z R     unmapped_nand2         3 16.5     0   173    3676    (-,-) 
  u_crypto_synth_top/u_top/u_sha256/core/w_mem_inst/csa_tree_add_193_29_groupi/g2289/z (u)     in_1->z F     unmapped_nand2         1  5.1     0   108    3784    (-,-) 
  u_crypto_synth_top/u_top/u_sha256/core/w_mem_inst/csa_tree_add_193_29_groupi/g2288/z (u)     in_0->z R     unmapped_nand2         3 16.5     0   173    3957    (-,-) 
  u_crypto_synth_top/u_top/u_sha256/core/w_mem_inst/csa_tree_add_193_29_groupi/g2284/z (u)     in_1->z F     unmapped_nand2         1  5.1     0   108    4065    (-,-) 
  u_crypto_synth_top/u_top/u_sha256/core/w_mem_inst/csa_tree_add_193_29_groupi/g2283/z (u)     in_0->z R     unmapped_nand2         3 16.5     0   173    4238    (-,-) 
  u_crypto_synth_top/u_top/u_sha256/core/w_mem_inst/csa_tree_add_193_29_groupi/g2282/z (u)     in_1->z F     unmapped_nand2         1  5.1     0   108    4346    (-,-) 
  u_crypto_synth_top/u_top/u_sha256/core/w_mem_inst/csa_tree_add_193_29_groupi/g2278/z (u)     in_1->z R     unmapped_nand2         3 16.5     0   173    4519    (-,-) 
  u_crypto_synth_top/u_top/u_sha256/core/w_mem_inst/csa_tree_add_193_29_groupi/g2277/z (u)     in_1->z F     unmapped_nand2         1  5.1     0   108    4627    (-,-) 
  u_crypto_synth_top/u_top/u_sha256/core/w_mem_inst/csa_tree_add_193_29_groupi/g2273/z (u)     in_0->z R     unmapped_nand2         3 16.5     0   173    4799    (-,-) 
  u_crypto_synth_top/u_top/u_sha256/core/w_mem_inst/csa_tree_add_193_29_groupi/g2272/z (u)     in_1->z F     unmapped_nand2         1  5.1     0   108    4908    (-,-) 
  u_crypto_synth_top/u_top/u_sha256/core/w_mem_inst/csa_tree_add_193_29_groupi/g2268/z (u)     in_0->z R     unmapped_nand2         3 16.5     0   173    5080    (-,-) 
  u_crypto_synth_top/u_top/u_sha256/core/w_mem_inst/csa_tree_add_193_29_groupi/g2264/z (u)     in_1->z F     unmapped_nand2         1  5.1     0   108    5188    (-,-) 
  u_crypto_synth_top/u_top/u_sha256/core/w_mem_inst/csa_tree_add_193_29_groupi/g2263/z (u)     in_0->z R     unmapped_nand2         3 16.5     0   173    5361    (-,-) 
  u_crypto_synth_top/u_top/u_sha256/core/w_mem_inst/csa_tree_add_193_29_groupi/g2259/z (u)     in_1->z F     unmapped_nand2         1  5.1     0   108    5469    (-,-) 
  u_crypto_synth_top/u_top/u_sha256/core/w_mem_inst/csa_tree_add_193_29_groupi/g2258/z (u)     in_1->z R     unmapped_nand2         3 16.5     0   173    5642    (-,-) 
  u_crypto_synth_top/u_top/u_sha256/core/w_mem_inst/csa_tree_add_193_29_groupi/g2254/z (u)     in_1->z F     unmapped_nand2         1  5.1     0   108    5750    (-,-) 
  u_crypto_synth_top/u_top/u_sha256/core/w_mem_inst/csa_tree_add_193_29_groupi/g2253/z (u)     in_0->z R     unmapped_nand2         3 16.5     0   173    5923    (-,-) 
  u_crypto_synth_top/u_top/u_sha256/core/w_mem_inst/csa_tree_add_193_29_groupi/g2252/z (u)     in_1->z F     unmapped_nand2         1  5.1     0   108    6031    (-,-) 
  u_crypto_synth_top/u_top/u_sha256/core/w_mem_inst/csa_tree_add_193_29_groupi/g2248/z (u)     in_0->z R     unmapped_nand2         3 16.5     0   173    6203    (-,-) 
  u_crypto_synth_top/u_top/u_sha256/core/w_mem_inst/csa_tree_add_193_29_groupi/g2244/z (u)     in_1->z F     unmapped_nand2         1  5.1     0   108    6312    (-,-) 
  u_crypto_synth_top/u_top/u_sha256/core/w_mem_inst/csa_tree_add_193_29_groupi/g2243/z (u)     in_0->z R     unmapped_nand2         4 22.0     0   214    6525    (-,-) 
  u_crypto_synth_top/u_top/u_sha256/core/w_mem_inst/csa_tree_add_193_29_groupi/g2242/z (u)     in_1->z F     unmapped_nand2         1  5.1     0   108    6634    (-,-) 
  u_crypto_synth_top/u_top/u_sha256/core/w_mem_inst/csa_tree_add_193_29_groupi/g2237/z (u)     in_1->z R     unmapped_nand2         2 11.0     0   142    6776    (-,-) 
  u_crypto_synth_top/u_top/u_sha256/core/w_mem_inst/csa_tree_add_193_29_groupi/g2234/z (u)     in_0->z R     unmapped_or2           1  5.5     0   108    6884    (-,-) 
  u_crypto_synth_top/u_top/u_sha256/core/w_mem_inst/csa_tree_add_193_29_groupi/g2235/z (u)     in_1->z F     unmapped_nand2         2 10.2     0   142    7026    (-,-) 
  u_crypto_synth_top/u_top/u_sha256/core/w_mem_inst/g10384/z                           (u)     in_1->z R     unmapped_nand2         1  5.5     0   114    7140    (-,-) 
  u_crypto_synth_top/u_top/u_sha256/core/w_mem_inst/g9726/z                            (u)     in_0->z F     unmapped_nand2         1  5.1     0   114    7254    (-,-) 
  u_crypto_synth_top/u_top/u_sha256/core/w_mem_inst/g9496/z                            (u)     in_0->z F     unmapped_or2           1  5.1     0   114    7368    (-,-) 
  u_crypto_synth_top/u_top/u_sha256/core/w_mem_inst/g9436/z                            (u)     in_0->z F     unmapped_or2           1  5.1     0   114    7482    (-,-) 
  u_crypto_synth_top/u_top/u_sha256/core/w_mem_inst/g9368/z                            (u)     in_0->z F     unmapped_or2           1  5.1     0   114    7596    (-,-) 
  u_crypto_synth_top/u_top/u_sha256/core/w_mem_inst/g9345/z                            (u)     in_0->z F     unmapped_complex2      4 20.4     0   227    7823    (-,-) 
  u_crypto_synth_top/u_top/u_sha256/core/csa_tree_add_341_39_groupi/g3213/z            (u)     in_1->z R     unmapped_complex2      1  5.5     0   108    7931    (-,-) 
  u_crypto_synth_top/u_top/u_sha256/core/csa_tree_add_341_39_groupi/g3214/z            (u)     in_1->z F     unmapped_nand2         2 10.2     0   142    8073    (-,-) 
  u_crypto_synth_top/u_top/u_sha256/core/csa_tree_add_341_39_groupi/g3090/z            (u)     in_1->z F     unmapped_or2           3 15.3     0   173    8246    (-,-) 
  u_crypto_synth_top/u_top/u_sha256/core/csa_tree_add_341_39_groupi/g3073/z            (u)     in_1->z R     unmapped_complex2      1  5.5     0   108    8354    (-,-) 
  u_crypto_synth_top/u_top/u_sha256/core/csa_tree_add_341_39_groupi/g3070/z            (u)     in_0->z F     unmapped_nand2         1  5.1     0   108    8462    (-,-) 
  u_crypto_synth_top/u_top/u_sha256/core/csa_tree_add_341_39_groupi/g3003/z            (u)     in_1->z F     unmapped_complex2      3 15.3     0   173    8635    (-,-) 
  u_crypto_synth_top/u_top/u_sha256/core/csa_tree_add_341_39_groupi/g2995/z            (u)     in_1->z R     unmapped_nand2         1  5.5     0   108    8743    (-,-) 
  u_crypto_synth_top/u_top/u_sha256/core/csa_tree_add_341_39_groupi/g2994/z            (u)     in_1->z F     unmapped_nand2         3 15.3     0   173    8916    (-,-) 
  u_crypto_synth_top/u_top/u_sha256/core/csa_tree_add_341_39_groupi/g2993/z            (u)     in_0->z R     unmapped_nand2         1  5.5     0   108    9024    (-,-) 
  u_crypto_synth_top/u_top/u_sha256/core/csa_tree_add_341_39_groupi/g2989/z            (u)     in_0->z F     unmapped_nand2         3 15.3     0   173    9196    (-,-) 
  u_crypto_synth_top/u_top/u_sha256/core/csa_tree_add_341_39_groupi/g2985/z            (u)     in_1->z R     unmapped_nand2         1  5.5     0   108    9305    (-,-) 
  u_crypto_synth_top/u_top/u_sha256/core/csa_tree_add_341_39_groupi/g2984/z            (u)     in_1->z F     unmapped_nand2         3 15.3     0   173    9477    (-,-) 
  u_crypto_synth_top/u_top/u_sha256/core/csa_tree_add_341_39_groupi/g2983/z            (u)     in_1->z R     unmapped_nand2         1  5.5     0   108    9585    (-,-) 
  u_crypto_synth_top/u_top/u_sha256/core/csa_tree_add_341_39_groupi/g2979/z            (u)     in_0->z F     unmapped_nand2         3 15.3     0   173    9758    (-,-) 
  u_crypto_synth_top/u_top/u_sha256/core/csa_tree_add_341_39_groupi/g2978/z            (u)     in_1->z R     unmapped_nand2         1  5.5     0   108    9866    (-,-) 
  u_crypto_synth_top/u_top/u_sha256/core/csa_tree_add_341_39_groupi/g2974/z            (u)     in_0->z F     unmapped_nand2         3 15.3     0   173   10039    (-,-) 
  u_crypto_synth_top/u_top/u_sha256/core/csa_tree_add_341_39_groupi/g2970/z            (u)     in_1->z R     unmapped_nand2         1  5.5     0   108   10147    (-,-) 
  u_crypto_synth_top/u_top/u_sha256/core/csa_tree_add_341_39_groupi/g2969/z            (u)     in_0->z F     unmapped_nand2         4 20.4     0   214   10361    (-,-) 
  u_crypto_synth_top/u_top/u_sha256/core/csa_tree_add_341_39_groupi/g2964/z            (u)     in_1->z R     unmapped_nand2         1  5.5     0   108   10469    (-,-) 
  u_crypto_synth_top/u_top/u_sha256/core/csa_tree_add_341_39_groupi/g2963/z            (u)     in_1->z F     unmapped_nand2         2 10.2     0   142   10611    (-,-) 
  u_crypto_synth_top/u_top/u_sha256/core/csa_tree_add_341_39_groupi/g2957/z            (u)     in_0->z F     unmapped_or2           1  5.1     0   108   10719    (-,-) 
  u_crypto_synth_top/u_top/u_sha256/core/csa_tree_add_341_39_groupi/g2958/z            (u)     in_1->z R     unmapped_nand2         6 33.0     0   236   10955    (-,-) 
  u_crypto_synth_top/u_top/u_sha256/core/csa_tree_add_426_23_groupi/g2048/z            (u)     in_1->z F     unmapped_complex2      1  5.1     0   105   11061    (-,-) 
  u_crypto_synth_top/u_top/u_sha256/core/csa_tree_add_426_23_groupi/g2049/z            (u)     in_1->z R     unmapped_nand2         2 11.0     0   138   11199    (-,-) 
  u_crypto_synth_top/u_top/u_sha256/core/csa_tree_add_426_23_groupi/g1929/z            (u)     in_1->z R     unmapped_or2           3 16.5     0   168   11366    (-,-) 
  u_crypto_synth_top/u_top/u_sha256/core/csa_tree_add_426_23_groupi/g1871/z            (u)     in_0->z F     unmapped_nand2         2 10.2     0   138   11505    (-,-) 
  u_crypto_synth_top/u_top/u_sha256/core/csa_tree_add_426_23_groupi/g1712/z            (u)     in_1->z F     unmapped_or2           1  5.1     0   105   11610    (-,-) 
  u_crypto_synth_top/u_top/u_sha256/core/csa_tree_add_426_23_groupi/g1713/z            (u)     in_1->z R     unmapped_nand2         1  5.5     0   105   11716    (-,-) 
  u_crypto_synth_top/u_top/u_sha256/core/g16682/z                                      (u)     in_0->z F     unmapped_complex2      1  5.1     0   117   11832    (-,-) 
  u_crypto_synth_top/u_top/u_sha256/core/g15328/z                                      (u)     in_0->z R     unmapped_nand2         1  5.5     0   117   11949    (-,-) 
  u_crypto_synth_top/u_top/u_sha256/core/g14787/z                                      (u)     in_0->z R     unmapped_complex2      1  5.5     0   117   12066    (-,-) 
  u_crypto_synth_top/u_top/u_sha256/core/g14603/z                                      (u)     in_0->z R     unmapped_complex2      1  5.5     0   117   12183    (-,-) 
  u_crypto_synth_top/u_top/u_sha256/core/a_reg_reg[25]/d                               -       -       R     unmapped_d_flop        1    -     -     0   12183    (-,-) 
#-----------------------------------------------------------------------------------------------------------------------------------------------------------------------

(u) : Net has unmapped pin(s).



Path 13: MET (42975 ps) Setup Check with Pin u_crypto_synth_top/u_top/u_sha256/core/e_reg_reg[26]/clk->d
          Group: R2R
     Startpoint: (R) u_crypto_synth_top/u_top/u_sha256/core/w_mem_inst/w_mem_reg[14][19]/clk
          Clock: (R) MAIN_CLK
       Endpoint: (R) u_crypto_synth_top/u_top/u_sha256/core/e_reg_reg[26]/d
          Clock: (R) MAIN_CLK

                     Capture       Launch     
        Clock Edge:+   58000            0     
       Src Latency:+     150          250     
       Net Latency:+       0 (I)        0 (I) 
           Arrival:=   58150          250     
                                              
             Setup:-     122                  
       Uncertainty:-    1450                  
       Path Adjust:+   -1500                  
     Required Time:=   55078                  
      Launch Clock:-     250                  
         Data Path:-   11852                  
             Slack:=   42975                  

Exceptions/Constraints:
  path_adjust            -1500            PA_C2C 

#-----------------------------------------------------------------------------------------------------------------------------------------------------------------------
#                                    Timing Point                                      Flags    Arc    Edge       Cell         Fanout Load Trans Delay Arrival Instance 
#                                                                                                                                     (fF)  (ps)  (ps)   (ps)  Location 
#-----------------------------------------------------------------------------------------------------------------------------------------------------------------------
  u_crypto_synth_top/u_top/u_sha256/core/w_mem_inst/w_mem_reg[14][19]/clk              -       -       R     (arrival)          19892    -     0     0     250    (-,-) 
  u_crypto_synth_top/u_top/u_sha256/core/w_mem_inst/w_mem_reg[14][19]/q                (u)     clk->q  F     unmapped_d_flop        9 45.9     0   878    1128    (-,-) 
  u_crypto_synth_top/u_top/u_sha256/core/w_mem_inst/g7543/z                            (u)     in_1->z R     unmapped_complex2      1  5.5     0   114    1242    (-,-) 
  u_crypto_synth_top/u_top/u_sha256/core/w_mem_inst/g7544/z                            (u)     in_1->z F     unmapped_nand2         2 10.2     0   150    1393    (-,-) 
  u_crypto_synth_top/u_top/u_sha256/core/w_mem_inst/g7330/z                            (u)     in_0->z F     unmapped_complex2      1  5.1     0   114    1507    (-,-) 
  u_crypto_synth_top/u_top/u_sha256/core/w_mem_inst/g7331/z                            (u)     in_1->z R     unmapped_nand2         4 22.0     0   227    1734    (-,-) 
  u_crypto_synth_top/u_top/u_sha256/core/w_mem_inst/csa_tree_add_193_29_groupi/g1585/z (u)     in_1->z R     unmapped_or2           1  5.5     0   108    1842    (-,-) 
  u_crypto_synth_top/u_top/u_sha256/core/w_mem_inst/csa_tree_add_193_29_groupi/g2744/z (u)     in_0->z F     unmapped_nand2         1  5.1     0   108    1950    (-,-) 
  u_crypto_synth_top/u_top/u_sha256/core/w_mem_inst/csa_tree_add_193_29_groupi/g2630/z (u)     in_0->z R     unmapped_nand2         4 22.0     0   214    2164    (-,-) 
  u_crypto_synth_top/u_top/u_sha256/core/w_mem_inst/csa_tree_add_193_29_groupi/g1561/z (u)     in_0->z R     unmapped_or2           1  5.5     0   108    2272    (-,-) 
  u_crypto_synth_top/u_top/u_sha256/core/w_mem_inst/csa_tree_add_193_29_groupi/g2432/z (u)     in_0->z F     unmapped_nand2         1  5.1     0   108    2380    (-,-) 
  u_crypto_synth_top/u_top/u_sha256/core/w_mem_inst/csa_tree_add_193_29_groupi/g2402/z (u)     in_0->z R     unmapped_nand2         3 16.5     0   173    2553    (-,-) 
  u_crypto_synth_top/u_top/u_sha256/core/w_mem_inst/csa_tree_add_193_29_groupi/g2313/z (u)     in_1->z F     unmapped_nand2         1  5.1     0   108    2661    (-,-) 
  u_crypto_synth_top/u_top/u_sha256/core/w_mem_inst/csa_tree_add_193_29_groupi/g2309/z (u)     in_0->z R     unmapped_nand2         3 16.5     0   173    2834    (-,-) 
  u_crypto_synth_top/u_top/u_sha256/core/w_mem_inst/csa_tree_add_193_29_groupi/g2307/z (u)     in_1->z F     unmapped_nand2         1  5.1     0   108    2942    (-,-) 
  u_crypto_synth_top/u_top/u_sha256/core/w_mem_inst/csa_tree_add_193_29_groupi/g2303/z (u)     in_0->z R     unmapped_nand2         3 16.5     0   173    3115    (-,-) 
  u_crypto_synth_top/u_top/u_sha256/core/w_mem_inst/csa_tree_add_193_29_groupi/g2299/z (u)     in_1->z F     unmapped_nand2         1  5.1     0   108    3223    (-,-) 
  u_crypto_synth_top/u_top/u_sha256/core/w_mem_inst/csa_tree_add_193_29_groupi/g2298/z (u)     in_0->z R     unmapped_nand2         3 16.5     0   173    3395    (-,-) 
  u_crypto_synth_top/u_top/u_sha256/core/w_mem_inst/csa_tree_add_193_29_groupi/g2294/z (u)     in_1->z F     unmapped_nand2         1  5.1     0   108    3504    (-,-) 
  u_crypto_synth_top/u_top/u_sha256/core/w_mem_inst/csa_tree_add_193_29_groupi/g2293/z (u)     in_0->z R     unmapped_nand2         3 16.5     0   173    3676    (-,-) 
  u_crypto_synth_top/u_top/u_sha256/core/w_mem_inst/csa_tree_add_193_29_groupi/g2289/z (u)     in_1->z F     unmapped_nand2         1  5.1     0   108    3784    (-,-) 
  u_crypto_synth_top/u_top/u_sha256/core/w_mem_inst/csa_tree_add_193_29_groupi/g2288/z (u)     in_0->z R     unmapped_nand2         3 16.5     0   173    3957    (-,-) 
  u_crypto_synth_top/u_top/u_sha256/core/w_mem_inst/csa_tree_add_193_29_groupi/g2284/z (u)     in_1->z F     unmapped_nand2         1  5.1     0   108    4065    (-,-) 
  u_crypto_synth_top/u_top/u_sha256/core/w_mem_inst/csa_tree_add_193_29_groupi/g2283/z (u)     in_0->z R     unmapped_nand2         3 16.5     0   173    4238    (-,-) 
  u_crypto_synth_top/u_top/u_sha256/core/w_mem_inst/csa_tree_add_193_29_groupi/g2282/z (u)     in_1->z F     unmapped_nand2         1  5.1     0   108    4346    (-,-) 
  u_crypto_synth_top/u_top/u_sha256/core/w_mem_inst/csa_tree_add_193_29_groupi/g2278/z (u)     in_1->z R     unmapped_nand2         3 16.5     0   173    4519    (-,-) 
  u_crypto_synth_top/u_top/u_sha256/core/w_mem_inst/csa_tree_add_193_29_groupi/g2277/z (u)     in_1->z F     unmapped_nand2         1  5.1     0   108    4627    (-,-) 
  u_crypto_synth_top/u_top/u_sha256/core/w_mem_inst/csa_tree_add_193_29_groupi/g2273/z (u)     in_0->z R     unmapped_nand2         3 16.5     0   173    4799    (-,-) 
  u_crypto_synth_top/u_top/u_sha256/core/w_mem_inst/csa_tree_add_193_29_groupi/g2272/z (u)     in_1->z F     unmapped_nand2         1  5.1     0   108    4908    (-,-) 
  u_crypto_synth_top/u_top/u_sha256/core/w_mem_inst/csa_tree_add_193_29_groupi/g2268/z (u)     in_0->z R     unmapped_nand2         3 16.5     0   173    5080    (-,-) 
  u_crypto_synth_top/u_top/u_sha256/core/w_mem_inst/csa_tree_add_193_29_groupi/g2264/z (u)     in_1->z F     unmapped_nand2         1  5.1     0   108    5188    (-,-) 
  u_crypto_synth_top/u_top/u_sha256/core/w_mem_inst/csa_tree_add_193_29_groupi/g2263/z (u)     in_0->z R     unmapped_nand2         3 16.5     0   173    5361    (-,-) 
  u_crypto_synth_top/u_top/u_sha256/core/w_mem_inst/csa_tree_add_193_29_groupi/g2259/z (u)     in_1->z F     unmapped_nand2         1  5.1     0   108    5469    (-,-) 
  u_crypto_synth_top/u_top/u_sha256/core/w_mem_inst/csa_tree_add_193_29_groupi/g2258/z (u)     in_1->z R     unmapped_nand2         3 16.5     0   173    5642    (-,-) 
  u_crypto_synth_top/u_top/u_sha256/core/w_mem_inst/csa_tree_add_193_29_groupi/g2254/z (u)     in_1->z F     unmapped_nand2         1  5.1     0   108    5750    (-,-) 
  u_crypto_synth_top/u_top/u_sha256/core/w_mem_inst/csa_tree_add_193_29_groupi/g2253/z (u)     in_0->z R     unmapped_nand2         3 16.5     0   173    5923    (-,-) 
  u_crypto_synth_top/u_top/u_sha256/core/w_mem_inst/csa_tree_add_193_29_groupi/g2252/z (u)     in_1->z F     unmapped_nand2         1  5.1     0   108    6031    (-,-) 
  u_crypto_synth_top/u_top/u_sha256/core/w_mem_inst/csa_tree_add_193_29_groupi/g2248/z (u)     in_0->z R     unmapped_nand2         3 16.5     0   173    6203    (-,-) 
  u_crypto_synth_top/u_top/u_sha256/core/w_mem_inst/csa_tree_add_193_29_groupi/g2244/z (u)     in_1->z F     unmapped_nand2         1  5.1     0   108    6312    (-,-) 
  u_crypto_synth_top/u_top/u_sha256/core/w_mem_inst/csa_tree_add_193_29_groupi/g2243/z (u)     in_0->z R     unmapped_nand2         4 22.0     0   214    6525    (-,-) 
  u_crypto_synth_top/u_top/u_sha256/core/w_mem_inst/csa_tree_add_193_29_groupi/g2242/z (u)     in_1->z F     unmapped_nand2         1  5.1     0   108    6634    (-,-) 
  u_crypto_synth_top/u_top/u_sha256/core/w_mem_inst/csa_tree_add_193_29_groupi/g2237/z (u)     in_1->z R     unmapped_nand2         2 11.0     0   142    6776    (-,-) 
  u_crypto_synth_top/u_top/u_sha256/core/w_mem_inst/csa_tree_add_193_29_groupi/g2234/z (u)     in_0->z R     unmapped_or2           1  5.5     0   108    6884    (-,-) 
  u_crypto_synth_top/u_top/u_sha256/core/w_mem_inst/csa_tree_add_193_29_groupi/g2235/z (u)     in_1->z F     unmapped_nand2         2 10.2     0   142    7026    (-,-) 
  u_crypto_synth_top/u_top/u_sha256/core/w_mem_inst/g10384/z                           (u)     in_1->z R     unmapped_nand2         1  5.5     0   114    7140    (-,-) 
  u_crypto_synth_top/u_top/u_sha256/core/w_mem_inst/g9726/z                            (u)     in_0->z F     unmapped_nand2         1  5.1     0   114    7254    (-,-) 
  u_crypto_synth_top/u_top/u_sha256/core/w_mem_inst/g9496/z                            (u)     in_0->z F     unmapped_or2           1  5.1     0   114    7368    (-,-) 
  u_crypto_synth_top/u_top/u_sha256/core/w_mem_inst/g9436/z                            (u)     in_0->z F     unmapped_or2           1  5.1     0   114    7482    (-,-) 
  u_crypto_synth_top/u_top/u_sha256/core/w_mem_inst/g9368/z                            (u)     in_0->z F     unmapped_or2           1  5.1     0   114    7596    (-,-) 
  u_crypto_synth_top/u_top/u_sha256/core/w_mem_inst/g9345/z                            (u)     in_0->z F     unmapped_complex2      4 20.4     0   227    7823    (-,-) 
  u_crypto_synth_top/u_top/u_sha256/core/csa_tree_add_341_39_groupi/g3213/z            (u)     in_1->z R     unmapped_complex2      1  5.5     0   108    7931    (-,-) 
  u_crypto_synth_top/u_top/u_sha256/core/csa_tree_add_341_39_groupi/g3214/z            (u)     in_1->z F     unmapped_nand2         2 10.2     0   142    8073    (-,-) 
  u_crypto_synth_top/u_top/u_sha256/core/csa_tree_add_341_39_groupi/g3090/z            (u)     in_1->z F     unmapped_or2           3 15.3     0   173    8246    (-,-) 
  u_crypto_synth_top/u_top/u_sha256/core/csa_tree_add_341_39_groupi/g3074/z            (u)     in_0->z R     unmapped_nand2         2 11.0     0   142    8388    (-,-) 
  u_crypto_synth_top/u_top/u_sha256/core/csa_tree_add_341_39_groupi/g3000/z            (u)     in_1->z R     unmapped_or2           1  5.5     0   108    8496    (-,-) 
  u_crypto_synth_top/u_top/u_sha256/core/csa_tree_add_341_39_groupi/g3001/z            (u)     in_1->z F     unmapped_nand2         6 30.6     0   236    8732    (-,-) 
  u_crypto_synth_top/u_top/u_sha256/core/add_430_26/g1640/z                            (u)     in_1->z F     unmapped_or2           3 15.3     0   165    8897    (-,-) 
  u_crypto_synth_top/u_top/u_sha256/core/add_430_26/g1553/z                            (u)     in_1->z R     unmapped_complex2      1  5.5     0   104    9002    (-,-) 
  u_crypto_synth_top/u_top/u_sha256/core/add_430_26/g1545/z                            (u)     in_0->z F     unmapped_nand2         1  5.1     0   104    9106    (-,-) 
  u_crypto_synth_top/u_top/u_sha256/core/add_430_26/g1468/z                            (u)     in_1->z F     unmapped_complex2      3 15.3     0   165    9271    (-,-) 
  u_crypto_synth_top/u_top/u_sha256/core/add_430_26/g1467/z                            (u)     in_1->z R     unmapped_nand2         1  5.5     0   104    9375    (-,-) 
  u_crypto_synth_top/u_top/u_sha256/core/add_430_26/g1460/z                            (u)     in_1->z F     unmapped_nand2         3 15.3     0   165    9540    (-,-) 
  u_crypto_synth_top/u_top/u_sha256/core/add_430_26/g1459/z                            (u)     in_0->z R     unmapped_nand2         1  5.5     0   104    9645    (-,-) 
  u_crypto_synth_top/u_top/u_sha256/core/add_430_26/g1455/z                            (u)     in_0->z F     unmapped_nand2         3 15.3     0   165    9810    (-,-) 
  u_crypto_synth_top/u_top/u_sha256/core/add_430_26/g1454/z                            (u)     in_1->z R     unmapped_nand2         1  5.5     0   104    9914    (-,-) 
  u_crypto_synth_top/u_top/u_sha256/core/add_430_26/g1450/z                            (u)     in_1->z F     unmapped_nand2         3 15.3     0   165   10079    (-,-) 
  u_crypto_synth_top/u_top/u_sha256/core/add_430_26/g1446/z                            (u)     in_1->z R     unmapped_nand2         1  5.5     0   104   10183    (-,-) 
  u_crypto_synth_top/u_top/u_sha256/core/add_430_26/g1445/z                            (u)     in_0->z F     unmapped_nand2         3 15.3     0   165   10349    (-,-) 
  u_crypto_synth_top/u_top/u_sha256/core/add_430_26/g1441/z                            (u)     in_1->z R     unmapped_nand2         1  5.5     0   104   10453    (-,-) 
  u_crypto_synth_top/u_top/u_sha256/core/add_430_26/g1440/z                            (u)     in_0->z F     unmapped_nand2         3 15.3     0   165   10618    (-,-) 
  u_crypto_synth_top/u_top/u_sha256/core/add_430_26/g1436/z                            (u)     in_1->z R     unmapped_nand2         1  5.5     0   104   10722    (-,-) 
  u_crypto_synth_top/u_top/u_sha256/core/add_430_26/g1435/z                            (u)     in_0->z F     unmapped_nand2         3 15.3     0   165   10887    (-,-) 
  u_crypto_synth_top/u_top/u_sha256/core/add_430_26/g1434/z                            (u)     in_1->z R     unmapped_nand2         1  5.5     0   104   10992    (-,-) 
  u_crypto_synth_top/u_top/u_sha256/core/add_430_26/g1430/z                            (u)     in_1->z F     unmapped_nand2         3 15.3     0   165   11157    (-,-) 
  u_crypto_synth_top/u_top/u_sha256/core/add_430_26/g1429/z                            (u)     in_0->z R     unmapped_nand2         1  5.5     0   104   11261    (-,-) 
  u_crypto_synth_top/u_top/u_sha256/core/add_430_26/g1425/z                            (u)     in_1->z F     unmapped_nand2         3 15.3     0   165   11426    (-,-) 
  u_crypto_synth_top/u_top/u_sha256/core/add_430_26/g1423/z                            (u)     in_0->z F     unmapped_or2           1  5.1     0   104   11530    (-,-) 
  u_crypto_synth_top/u_top/u_sha256/core/add_430_26/g1424/z                            (u)     in_1->z R     unmapped_nand2         1  5.5     0   104   11635    (-,-) 
  u_crypto_synth_top/u_top/u_sha256/core/g16879/z                                      (u)     in_0->z F     unmapped_complex2      1  5.1     0   117   11752    (-,-) 
  u_crypto_synth_top/u_top/u_sha256/core/g15179/z                                      (u)     in_0->z R     unmapped_nand2         1  5.5     0   117   11868    (-,-) 
  u_crypto_synth_top/u_top/u_sha256/core/g14883/z                                      (u)     in_0->z R     unmapped_complex2      1  5.5     0   117   11985    (-,-) 
  u_crypto_synth_top/u_top/u_sha256/core/g14574/z                                      (u)     in_0->z R     unmapped_complex2      1  5.5     0   117   12102    (-,-) 
  u_crypto_synth_top/u_top/u_sha256/core/e_reg_reg[26]/d                               -       -       R     unmapped_d_flop        1    -     -     0   12102    (-,-) 
#-----------------------------------------------------------------------------------------------------------------------------------------------------------------------

(u) : Net has unmapped pin(s).



Path 14: MET (43145 ps) Setup Check with Pin u_crypto_synth_top/u_top/u_sha256/core/a_reg_reg[24]/clk->d
          Group: R2R
     Startpoint: (R) u_crypto_synth_top/u_top/u_sha256/core/w_mem_inst/w_mem_reg[14][19]/clk
          Clock: (R) MAIN_CLK
       Endpoint: (R) u_crypto_synth_top/u_top/u_sha256/core/a_reg_reg[24]/d
          Clock: (R) MAIN_CLK

                     Capture       Launch     
        Clock Edge:+   58000            0     
       Src Latency:+     150          250     
       Net Latency:+       0 (I)        0 (I) 
           Arrival:=   58150          250     
                                              
             Setup:-     122                  
       Uncertainty:-    1450                  
       Path Adjust:+   -1500                  
     Required Time:=   55078                  
      Launch Clock:-     250                  
         Data Path:-   11683                  
             Slack:=   43145                  

Exceptions/Constraints:
  path_adjust            -1500            PA_C2C 

#-----------------------------------------------------------------------------------------------------------------------------------------------------------------------
#                                    Timing Point                                      Flags    Arc    Edge       Cell         Fanout Load Trans Delay Arrival Instance 
#                                                                                                                                     (fF)  (ps)  (ps)   (ps)  Location 
#-----------------------------------------------------------------------------------------------------------------------------------------------------------------------
  u_crypto_synth_top/u_top/u_sha256/core/w_mem_inst/w_mem_reg[14][19]/clk              -       -       R     (arrival)          19892    -     0     0     250    (-,-) 
  u_crypto_synth_top/u_top/u_sha256/core/w_mem_inst/w_mem_reg[14][19]/q                (u)     clk->q  F     unmapped_d_flop        9 45.9     0   878    1128    (-,-) 
  u_crypto_synth_top/u_top/u_sha256/core/w_mem_inst/g7543/z                            (u)     in_1->z R     unmapped_complex2      1  5.5     0   114    1242    (-,-) 
  u_crypto_synth_top/u_top/u_sha256/core/w_mem_inst/g7544/z                            (u)     in_1->z F     unmapped_nand2         2 10.2     0   150    1393    (-,-) 
  u_crypto_synth_top/u_top/u_sha256/core/w_mem_inst/g7330/z                            (u)     in_0->z F     unmapped_complex2      1  5.1     0   114    1507    (-,-) 
  u_crypto_synth_top/u_top/u_sha256/core/w_mem_inst/g7331/z                            (u)     in_1->z R     unmapped_nand2         4 22.0     0   227    1734    (-,-) 
  u_crypto_synth_top/u_top/u_sha256/core/w_mem_inst/csa_tree_add_193_29_groupi/g1585/z (u)     in_1->z R     unmapped_or2           1  5.5     0   108    1842    (-,-) 
  u_crypto_synth_top/u_top/u_sha256/core/w_mem_inst/csa_tree_add_193_29_groupi/g2744/z (u)     in_0->z F     unmapped_nand2         1  5.1     0   108    1950    (-,-) 
  u_crypto_synth_top/u_top/u_sha256/core/w_mem_inst/csa_tree_add_193_29_groupi/g2630/z (u)     in_0->z R     unmapped_nand2         4 22.0     0   214    2164    (-,-) 
  u_crypto_synth_top/u_top/u_sha256/core/w_mem_inst/csa_tree_add_193_29_groupi/g1561/z (u)     in_0->z R     unmapped_or2           1  5.5     0   108    2272    (-,-) 
  u_crypto_synth_top/u_top/u_sha256/core/w_mem_inst/csa_tree_add_193_29_groupi/g2432/z (u)     in_0->z F     unmapped_nand2         1  5.1     0   108    2380    (-,-) 
  u_crypto_synth_top/u_top/u_sha256/core/w_mem_inst/csa_tree_add_193_29_groupi/g2402/z (u)     in_0->z R     unmapped_nand2         3 16.5     0   173    2553    (-,-) 
  u_crypto_synth_top/u_top/u_sha256/core/w_mem_inst/csa_tree_add_193_29_groupi/g2313/z (u)     in_1->z F     unmapped_nand2         1  5.1     0   108    2661    (-,-) 
  u_crypto_synth_top/u_top/u_sha256/core/w_mem_inst/csa_tree_add_193_29_groupi/g2309/z (u)     in_0->z R     unmapped_nand2         3 16.5     0   173    2834    (-,-) 
  u_crypto_synth_top/u_top/u_sha256/core/w_mem_inst/csa_tree_add_193_29_groupi/g2307/z (u)     in_1->z F     unmapped_nand2         1  5.1     0   108    2942    (-,-) 
  u_crypto_synth_top/u_top/u_sha256/core/w_mem_inst/csa_tree_add_193_29_groupi/g2303/z (u)     in_0->z R     unmapped_nand2         3 16.5     0   173    3115    (-,-) 
  u_crypto_synth_top/u_top/u_sha256/core/w_mem_inst/csa_tree_add_193_29_groupi/g2299/z (u)     in_1->z F     unmapped_nand2         1  5.1     0   108    3223    (-,-) 
  u_crypto_synth_top/u_top/u_sha256/core/w_mem_inst/csa_tree_add_193_29_groupi/g2298/z (u)     in_0->z R     unmapped_nand2         3 16.5     0   173    3395    (-,-) 
  u_crypto_synth_top/u_top/u_sha256/core/w_mem_inst/csa_tree_add_193_29_groupi/g2294/z (u)     in_1->z F     unmapped_nand2         1  5.1     0   108    3504    (-,-) 
  u_crypto_synth_top/u_top/u_sha256/core/w_mem_inst/csa_tree_add_193_29_groupi/g2293/z (u)     in_0->z R     unmapped_nand2         3 16.5     0   173    3676    (-,-) 
  u_crypto_synth_top/u_top/u_sha256/core/w_mem_inst/csa_tree_add_193_29_groupi/g2289/z (u)     in_1->z F     unmapped_nand2         1  5.1     0   108    3784    (-,-) 
  u_crypto_synth_top/u_top/u_sha256/core/w_mem_inst/csa_tree_add_193_29_groupi/g2288/z (u)     in_0->z R     unmapped_nand2         3 16.5     0   173    3957    (-,-) 
  u_crypto_synth_top/u_top/u_sha256/core/w_mem_inst/csa_tree_add_193_29_groupi/g2284/z (u)     in_1->z F     unmapped_nand2         1  5.1     0   108    4065    (-,-) 
  u_crypto_synth_top/u_top/u_sha256/core/w_mem_inst/csa_tree_add_193_29_groupi/g2283/z (u)     in_0->z R     unmapped_nand2         3 16.5     0   173    4238    (-,-) 
  u_crypto_synth_top/u_top/u_sha256/core/w_mem_inst/csa_tree_add_193_29_groupi/g2282/z (u)     in_1->z F     unmapped_nand2         1  5.1     0   108    4346    (-,-) 
  u_crypto_synth_top/u_top/u_sha256/core/w_mem_inst/csa_tree_add_193_29_groupi/g2278/z (u)     in_1->z R     unmapped_nand2         3 16.5     0   173    4519    (-,-) 
  u_crypto_synth_top/u_top/u_sha256/core/w_mem_inst/csa_tree_add_193_29_groupi/g2277/z (u)     in_1->z F     unmapped_nand2         1  5.1     0   108    4627    (-,-) 
  u_crypto_synth_top/u_top/u_sha256/core/w_mem_inst/csa_tree_add_193_29_groupi/g2273/z (u)     in_0->z R     unmapped_nand2         3 16.5     0   173    4799    (-,-) 
  u_crypto_synth_top/u_top/u_sha256/core/w_mem_inst/csa_tree_add_193_29_groupi/g2272/z (u)     in_1->z F     unmapped_nand2         1  5.1     0   108    4908    (-,-) 
  u_crypto_synth_top/u_top/u_sha256/core/w_mem_inst/csa_tree_add_193_29_groupi/g2268/z (u)     in_0->z R     unmapped_nand2         3 16.5     0   173    5080    (-,-) 
  u_crypto_synth_top/u_top/u_sha256/core/w_mem_inst/csa_tree_add_193_29_groupi/g2264/z (u)     in_1->z F     unmapped_nand2         1  5.1     0   108    5188    (-,-) 
  u_crypto_synth_top/u_top/u_sha256/core/w_mem_inst/csa_tree_add_193_29_groupi/g2263/z (u)     in_0->z R     unmapped_nand2         3 16.5     0   173    5361    (-,-) 
  u_crypto_synth_top/u_top/u_sha256/core/w_mem_inst/csa_tree_add_193_29_groupi/g2259/z (u)     in_1->z F     unmapped_nand2         1  5.1     0   108    5469    (-,-) 
  u_crypto_synth_top/u_top/u_sha256/core/w_mem_inst/csa_tree_add_193_29_groupi/g2258/z (u)     in_1->z R     unmapped_nand2         3 16.5     0   173    5642    (-,-) 
  u_crypto_synth_top/u_top/u_sha256/core/w_mem_inst/csa_tree_add_193_29_groupi/g2254/z (u)     in_1->z F     unmapped_nand2         1  5.1     0   108    5750    (-,-) 
  u_crypto_synth_top/u_top/u_sha256/core/w_mem_inst/csa_tree_add_193_29_groupi/g2253/z (u)     in_0->z R     unmapped_nand2         3 16.5     0   173    5923    (-,-) 
  u_crypto_synth_top/u_top/u_sha256/core/w_mem_inst/csa_tree_add_193_29_groupi/g2252/z (u)     in_1->z F     unmapped_nand2         1  5.1     0   108    6031    (-,-) 
  u_crypto_synth_top/u_top/u_sha256/core/w_mem_inst/csa_tree_add_193_29_groupi/g2248/z (u)     in_0->z R     unmapped_nand2         3 16.5     0   173    6203    (-,-) 
  u_crypto_synth_top/u_top/u_sha256/core/w_mem_inst/csa_tree_add_193_29_groupi/g2244/z (u)     in_1->z F     unmapped_nand2         1  5.1     0   108    6312    (-,-) 
  u_crypto_synth_top/u_top/u_sha256/core/w_mem_inst/csa_tree_add_193_29_groupi/g2243/z (u)     in_0->z R     unmapped_nand2         4 22.0     0   214    6525    (-,-) 
  u_crypto_synth_top/u_top/u_sha256/core/w_mem_inst/csa_tree_add_193_29_groupi/g2242/z (u)     in_1->z F     unmapped_nand2         1  5.1     0   108    6634    (-,-) 
  u_crypto_synth_top/u_top/u_sha256/core/w_mem_inst/csa_tree_add_193_29_groupi/g2237/z (u)     in_1->z R     unmapped_nand2         2 11.0     0   142    6776    (-,-) 
  u_crypto_synth_top/u_top/u_sha256/core/w_mem_inst/csa_tree_add_193_29_groupi/g2234/z (u)     in_0->z R     unmapped_or2           1  5.5     0   108    6884    (-,-) 
  u_crypto_synth_top/u_top/u_sha256/core/w_mem_inst/csa_tree_add_193_29_groupi/g2235/z (u)     in_1->z F     unmapped_nand2         2 10.2     0   142    7026    (-,-) 
  u_crypto_synth_top/u_top/u_sha256/core/w_mem_inst/g10384/z                           (u)     in_1->z R     unmapped_nand2         1  5.5     0   114    7140    (-,-) 
  u_crypto_synth_top/u_top/u_sha256/core/w_mem_inst/g9726/z                            (u)     in_0->z F     unmapped_nand2         1  5.1     0   114    7254    (-,-) 
  u_crypto_synth_top/u_top/u_sha256/core/w_mem_inst/g9496/z                            (u)     in_0->z F     unmapped_or2           1  5.1     0   114    7368    (-,-) 
  u_crypto_synth_top/u_top/u_sha256/core/w_mem_inst/g9436/z                            (u)     in_0->z F     unmapped_or2           1  5.1     0   114    7482    (-,-) 
  u_crypto_synth_top/u_top/u_sha256/core/w_mem_inst/g9368/z                            (u)     in_0->z F     unmapped_or2           1  5.1     0   114    7596    (-,-) 
  u_crypto_synth_top/u_top/u_sha256/core/w_mem_inst/g9345/z                            (u)     in_0->z F     unmapped_complex2      4 20.4     0   227    7823    (-,-) 
  u_crypto_synth_top/u_top/u_sha256/core/csa_tree_add_341_39_groupi/g3213/z            (u)     in_1->z R     unmapped_complex2      1  5.5     0   108    7931    (-,-) 
  u_crypto_synth_top/u_top/u_sha256/core/csa_tree_add_341_39_groupi/g3214/z            (u)     in_1->z F     unmapped_nand2         2 10.2     0   142    8073    (-,-) 
  u_crypto_synth_top/u_top/u_sha256/core/csa_tree_add_341_39_groupi/g3090/z            (u)     in_1->z F     unmapped_or2           3 15.3     0   173    8246    (-,-) 
  u_crypto_synth_top/u_top/u_sha256/core/csa_tree_add_341_39_groupi/g3073/z            (u)     in_1->z R     unmapped_complex2      1  5.5     0   108    8354    (-,-) 
  u_crypto_synth_top/u_top/u_sha256/core/csa_tree_add_341_39_groupi/g3070/z            (u)     in_0->z F     unmapped_nand2         1  5.1     0   108    8462    (-,-) 
  u_crypto_synth_top/u_top/u_sha256/core/csa_tree_add_341_39_groupi/g3003/z            (u)     in_1->z F     unmapped_complex2      3 15.3     0   173    8635    (-,-) 
  u_crypto_synth_top/u_top/u_sha256/core/csa_tree_add_341_39_groupi/g2995/z            (u)     in_1->z R     unmapped_nand2         1  5.5     0   108    8743    (-,-) 
  u_crypto_synth_top/u_top/u_sha256/core/csa_tree_add_341_39_groupi/g2994/z            (u)     in_1->z F     unmapped_nand2         3 15.3     0   173    8916    (-,-) 
  u_crypto_synth_top/u_top/u_sha256/core/csa_tree_add_341_39_groupi/g2993/z            (u)     in_0->z R     unmapped_nand2         1  5.5     0   108    9024    (-,-) 
  u_crypto_synth_top/u_top/u_sha256/core/csa_tree_add_341_39_groupi/g2989/z            (u)     in_0->z F     unmapped_nand2         3 15.3     0   173    9196    (-,-) 
  u_crypto_synth_top/u_top/u_sha256/core/csa_tree_add_341_39_groupi/g2985/z            (u)     in_1->z R     unmapped_nand2         1  5.5     0   108    9305    (-,-) 
  u_crypto_synth_top/u_top/u_sha256/core/csa_tree_add_341_39_groupi/g2984/z            (u)     in_1->z F     unmapped_nand2         3 15.3     0   173    9477    (-,-) 
  u_crypto_synth_top/u_top/u_sha256/core/csa_tree_add_341_39_groupi/g2983/z            (u)     in_1->z R     unmapped_nand2         1  5.5     0   108    9585    (-,-) 
  u_crypto_synth_top/u_top/u_sha256/core/csa_tree_add_341_39_groupi/g2979/z            (u)     in_0->z F     unmapped_nand2         3 15.3     0   173    9758    (-,-) 
  u_crypto_synth_top/u_top/u_sha256/core/csa_tree_add_341_39_groupi/g2978/z            (u)     in_1->z R     unmapped_nand2         1  5.5     0   108    9866    (-,-) 
  u_crypto_synth_top/u_top/u_sha256/core/csa_tree_add_341_39_groupi/g2974/z            (u)     in_0->z F     unmapped_nand2         3 15.3     0   173   10039    (-,-) 
  u_crypto_synth_top/u_top/u_sha256/core/csa_tree_add_341_39_groupi/g2970/z            (u)     in_1->z R     unmapped_nand2         1  5.5     0   108   10147    (-,-) 
  u_crypto_synth_top/u_top/u_sha256/core/csa_tree_add_341_39_groupi/g2969/z            (u)     in_0->z F     unmapped_nand2         4 20.4     0   214   10361    (-,-) 
  u_crypto_synth_top/u_top/u_sha256/core/csa_tree_add_341_39_groupi/g2966/z            (u)     in_0->z F     unmapped_or2           1  5.1     0   108   10469    (-,-) 
  u_crypto_synth_top/u_top/u_sha256/core/csa_tree_add_341_39_groupi/g2967/z            (u)     in_1->z R     unmapped_nand2         6 33.0     0   236   10705    (-,-) 
  u_crypto_synth_top/u_top/u_sha256/core/csa_tree_add_426_23_groupi/g2042/z            (u)     in_1->z F     unmapped_complex2      1  5.1     0   105   10811    (-,-) 
  u_crypto_synth_top/u_top/u_sha256/core/csa_tree_add_426_23_groupi/g2043/z            (u)     in_1->z R     unmapped_nand2         2 11.0     0   138   10949    (-,-) 
  u_crypto_synth_top/u_top/u_sha256/core/csa_tree_add_426_23_groupi/g1361/z            (u)     in_0->z R     unmapped_or2           3 16.5     0   168   11116    (-,-) 
  u_crypto_synth_top/u_top/u_sha256/core/csa_tree_add_426_23_groupi/g1488/z            (u)     in_1->z F     unmapped_nand2         2 10.2     0   138   11255    (-,-) 
  u_crypto_synth_top/u_top/u_sha256/core/csa_tree_add_426_23_groupi/g1720/z            (u)     in_1->z F     unmapped_or2           1  5.1     0   105   11360    (-,-) 
  u_crypto_synth_top/u_top/u_sha256/core/csa_tree_add_426_23_groupi/g1721/z            (u)     in_1->z R     unmapped_nand2         1  5.5     0   105   11465    (-,-) 
  u_crypto_synth_top/u_top/u_sha256/core/g16819/z                                      (u)     in_0->z F     unmapped_complex2      1  5.1     0   117   11582    (-,-) 
  u_crypto_synth_top/u_top/u_sha256/core/g15089/z                                      (u)     in_0->z R     unmapped_nand2         1  5.5     0   117   11699    (-,-) 
  u_crypto_synth_top/u_top/u_sha256/core/g14974/z                                      (u)     in_0->z R     unmapped_complex2      1  5.5     0   117   11816    (-,-) 
  u_crypto_synth_top/u_top/u_sha256/core/g14688/z                                      (u)     in_0->z R     unmapped_complex2      1  5.5     0   117   11933    (-,-) 
  u_crypto_synth_top/u_top/u_sha256/core/a_reg_reg[24]/d                               -       -       R     unmapped_d_flop        1    -     -     0   11933    (-,-) 
#-----------------------------------------------------------------------------------------------------------------------------------------------------------------------

(u) : Net has unmapped pin(s).



Path 15: MET (43173 ps) Setup Check with Pin u_crypto_synth_top/u_top/u_sha256/core/e_reg_reg[25]/clk->d
          Group: R2R
     Startpoint: (R) u_crypto_synth_top/u_top/u_sha256/core/w_mem_inst/w_mem_reg[14][19]/clk
          Clock: (R) MAIN_CLK
       Endpoint: (R) u_crypto_synth_top/u_top/u_sha256/core/e_reg_reg[25]/d
          Clock: (R) MAIN_CLK

                     Capture       Launch     
        Clock Edge:+   58000            0     
       Src Latency:+     150          250     
       Net Latency:+       0 (I)        0 (I) 
           Arrival:=   58150          250     
                                              
             Setup:-     122                  
       Uncertainty:-    1450                  
       Path Adjust:+   -1500                  
     Required Time:=   55078                  
      Launch Clock:-     250                  
         Data Path:-   11654                  
             Slack:=   43173                  

Exceptions/Constraints:
  path_adjust            -1500            PA_C2C 

#-----------------------------------------------------------------------------------------------------------------------------------------------------------------------
#                                    Timing Point                                      Flags    Arc    Edge       Cell         Fanout Load Trans Delay Arrival Instance 
#                                                                                                                                     (fF)  (ps)  (ps)   (ps)  Location 
#-----------------------------------------------------------------------------------------------------------------------------------------------------------------------
  u_crypto_synth_top/u_top/u_sha256/core/w_mem_inst/w_mem_reg[14][19]/clk              -       -       R     (arrival)          19892    -     0     0     250    (-,-) 
  u_crypto_synth_top/u_top/u_sha256/core/w_mem_inst/w_mem_reg[14][19]/q                (u)     clk->q  R     unmapped_d_flop        9 49.5     0   878    1128    (-,-) 
  u_crypto_synth_top/u_top/u_sha256/core/w_mem_inst/g7543/z                            (u)     in_1->z F     unmapped_complex2      1  5.1     0   114    1242    (-,-) 
  u_crypto_synth_top/u_top/u_sha256/core/w_mem_inst/g7544/z                            (u)     in_1->z R     unmapped_nand2         2 11.0     0   150    1393    (-,-) 
  u_crypto_synth_top/u_top/u_sha256/core/w_mem_inst/g7330/z                            (u)     in_0->z R     unmapped_complex2      1  5.5     0   114    1507    (-,-) 
  u_crypto_synth_top/u_top/u_sha256/core/w_mem_inst/g7331/z                            (u)     in_1->z F     unmapped_nand2         4 20.4     0   227    1734    (-,-) 
  u_crypto_synth_top/u_top/u_sha256/core/w_mem_inst/csa_tree_add_193_29_groupi/g1585/z (u)     in_1->z F     unmapped_or2           1  5.1     0   108    1842    (-,-) 
  u_crypto_synth_top/u_top/u_sha256/core/w_mem_inst/csa_tree_add_193_29_groupi/g2744/z (u)     in_0->z R     unmapped_nand2         1  5.5     0   108    1950    (-,-) 
  u_crypto_synth_top/u_top/u_sha256/core/w_mem_inst/csa_tree_add_193_29_groupi/g2630/z (u)     in_0->z F     unmapped_nand2         4 20.4     0   214    2164    (-,-) 
  u_crypto_synth_top/u_top/u_sha256/core/w_mem_inst/csa_tree_add_193_29_groupi/g1561/z (u)     in_0->z F     unmapped_or2           1  5.1     0   108    2272    (-,-) 
  u_crypto_synth_top/u_top/u_sha256/core/w_mem_inst/csa_tree_add_193_29_groupi/g2432/z (u)     in_0->z R     unmapped_nand2         1  5.5     0   108    2380    (-,-) 
  u_crypto_synth_top/u_top/u_sha256/core/w_mem_inst/csa_tree_add_193_29_groupi/g2402/z (u)     in_0->z F     unmapped_nand2         3 15.3     0   173    2553    (-,-) 
  u_crypto_synth_top/u_top/u_sha256/core/w_mem_inst/csa_tree_add_193_29_groupi/g2313/z (u)     in_1->z R     unmapped_nand2         1  5.5     0   108    2661    (-,-) 
  u_crypto_synth_top/u_top/u_sha256/core/w_mem_inst/csa_tree_add_193_29_groupi/g2309/z (u)     in_0->z F     unmapped_nand2         3 15.3     0   173    2834    (-,-) 
  u_crypto_synth_top/u_top/u_sha256/core/w_mem_inst/csa_tree_add_193_29_groupi/g2307/z (u)     in_1->z R     unmapped_nand2         1  5.5     0   108    2942    (-,-) 
  u_crypto_synth_top/u_top/u_sha256/core/w_mem_inst/csa_tree_add_193_29_groupi/g2303/z (u)     in_0->z F     unmapped_nand2         3 15.3     0   173    3115    (-,-) 
  u_crypto_synth_top/u_top/u_sha256/core/w_mem_inst/csa_tree_add_193_29_groupi/g2299/z (u)     in_1->z R     unmapped_nand2         1  5.5     0   108    3223    (-,-) 
  u_crypto_synth_top/u_top/u_sha256/core/w_mem_inst/csa_tree_add_193_29_groupi/g2298/z (u)     in_0->z F     unmapped_nand2         3 15.3     0   173    3395    (-,-) 
  u_crypto_synth_top/u_top/u_sha256/core/w_mem_inst/csa_tree_add_193_29_groupi/g2294/z (u)     in_1->z R     unmapped_nand2         1  5.5     0   108    3504    (-,-) 
  u_crypto_synth_top/u_top/u_sha256/core/w_mem_inst/csa_tree_add_193_29_groupi/g2293/z (u)     in_0->z F     unmapped_nand2         3 15.3     0   173    3676    (-,-) 
  u_crypto_synth_top/u_top/u_sha256/core/w_mem_inst/csa_tree_add_193_29_groupi/g2289/z (u)     in_1->z R     unmapped_nand2         1  5.5     0   108    3784    (-,-) 
  u_crypto_synth_top/u_top/u_sha256/core/w_mem_inst/csa_tree_add_193_29_groupi/g2288/z (u)     in_0->z F     unmapped_nand2         3 15.3     0   173    3957    (-,-) 
  u_crypto_synth_top/u_top/u_sha256/core/w_mem_inst/csa_tree_add_193_29_groupi/g2284/z (u)     in_1->z R     unmapped_nand2         1  5.5     0   108    4065    (-,-) 
  u_crypto_synth_top/u_top/u_sha256/core/w_mem_inst/csa_tree_add_193_29_groupi/g2283/z (u)     in_0->z F     unmapped_nand2         3 15.3     0   173    4238    (-,-) 
  u_crypto_synth_top/u_top/u_sha256/core/w_mem_inst/csa_tree_add_193_29_groupi/g2282/z (u)     in_1->z R     unmapped_nand2         1  5.5     0   108    4346    (-,-) 
  u_crypto_synth_top/u_top/u_sha256/core/w_mem_inst/csa_tree_add_193_29_groupi/g2278/z (u)     in_1->z F     unmapped_nand2         3 15.3     0   173    4519    (-,-) 
  u_crypto_synth_top/u_top/u_sha256/core/w_mem_inst/csa_tree_add_193_29_groupi/g2277/z (u)     in_1->z R     unmapped_nand2         1  5.5     0   108    4627    (-,-) 
  u_crypto_synth_top/u_top/u_sha256/core/w_mem_inst/csa_tree_add_193_29_groupi/g2273/z (u)     in_0->z F     unmapped_nand2         3 15.3     0   173    4799    (-,-) 
  u_crypto_synth_top/u_top/u_sha256/core/w_mem_inst/csa_tree_add_193_29_groupi/g2272/z (u)     in_1->z R     unmapped_nand2         1  5.5     0   108    4908    (-,-) 
  u_crypto_synth_top/u_top/u_sha256/core/w_mem_inst/csa_tree_add_193_29_groupi/g2268/z (u)     in_0->z F     unmapped_nand2         3 15.3     0   173    5080    (-,-) 
  u_crypto_synth_top/u_top/u_sha256/core/w_mem_inst/csa_tree_add_193_29_groupi/g2264/z (u)     in_1->z R     unmapped_nand2         1  5.5     0   108    5188    (-,-) 
  u_crypto_synth_top/u_top/u_sha256/core/w_mem_inst/csa_tree_add_193_29_groupi/g2263/z (u)     in_0->z F     unmapped_nand2         3 15.3     0   173    5361    (-,-) 
  u_crypto_synth_top/u_top/u_sha256/core/w_mem_inst/csa_tree_add_193_29_groupi/g2259/z (u)     in_1->z R     unmapped_nand2         1  5.5     0   108    5469    (-,-) 
  u_crypto_synth_top/u_top/u_sha256/core/w_mem_inst/csa_tree_add_193_29_groupi/g2258/z (u)     in_1->z F     unmapped_nand2         3 15.3     0   173    5642    (-,-) 
  u_crypto_synth_top/u_top/u_sha256/core/w_mem_inst/csa_tree_add_193_29_groupi/g2254/z (u)     in_1->z R     unmapped_nand2         1  5.5     0   108    5750    (-,-) 
  u_crypto_synth_top/u_top/u_sha256/core/w_mem_inst/csa_tree_add_193_29_groupi/g2253/z (u)     in_0->z F     unmapped_nand2         3 15.3     0   173    5923    (-,-) 
  u_crypto_synth_top/u_top/u_sha256/core/w_mem_inst/csa_tree_add_193_29_groupi/g2252/z (u)     in_1->z R     unmapped_nand2         1  5.5     0   108    6031    (-,-) 
  u_crypto_synth_top/u_top/u_sha256/core/w_mem_inst/csa_tree_add_193_29_groupi/g2248/z (u)     in_0->z F     unmapped_nand2         3 15.3     0   173    6203    (-,-) 
  u_crypto_synth_top/u_top/u_sha256/core/w_mem_inst/csa_tree_add_193_29_groupi/g2244/z (u)     in_1->z R     unmapped_nand2         1  5.5     0   108    6312    (-,-) 
  u_crypto_synth_top/u_top/u_sha256/core/w_mem_inst/csa_tree_add_193_29_groupi/g2243/z (u)     in_0->z F     unmapped_nand2         4 20.4     0   214    6525    (-,-) 
  u_crypto_synth_top/u_top/u_sha256/core/w_mem_inst/csa_tree_add_193_29_groupi/g2242/z (u)     in_1->z R     unmapped_nand2         1  5.5     0   108    6634    (-,-) 
  u_crypto_synth_top/u_top/u_sha256/core/w_mem_inst/csa_tree_add_193_29_groupi/g2237/z (u)     in_1->z F     unmapped_nand2         2 10.2     0   142    6776    (-,-) 
  u_crypto_synth_top/u_top/u_sha256/core/w_mem_inst/csa_tree_add_193_29_groupi/g2234/z (u)     in_0->z F     unmapped_or2           1  5.1     0   108    6884    (-,-) 
  u_crypto_synth_top/u_top/u_sha256/core/w_mem_inst/csa_tree_add_193_29_groupi/g2235/z (u)     in_1->z R     unmapped_nand2         2 11.0     0   142    7026    (-,-) 
  u_crypto_synth_top/u_top/u_sha256/core/w_mem_inst/g10384/z                           (u)     in_1->z F     unmapped_nand2         1  5.1     0   114    7140    (-,-) 
  u_crypto_synth_top/u_top/u_sha256/core/w_mem_inst/g9726/z                            (u)     in_0->z R     unmapped_nand2         1  5.5     0   114    7254    (-,-) 
  u_crypto_synth_top/u_top/u_sha256/core/w_mem_inst/g9496/z                            (u)     in_0->z R     unmapped_or2           1  5.5     0   114    7368    (-,-) 
  u_crypto_synth_top/u_top/u_sha256/core/w_mem_inst/g9436/z                            (u)     in_0->z R     unmapped_or2           1  5.5     0   114    7482    (-,-) 
  u_crypto_synth_top/u_top/u_sha256/core/w_mem_inst/g9368/z                            (u)     in_0->z R     unmapped_or2           1  5.5     0   114    7596    (-,-) 
  u_crypto_synth_top/u_top/u_sha256/core/w_mem_inst/g9345/z                            (u)     in_0->z R     unmapped_complex2      4 22.0     0   227    7823    (-,-) 
  u_crypto_synth_top/u_top/u_sha256/core/csa_tree_add_341_39_groupi/g3213/z            (u)     in_1->z F     unmapped_complex2      1  5.1     0   108    7931    (-,-) 
  u_crypto_synth_top/u_top/u_sha256/core/csa_tree_add_341_39_groupi/g3214/z            (u)     in_1->z R     unmapped_nand2         2 11.0     0   142    8073    (-,-) 
  u_crypto_synth_top/u_top/u_sha256/core/csa_tree_add_341_39_groupi/g3090/z            (u)     in_1->z R     unmapped_or2           3 16.5     0   173    8246    (-,-) 
  u_crypto_synth_top/u_top/u_sha256/core/csa_tree_add_341_39_groupi/g3073/z            (u)     in_1->z F     unmapped_complex2      1  5.1     0   108    8354    (-,-) 
  u_crypto_synth_top/u_top/u_sha256/core/csa_tree_add_341_39_groupi/g3070/z            (u)     in_0->z R     unmapped_nand2         1  5.5     0   108    8462    (-,-) 
  u_crypto_synth_top/u_top/u_sha256/core/csa_tree_add_341_39_groupi/g3003/z            (u)     in_1->z R     unmapped_complex2      3 16.5     0   173    8635    (-,-) 
  u_crypto_synth_top/u_top/u_sha256/core/csa_tree_add_341_39_groupi/g2995/z            (u)     in_1->z F     unmapped_nand2         1  5.1     0   108    8743    (-,-) 
  u_crypto_synth_top/u_top/u_sha256/core/csa_tree_add_341_39_groupi/g2994/z            (u)     in_1->z R     unmapped_nand2         3 16.5     0   173    8916    (-,-) 
  u_crypto_synth_top/u_top/u_sha256/core/csa_tree_add_341_39_groupi/g2993/z            (u)     in_0->z F     unmapped_nand2         1  5.1     0   108    9024    (-,-) 
  u_crypto_synth_top/u_top/u_sha256/core/csa_tree_add_341_39_groupi/g2989/z            (u)     in_0->z R     unmapped_nand2         3 16.5     0   173    9196    (-,-) 
  u_crypto_synth_top/u_top/u_sha256/core/csa_tree_add_341_39_groupi/g2985/z            (u)     in_1->z F     unmapped_nand2         1  5.1     0   108    9305    (-,-) 
  u_crypto_synth_top/u_top/u_sha256/core/csa_tree_add_341_39_groupi/g2984/z            (u)     in_1->z R     unmapped_nand2         3 16.5     0   173    9477    (-,-) 
  u_crypto_synth_top/u_top/u_sha256/core/csa_tree_add_341_39_groupi/g2983/z            (u)     in_1->z F     unmapped_nand2         1  5.1     0   108    9585    (-,-) 
  u_crypto_synth_top/u_top/u_sha256/core/csa_tree_add_341_39_groupi/g2979/z            (u)     in_0->z R     unmapped_nand2         3 16.5     0   173    9758    (-,-) 
  u_crypto_synth_top/u_top/u_sha256/core/csa_tree_add_341_39_groupi/g2978/z            (u)     in_1->z F     unmapped_nand2         1  5.1     0   108    9866    (-,-) 
  u_crypto_synth_top/u_top/u_sha256/core/csa_tree_add_341_39_groupi/g2974/z            (u)     in_0->z R     unmapped_nand2         3 16.5     0   173   10039    (-,-) 
  u_crypto_synth_top/u_top/u_sha256/core/csa_tree_add_341_39_groupi/g2970/z            (u)     in_1->z F     unmapped_nand2         1  5.1     0   108   10147    (-,-) 
  u_crypto_synth_top/u_top/u_sha256/core/csa_tree_add_341_39_groupi/g2969/z            (u)     in_0->z R     unmapped_nand2         4 22.0     0   214   10361    (-,-) 
  u_crypto_synth_top/u_top/u_sha256/core/csa_tree_add_341_39_groupi/g2964/z            (u)     in_1->z F     unmapped_nand2         1  5.1     0   108   10469    (-,-) 
  u_crypto_synth_top/u_top/u_sha256/core/csa_tree_add_341_39_groupi/g2963/z            (u)     in_1->z R     unmapped_nand2         2 11.0     0   142   10611    (-,-) 
  u_crypto_synth_top/u_top/u_sha256/core/csa_tree_add_341_39_groupi/g2957/z            (u)     in_0->z R     unmapped_or2           1  5.5     0   108   10719    (-,-) 
  u_crypto_synth_top/u_top/u_sha256/core/csa_tree_add_341_39_groupi/g2958/z            (u)     in_1->z F     unmapped_nand2         6 30.6     0   236   10955    (-,-) 
  u_crypto_synth_top/u_top/u_sha256/core/add_430_26/g1611/z                            (u)     in_1->z R     unmapped_nand2         2 11.0     0   136   11092    (-,-) 
  u_crypto_synth_top/u_top/u_sha256/core/add_430_26/g1557/z                            (u)     in_1->z F     unmapped_nand2         2 10.2     0   136   11228    (-,-) 
  u_crypto_synth_top/u_top/u_sha256/core/add_430_26/g1427/z                            (u)     in_1->z F     unmapped_or2           1  5.1     0   104   11332    (-,-) 
  u_crypto_synth_top/u_top/u_sha256/core/add_430_26/g1428/z                            (u)     in_1->z R     unmapped_nand2         1  5.5     0   104   11437    (-,-) 
  u_crypto_synth_top/u_top/u_sha256/core/g16877/z                                      (u)     in_0->z F     unmapped_complex2      1  5.1     0   117   11554    (-,-) 
  u_crypto_synth_top/u_top/u_sha256/core/g15176/z                                      (u)     in_0->z R     unmapped_nand2         1  5.5     0   117   11670    (-,-) 
  u_crypto_synth_top/u_top/u_sha256/core/g14887/z                                      (u)     in_0->z R     unmapped_complex2      1  5.5     0   117   11787    (-,-) 
  u_crypto_synth_top/u_top/u_sha256/core/g14588/z                                      (u)     in_0->z R     unmapped_complex2      1  5.5     0   117   11904    (-,-) 
  u_crypto_synth_top/u_top/u_sha256/core/e_reg_reg[25]/d                               -       -       R     unmapped_d_flop        1    -     -     0   11904    (-,-) 
#-----------------------------------------------------------------------------------------------------------------------------------------------------------------------

(u) : Net has unmapped pin(s).



Path 16: MET (43364 ps) Setup Check with Pin u_crypto_synth_top/u_top/u_rsa/core_inst/montprod_inst/s_mem/mem_reg[31][31]/clk->d
          Group: R2R
     Startpoint: (R) u_crypto_synth_top/u_top/u_rsa/core_inst/montprod_select_reg_reg[2]/clk
          Clock: (R) MAIN_CLK
       Endpoint: (R) u_crypto_synth_top/u_top/u_rsa/core_inst/montprod_inst/s_mem/mem_reg[31][31]/d
          Clock: (R) MAIN_CLK

                     Capture       Launch     
        Clock Edge:+   58000            0     
       Src Latency:+     150          250     
       Net Latency:+       0 (I)        0 (I) 
           Arrival:=   58150          250     
                                              
             Setup:-     329                  
       Uncertainty:-    1450                  
       Path Adjust:+   -1500                  
     Required Time:=   54871                  
      Launch Clock:-     250                  
         Data Path:-   11258                  
             Slack:=   43364                  

Exceptions/Constraints:
  path_adjust            -1500            PA_C2C 

#-----------------------------------------------------------------------------------------------------------------------------------------------------------------------------
#                                       Timing Point                                         Flags    Arc    Edge       Cell         Fanout Load Trans Delay Arrival Instance 
#                                                                                                                                           (fF)  (ps)  (ps)   (ps)  Location 
#-----------------------------------------------------------------------------------------------------------------------------------------------------------------------------
  u_crypto_synth_top/u_top/u_rsa/core_inst/montprod_select_reg_reg[2]/clk                    -       -       R     (arrival)          19892    -     0     0     250    (-,-) 
  u_crypto_synth_top/u_top/u_rsa/core_inst/montprod_select_reg_reg[2]/q                      (u)     clk->q  R     unmapped_d_flop        7 38.5     0   881    1131    (-,-) 
  u_crypto_synth_top/u_top/u_rsa/core_inst/g4055/z                                           (u)     in_1->z R     unmapped_complex2     34 33.0     0   412    1543    (-,-) 
  u_crypto_synth_top/u_top/u_rsa/core_inst/g4058/z                                           (u)     in_1->z F     unmapped_nand2         1  5.1     0   125    1668    (-,-) 
  u_crypto_synth_top/u_top/u_rsa/core_inst/g4054/z                                           (u)     in_0->z R     unmapped_complex2     32 33.0     0   412    2080    (-,-) 
  u_crypto_synth_top/u_top/u_rsa/core_inst/g3958/z                                           (u)     in_1->z R     unmapped_complex2      1  5.5     0   125    2206    (-,-) 
  u_crypto_synth_top/u_top/u_rsa/core_inst/g3922/z                                           (u)     in_0->z F     unmapped_nand2         1  5.1     0   125    2331    (-,-) 
  u_crypto_synth_top/u_top/u_rsa/core_inst/g3905/z                                           (u)     in_1->z F     unmapped_or2           5 25.5     0   272    2602    (-,-) 
  u_crypto_synth_top/u_top/u_rsa/core_inst/montprod_inst/s_adder_sa/addinc_add_57_43/g1182/z (u)     in_1->z F     unmapped_or2           1  5.1     0   104    2707    (-,-) 
  u_crypto_synth_top/u_top/u_rsa/core_inst/montprod_inst/s_adder_sa/addinc_add_57_43/g1612/z (u)     in_0->z R     unmapped_nand2         1  5.5     0   104    2811    (-,-) 
  u_crypto_synth_top/u_top/u_rsa/core_inst/montprod_inst/s_adder_sa/addinc_add_57_43/g1602/z (u)     in_0->z F     unmapped_nand2         3 15.3     0   165    2976    (-,-) 
  u_crypto_synth_top/u_top/u_rsa/core_inst/montprod_inst/s_adder_sa/addinc_add_57_43/g1597/z (u)     in_1->z R     unmapped_nand2         1  5.5     0   104    3080    (-,-) 
  u_crypto_synth_top/u_top/u_rsa/core_inst/montprod_inst/s_adder_sa/addinc_add_57_43/g1596/z (u)     in_0->z F     unmapped_nand2         3 15.3     0   165    3245    (-,-) 
  u_crypto_synth_top/u_top/u_rsa/core_inst/montprod_inst/s_adder_sa/addinc_add_57_43/g1595/z (u)     in_1->z R     unmapped_nand2         1  5.5     0   104    3350    (-,-) 
  u_crypto_synth_top/u_top/u_rsa/core_inst/montprod_inst/s_adder_sa/addinc_add_57_43/g1591/z (u)     in_0->z F     unmapped_nand2         3 15.3     0   165    3515    (-,-) 
  u_crypto_synth_top/u_top/u_rsa/core_inst/montprod_inst/s_adder_sa/addinc_add_57_43/g1587/z (u)     in_1->z R     unmapped_nand2         1  5.5     0   104    3619    (-,-) 
  u_crypto_synth_top/u_top/u_rsa/core_inst/montprod_inst/s_adder_sa/addinc_add_57_43/g1586/z (u)     in_0->z F     unmapped_nand2         3 15.3     0   165    3784    (-,-) 
  u_crypto_synth_top/u_top/u_rsa/core_inst/montprod_inst/s_adder_sa/addinc_add_57_43/g1582/z (u)     in_1->z R     unmapped_nand2         1  5.5     0   104    3888    (-,-) 
  u_crypto_synth_top/u_top/u_rsa/core_inst/montprod_inst/s_adder_sa/addinc_add_57_43/g1581/z (u)     in_0->z F     unmapped_nand2         3 15.3     0   165    4054    (-,-) 
  u_crypto_synth_top/u_top/u_rsa/core_inst/montprod_inst/s_adder_sa/addinc_add_57_43/g1580/z (u)     in_1->z R     unmapped_nand2         1  5.5     0   104    4158    (-,-) 
  u_crypto_synth_top/u_top/u_rsa/core_inst/montprod_inst/s_adder_sa/addinc_add_57_43/g1576/z (u)     in_0->z F     unmapped_nand2         3 15.3     0   165    4323    (-,-) 
  u_crypto_synth_top/u_top/u_rsa/core_inst/montprod_inst/s_adder_sa/addinc_add_57_43/g1575/z (u)     in_1->z R     unmapped_nand2         1  5.5     0   104    4427    (-,-) 
  u_crypto_synth_top/u_top/u_rsa/core_inst/montprod_inst/s_adder_sa/addinc_add_57_43/g1571/z (u)     in_0->z F     unmapped_nand2         3 15.3     0   165    4592    (-,-) 
  u_crypto_synth_top/u_top/u_rsa/core_inst/montprod_inst/s_adder_sa/addinc_add_57_43/g1567/z (u)     in_1->z R     unmapped_nand2         1  5.5     0   104    4697    (-,-) 
  u_crypto_synth_top/u_top/u_rsa/core_inst/montprod_inst/s_adder_sa/addinc_add_57_43/g1566/z (u)     in_0->z F     unmapped_nand2         3 15.3     0   165    4862    (-,-) 
  u_crypto_synth_top/u_top/u_rsa/core_inst/montprod_inst/s_adder_sa/addinc_add_57_43/g1565/z (u)     in_1->z R     unmapped_nand2         1  5.5     0   104    4966    (-,-) 
  u_crypto_synth_top/u_top/u_rsa/core_inst/montprod_inst/s_adder_sa/addinc_add_57_43/g1561/z (u)     in_1->z F     unmapped_nand2         3 15.3     0   165    5131    (-,-) 
  u_crypto_synth_top/u_top/u_rsa/core_inst/montprod_inst/s_adder_sa/addinc_add_57_43/g1557/z (u)     in_1->z R     unmapped_nand2         1  5.5     0   104    5235    (-,-) 
  u_crypto_synth_top/u_top/u_rsa/core_inst/montprod_inst/s_adder_sa/addinc_add_57_43/g1556/z (u)     in_0->z F     unmapped_nand2         3 15.3     0   165    5401    (-,-) 
  u_crypto_synth_top/u_top/u_rsa/core_inst/montprod_inst/s_adder_sa/addinc_add_57_43/g1552/z (u)     in_1->z R     unmapped_nand2         1  5.5     0   104    5505    (-,-) 
  u_crypto_synth_top/u_top/u_rsa/core_inst/montprod_inst/s_adder_sa/addinc_add_57_43/g1551/z (u)     in_0->z F     unmapped_nand2         3 15.3     0   165    5670    (-,-) 
  u_crypto_synth_top/u_top/u_rsa/core_inst/montprod_inst/s_adder_sa/addinc_add_57_43/g1547/z (u)     in_1->z R     unmapped_nand2         1  5.5     0   104    5774    (-,-) 
  u_crypto_synth_top/u_top/u_rsa/core_inst/montprod_inst/s_adder_sa/addinc_add_57_43/g1546/z (u)     in_0->z F     unmapped_nand2         3 15.3     0   165    5939    (-,-) 
  u_crypto_synth_top/u_top/u_rsa/core_inst/montprod_inst/s_adder_sa/addinc_add_57_43/g1542/z (u)     in_1->z R     unmapped_nand2         1  5.5     0   104    6044    (-,-) 
  u_crypto_synth_top/u_top/u_rsa/core_inst/montprod_inst/s_adder_sa/addinc_add_57_43/g1541/z (u)     in_1->z F     unmapped_nand2         3 15.3     0   165    6209    (-,-) 
  u_crypto_synth_top/u_top/u_rsa/core_inst/montprod_inst/s_adder_sa/addinc_add_57_43/g1540/z (u)     in_1->z R     unmapped_nand2         1  5.5     0   104    6313    (-,-) 
  u_crypto_synth_top/u_top/u_rsa/core_inst/montprod_inst/s_adder_sa/addinc_add_57_43/g1536/z (u)     in_0->z F     unmapped_nand2         3 15.3     0   165    6478    (-,-) 
  u_crypto_synth_top/u_top/u_rsa/core_inst/montprod_inst/s_adder_sa/addinc_add_57_43/g1535/z (u)     in_1->z R     unmapped_nand2         1  5.5     0   104    6582    (-,-) 
  u_crypto_synth_top/u_top/u_rsa/core_inst/montprod_inst/s_adder_sa/addinc_add_57_43/g1531/z (u)     in_0->z F     unmapped_nand2         3 15.3     0   165    6748    (-,-) 
  u_crypto_synth_top/u_top/u_rsa/core_inst/montprod_inst/s_adder_sa/addinc_add_57_43/g1527/z (u)     in_1->z R     unmapped_nand2         1  5.5     0   104    6852    (-,-) 
  u_crypto_synth_top/u_top/u_rsa/core_inst/montprod_inst/s_adder_sa/addinc_add_57_43/g1526/z (u)     in_0->z F     unmapped_nand2         4 20.4     0   199    7050    (-,-) 
  u_crypto_synth_top/u_top/u_rsa/core_inst/montprod_inst/s_adder_sa/addinc_add_57_43/g1521/z (u)     in_0->z R     unmapped_complex2      1  5.5     0   104    7155    (-,-) 
  u_crypto_synth_top/u_top/u_rsa/core_inst/montprod_inst/s_adder_sa/addinc_add_57_43/g1520/z (u)     in_0->z F     unmapped_complex2      3 15.3     0   165    7320    (-,-) 
  u_crypto_synth_top/u_top/u_rsa/core_inst/montprod_inst/s_adder_sa/addinc_add_57_43/g1512/z (u)     in_1->z R     unmapped_nand2         1  5.5     0   104    7424    (-,-) 
  u_crypto_synth_top/u_top/u_rsa/core_inst/montprod_inst/s_adder_sa/addinc_add_57_43/g1511/z (u)     in_1->z F     unmapped_nand2         3 15.3     0   165    7589    (-,-) 
  u_crypto_synth_top/u_top/u_rsa/core_inst/montprod_inst/s_adder_sa/addinc_add_57_43/g1510/z (u)     in_0->z R     unmapped_nand2         1  5.5     0   104    7694    (-,-) 
  u_crypto_synth_top/u_top/u_rsa/core_inst/montprod_inst/s_adder_sa/addinc_add_57_43/g1506/z (u)     in_0->z F     unmapped_nand2         3 15.3     0   165    7859    (-,-) 
  u_crypto_synth_top/u_top/u_rsa/core_inst/montprod_inst/s_adder_sa/addinc_add_57_43/g1502/z (u)     in_1->z R     unmapped_nand2         1  5.5     0   104    7963    (-,-) 
  u_crypto_synth_top/u_top/u_rsa/core_inst/montprod_inst/s_adder_sa/addinc_add_57_43/g1501/z (u)     in_1->z F     unmapped_nand2         3 15.3     0   165    8128    (-,-) 
  u_crypto_synth_top/u_top/u_rsa/core_inst/montprod_inst/s_adder_sa/addinc_add_57_43/g1500/z (u)     in_1->z R     unmapped_nand2         1  5.5     0   104    8232    (-,-) 
  u_crypto_synth_top/u_top/u_rsa/core_inst/montprod_inst/s_adder_sa/addinc_add_57_43/g1496/z (u)     in_0->z F     unmapped_nand2         3 15.3     0   165    8398    (-,-) 
  u_crypto_synth_top/u_top/u_rsa/core_inst/montprod_inst/s_adder_sa/addinc_add_57_43/g1495/z (u)     in_1->z R     unmapped_nand2         1  5.5     0   104    8502    (-,-) 
  u_crypto_synth_top/u_top/u_rsa/core_inst/montprod_inst/s_adder_sa/addinc_add_57_43/g1491/z (u)     in_0->z F     unmapped_nand2         3 15.3     0   165    8667    (-,-) 
  u_crypto_synth_top/u_top/u_rsa/core_inst/montprod_inst/s_adder_sa/addinc_add_57_43/g1490/z (u)     in_1->z R     unmapped_nand2         1  5.5     0   104    8771    (-,-) 
  u_crypto_synth_top/u_top/u_rsa/core_inst/montprod_inst/s_adder_sa/addinc_add_57_43/g1486/z (u)     in_0->z F     unmapped_nand2         3 15.3     0   165    8936    (-,-) 
  u_crypto_synth_top/u_top/u_rsa/core_inst/montprod_inst/s_adder_sa/addinc_add_57_43/g1482/z (u)     in_1->z R     unmapped_nand2         1  5.5     0   104    9040    (-,-) 
  u_crypto_synth_top/u_top/u_rsa/core_inst/montprod_inst/s_adder_sa/addinc_add_57_43/g1481/z (u)     in_1->z F     unmapped_nand2         3 15.3     0   165    9206    (-,-) 
  u_crypto_synth_top/u_top/u_rsa/core_inst/montprod_inst/s_adder_sa/addinc_add_57_43/g1480/z (u)     in_0->z R     unmapped_nand2         1  5.5     0   104    9310    (-,-) 
  u_crypto_synth_top/u_top/u_rsa/core_inst/montprod_inst/s_adder_sa/addinc_add_57_43/g1476/z (u)     in_1->z F     unmapped_nand2         3 15.3     0   165    9475    (-,-) 
  u_crypto_synth_top/u_top/u_rsa/core_inst/montprod_inst/s_adder_sa/addinc_add_57_43/g1472/z (u)     in_1->z R     unmapped_nand2         1  5.5     0   104    9579    (-,-) 
  u_crypto_synth_top/u_top/u_rsa/core_inst/montprod_inst/s_adder_sa/addinc_add_57_43/g1471/z (u)     in_1->z F     unmapped_nand2         3 15.3     0   165    9744    (-,-) 
  u_crypto_synth_top/u_top/u_rsa/core_inst/montprod_inst/s_adder_sa/addinc_add_57_43/g1470/z (u)     in_0->z R     unmapped_nand2         1  5.5     0   104    9849    (-,-) 
  u_crypto_synth_top/u_top/u_rsa/core_inst/montprod_inst/s_adder_sa/addinc_add_57_43/g1466/z (u)     in_1->z F     unmapped_nand2         3 15.3     0   165   10014    (-,-) 
  u_crypto_synth_top/u_top/u_rsa/core_inst/montprod_inst/s_adder_sa/addinc_add_57_43/g1462/z (u)     in_1->z R     unmapped_nand2         1  5.5     0   104   10118    (-,-) 
  u_crypto_synth_top/u_top/u_rsa/core_inst/montprod_inst/s_adder_sa/addinc_add_57_43/g1461/z (u)     in_1->z F     unmapped_nand2         3 15.3     0   165   10283    (-,-) 
  u_crypto_synth_top/u_top/u_rsa/core_inst/montprod_inst/s_adder_sa/addinc_add_57_43/g1457/z (u)     in_1->z R     unmapped_nand2         1  5.5     0   104   10388    (-,-) 
  u_crypto_synth_top/u_top/u_rsa/core_inst/montprod_inst/s_adder_sa/addinc_add_57_43/g1456/z (u)     in_1->z F     unmapped_nand2         3 15.3     0   165   10553    (-,-) 
  u_crypto_synth_top/u_top/u_rsa/core_inst/montprod_inst/s_adder_sa/addinc_add_57_43/g1452/z (u)     in_1->z R     unmapped_nand2         1  5.5     0   104   10657    (-,-) 
  u_crypto_synth_top/u_top/u_rsa/core_inst/montprod_inst/s_adder_sa/addinc_add_57_43/g1451/z (u)     in_1->z F     unmapped_nand2         3 15.3     0   165   10822    (-,-) 
  u_crypto_synth_top/u_top/u_rsa/core_inst/montprod_inst/s_adder_sa/addinc_add_57_43/g1448/z (u)     in_0->z F     unmapped_or2           1  5.1     0   104   10926    (-,-) 
  u_crypto_synth_top/u_top/u_rsa/core_inst/montprod_inst/s_adder_sa/addinc_add_57_43/g1449/z (u)     in_1->z R     unmapped_nand2         1  5.5     0   104   11030    (-,-) 
  u_crypto_synth_top/u_top/u_rsa/core_inst/montprod_inst/g4462/z                             (u)     in_0->z F     unmapped_complex2      1  5.1     0   114   11145    (-,-) 
  u_crypto_synth_top/u_top/u_rsa/core_inst/montprod_inst/g4246/z                             (u)     in_1->z R     unmapped_complex2     32 33.0     0   363   11508    (-,-) 
  u_crypto_synth_top/u_top/u_rsa/core_inst/montprod_inst/s_mem/mem_reg[31][31]/d             -       -       R     unmapped_d_flop       32    -     -     0   11508    (-,-) 
#-----------------------------------------------------------------------------------------------------------------------------------------------------------------------------

(u) : Net has unmapped pin(s).



Path 17: MET (43364 ps) Setup Check with Pin u_crypto_synth_top/u_top/u_rsa/core_inst/montprod_inst/s_mem/mem_reg[30][31]/clk->d
          Group: R2R
     Startpoint: (R) u_crypto_synth_top/u_top/u_rsa/core_inst/montprod_select_reg_reg[2]/clk
          Clock: (R) MAIN_CLK
       Endpoint: (R) u_crypto_synth_top/u_top/u_rsa/core_inst/montprod_inst/s_mem/mem_reg[30][31]/d
          Clock: (R) MAIN_CLK

                     Capture       Launch     
        Clock Edge:+   58000            0     
       Src Latency:+     150          250     
       Net Latency:+       0 (I)        0 (I) 
           Arrival:=   58150          250     
                                              
             Setup:-     329                  
       Uncertainty:-    1450                  
       Path Adjust:+   -1500                  
     Required Time:=   54871                  
      Launch Clock:-     250                  
         Data Path:-   11258                  
             Slack:=   43364                  

Exceptions/Constraints:
  path_adjust            -1500            PA_C2C 

#-----------------------------------------------------------------------------------------------------------------------------------------------------------------------------
#                                       Timing Point                                         Flags    Arc    Edge       Cell         Fanout Load Trans Delay Arrival Instance 
#                                                                                                                                           (fF)  (ps)  (ps)   (ps)  Location 
#-----------------------------------------------------------------------------------------------------------------------------------------------------------------------------
  u_crypto_synth_top/u_top/u_rsa/core_inst/montprod_select_reg_reg[2]/clk                    -       -       R     (arrival)          19892    -     0     0     250    (-,-) 
  u_crypto_synth_top/u_top/u_rsa/core_inst/montprod_select_reg_reg[2]/q                      (u)     clk->q  R     unmapped_d_flop        7 38.5     0   881    1131    (-,-) 
  u_crypto_synth_top/u_top/u_rsa/core_inst/g4055/z                                           (u)     in_1->z R     unmapped_complex2     34 33.0     0   412    1543    (-,-) 
  u_crypto_synth_top/u_top/u_rsa/core_inst/g4058/z                                           (u)     in_1->z F     unmapped_nand2         1  5.1     0   125    1668    (-,-) 
  u_crypto_synth_top/u_top/u_rsa/core_inst/g4054/z                                           (u)     in_0->z R     unmapped_complex2     32 33.0     0   412    2080    (-,-) 
  u_crypto_synth_top/u_top/u_rsa/core_inst/g3958/z                                           (u)     in_1->z R     unmapped_complex2      1  5.5     0   125    2206    (-,-) 
  u_crypto_synth_top/u_top/u_rsa/core_inst/g3922/z                                           (u)     in_0->z F     unmapped_nand2         1  5.1     0   125    2331    (-,-) 
  u_crypto_synth_top/u_top/u_rsa/core_inst/g3905/z                                           (u)     in_1->z F     unmapped_or2           5 25.5     0   272    2602    (-,-) 
  u_crypto_synth_top/u_top/u_rsa/core_inst/montprod_inst/s_adder_sa/addinc_add_57_43/g1182/z (u)     in_1->z F     unmapped_or2           1  5.1     0   104    2707    (-,-) 
  u_crypto_synth_top/u_top/u_rsa/core_inst/montprod_inst/s_adder_sa/addinc_add_57_43/g1612/z (u)     in_0->z R     unmapped_nand2         1  5.5     0   104    2811    (-,-) 
  u_crypto_synth_top/u_top/u_rsa/core_inst/montprod_inst/s_adder_sa/addinc_add_57_43/g1602/z (u)     in_0->z F     unmapped_nand2         3 15.3     0   165    2976    (-,-) 
  u_crypto_synth_top/u_top/u_rsa/core_inst/montprod_inst/s_adder_sa/addinc_add_57_43/g1597/z (u)     in_1->z R     unmapped_nand2         1  5.5     0   104    3080    (-,-) 
  u_crypto_synth_top/u_top/u_rsa/core_inst/montprod_inst/s_adder_sa/addinc_add_57_43/g1596/z (u)     in_0->z F     unmapped_nand2         3 15.3     0   165    3245    (-,-) 
  u_crypto_synth_top/u_top/u_rsa/core_inst/montprod_inst/s_adder_sa/addinc_add_57_43/g1595/z (u)     in_1->z R     unmapped_nand2         1  5.5     0   104    3350    (-,-) 
  u_crypto_synth_top/u_top/u_rsa/core_inst/montprod_inst/s_adder_sa/addinc_add_57_43/g1591/z (u)     in_0->z F     unmapped_nand2         3 15.3     0   165    3515    (-,-) 
  u_crypto_synth_top/u_top/u_rsa/core_inst/montprod_inst/s_adder_sa/addinc_add_57_43/g1587/z (u)     in_1->z R     unmapped_nand2         1  5.5     0   104    3619    (-,-) 
  u_crypto_synth_top/u_top/u_rsa/core_inst/montprod_inst/s_adder_sa/addinc_add_57_43/g1586/z (u)     in_0->z F     unmapped_nand2         3 15.3     0   165    3784    (-,-) 
  u_crypto_synth_top/u_top/u_rsa/core_inst/montprod_inst/s_adder_sa/addinc_add_57_43/g1582/z (u)     in_1->z R     unmapped_nand2         1  5.5     0   104    3888    (-,-) 
  u_crypto_synth_top/u_top/u_rsa/core_inst/montprod_inst/s_adder_sa/addinc_add_57_43/g1581/z (u)     in_0->z F     unmapped_nand2         3 15.3     0   165    4054    (-,-) 
  u_crypto_synth_top/u_top/u_rsa/core_inst/montprod_inst/s_adder_sa/addinc_add_57_43/g1580/z (u)     in_1->z R     unmapped_nand2         1  5.5     0   104    4158    (-,-) 
  u_crypto_synth_top/u_top/u_rsa/core_inst/montprod_inst/s_adder_sa/addinc_add_57_43/g1576/z (u)     in_0->z F     unmapped_nand2         3 15.3     0   165    4323    (-,-) 
  u_crypto_synth_top/u_top/u_rsa/core_inst/montprod_inst/s_adder_sa/addinc_add_57_43/g1575/z (u)     in_1->z R     unmapped_nand2         1  5.5     0   104    4427    (-,-) 
  u_crypto_synth_top/u_top/u_rsa/core_inst/montprod_inst/s_adder_sa/addinc_add_57_43/g1571/z (u)     in_0->z F     unmapped_nand2         3 15.3     0   165    4592    (-,-) 
  u_crypto_synth_top/u_top/u_rsa/core_inst/montprod_inst/s_adder_sa/addinc_add_57_43/g1567/z (u)     in_1->z R     unmapped_nand2         1  5.5     0   104    4697    (-,-) 
  u_crypto_synth_top/u_top/u_rsa/core_inst/montprod_inst/s_adder_sa/addinc_add_57_43/g1566/z (u)     in_0->z F     unmapped_nand2         3 15.3     0   165    4862    (-,-) 
  u_crypto_synth_top/u_top/u_rsa/core_inst/montprod_inst/s_adder_sa/addinc_add_57_43/g1565/z (u)     in_1->z R     unmapped_nand2         1  5.5     0   104    4966    (-,-) 
  u_crypto_synth_top/u_top/u_rsa/core_inst/montprod_inst/s_adder_sa/addinc_add_57_43/g1561/z (u)     in_1->z F     unmapped_nand2         3 15.3     0   165    5131    (-,-) 
  u_crypto_synth_top/u_top/u_rsa/core_inst/montprod_inst/s_adder_sa/addinc_add_57_43/g1557/z (u)     in_1->z R     unmapped_nand2         1  5.5     0   104    5235    (-,-) 
  u_crypto_synth_top/u_top/u_rsa/core_inst/montprod_inst/s_adder_sa/addinc_add_57_43/g1556/z (u)     in_0->z F     unmapped_nand2         3 15.3     0   165    5401    (-,-) 
  u_crypto_synth_top/u_top/u_rsa/core_inst/montprod_inst/s_adder_sa/addinc_add_57_43/g1552/z (u)     in_1->z R     unmapped_nand2         1  5.5     0   104    5505    (-,-) 
  u_crypto_synth_top/u_top/u_rsa/core_inst/montprod_inst/s_adder_sa/addinc_add_57_43/g1551/z (u)     in_0->z F     unmapped_nand2         3 15.3     0   165    5670    (-,-) 
  u_crypto_synth_top/u_top/u_rsa/core_inst/montprod_inst/s_adder_sa/addinc_add_57_43/g1547/z (u)     in_1->z R     unmapped_nand2         1  5.5     0   104    5774    (-,-) 
  u_crypto_synth_top/u_top/u_rsa/core_inst/montprod_inst/s_adder_sa/addinc_add_57_43/g1546/z (u)     in_0->z F     unmapped_nand2         3 15.3     0   165    5939    (-,-) 
  u_crypto_synth_top/u_top/u_rsa/core_inst/montprod_inst/s_adder_sa/addinc_add_57_43/g1542/z (u)     in_1->z R     unmapped_nand2         1  5.5     0   104    6044    (-,-) 
  u_crypto_synth_top/u_top/u_rsa/core_inst/montprod_inst/s_adder_sa/addinc_add_57_43/g1541/z (u)     in_1->z F     unmapped_nand2         3 15.3     0   165    6209    (-,-) 
  u_crypto_synth_top/u_top/u_rsa/core_inst/montprod_inst/s_adder_sa/addinc_add_57_43/g1540/z (u)     in_1->z R     unmapped_nand2         1  5.5     0   104    6313    (-,-) 
  u_crypto_synth_top/u_top/u_rsa/core_inst/montprod_inst/s_adder_sa/addinc_add_57_43/g1536/z (u)     in_0->z F     unmapped_nand2         3 15.3     0   165    6478    (-,-) 
  u_crypto_synth_top/u_top/u_rsa/core_inst/montprod_inst/s_adder_sa/addinc_add_57_43/g1535/z (u)     in_1->z R     unmapped_nand2         1  5.5     0   104    6582    (-,-) 
  u_crypto_synth_top/u_top/u_rsa/core_inst/montprod_inst/s_adder_sa/addinc_add_57_43/g1531/z (u)     in_0->z F     unmapped_nand2         3 15.3     0   165    6748    (-,-) 
  u_crypto_synth_top/u_top/u_rsa/core_inst/montprod_inst/s_adder_sa/addinc_add_57_43/g1527/z (u)     in_1->z R     unmapped_nand2         1  5.5     0   104    6852    (-,-) 
  u_crypto_synth_top/u_top/u_rsa/core_inst/montprod_inst/s_adder_sa/addinc_add_57_43/g1526/z (u)     in_0->z F     unmapped_nand2         4 20.4     0   199    7050    (-,-) 
  u_crypto_synth_top/u_top/u_rsa/core_inst/montprod_inst/s_adder_sa/addinc_add_57_43/g1521/z (u)     in_0->z R     unmapped_complex2      1  5.5     0   104    7155    (-,-) 
  u_crypto_synth_top/u_top/u_rsa/core_inst/montprod_inst/s_adder_sa/addinc_add_57_43/g1520/z (u)     in_0->z F     unmapped_complex2      3 15.3     0   165    7320    (-,-) 
  u_crypto_synth_top/u_top/u_rsa/core_inst/montprod_inst/s_adder_sa/addinc_add_57_43/g1512/z (u)     in_1->z R     unmapped_nand2         1  5.5     0   104    7424    (-,-) 
  u_crypto_synth_top/u_top/u_rsa/core_inst/montprod_inst/s_adder_sa/addinc_add_57_43/g1511/z (u)     in_1->z F     unmapped_nand2         3 15.3     0   165    7589    (-,-) 
  u_crypto_synth_top/u_top/u_rsa/core_inst/montprod_inst/s_adder_sa/addinc_add_57_43/g1510/z (u)     in_0->z R     unmapped_nand2         1  5.5     0   104    7694    (-,-) 
  u_crypto_synth_top/u_top/u_rsa/core_inst/montprod_inst/s_adder_sa/addinc_add_57_43/g1506/z (u)     in_0->z F     unmapped_nand2         3 15.3     0   165    7859    (-,-) 
  u_crypto_synth_top/u_top/u_rsa/core_inst/montprod_inst/s_adder_sa/addinc_add_57_43/g1502/z (u)     in_1->z R     unmapped_nand2         1  5.5     0   104    7963    (-,-) 
  u_crypto_synth_top/u_top/u_rsa/core_inst/montprod_inst/s_adder_sa/addinc_add_57_43/g1501/z (u)     in_1->z F     unmapped_nand2         3 15.3     0   165    8128    (-,-) 
  u_crypto_synth_top/u_top/u_rsa/core_inst/montprod_inst/s_adder_sa/addinc_add_57_43/g1500/z (u)     in_1->z R     unmapped_nand2         1  5.5     0   104    8232    (-,-) 
  u_crypto_synth_top/u_top/u_rsa/core_inst/montprod_inst/s_adder_sa/addinc_add_57_43/g1496/z (u)     in_0->z F     unmapped_nand2         3 15.3     0   165    8398    (-,-) 
  u_crypto_synth_top/u_top/u_rsa/core_inst/montprod_inst/s_adder_sa/addinc_add_57_43/g1495/z (u)     in_1->z R     unmapped_nand2         1  5.5     0   104    8502    (-,-) 
  u_crypto_synth_top/u_top/u_rsa/core_inst/montprod_inst/s_adder_sa/addinc_add_57_43/g1491/z (u)     in_0->z F     unmapped_nand2         3 15.3     0   165    8667    (-,-) 
  u_crypto_synth_top/u_top/u_rsa/core_inst/montprod_inst/s_adder_sa/addinc_add_57_43/g1490/z (u)     in_1->z R     unmapped_nand2         1  5.5     0   104    8771    (-,-) 
  u_crypto_synth_top/u_top/u_rsa/core_inst/montprod_inst/s_adder_sa/addinc_add_57_43/g1486/z (u)     in_0->z F     unmapped_nand2         3 15.3     0   165    8936    (-,-) 
  u_crypto_synth_top/u_top/u_rsa/core_inst/montprod_inst/s_adder_sa/addinc_add_57_43/g1482/z (u)     in_1->z R     unmapped_nand2         1  5.5     0   104    9040    (-,-) 
  u_crypto_synth_top/u_top/u_rsa/core_inst/montprod_inst/s_adder_sa/addinc_add_57_43/g1481/z (u)     in_1->z F     unmapped_nand2         3 15.3     0   165    9206    (-,-) 
  u_crypto_synth_top/u_top/u_rsa/core_inst/montprod_inst/s_adder_sa/addinc_add_57_43/g1480/z (u)     in_0->z R     unmapped_nand2         1  5.5     0   104    9310    (-,-) 
  u_crypto_synth_top/u_top/u_rsa/core_inst/montprod_inst/s_adder_sa/addinc_add_57_43/g1476/z (u)     in_1->z F     unmapped_nand2         3 15.3     0   165    9475    (-,-) 
  u_crypto_synth_top/u_top/u_rsa/core_inst/montprod_inst/s_adder_sa/addinc_add_57_43/g1472/z (u)     in_1->z R     unmapped_nand2         1  5.5     0   104    9579    (-,-) 
  u_crypto_synth_top/u_top/u_rsa/core_inst/montprod_inst/s_adder_sa/addinc_add_57_43/g1471/z (u)     in_1->z F     unmapped_nand2         3 15.3     0   165    9744    (-,-) 
  u_crypto_synth_top/u_top/u_rsa/core_inst/montprod_inst/s_adder_sa/addinc_add_57_43/g1470/z (u)     in_0->z R     unmapped_nand2         1  5.5     0   104    9849    (-,-) 
  u_crypto_synth_top/u_top/u_rsa/core_inst/montprod_inst/s_adder_sa/addinc_add_57_43/g1466/z (u)     in_1->z F     unmapped_nand2         3 15.3     0   165   10014    (-,-) 
  u_crypto_synth_top/u_top/u_rsa/core_inst/montprod_inst/s_adder_sa/addinc_add_57_43/g1462/z (u)     in_1->z R     unmapped_nand2         1  5.5     0   104   10118    (-,-) 
  u_crypto_synth_top/u_top/u_rsa/core_inst/montprod_inst/s_adder_sa/addinc_add_57_43/g1461/z (u)     in_1->z F     unmapped_nand2         3 15.3     0   165   10283    (-,-) 
  u_crypto_synth_top/u_top/u_rsa/core_inst/montprod_inst/s_adder_sa/addinc_add_57_43/g1457/z (u)     in_1->z R     unmapped_nand2         1  5.5     0   104   10388    (-,-) 
  u_crypto_synth_top/u_top/u_rsa/core_inst/montprod_inst/s_adder_sa/addinc_add_57_43/g1456/z (u)     in_1->z F     unmapped_nand2         3 15.3     0   165   10553    (-,-) 
  u_crypto_synth_top/u_top/u_rsa/core_inst/montprod_inst/s_adder_sa/addinc_add_57_43/g1452/z (u)     in_1->z R     unmapped_nand2         1  5.5     0   104   10657    (-,-) 
  u_crypto_synth_top/u_top/u_rsa/core_inst/montprod_inst/s_adder_sa/addinc_add_57_43/g1451/z (u)     in_1->z F     unmapped_nand2         3 15.3     0   165   10822    (-,-) 
  u_crypto_synth_top/u_top/u_rsa/core_inst/montprod_inst/s_adder_sa/addinc_add_57_43/g1448/z (u)     in_0->z F     unmapped_or2           1  5.1     0   104   10926    (-,-) 
  u_crypto_synth_top/u_top/u_rsa/core_inst/montprod_inst/s_adder_sa/addinc_add_57_43/g1449/z (u)     in_1->z R     unmapped_nand2         1  5.5     0   104   11030    (-,-) 
  u_crypto_synth_top/u_top/u_rsa/core_inst/montprod_inst/g4462/z                             (u)     in_0->z F     unmapped_complex2      1  5.1     0   114   11145    (-,-) 
  u_crypto_synth_top/u_top/u_rsa/core_inst/montprod_inst/g4246/z                             (u)     in_1->z R     unmapped_complex2     32 33.0     0   363   11508    (-,-) 
  u_crypto_synth_top/u_top/u_rsa/core_inst/montprod_inst/s_mem/mem_reg[30][31]/d             -       -       R     unmapped_d_flop       32    -     -     0   11508    (-,-) 
#-----------------------------------------------------------------------------------------------------------------------------------------------------------------------------

(u) : Net has unmapped pin(s).



Path 18: MET (43364 ps) Setup Check with Pin u_crypto_synth_top/u_top/u_rsa/core_inst/montprod_inst/s_mem/mem_reg[29][31]/clk->d
          Group: R2R
     Startpoint: (R) u_crypto_synth_top/u_top/u_rsa/core_inst/montprod_select_reg_reg[2]/clk
          Clock: (R) MAIN_CLK
       Endpoint: (R) u_crypto_synth_top/u_top/u_rsa/core_inst/montprod_inst/s_mem/mem_reg[29][31]/d
          Clock: (R) MAIN_CLK

                     Capture       Launch     
        Clock Edge:+   58000            0     
       Src Latency:+     150          250     
       Net Latency:+       0 (I)        0 (I) 
           Arrival:=   58150          250     
                                              
             Setup:-     329                  
       Uncertainty:-    1450                  
       Path Adjust:+   -1500                  
     Required Time:=   54871                  
      Launch Clock:-     250                  
         Data Path:-   11258                  
             Slack:=   43364                  

Exceptions/Constraints:
  path_adjust            -1500            PA_C2C 

#-----------------------------------------------------------------------------------------------------------------------------------------------------------------------------
#                                       Timing Point                                         Flags    Arc    Edge       Cell         Fanout Load Trans Delay Arrival Instance 
#                                                                                                                                           (fF)  (ps)  (ps)   (ps)  Location 
#-----------------------------------------------------------------------------------------------------------------------------------------------------------------------------
  u_crypto_synth_top/u_top/u_rsa/core_inst/montprod_select_reg_reg[2]/clk                    -       -       R     (arrival)          19892    -     0     0     250    (-,-) 
  u_crypto_synth_top/u_top/u_rsa/core_inst/montprod_select_reg_reg[2]/q                      (u)     clk->q  R     unmapped_d_flop        7 38.5     0   881    1131    (-,-) 
  u_crypto_synth_top/u_top/u_rsa/core_inst/g4055/z                                           (u)     in_1->z R     unmapped_complex2     34 33.0     0   412    1543    (-,-) 
  u_crypto_synth_top/u_top/u_rsa/core_inst/g4058/z                                           (u)     in_1->z F     unmapped_nand2         1  5.1     0   125    1668    (-,-) 
  u_crypto_synth_top/u_top/u_rsa/core_inst/g4054/z                                           (u)     in_0->z R     unmapped_complex2     32 33.0     0   412    2080    (-,-) 
  u_crypto_synth_top/u_top/u_rsa/core_inst/g3958/z                                           (u)     in_1->z R     unmapped_complex2      1  5.5     0   125    2206    (-,-) 
  u_crypto_synth_top/u_top/u_rsa/core_inst/g3922/z                                           (u)     in_0->z F     unmapped_nand2         1  5.1     0   125    2331    (-,-) 
  u_crypto_synth_top/u_top/u_rsa/core_inst/g3905/z                                           (u)     in_1->z F     unmapped_or2           5 25.5     0   272    2602    (-,-) 
  u_crypto_synth_top/u_top/u_rsa/core_inst/montprod_inst/s_adder_sa/addinc_add_57_43/g1182/z (u)     in_1->z F     unmapped_or2           1  5.1     0   104    2707    (-,-) 
  u_crypto_synth_top/u_top/u_rsa/core_inst/montprod_inst/s_adder_sa/addinc_add_57_43/g1612/z (u)     in_0->z R     unmapped_nand2         1  5.5     0   104    2811    (-,-) 
  u_crypto_synth_top/u_top/u_rsa/core_inst/montprod_inst/s_adder_sa/addinc_add_57_43/g1602/z (u)     in_0->z F     unmapped_nand2         3 15.3     0   165    2976    (-,-) 
  u_crypto_synth_top/u_top/u_rsa/core_inst/montprod_inst/s_adder_sa/addinc_add_57_43/g1597/z (u)     in_1->z R     unmapped_nand2         1  5.5     0   104    3080    (-,-) 
  u_crypto_synth_top/u_top/u_rsa/core_inst/montprod_inst/s_adder_sa/addinc_add_57_43/g1596/z (u)     in_0->z F     unmapped_nand2         3 15.3     0   165    3245    (-,-) 
  u_crypto_synth_top/u_top/u_rsa/core_inst/montprod_inst/s_adder_sa/addinc_add_57_43/g1595/z (u)     in_1->z R     unmapped_nand2         1  5.5     0   104    3350    (-,-) 
  u_crypto_synth_top/u_top/u_rsa/core_inst/montprod_inst/s_adder_sa/addinc_add_57_43/g1591/z (u)     in_0->z F     unmapped_nand2         3 15.3     0   165    3515    (-,-) 
  u_crypto_synth_top/u_top/u_rsa/core_inst/montprod_inst/s_adder_sa/addinc_add_57_43/g1587/z (u)     in_1->z R     unmapped_nand2         1  5.5     0   104    3619    (-,-) 
  u_crypto_synth_top/u_top/u_rsa/core_inst/montprod_inst/s_adder_sa/addinc_add_57_43/g1586/z (u)     in_0->z F     unmapped_nand2         3 15.3     0   165    3784    (-,-) 
  u_crypto_synth_top/u_top/u_rsa/core_inst/montprod_inst/s_adder_sa/addinc_add_57_43/g1582/z (u)     in_1->z R     unmapped_nand2         1  5.5     0   104    3888    (-,-) 
  u_crypto_synth_top/u_top/u_rsa/core_inst/montprod_inst/s_adder_sa/addinc_add_57_43/g1581/z (u)     in_0->z F     unmapped_nand2         3 15.3     0   165    4054    (-,-) 
  u_crypto_synth_top/u_top/u_rsa/core_inst/montprod_inst/s_adder_sa/addinc_add_57_43/g1580/z (u)     in_1->z R     unmapped_nand2         1  5.5     0   104    4158    (-,-) 
  u_crypto_synth_top/u_top/u_rsa/core_inst/montprod_inst/s_adder_sa/addinc_add_57_43/g1576/z (u)     in_0->z F     unmapped_nand2         3 15.3     0   165    4323    (-,-) 
  u_crypto_synth_top/u_top/u_rsa/core_inst/montprod_inst/s_adder_sa/addinc_add_57_43/g1575/z (u)     in_1->z R     unmapped_nand2         1  5.5     0   104    4427    (-,-) 
  u_crypto_synth_top/u_top/u_rsa/core_inst/montprod_inst/s_adder_sa/addinc_add_57_43/g1571/z (u)     in_0->z F     unmapped_nand2         3 15.3     0   165    4592    (-,-) 
  u_crypto_synth_top/u_top/u_rsa/core_inst/montprod_inst/s_adder_sa/addinc_add_57_43/g1567/z (u)     in_1->z R     unmapped_nand2         1  5.5     0   104    4697    (-,-) 
  u_crypto_synth_top/u_top/u_rsa/core_inst/montprod_inst/s_adder_sa/addinc_add_57_43/g1566/z (u)     in_0->z F     unmapped_nand2         3 15.3     0   165    4862    (-,-) 
  u_crypto_synth_top/u_top/u_rsa/core_inst/montprod_inst/s_adder_sa/addinc_add_57_43/g1565/z (u)     in_1->z R     unmapped_nand2         1  5.5     0   104    4966    (-,-) 
  u_crypto_synth_top/u_top/u_rsa/core_inst/montprod_inst/s_adder_sa/addinc_add_57_43/g1561/z (u)     in_1->z F     unmapped_nand2         3 15.3     0   165    5131    (-,-) 
  u_crypto_synth_top/u_top/u_rsa/core_inst/montprod_inst/s_adder_sa/addinc_add_57_43/g1557/z (u)     in_1->z R     unmapped_nand2         1  5.5     0   104    5235    (-,-) 
  u_crypto_synth_top/u_top/u_rsa/core_inst/montprod_inst/s_adder_sa/addinc_add_57_43/g1556/z (u)     in_0->z F     unmapped_nand2         3 15.3     0   165    5401    (-,-) 
  u_crypto_synth_top/u_top/u_rsa/core_inst/montprod_inst/s_adder_sa/addinc_add_57_43/g1552/z (u)     in_1->z R     unmapped_nand2         1  5.5     0   104    5505    (-,-) 
  u_crypto_synth_top/u_top/u_rsa/core_inst/montprod_inst/s_adder_sa/addinc_add_57_43/g1551/z (u)     in_0->z F     unmapped_nand2         3 15.3     0   165    5670    (-,-) 
  u_crypto_synth_top/u_top/u_rsa/core_inst/montprod_inst/s_adder_sa/addinc_add_57_43/g1547/z (u)     in_1->z R     unmapped_nand2         1  5.5     0   104    5774    (-,-) 
  u_crypto_synth_top/u_top/u_rsa/core_inst/montprod_inst/s_adder_sa/addinc_add_57_43/g1546/z (u)     in_0->z F     unmapped_nand2         3 15.3     0   165    5939    (-,-) 
  u_crypto_synth_top/u_top/u_rsa/core_inst/montprod_inst/s_adder_sa/addinc_add_57_43/g1542/z (u)     in_1->z R     unmapped_nand2         1  5.5     0   104    6044    (-,-) 
  u_crypto_synth_top/u_top/u_rsa/core_inst/montprod_inst/s_adder_sa/addinc_add_57_43/g1541/z (u)     in_1->z F     unmapped_nand2         3 15.3     0   165    6209    (-,-) 
  u_crypto_synth_top/u_top/u_rsa/core_inst/montprod_inst/s_adder_sa/addinc_add_57_43/g1540/z (u)     in_1->z R     unmapped_nand2         1  5.5     0   104    6313    (-,-) 
  u_crypto_synth_top/u_top/u_rsa/core_inst/montprod_inst/s_adder_sa/addinc_add_57_43/g1536/z (u)     in_0->z F     unmapped_nand2         3 15.3     0   165    6478    (-,-) 
  u_crypto_synth_top/u_top/u_rsa/core_inst/montprod_inst/s_adder_sa/addinc_add_57_43/g1535/z (u)     in_1->z R     unmapped_nand2         1  5.5     0   104    6582    (-,-) 
  u_crypto_synth_top/u_top/u_rsa/core_inst/montprod_inst/s_adder_sa/addinc_add_57_43/g1531/z (u)     in_0->z F     unmapped_nand2         3 15.3     0   165    6748    (-,-) 
  u_crypto_synth_top/u_top/u_rsa/core_inst/montprod_inst/s_adder_sa/addinc_add_57_43/g1527/z (u)     in_1->z R     unmapped_nand2         1  5.5     0   104    6852    (-,-) 
  u_crypto_synth_top/u_top/u_rsa/core_inst/montprod_inst/s_adder_sa/addinc_add_57_43/g1526/z (u)     in_0->z F     unmapped_nand2         4 20.4     0   199    7050    (-,-) 
  u_crypto_synth_top/u_top/u_rsa/core_inst/montprod_inst/s_adder_sa/addinc_add_57_43/g1521/z (u)     in_0->z R     unmapped_complex2      1  5.5     0   104    7155    (-,-) 
  u_crypto_synth_top/u_top/u_rsa/core_inst/montprod_inst/s_adder_sa/addinc_add_57_43/g1520/z (u)     in_0->z F     unmapped_complex2      3 15.3     0   165    7320    (-,-) 
  u_crypto_synth_top/u_top/u_rsa/core_inst/montprod_inst/s_adder_sa/addinc_add_57_43/g1512/z (u)     in_1->z R     unmapped_nand2         1  5.5     0   104    7424    (-,-) 
  u_crypto_synth_top/u_top/u_rsa/core_inst/montprod_inst/s_adder_sa/addinc_add_57_43/g1511/z (u)     in_1->z F     unmapped_nand2         3 15.3     0   165    7589    (-,-) 
  u_crypto_synth_top/u_top/u_rsa/core_inst/montprod_inst/s_adder_sa/addinc_add_57_43/g1510/z (u)     in_0->z R     unmapped_nand2         1  5.5     0   104    7694    (-,-) 
  u_crypto_synth_top/u_top/u_rsa/core_inst/montprod_inst/s_adder_sa/addinc_add_57_43/g1506/z (u)     in_0->z F     unmapped_nand2         3 15.3     0   165    7859    (-,-) 
  u_crypto_synth_top/u_top/u_rsa/core_inst/montprod_inst/s_adder_sa/addinc_add_57_43/g1502/z (u)     in_1->z R     unmapped_nand2         1  5.5     0   104    7963    (-,-) 
  u_crypto_synth_top/u_top/u_rsa/core_inst/montprod_inst/s_adder_sa/addinc_add_57_43/g1501/z (u)     in_1->z F     unmapped_nand2         3 15.3     0   165    8128    (-,-) 
  u_crypto_synth_top/u_top/u_rsa/core_inst/montprod_inst/s_adder_sa/addinc_add_57_43/g1500/z (u)     in_1->z R     unmapped_nand2         1  5.5     0   104    8232    (-,-) 
  u_crypto_synth_top/u_top/u_rsa/core_inst/montprod_inst/s_adder_sa/addinc_add_57_43/g1496/z (u)     in_0->z F     unmapped_nand2         3 15.3     0   165    8398    (-,-) 
  u_crypto_synth_top/u_top/u_rsa/core_inst/montprod_inst/s_adder_sa/addinc_add_57_43/g1495/z (u)     in_1->z R     unmapped_nand2         1  5.5     0   104    8502    (-,-) 
  u_crypto_synth_top/u_top/u_rsa/core_inst/montprod_inst/s_adder_sa/addinc_add_57_43/g1491/z (u)     in_0->z F     unmapped_nand2         3 15.3     0   165    8667    (-,-) 
  u_crypto_synth_top/u_top/u_rsa/core_inst/montprod_inst/s_adder_sa/addinc_add_57_43/g1490/z (u)     in_1->z R     unmapped_nand2         1  5.5     0   104    8771    (-,-) 
  u_crypto_synth_top/u_top/u_rsa/core_inst/montprod_inst/s_adder_sa/addinc_add_57_43/g1486/z (u)     in_0->z F     unmapped_nand2         3 15.3     0   165    8936    (-,-) 
  u_crypto_synth_top/u_top/u_rsa/core_inst/montprod_inst/s_adder_sa/addinc_add_57_43/g1482/z (u)     in_1->z R     unmapped_nand2         1  5.5     0   104    9040    (-,-) 
  u_crypto_synth_top/u_top/u_rsa/core_inst/montprod_inst/s_adder_sa/addinc_add_57_43/g1481/z (u)     in_1->z F     unmapped_nand2         3 15.3     0   165    9206    (-,-) 
  u_crypto_synth_top/u_top/u_rsa/core_inst/montprod_inst/s_adder_sa/addinc_add_57_43/g1480/z (u)     in_0->z R     unmapped_nand2         1  5.5     0   104    9310    (-,-) 
  u_crypto_synth_top/u_top/u_rsa/core_inst/montprod_inst/s_adder_sa/addinc_add_57_43/g1476/z (u)     in_1->z F     unmapped_nand2         3 15.3     0   165    9475    (-,-) 
  u_crypto_synth_top/u_top/u_rsa/core_inst/montprod_inst/s_adder_sa/addinc_add_57_43/g1472/z (u)     in_1->z R     unmapped_nand2         1  5.5     0   104    9579    (-,-) 
  u_crypto_synth_top/u_top/u_rsa/core_inst/montprod_inst/s_adder_sa/addinc_add_57_43/g1471/z (u)     in_1->z F     unmapped_nand2         3 15.3     0   165    9744    (-,-) 
  u_crypto_synth_top/u_top/u_rsa/core_inst/montprod_inst/s_adder_sa/addinc_add_57_43/g1470/z (u)     in_0->z R     unmapped_nand2         1  5.5     0   104    9849    (-,-) 
  u_crypto_synth_top/u_top/u_rsa/core_inst/montprod_inst/s_adder_sa/addinc_add_57_43/g1466/z (u)     in_1->z F     unmapped_nand2         3 15.3     0   165   10014    (-,-) 
  u_crypto_synth_top/u_top/u_rsa/core_inst/montprod_inst/s_adder_sa/addinc_add_57_43/g1462/z (u)     in_1->z R     unmapped_nand2         1  5.5     0   104   10118    (-,-) 
  u_crypto_synth_top/u_top/u_rsa/core_inst/montprod_inst/s_adder_sa/addinc_add_57_43/g1461/z (u)     in_1->z F     unmapped_nand2         3 15.3     0   165   10283    (-,-) 
  u_crypto_synth_top/u_top/u_rsa/core_inst/montprod_inst/s_adder_sa/addinc_add_57_43/g1457/z (u)     in_1->z R     unmapped_nand2         1  5.5     0   104   10388    (-,-) 
  u_crypto_synth_top/u_top/u_rsa/core_inst/montprod_inst/s_adder_sa/addinc_add_57_43/g1456/z (u)     in_1->z F     unmapped_nand2         3 15.3     0   165   10553    (-,-) 
  u_crypto_synth_top/u_top/u_rsa/core_inst/montprod_inst/s_adder_sa/addinc_add_57_43/g1452/z (u)     in_1->z R     unmapped_nand2         1  5.5     0   104   10657    (-,-) 
  u_crypto_synth_top/u_top/u_rsa/core_inst/montprod_inst/s_adder_sa/addinc_add_57_43/g1451/z (u)     in_1->z F     unmapped_nand2         3 15.3     0   165   10822    (-,-) 
  u_crypto_synth_top/u_top/u_rsa/core_inst/montprod_inst/s_adder_sa/addinc_add_57_43/g1448/z (u)     in_0->z F     unmapped_or2           1  5.1     0   104   10926    (-,-) 
  u_crypto_synth_top/u_top/u_rsa/core_inst/montprod_inst/s_adder_sa/addinc_add_57_43/g1449/z (u)     in_1->z R     unmapped_nand2         1  5.5     0   104   11030    (-,-) 
  u_crypto_synth_top/u_top/u_rsa/core_inst/montprod_inst/g4462/z                             (u)     in_0->z F     unmapped_complex2      1  5.1     0   114   11145    (-,-) 
  u_crypto_synth_top/u_top/u_rsa/core_inst/montprod_inst/g4246/z                             (u)     in_1->z R     unmapped_complex2     32 33.0     0   363   11508    (-,-) 
  u_crypto_synth_top/u_top/u_rsa/core_inst/montprod_inst/s_mem/mem_reg[29][31]/d             -       -       R     unmapped_d_flop       32    -     -     0   11508    (-,-) 
#-----------------------------------------------------------------------------------------------------------------------------------------------------------------------------

(u) : Net has unmapped pin(s).



Path 19: MET (43364 ps) Setup Check with Pin u_crypto_synth_top/u_top/u_rsa/core_inst/montprod_inst/s_mem/mem_reg[28][31]/clk->d
          Group: R2R
     Startpoint: (R) u_crypto_synth_top/u_top/u_rsa/core_inst/montprod_select_reg_reg[2]/clk
          Clock: (R) MAIN_CLK
       Endpoint: (R) u_crypto_synth_top/u_top/u_rsa/core_inst/montprod_inst/s_mem/mem_reg[28][31]/d
          Clock: (R) MAIN_CLK

                     Capture       Launch     
        Clock Edge:+   58000            0     
       Src Latency:+     150          250     
       Net Latency:+       0 (I)        0 (I) 
           Arrival:=   58150          250     
                                              
             Setup:-     329                  
       Uncertainty:-    1450                  
       Path Adjust:+   -1500                  
     Required Time:=   54871                  
      Launch Clock:-     250                  
         Data Path:-   11258                  
             Slack:=   43364                  

Exceptions/Constraints:
  path_adjust            -1500            PA_C2C 

#-----------------------------------------------------------------------------------------------------------------------------------------------------------------------------
#                                       Timing Point                                         Flags    Arc    Edge       Cell         Fanout Load Trans Delay Arrival Instance 
#                                                                                                                                           (fF)  (ps)  (ps)   (ps)  Location 
#-----------------------------------------------------------------------------------------------------------------------------------------------------------------------------
  u_crypto_synth_top/u_top/u_rsa/core_inst/montprod_select_reg_reg[2]/clk                    -       -       R     (arrival)          19892    -     0     0     250    (-,-) 
  u_crypto_synth_top/u_top/u_rsa/core_inst/montprod_select_reg_reg[2]/q                      (u)     clk->q  R     unmapped_d_flop        7 38.5     0   881    1131    (-,-) 
  u_crypto_synth_top/u_top/u_rsa/core_inst/g4055/z                                           (u)     in_1->z R     unmapped_complex2     34 33.0     0   412    1543    (-,-) 
  u_crypto_synth_top/u_top/u_rsa/core_inst/g4058/z                                           (u)     in_1->z F     unmapped_nand2         1  5.1     0   125    1668    (-,-) 
  u_crypto_synth_top/u_top/u_rsa/core_inst/g4054/z                                           (u)     in_0->z R     unmapped_complex2     32 33.0     0   412    2080    (-,-) 
  u_crypto_synth_top/u_top/u_rsa/core_inst/g3958/z                                           (u)     in_1->z R     unmapped_complex2      1  5.5     0   125    2206    (-,-) 
  u_crypto_synth_top/u_top/u_rsa/core_inst/g3922/z                                           (u)     in_0->z F     unmapped_nand2         1  5.1     0   125    2331    (-,-) 
  u_crypto_synth_top/u_top/u_rsa/core_inst/g3905/z                                           (u)     in_1->z F     unmapped_or2           5 25.5     0   272    2602    (-,-) 
  u_crypto_synth_top/u_top/u_rsa/core_inst/montprod_inst/s_adder_sa/addinc_add_57_43/g1182/z (u)     in_1->z F     unmapped_or2           1  5.1     0   104    2707    (-,-) 
  u_crypto_synth_top/u_top/u_rsa/core_inst/montprod_inst/s_adder_sa/addinc_add_57_43/g1612/z (u)     in_0->z R     unmapped_nand2         1  5.5     0   104    2811    (-,-) 
  u_crypto_synth_top/u_top/u_rsa/core_inst/montprod_inst/s_adder_sa/addinc_add_57_43/g1602/z (u)     in_0->z F     unmapped_nand2         3 15.3     0   165    2976    (-,-) 
  u_crypto_synth_top/u_top/u_rsa/core_inst/montprod_inst/s_adder_sa/addinc_add_57_43/g1597/z (u)     in_1->z R     unmapped_nand2         1  5.5     0   104    3080    (-,-) 
  u_crypto_synth_top/u_top/u_rsa/core_inst/montprod_inst/s_adder_sa/addinc_add_57_43/g1596/z (u)     in_0->z F     unmapped_nand2         3 15.3     0   165    3245    (-,-) 
  u_crypto_synth_top/u_top/u_rsa/core_inst/montprod_inst/s_adder_sa/addinc_add_57_43/g1595/z (u)     in_1->z R     unmapped_nand2         1  5.5     0   104    3350    (-,-) 
  u_crypto_synth_top/u_top/u_rsa/core_inst/montprod_inst/s_adder_sa/addinc_add_57_43/g1591/z (u)     in_0->z F     unmapped_nand2         3 15.3     0   165    3515    (-,-) 
  u_crypto_synth_top/u_top/u_rsa/core_inst/montprod_inst/s_adder_sa/addinc_add_57_43/g1587/z (u)     in_1->z R     unmapped_nand2         1  5.5     0   104    3619    (-,-) 
  u_crypto_synth_top/u_top/u_rsa/core_inst/montprod_inst/s_adder_sa/addinc_add_57_43/g1586/z (u)     in_0->z F     unmapped_nand2         3 15.3     0   165    3784    (-,-) 
  u_crypto_synth_top/u_top/u_rsa/core_inst/montprod_inst/s_adder_sa/addinc_add_57_43/g1582/z (u)     in_1->z R     unmapped_nand2         1  5.5     0   104    3888    (-,-) 
  u_crypto_synth_top/u_top/u_rsa/core_inst/montprod_inst/s_adder_sa/addinc_add_57_43/g1581/z (u)     in_0->z F     unmapped_nand2         3 15.3     0   165    4054    (-,-) 
  u_crypto_synth_top/u_top/u_rsa/core_inst/montprod_inst/s_adder_sa/addinc_add_57_43/g1580/z (u)     in_1->z R     unmapped_nand2         1  5.5     0   104    4158    (-,-) 
  u_crypto_synth_top/u_top/u_rsa/core_inst/montprod_inst/s_adder_sa/addinc_add_57_43/g1576/z (u)     in_0->z F     unmapped_nand2         3 15.3     0   165    4323    (-,-) 
  u_crypto_synth_top/u_top/u_rsa/core_inst/montprod_inst/s_adder_sa/addinc_add_57_43/g1575/z (u)     in_1->z R     unmapped_nand2         1  5.5     0   104    4427    (-,-) 
  u_crypto_synth_top/u_top/u_rsa/core_inst/montprod_inst/s_adder_sa/addinc_add_57_43/g1571/z (u)     in_0->z F     unmapped_nand2         3 15.3     0   165    4592    (-,-) 
  u_crypto_synth_top/u_top/u_rsa/core_inst/montprod_inst/s_adder_sa/addinc_add_57_43/g1567/z (u)     in_1->z R     unmapped_nand2         1  5.5     0   104    4697    (-,-) 
  u_crypto_synth_top/u_top/u_rsa/core_inst/montprod_inst/s_adder_sa/addinc_add_57_43/g1566/z (u)     in_0->z F     unmapped_nand2         3 15.3     0   165    4862    (-,-) 
  u_crypto_synth_top/u_top/u_rsa/core_inst/montprod_inst/s_adder_sa/addinc_add_57_43/g1565/z (u)     in_1->z R     unmapped_nand2         1  5.5     0   104    4966    (-,-) 
  u_crypto_synth_top/u_top/u_rsa/core_inst/montprod_inst/s_adder_sa/addinc_add_57_43/g1561/z (u)     in_1->z F     unmapped_nand2         3 15.3     0   165    5131    (-,-) 
  u_crypto_synth_top/u_top/u_rsa/core_inst/montprod_inst/s_adder_sa/addinc_add_57_43/g1557/z (u)     in_1->z R     unmapped_nand2         1  5.5     0   104    5235    (-,-) 
  u_crypto_synth_top/u_top/u_rsa/core_inst/montprod_inst/s_adder_sa/addinc_add_57_43/g1556/z (u)     in_0->z F     unmapped_nand2         3 15.3     0   165    5401    (-,-) 
  u_crypto_synth_top/u_top/u_rsa/core_inst/montprod_inst/s_adder_sa/addinc_add_57_43/g1552/z (u)     in_1->z R     unmapped_nand2         1  5.5     0   104    5505    (-,-) 
  u_crypto_synth_top/u_top/u_rsa/core_inst/montprod_inst/s_adder_sa/addinc_add_57_43/g1551/z (u)     in_0->z F     unmapped_nand2         3 15.3     0   165    5670    (-,-) 
  u_crypto_synth_top/u_top/u_rsa/core_inst/montprod_inst/s_adder_sa/addinc_add_57_43/g1547/z (u)     in_1->z R     unmapped_nand2         1  5.5     0   104    5774    (-,-) 
  u_crypto_synth_top/u_top/u_rsa/core_inst/montprod_inst/s_adder_sa/addinc_add_57_43/g1546/z (u)     in_0->z F     unmapped_nand2         3 15.3     0   165    5939    (-,-) 
  u_crypto_synth_top/u_top/u_rsa/core_inst/montprod_inst/s_adder_sa/addinc_add_57_43/g1542/z (u)     in_1->z R     unmapped_nand2         1  5.5     0   104    6044    (-,-) 
  u_crypto_synth_top/u_top/u_rsa/core_inst/montprod_inst/s_adder_sa/addinc_add_57_43/g1541/z (u)     in_1->z F     unmapped_nand2         3 15.3     0   165    6209    (-,-) 
  u_crypto_synth_top/u_top/u_rsa/core_inst/montprod_inst/s_adder_sa/addinc_add_57_43/g1540/z (u)     in_1->z R     unmapped_nand2         1  5.5     0   104    6313    (-,-) 
  u_crypto_synth_top/u_top/u_rsa/core_inst/montprod_inst/s_adder_sa/addinc_add_57_43/g1536/z (u)     in_0->z F     unmapped_nand2         3 15.3     0   165    6478    (-,-) 
  u_crypto_synth_top/u_top/u_rsa/core_inst/montprod_inst/s_adder_sa/addinc_add_57_43/g1535/z (u)     in_1->z R     unmapped_nand2         1  5.5     0   104    6582    (-,-) 
  u_crypto_synth_top/u_top/u_rsa/core_inst/montprod_inst/s_adder_sa/addinc_add_57_43/g1531/z (u)     in_0->z F     unmapped_nand2         3 15.3     0   165    6748    (-,-) 
  u_crypto_synth_top/u_top/u_rsa/core_inst/montprod_inst/s_adder_sa/addinc_add_57_43/g1527/z (u)     in_1->z R     unmapped_nand2         1  5.5     0   104    6852    (-,-) 
  u_crypto_synth_top/u_top/u_rsa/core_inst/montprod_inst/s_adder_sa/addinc_add_57_43/g1526/z (u)     in_0->z F     unmapped_nand2         4 20.4     0   199    7050    (-,-) 
  u_crypto_synth_top/u_top/u_rsa/core_inst/montprod_inst/s_adder_sa/addinc_add_57_43/g1521/z (u)     in_0->z R     unmapped_complex2      1  5.5     0   104    7155    (-,-) 
  u_crypto_synth_top/u_top/u_rsa/core_inst/montprod_inst/s_adder_sa/addinc_add_57_43/g1520/z (u)     in_0->z F     unmapped_complex2      3 15.3     0   165    7320    (-,-) 
  u_crypto_synth_top/u_top/u_rsa/core_inst/montprod_inst/s_adder_sa/addinc_add_57_43/g1512/z (u)     in_1->z R     unmapped_nand2         1  5.5     0   104    7424    (-,-) 
  u_crypto_synth_top/u_top/u_rsa/core_inst/montprod_inst/s_adder_sa/addinc_add_57_43/g1511/z (u)     in_1->z F     unmapped_nand2         3 15.3     0   165    7589    (-,-) 
  u_crypto_synth_top/u_top/u_rsa/core_inst/montprod_inst/s_adder_sa/addinc_add_57_43/g1510/z (u)     in_0->z R     unmapped_nand2         1  5.5     0   104    7694    (-,-) 
  u_crypto_synth_top/u_top/u_rsa/core_inst/montprod_inst/s_adder_sa/addinc_add_57_43/g1506/z (u)     in_0->z F     unmapped_nand2         3 15.3     0   165    7859    (-,-) 
  u_crypto_synth_top/u_top/u_rsa/core_inst/montprod_inst/s_adder_sa/addinc_add_57_43/g1502/z (u)     in_1->z R     unmapped_nand2         1  5.5     0   104    7963    (-,-) 
  u_crypto_synth_top/u_top/u_rsa/core_inst/montprod_inst/s_adder_sa/addinc_add_57_43/g1501/z (u)     in_1->z F     unmapped_nand2         3 15.3     0   165    8128    (-,-) 
  u_crypto_synth_top/u_top/u_rsa/core_inst/montprod_inst/s_adder_sa/addinc_add_57_43/g1500/z (u)     in_1->z R     unmapped_nand2         1  5.5     0   104    8232    (-,-) 
  u_crypto_synth_top/u_top/u_rsa/core_inst/montprod_inst/s_adder_sa/addinc_add_57_43/g1496/z (u)     in_0->z F     unmapped_nand2         3 15.3     0   165    8398    (-,-) 
  u_crypto_synth_top/u_top/u_rsa/core_inst/montprod_inst/s_adder_sa/addinc_add_57_43/g1495/z (u)     in_1->z R     unmapped_nand2         1  5.5     0   104    8502    (-,-) 
  u_crypto_synth_top/u_top/u_rsa/core_inst/montprod_inst/s_adder_sa/addinc_add_57_43/g1491/z (u)     in_0->z F     unmapped_nand2         3 15.3     0   165    8667    (-,-) 
  u_crypto_synth_top/u_top/u_rsa/core_inst/montprod_inst/s_adder_sa/addinc_add_57_43/g1490/z (u)     in_1->z R     unmapped_nand2         1  5.5     0   104    8771    (-,-) 
  u_crypto_synth_top/u_top/u_rsa/core_inst/montprod_inst/s_adder_sa/addinc_add_57_43/g1486/z (u)     in_0->z F     unmapped_nand2         3 15.3     0   165    8936    (-,-) 
  u_crypto_synth_top/u_top/u_rsa/core_inst/montprod_inst/s_adder_sa/addinc_add_57_43/g1482/z (u)     in_1->z R     unmapped_nand2         1  5.5     0   104    9040    (-,-) 
  u_crypto_synth_top/u_top/u_rsa/core_inst/montprod_inst/s_adder_sa/addinc_add_57_43/g1481/z (u)     in_1->z F     unmapped_nand2         3 15.3     0   165    9206    (-,-) 
  u_crypto_synth_top/u_top/u_rsa/core_inst/montprod_inst/s_adder_sa/addinc_add_57_43/g1480/z (u)     in_0->z R     unmapped_nand2         1  5.5     0   104    9310    (-,-) 
  u_crypto_synth_top/u_top/u_rsa/core_inst/montprod_inst/s_adder_sa/addinc_add_57_43/g1476/z (u)     in_1->z F     unmapped_nand2         3 15.3     0   165    9475    (-,-) 
  u_crypto_synth_top/u_top/u_rsa/core_inst/montprod_inst/s_adder_sa/addinc_add_57_43/g1472/z (u)     in_1->z R     unmapped_nand2         1  5.5     0   104    9579    (-,-) 
  u_crypto_synth_top/u_top/u_rsa/core_inst/montprod_inst/s_adder_sa/addinc_add_57_43/g1471/z (u)     in_1->z F     unmapped_nand2         3 15.3     0   165    9744    (-,-) 
  u_crypto_synth_top/u_top/u_rsa/core_inst/montprod_inst/s_adder_sa/addinc_add_57_43/g1470/z (u)     in_0->z R     unmapped_nand2         1  5.5     0   104    9849    (-,-) 
  u_crypto_synth_top/u_top/u_rsa/core_inst/montprod_inst/s_adder_sa/addinc_add_57_43/g1466/z (u)     in_1->z F     unmapped_nand2         3 15.3     0   165   10014    (-,-) 
  u_crypto_synth_top/u_top/u_rsa/core_inst/montprod_inst/s_adder_sa/addinc_add_57_43/g1462/z (u)     in_1->z R     unmapped_nand2         1  5.5     0   104   10118    (-,-) 
  u_crypto_synth_top/u_top/u_rsa/core_inst/montprod_inst/s_adder_sa/addinc_add_57_43/g1461/z (u)     in_1->z F     unmapped_nand2         3 15.3     0   165   10283    (-,-) 
  u_crypto_synth_top/u_top/u_rsa/core_inst/montprod_inst/s_adder_sa/addinc_add_57_43/g1457/z (u)     in_1->z R     unmapped_nand2         1  5.5     0   104   10388    (-,-) 
  u_crypto_synth_top/u_top/u_rsa/core_inst/montprod_inst/s_adder_sa/addinc_add_57_43/g1456/z (u)     in_1->z F     unmapped_nand2         3 15.3     0   165   10553    (-,-) 
  u_crypto_synth_top/u_top/u_rsa/core_inst/montprod_inst/s_adder_sa/addinc_add_57_43/g1452/z (u)     in_1->z R     unmapped_nand2         1  5.5     0   104   10657    (-,-) 
  u_crypto_synth_top/u_top/u_rsa/core_inst/montprod_inst/s_adder_sa/addinc_add_57_43/g1451/z (u)     in_1->z F     unmapped_nand2         3 15.3     0   165   10822    (-,-) 
  u_crypto_synth_top/u_top/u_rsa/core_inst/montprod_inst/s_adder_sa/addinc_add_57_43/g1448/z (u)     in_0->z F     unmapped_or2           1  5.1     0   104   10926    (-,-) 
  u_crypto_synth_top/u_top/u_rsa/core_inst/montprod_inst/s_adder_sa/addinc_add_57_43/g1449/z (u)     in_1->z R     unmapped_nand2         1  5.5     0   104   11030    (-,-) 
  u_crypto_synth_top/u_top/u_rsa/core_inst/montprod_inst/g4462/z                             (u)     in_0->z F     unmapped_complex2      1  5.1     0   114   11145    (-,-) 
  u_crypto_synth_top/u_top/u_rsa/core_inst/montprod_inst/g4246/z                             (u)     in_1->z R     unmapped_complex2     32 33.0     0   363   11508    (-,-) 
  u_crypto_synth_top/u_top/u_rsa/core_inst/montprod_inst/s_mem/mem_reg[28][31]/d             -       -       R     unmapped_d_flop       32    -     -     0   11508    (-,-) 
#-----------------------------------------------------------------------------------------------------------------------------------------------------------------------------

(u) : Net has unmapped pin(s).



Path 20: MET (43364 ps) Setup Check with Pin u_crypto_synth_top/u_top/u_rsa/core_inst/montprod_inst/s_mem/mem_reg[27][31]/clk->d
          Group: R2R
     Startpoint: (R) u_crypto_synth_top/u_top/u_rsa/core_inst/montprod_select_reg_reg[2]/clk
          Clock: (R) MAIN_CLK
       Endpoint: (R) u_crypto_synth_top/u_top/u_rsa/core_inst/montprod_inst/s_mem/mem_reg[27][31]/d
          Clock: (R) MAIN_CLK

                     Capture       Launch     
        Clock Edge:+   58000            0     
       Src Latency:+     150          250     
       Net Latency:+       0 (I)        0 (I) 
           Arrival:=   58150          250     
                                              
             Setup:-     329                  
       Uncertainty:-    1450                  
       Path Adjust:+   -1500                  
     Required Time:=   54871                  
      Launch Clock:-     250                  
         Data Path:-   11258                  
             Slack:=   43364                  

Exceptions/Constraints:
  path_adjust            -1500            PA_C2C 

#-----------------------------------------------------------------------------------------------------------------------------------------------------------------------------
#                                       Timing Point                                         Flags    Arc    Edge       Cell         Fanout Load Trans Delay Arrival Instance 
#                                                                                                                                           (fF)  (ps)  (ps)   (ps)  Location 
#-----------------------------------------------------------------------------------------------------------------------------------------------------------------------------
  u_crypto_synth_top/u_top/u_rsa/core_inst/montprod_select_reg_reg[2]/clk                    -       -       R     (arrival)          19892    -     0     0     250    (-,-) 
  u_crypto_synth_top/u_top/u_rsa/core_inst/montprod_select_reg_reg[2]/q                      (u)     clk->q  R     unmapped_d_flop        7 38.5     0   881    1131    (-,-) 
  u_crypto_synth_top/u_top/u_rsa/core_inst/g4055/z                                           (u)     in_1->z R     unmapped_complex2     34 33.0     0   412    1543    (-,-) 
  u_crypto_synth_top/u_top/u_rsa/core_inst/g4058/z                                           (u)     in_1->z F     unmapped_nand2         1  5.1     0   125    1668    (-,-) 
  u_crypto_synth_top/u_top/u_rsa/core_inst/g4054/z                                           (u)     in_0->z R     unmapped_complex2     32 33.0     0   412    2080    (-,-) 
  u_crypto_synth_top/u_top/u_rsa/core_inst/g3958/z                                           (u)     in_1->z R     unmapped_complex2      1  5.5     0   125    2206    (-,-) 
  u_crypto_synth_top/u_top/u_rsa/core_inst/g3922/z                                           (u)     in_0->z F     unmapped_nand2         1  5.1     0   125    2331    (-,-) 
  u_crypto_synth_top/u_top/u_rsa/core_inst/g3905/z                                           (u)     in_1->z F     unmapped_or2           5 25.5     0   272    2602    (-,-) 
  u_crypto_synth_top/u_top/u_rsa/core_inst/montprod_inst/s_adder_sa/addinc_add_57_43/g1182/z (u)     in_1->z F     unmapped_or2           1  5.1     0   104    2707    (-,-) 
  u_crypto_synth_top/u_top/u_rsa/core_inst/montprod_inst/s_adder_sa/addinc_add_57_43/g1612/z (u)     in_0->z R     unmapped_nand2         1  5.5     0   104    2811    (-,-) 
  u_crypto_synth_top/u_top/u_rsa/core_inst/montprod_inst/s_adder_sa/addinc_add_57_43/g1602/z (u)     in_0->z F     unmapped_nand2         3 15.3     0   165    2976    (-,-) 
  u_crypto_synth_top/u_top/u_rsa/core_inst/montprod_inst/s_adder_sa/addinc_add_57_43/g1597/z (u)     in_1->z R     unmapped_nand2         1  5.5     0   104    3080    (-,-) 
  u_crypto_synth_top/u_top/u_rsa/core_inst/montprod_inst/s_adder_sa/addinc_add_57_43/g1596/z (u)     in_0->z F     unmapped_nand2         3 15.3     0   165    3245    (-,-) 
  u_crypto_synth_top/u_top/u_rsa/core_inst/montprod_inst/s_adder_sa/addinc_add_57_43/g1595/z (u)     in_1->z R     unmapped_nand2         1  5.5     0   104    3350    (-,-) 
  u_crypto_synth_top/u_top/u_rsa/core_inst/montprod_inst/s_adder_sa/addinc_add_57_43/g1591/z (u)     in_0->z F     unmapped_nand2         3 15.3     0   165    3515    (-,-) 
  u_crypto_synth_top/u_top/u_rsa/core_inst/montprod_inst/s_adder_sa/addinc_add_57_43/g1587/z (u)     in_1->z R     unmapped_nand2         1  5.5     0   104    3619    (-,-) 
  u_crypto_synth_top/u_top/u_rsa/core_inst/montprod_inst/s_adder_sa/addinc_add_57_43/g1586/z (u)     in_0->z F     unmapped_nand2         3 15.3     0   165    3784    (-,-) 
  u_crypto_synth_top/u_top/u_rsa/core_inst/montprod_inst/s_adder_sa/addinc_add_57_43/g1582/z (u)     in_1->z R     unmapped_nand2         1  5.5     0   104    3888    (-,-) 
  u_crypto_synth_top/u_top/u_rsa/core_inst/montprod_inst/s_adder_sa/addinc_add_57_43/g1581/z (u)     in_0->z F     unmapped_nand2         3 15.3     0   165    4054    (-,-) 
  u_crypto_synth_top/u_top/u_rsa/core_inst/montprod_inst/s_adder_sa/addinc_add_57_43/g1580/z (u)     in_1->z R     unmapped_nand2         1  5.5     0   104    4158    (-,-) 
  u_crypto_synth_top/u_top/u_rsa/core_inst/montprod_inst/s_adder_sa/addinc_add_57_43/g1576/z (u)     in_0->z F     unmapped_nand2         3 15.3     0   165    4323    (-,-) 
  u_crypto_synth_top/u_top/u_rsa/core_inst/montprod_inst/s_adder_sa/addinc_add_57_43/g1575/z (u)     in_1->z R     unmapped_nand2         1  5.5     0   104    4427    (-,-) 
  u_crypto_synth_top/u_top/u_rsa/core_inst/montprod_inst/s_adder_sa/addinc_add_57_43/g1571/z (u)     in_0->z F     unmapped_nand2         3 15.3     0   165    4592    (-,-) 
  u_crypto_synth_top/u_top/u_rsa/core_inst/montprod_inst/s_adder_sa/addinc_add_57_43/g1567/z (u)     in_1->z R     unmapped_nand2         1  5.5     0   104    4697    (-,-) 
  u_crypto_synth_top/u_top/u_rsa/core_inst/montprod_inst/s_adder_sa/addinc_add_57_43/g1566/z (u)     in_0->z F     unmapped_nand2         3 15.3     0   165    4862    (-,-) 
  u_crypto_synth_top/u_top/u_rsa/core_inst/montprod_inst/s_adder_sa/addinc_add_57_43/g1565/z (u)     in_1->z R     unmapped_nand2         1  5.5     0   104    4966    (-,-) 
  u_crypto_synth_top/u_top/u_rsa/core_inst/montprod_inst/s_adder_sa/addinc_add_57_43/g1561/z (u)     in_1->z F     unmapped_nand2         3 15.3     0   165    5131    (-,-) 
  u_crypto_synth_top/u_top/u_rsa/core_inst/montprod_inst/s_adder_sa/addinc_add_57_43/g1557/z (u)     in_1->z R     unmapped_nand2         1  5.5     0   104    5235    (-,-) 
  u_crypto_synth_top/u_top/u_rsa/core_inst/montprod_inst/s_adder_sa/addinc_add_57_43/g1556/z (u)     in_0->z F     unmapped_nand2         3 15.3     0   165    5401    (-,-) 
  u_crypto_synth_top/u_top/u_rsa/core_inst/montprod_inst/s_adder_sa/addinc_add_57_43/g1552/z (u)     in_1->z R     unmapped_nand2         1  5.5     0   104    5505    (-,-) 
  u_crypto_synth_top/u_top/u_rsa/core_inst/montprod_inst/s_adder_sa/addinc_add_57_43/g1551/z (u)     in_0->z F     unmapped_nand2         3 15.3     0   165    5670    (-,-) 
  u_crypto_synth_top/u_top/u_rsa/core_inst/montprod_inst/s_adder_sa/addinc_add_57_43/g1547/z (u)     in_1->z R     unmapped_nand2         1  5.5     0   104    5774    (-,-) 
  u_crypto_synth_top/u_top/u_rsa/core_inst/montprod_inst/s_adder_sa/addinc_add_57_43/g1546/z (u)     in_0->z F     unmapped_nand2         3 15.3     0   165    5939    (-,-) 
  u_crypto_synth_top/u_top/u_rsa/core_inst/montprod_inst/s_adder_sa/addinc_add_57_43/g1542/z (u)     in_1->z R     unmapped_nand2         1  5.5     0   104    6044    (-,-) 
  u_crypto_synth_top/u_top/u_rsa/core_inst/montprod_inst/s_adder_sa/addinc_add_57_43/g1541/z (u)     in_1->z F     unmapped_nand2         3 15.3     0   165    6209    (-,-) 
  u_crypto_synth_top/u_top/u_rsa/core_inst/montprod_inst/s_adder_sa/addinc_add_57_43/g1540/z (u)     in_1->z R     unmapped_nand2         1  5.5     0   104    6313    (-,-) 
  u_crypto_synth_top/u_top/u_rsa/core_inst/montprod_inst/s_adder_sa/addinc_add_57_43/g1536/z (u)     in_0->z F     unmapped_nand2         3 15.3     0   165    6478    (-,-) 
  u_crypto_synth_top/u_top/u_rsa/core_inst/montprod_inst/s_adder_sa/addinc_add_57_43/g1535/z (u)     in_1->z R     unmapped_nand2         1  5.5     0   104    6582    (-,-) 
  u_crypto_synth_top/u_top/u_rsa/core_inst/montprod_inst/s_adder_sa/addinc_add_57_43/g1531/z (u)     in_0->z F     unmapped_nand2         3 15.3     0   165    6748    (-,-) 
  u_crypto_synth_top/u_top/u_rsa/core_inst/montprod_inst/s_adder_sa/addinc_add_57_43/g1527/z (u)     in_1->z R     unmapped_nand2         1  5.5     0   104    6852    (-,-) 
  u_crypto_synth_top/u_top/u_rsa/core_inst/montprod_inst/s_adder_sa/addinc_add_57_43/g1526/z (u)     in_0->z F     unmapped_nand2         4 20.4     0   199    7050    (-,-) 
  u_crypto_synth_top/u_top/u_rsa/core_inst/montprod_inst/s_adder_sa/addinc_add_57_43/g1521/z (u)     in_0->z R     unmapped_complex2      1  5.5     0   104    7155    (-,-) 
  u_crypto_synth_top/u_top/u_rsa/core_inst/montprod_inst/s_adder_sa/addinc_add_57_43/g1520/z (u)     in_0->z F     unmapped_complex2      3 15.3     0   165    7320    (-,-) 
  u_crypto_synth_top/u_top/u_rsa/core_inst/montprod_inst/s_adder_sa/addinc_add_57_43/g1512/z (u)     in_1->z R     unmapped_nand2         1  5.5     0   104    7424    (-,-) 
  u_crypto_synth_top/u_top/u_rsa/core_inst/montprod_inst/s_adder_sa/addinc_add_57_43/g1511/z (u)     in_1->z F     unmapped_nand2         3 15.3     0   165    7589    (-,-) 
  u_crypto_synth_top/u_top/u_rsa/core_inst/montprod_inst/s_adder_sa/addinc_add_57_43/g1510/z (u)     in_0->z R     unmapped_nand2         1  5.5     0   104    7694    (-,-) 
  u_crypto_synth_top/u_top/u_rsa/core_inst/montprod_inst/s_adder_sa/addinc_add_57_43/g1506/z (u)     in_0->z F     unmapped_nand2         3 15.3     0   165    7859    (-,-) 
  u_crypto_synth_top/u_top/u_rsa/core_inst/montprod_inst/s_adder_sa/addinc_add_57_43/g1502/z (u)     in_1->z R     unmapped_nand2         1  5.5     0   104    7963    (-,-) 
  u_crypto_synth_top/u_top/u_rsa/core_inst/montprod_inst/s_adder_sa/addinc_add_57_43/g1501/z (u)     in_1->z F     unmapped_nand2         3 15.3     0   165    8128    (-,-) 
  u_crypto_synth_top/u_top/u_rsa/core_inst/montprod_inst/s_adder_sa/addinc_add_57_43/g1500/z (u)     in_1->z R     unmapped_nand2         1  5.5     0   104    8232    (-,-) 
  u_crypto_synth_top/u_top/u_rsa/core_inst/montprod_inst/s_adder_sa/addinc_add_57_43/g1496/z (u)     in_0->z F     unmapped_nand2         3 15.3     0   165    8398    (-,-) 
  u_crypto_synth_top/u_top/u_rsa/core_inst/montprod_inst/s_adder_sa/addinc_add_57_43/g1495/z (u)     in_1->z R     unmapped_nand2         1  5.5     0   104    8502    (-,-) 
  u_crypto_synth_top/u_top/u_rsa/core_inst/montprod_inst/s_adder_sa/addinc_add_57_43/g1491/z (u)     in_0->z F     unmapped_nand2         3 15.3     0   165    8667    (-,-) 
  u_crypto_synth_top/u_top/u_rsa/core_inst/montprod_inst/s_adder_sa/addinc_add_57_43/g1490/z (u)     in_1->z R     unmapped_nand2         1  5.5     0   104    8771    (-,-) 
  u_crypto_synth_top/u_top/u_rsa/core_inst/montprod_inst/s_adder_sa/addinc_add_57_43/g1486/z (u)     in_0->z F     unmapped_nand2         3 15.3     0   165    8936    (-,-) 
  u_crypto_synth_top/u_top/u_rsa/core_inst/montprod_inst/s_adder_sa/addinc_add_57_43/g1482/z (u)     in_1->z R     unmapped_nand2         1  5.5     0   104    9040    (-,-) 
  u_crypto_synth_top/u_top/u_rsa/core_inst/montprod_inst/s_adder_sa/addinc_add_57_43/g1481/z (u)     in_1->z F     unmapped_nand2         3 15.3     0   165    9206    (-,-) 
  u_crypto_synth_top/u_top/u_rsa/core_inst/montprod_inst/s_adder_sa/addinc_add_57_43/g1480/z (u)     in_0->z R     unmapped_nand2         1  5.5     0   104    9310    (-,-) 
  u_crypto_synth_top/u_top/u_rsa/core_inst/montprod_inst/s_adder_sa/addinc_add_57_43/g1476/z (u)     in_1->z F     unmapped_nand2         3 15.3     0   165    9475    (-,-) 
  u_crypto_synth_top/u_top/u_rsa/core_inst/montprod_inst/s_adder_sa/addinc_add_57_43/g1472/z (u)     in_1->z R     unmapped_nand2         1  5.5     0   104    9579    (-,-) 
  u_crypto_synth_top/u_top/u_rsa/core_inst/montprod_inst/s_adder_sa/addinc_add_57_43/g1471/z (u)     in_1->z F     unmapped_nand2         3 15.3     0   165    9744    (-,-) 
  u_crypto_synth_top/u_top/u_rsa/core_inst/montprod_inst/s_adder_sa/addinc_add_57_43/g1470/z (u)     in_0->z R     unmapped_nand2         1  5.5     0   104    9849    (-,-) 
  u_crypto_synth_top/u_top/u_rsa/core_inst/montprod_inst/s_adder_sa/addinc_add_57_43/g1466/z (u)     in_1->z F     unmapped_nand2         3 15.3     0   165   10014    (-,-) 
  u_crypto_synth_top/u_top/u_rsa/core_inst/montprod_inst/s_adder_sa/addinc_add_57_43/g1462/z (u)     in_1->z R     unmapped_nand2         1  5.5     0   104   10118    (-,-) 
  u_crypto_synth_top/u_top/u_rsa/core_inst/montprod_inst/s_adder_sa/addinc_add_57_43/g1461/z (u)     in_1->z F     unmapped_nand2         3 15.3     0   165   10283    (-,-) 
  u_crypto_synth_top/u_top/u_rsa/core_inst/montprod_inst/s_adder_sa/addinc_add_57_43/g1457/z (u)     in_1->z R     unmapped_nand2         1  5.5     0   104   10388    (-,-) 
  u_crypto_synth_top/u_top/u_rsa/core_inst/montprod_inst/s_adder_sa/addinc_add_57_43/g1456/z (u)     in_1->z F     unmapped_nand2         3 15.3     0   165   10553    (-,-) 
  u_crypto_synth_top/u_top/u_rsa/core_inst/montprod_inst/s_adder_sa/addinc_add_57_43/g1452/z (u)     in_1->z R     unmapped_nand2         1  5.5     0   104   10657    (-,-) 
  u_crypto_synth_top/u_top/u_rsa/core_inst/montprod_inst/s_adder_sa/addinc_add_57_43/g1451/z (u)     in_1->z F     unmapped_nand2         3 15.3     0   165   10822    (-,-) 
  u_crypto_synth_top/u_top/u_rsa/core_inst/montprod_inst/s_adder_sa/addinc_add_57_43/g1448/z (u)     in_0->z F     unmapped_or2           1  5.1     0   104   10926    (-,-) 
  u_crypto_synth_top/u_top/u_rsa/core_inst/montprod_inst/s_adder_sa/addinc_add_57_43/g1449/z (u)     in_1->z R     unmapped_nand2         1  5.5     0   104   11030    (-,-) 
  u_crypto_synth_top/u_top/u_rsa/core_inst/montprod_inst/g4462/z                             (u)     in_0->z F     unmapped_complex2      1  5.1     0   114   11145    (-,-) 
  u_crypto_synth_top/u_top/u_rsa/core_inst/montprod_inst/g4246/z                             (u)     in_1->z R     unmapped_complex2     32 33.0     0   363   11508    (-,-) 
  u_crypto_synth_top/u_top/u_rsa/core_inst/montprod_inst/s_mem/mem_reg[27][31]/d             -       -       R     unmapped_d_flop       32    -     -     0   11508    (-,-) 
#-----------------------------------------------------------------------------------------------------------------------------------------------------------------------------

(u) : Net has unmapped pin(s).



Path 21: MET (43364 ps) Setup Check with Pin u_crypto_synth_top/u_top/u_rsa/core_inst/montprod_inst/s_mem/mem_reg[26][31]/clk->d
          Group: R2R
     Startpoint: (R) u_crypto_synth_top/u_top/u_rsa/core_inst/montprod_select_reg_reg[2]/clk
          Clock: (R) MAIN_CLK
       Endpoint: (R) u_crypto_synth_top/u_top/u_rsa/core_inst/montprod_inst/s_mem/mem_reg[26][31]/d
          Clock: (R) MAIN_CLK

                     Capture       Launch     
        Clock Edge:+   58000            0     
       Src Latency:+     150          250     
       Net Latency:+       0 (I)        0 (I) 
           Arrival:=   58150          250     
                                              
             Setup:-     329                  
       Uncertainty:-    1450                  
       Path Adjust:+   -1500                  
     Required Time:=   54871                  
      Launch Clock:-     250                  
         Data Path:-   11258                  
             Slack:=   43364                  

Exceptions/Constraints:
  path_adjust            -1500            PA_C2C 

#-----------------------------------------------------------------------------------------------------------------------------------------------------------------------------
#                                       Timing Point                                         Flags    Arc    Edge       Cell         Fanout Load Trans Delay Arrival Instance 
#                                                                                                                                           (fF)  (ps)  (ps)   (ps)  Location 
#-----------------------------------------------------------------------------------------------------------------------------------------------------------------------------
  u_crypto_synth_top/u_top/u_rsa/core_inst/montprod_select_reg_reg[2]/clk                    -       -       R     (arrival)          19892    -     0     0     250    (-,-) 
  u_crypto_synth_top/u_top/u_rsa/core_inst/montprod_select_reg_reg[2]/q                      (u)     clk->q  R     unmapped_d_flop        7 38.5     0   881    1131    (-,-) 
  u_crypto_synth_top/u_top/u_rsa/core_inst/g4055/z                                           (u)     in_1->z R     unmapped_complex2     34 33.0     0   412    1543    (-,-) 
  u_crypto_synth_top/u_top/u_rsa/core_inst/g4058/z                                           (u)     in_1->z F     unmapped_nand2         1  5.1     0   125    1668    (-,-) 
  u_crypto_synth_top/u_top/u_rsa/core_inst/g4054/z                                           (u)     in_0->z R     unmapped_complex2     32 33.0     0   412    2080    (-,-) 
  u_crypto_synth_top/u_top/u_rsa/core_inst/g3958/z                                           (u)     in_1->z R     unmapped_complex2      1  5.5     0   125    2206    (-,-) 
  u_crypto_synth_top/u_top/u_rsa/core_inst/g3922/z                                           (u)     in_0->z F     unmapped_nand2         1  5.1     0   125    2331    (-,-) 
  u_crypto_synth_top/u_top/u_rsa/core_inst/g3905/z                                           (u)     in_1->z F     unmapped_or2           5 25.5     0   272    2602    (-,-) 
  u_crypto_synth_top/u_top/u_rsa/core_inst/montprod_inst/s_adder_sa/addinc_add_57_43/g1182/z (u)     in_1->z F     unmapped_or2           1  5.1     0   104    2707    (-,-) 
  u_crypto_synth_top/u_top/u_rsa/core_inst/montprod_inst/s_adder_sa/addinc_add_57_43/g1612/z (u)     in_0->z R     unmapped_nand2         1  5.5     0   104    2811    (-,-) 
  u_crypto_synth_top/u_top/u_rsa/core_inst/montprod_inst/s_adder_sa/addinc_add_57_43/g1602/z (u)     in_0->z F     unmapped_nand2         3 15.3     0   165    2976    (-,-) 
  u_crypto_synth_top/u_top/u_rsa/core_inst/montprod_inst/s_adder_sa/addinc_add_57_43/g1597/z (u)     in_1->z R     unmapped_nand2         1  5.5     0   104    3080    (-,-) 
  u_crypto_synth_top/u_top/u_rsa/core_inst/montprod_inst/s_adder_sa/addinc_add_57_43/g1596/z (u)     in_0->z F     unmapped_nand2         3 15.3     0   165    3245    (-,-) 
  u_crypto_synth_top/u_top/u_rsa/core_inst/montprod_inst/s_adder_sa/addinc_add_57_43/g1595/z (u)     in_1->z R     unmapped_nand2         1  5.5     0   104    3350    (-,-) 
  u_crypto_synth_top/u_top/u_rsa/core_inst/montprod_inst/s_adder_sa/addinc_add_57_43/g1591/z (u)     in_0->z F     unmapped_nand2         3 15.3     0   165    3515    (-,-) 
  u_crypto_synth_top/u_top/u_rsa/core_inst/montprod_inst/s_adder_sa/addinc_add_57_43/g1587/z (u)     in_1->z R     unmapped_nand2         1  5.5     0   104    3619    (-,-) 
  u_crypto_synth_top/u_top/u_rsa/core_inst/montprod_inst/s_adder_sa/addinc_add_57_43/g1586/z (u)     in_0->z F     unmapped_nand2         3 15.3     0   165    3784    (-,-) 
  u_crypto_synth_top/u_top/u_rsa/core_inst/montprod_inst/s_adder_sa/addinc_add_57_43/g1582/z (u)     in_1->z R     unmapped_nand2         1  5.5     0   104    3888    (-,-) 
  u_crypto_synth_top/u_top/u_rsa/core_inst/montprod_inst/s_adder_sa/addinc_add_57_43/g1581/z (u)     in_0->z F     unmapped_nand2         3 15.3     0   165    4054    (-,-) 
  u_crypto_synth_top/u_top/u_rsa/core_inst/montprod_inst/s_adder_sa/addinc_add_57_43/g1580/z (u)     in_1->z R     unmapped_nand2         1  5.5     0   104    4158    (-,-) 
  u_crypto_synth_top/u_top/u_rsa/core_inst/montprod_inst/s_adder_sa/addinc_add_57_43/g1576/z (u)     in_0->z F     unmapped_nand2         3 15.3     0   165    4323    (-,-) 
  u_crypto_synth_top/u_top/u_rsa/core_inst/montprod_inst/s_adder_sa/addinc_add_57_43/g1575/z (u)     in_1->z R     unmapped_nand2         1  5.5     0   104    4427    (-,-) 
  u_crypto_synth_top/u_top/u_rsa/core_inst/montprod_inst/s_adder_sa/addinc_add_57_43/g1571/z (u)     in_0->z F     unmapped_nand2         3 15.3     0   165    4592    (-,-) 
  u_crypto_synth_top/u_top/u_rsa/core_inst/montprod_inst/s_adder_sa/addinc_add_57_43/g1567/z (u)     in_1->z R     unmapped_nand2         1  5.5     0   104    4697    (-,-) 
  u_crypto_synth_top/u_top/u_rsa/core_inst/montprod_inst/s_adder_sa/addinc_add_57_43/g1566/z (u)     in_0->z F     unmapped_nand2         3 15.3     0   165    4862    (-,-) 
  u_crypto_synth_top/u_top/u_rsa/core_inst/montprod_inst/s_adder_sa/addinc_add_57_43/g1565/z (u)     in_1->z R     unmapped_nand2         1  5.5     0   104    4966    (-,-) 
  u_crypto_synth_top/u_top/u_rsa/core_inst/montprod_inst/s_adder_sa/addinc_add_57_43/g1561/z (u)     in_1->z F     unmapped_nand2         3 15.3     0   165    5131    (-,-) 
  u_crypto_synth_top/u_top/u_rsa/core_inst/montprod_inst/s_adder_sa/addinc_add_57_43/g1557/z (u)     in_1->z R     unmapped_nand2         1  5.5     0   104    5235    (-,-) 
  u_crypto_synth_top/u_top/u_rsa/core_inst/montprod_inst/s_adder_sa/addinc_add_57_43/g1556/z (u)     in_0->z F     unmapped_nand2         3 15.3     0   165    5401    (-,-) 
  u_crypto_synth_top/u_top/u_rsa/core_inst/montprod_inst/s_adder_sa/addinc_add_57_43/g1552/z (u)     in_1->z R     unmapped_nand2         1  5.5     0   104    5505    (-,-) 
  u_crypto_synth_top/u_top/u_rsa/core_inst/montprod_inst/s_adder_sa/addinc_add_57_43/g1551/z (u)     in_0->z F     unmapped_nand2         3 15.3     0   165    5670    (-,-) 
  u_crypto_synth_top/u_top/u_rsa/core_inst/montprod_inst/s_adder_sa/addinc_add_57_43/g1547/z (u)     in_1->z R     unmapped_nand2         1  5.5     0   104    5774    (-,-) 
  u_crypto_synth_top/u_top/u_rsa/core_inst/montprod_inst/s_adder_sa/addinc_add_57_43/g1546/z (u)     in_0->z F     unmapped_nand2         3 15.3     0   165    5939    (-,-) 
  u_crypto_synth_top/u_top/u_rsa/core_inst/montprod_inst/s_adder_sa/addinc_add_57_43/g1542/z (u)     in_1->z R     unmapped_nand2         1  5.5     0   104    6044    (-,-) 
  u_crypto_synth_top/u_top/u_rsa/core_inst/montprod_inst/s_adder_sa/addinc_add_57_43/g1541/z (u)     in_1->z F     unmapped_nand2         3 15.3     0   165    6209    (-,-) 
  u_crypto_synth_top/u_top/u_rsa/core_inst/montprod_inst/s_adder_sa/addinc_add_57_43/g1540/z (u)     in_1->z R     unmapped_nand2         1  5.5     0   104    6313    (-,-) 
  u_crypto_synth_top/u_top/u_rsa/core_inst/montprod_inst/s_adder_sa/addinc_add_57_43/g1536/z (u)     in_0->z F     unmapped_nand2         3 15.3     0   165    6478    (-,-) 
  u_crypto_synth_top/u_top/u_rsa/core_inst/montprod_inst/s_adder_sa/addinc_add_57_43/g1535/z (u)     in_1->z R     unmapped_nand2         1  5.5     0   104    6582    (-,-) 
  u_crypto_synth_top/u_top/u_rsa/core_inst/montprod_inst/s_adder_sa/addinc_add_57_43/g1531/z (u)     in_0->z F     unmapped_nand2         3 15.3     0   165    6748    (-,-) 
  u_crypto_synth_top/u_top/u_rsa/core_inst/montprod_inst/s_adder_sa/addinc_add_57_43/g1527/z (u)     in_1->z R     unmapped_nand2         1  5.5     0   104    6852    (-,-) 
  u_crypto_synth_top/u_top/u_rsa/core_inst/montprod_inst/s_adder_sa/addinc_add_57_43/g1526/z (u)     in_0->z F     unmapped_nand2         4 20.4     0   199    7050    (-,-) 
  u_crypto_synth_top/u_top/u_rsa/core_inst/montprod_inst/s_adder_sa/addinc_add_57_43/g1521/z (u)     in_0->z R     unmapped_complex2      1  5.5     0   104    7155    (-,-) 
  u_crypto_synth_top/u_top/u_rsa/core_inst/montprod_inst/s_adder_sa/addinc_add_57_43/g1520/z (u)     in_0->z F     unmapped_complex2      3 15.3     0   165    7320    (-,-) 
  u_crypto_synth_top/u_top/u_rsa/core_inst/montprod_inst/s_adder_sa/addinc_add_57_43/g1512/z (u)     in_1->z R     unmapped_nand2         1  5.5     0   104    7424    (-,-) 
  u_crypto_synth_top/u_top/u_rsa/core_inst/montprod_inst/s_adder_sa/addinc_add_57_43/g1511/z (u)     in_1->z F     unmapped_nand2         3 15.3     0   165    7589    (-,-) 
  u_crypto_synth_top/u_top/u_rsa/core_inst/montprod_inst/s_adder_sa/addinc_add_57_43/g1510/z (u)     in_0->z R     unmapped_nand2         1  5.5     0   104    7694    (-,-) 
  u_crypto_synth_top/u_top/u_rsa/core_inst/montprod_inst/s_adder_sa/addinc_add_57_43/g1506/z (u)     in_0->z F     unmapped_nand2         3 15.3     0   165    7859    (-,-) 
  u_crypto_synth_top/u_top/u_rsa/core_inst/montprod_inst/s_adder_sa/addinc_add_57_43/g1502/z (u)     in_1->z R     unmapped_nand2         1  5.5     0   104    7963    (-,-) 
  u_crypto_synth_top/u_top/u_rsa/core_inst/montprod_inst/s_adder_sa/addinc_add_57_43/g1501/z (u)     in_1->z F     unmapped_nand2         3 15.3     0   165    8128    (-,-) 
  u_crypto_synth_top/u_top/u_rsa/core_inst/montprod_inst/s_adder_sa/addinc_add_57_43/g1500/z (u)     in_1->z R     unmapped_nand2         1  5.5     0   104    8232    (-,-) 
  u_crypto_synth_top/u_top/u_rsa/core_inst/montprod_inst/s_adder_sa/addinc_add_57_43/g1496/z (u)     in_0->z F     unmapped_nand2         3 15.3     0   165    8398    (-,-) 
  u_crypto_synth_top/u_top/u_rsa/core_inst/montprod_inst/s_adder_sa/addinc_add_57_43/g1495/z (u)     in_1->z R     unmapped_nand2         1  5.5     0   104    8502    (-,-) 
  u_crypto_synth_top/u_top/u_rsa/core_inst/montprod_inst/s_adder_sa/addinc_add_57_43/g1491/z (u)     in_0->z F     unmapped_nand2         3 15.3     0   165    8667    (-,-) 
  u_crypto_synth_top/u_top/u_rsa/core_inst/montprod_inst/s_adder_sa/addinc_add_57_43/g1490/z (u)     in_1->z R     unmapped_nand2         1  5.5     0   104    8771    (-,-) 
  u_crypto_synth_top/u_top/u_rsa/core_inst/montprod_inst/s_adder_sa/addinc_add_57_43/g1486/z (u)     in_0->z F     unmapped_nand2         3 15.3     0   165    8936    (-,-) 
  u_crypto_synth_top/u_top/u_rsa/core_inst/montprod_inst/s_adder_sa/addinc_add_57_43/g1482/z (u)     in_1->z R     unmapped_nand2         1  5.5     0   104    9040    (-,-) 
  u_crypto_synth_top/u_top/u_rsa/core_inst/montprod_inst/s_adder_sa/addinc_add_57_43/g1481/z (u)     in_1->z F     unmapped_nand2         3 15.3     0   165    9206    (-,-) 
  u_crypto_synth_top/u_top/u_rsa/core_inst/montprod_inst/s_adder_sa/addinc_add_57_43/g1480/z (u)     in_0->z R     unmapped_nand2         1  5.5     0   104    9310    (-,-) 
  u_crypto_synth_top/u_top/u_rsa/core_inst/montprod_inst/s_adder_sa/addinc_add_57_43/g1476/z (u)     in_1->z F     unmapped_nand2         3 15.3     0   165    9475    (-,-) 
  u_crypto_synth_top/u_top/u_rsa/core_inst/montprod_inst/s_adder_sa/addinc_add_57_43/g1472/z (u)     in_1->z R     unmapped_nand2         1  5.5     0   104    9579    (-,-) 
  u_crypto_synth_top/u_top/u_rsa/core_inst/montprod_inst/s_adder_sa/addinc_add_57_43/g1471/z (u)     in_1->z F     unmapped_nand2         3 15.3     0   165    9744    (-,-) 
  u_crypto_synth_top/u_top/u_rsa/core_inst/montprod_inst/s_adder_sa/addinc_add_57_43/g1470/z (u)     in_0->z R     unmapped_nand2         1  5.5     0   104    9849    (-,-) 
  u_crypto_synth_top/u_top/u_rsa/core_inst/montprod_inst/s_adder_sa/addinc_add_57_43/g1466/z (u)     in_1->z F     unmapped_nand2         3 15.3     0   165   10014    (-,-) 
  u_crypto_synth_top/u_top/u_rsa/core_inst/montprod_inst/s_adder_sa/addinc_add_57_43/g1462/z (u)     in_1->z R     unmapped_nand2         1  5.5     0   104   10118    (-,-) 
  u_crypto_synth_top/u_top/u_rsa/core_inst/montprod_inst/s_adder_sa/addinc_add_57_43/g1461/z (u)     in_1->z F     unmapped_nand2         3 15.3     0   165   10283    (-,-) 
  u_crypto_synth_top/u_top/u_rsa/core_inst/montprod_inst/s_adder_sa/addinc_add_57_43/g1457/z (u)     in_1->z R     unmapped_nand2         1  5.5     0   104   10388    (-,-) 
  u_crypto_synth_top/u_top/u_rsa/core_inst/montprod_inst/s_adder_sa/addinc_add_57_43/g1456/z (u)     in_1->z F     unmapped_nand2         3 15.3     0   165   10553    (-,-) 
  u_crypto_synth_top/u_top/u_rsa/core_inst/montprod_inst/s_adder_sa/addinc_add_57_43/g1452/z (u)     in_1->z R     unmapped_nand2         1  5.5     0   104   10657    (-,-) 
  u_crypto_synth_top/u_top/u_rsa/core_inst/montprod_inst/s_adder_sa/addinc_add_57_43/g1451/z (u)     in_1->z F     unmapped_nand2         3 15.3     0   165   10822    (-,-) 
  u_crypto_synth_top/u_top/u_rsa/core_inst/montprod_inst/s_adder_sa/addinc_add_57_43/g1448/z (u)     in_0->z F     unmapped_or2           1  5.1     0   104   10926    (-,-) 
  u_crypto_synth_top/u_top/u_rsa/core_inst/montprod_inst/s_adder_sa/addinc_add_57_43/g1449/z (u)     in_1->z R     unmapped_nand2         1  5.5     0   104   11030    (-,-) 
  u_crypto_synth_top/u_top/u_rsa/core_inst/montprod_inst/g4462/z                             (u)     in_0->z F     unmapped_complex2      1  5.1     0   114   11145    (-,-) 
  u_crypto_synth_top/u_top/u_rsa/core_inst/montprod_inst/g4246/z                             (u)     in_1->z R     unmapped_complex2     32 33.0     0   363   11508    (-,-) 
  u_crypto_synth_top/u_top/u_rsa/core_inst/montprod_inst/s_mem/mem_reg[26][31]/d             -       -       R     unmapped_d_flop       32    -     -     0   11508    (-,-) 
#-----------------------------------------------------------------------------------------------------------------------------------------------------------------------------

(u) : Net has unmapped pin(s).



Path 22: MET (43364 ps) Setup Check with Pin u_crypto_synth_top/u_top/u_rsa/core_inst/montprod_inst/s_mem/mem_reg[25][31]/clk->d
          Group: R2R
     Startpoint: (R) u_crypto_synth_top/u_top/u_rsa/core_inst/montprod_select_reg_reg[2]/clk
          Clock: (R) MAIN_CLK
       Endpoint: (R) u_crypto_synth_top/u_top/u_rsa/core_inst/montprod_inst/s_mem/mem_reg[25][31]/d
          Clock: (R) MAIN_CLK

                     Capture       Launch     
        Clock Edge:+   58000            0     
       Src Latency:+     150          250     
       Net Latency:+       0 (I)        0 (I) 
           Arrival:=   58150          250     
                                              
             Setup:-     329                  
       Uncertainty:-    1450                  
       Path Adjust:+   -1500                  
     Required Time:=   54871                  
      Launch Clock:-     250                  
         Data Path:-   11258                  
             Slack:=   43364                  

Exceptions/Constraints:
  path_adjust            -1500            PA_C2C 

#-----------------------------------------------------------------------------------------------------------------------------------------------------------------------------
#                                       Timing Point                                         Flags    Arc    Edge       Cell         Fanout Load Trans Delay Arrival Instance 
#                                                                                                                                           (fF)  (ps)  (ps)   (ps)  Location 
#-----------------------------------------------------------------------------------------------------------------------------------------------------------------------------
  u_crypto_synth_top/u_top/u_rsa/core_inst/montprod_select_reg_reg[2]/clk                    -       -       R     (arrival)          19892    -     0     0     250    (-,-) 
  u_crypto_synth_top/u_top/u_rsa/core_inst/montprod_select_reg_reg[2]/q                      (u)     clk->q  R     unmapped_d_flop        7 38.5     0   881    1131    (-,-) 
  u_crypto_synth_top/u_top/u_rsa/core_inst/g4055/z                                           (u)     in_1->z R     unmapped_complex2     34 33.0     0   412    1543    (-,-) 
  u_crypto_synth_top/u_top/u_rsa/core_inst/g4058/z                                           (u)     in_1->z F     unmapped_nand2         1  5.1     0   125    1668    (-,-) 
  u_crypto_synth_top/u_top/u_rsa/core_inst/g4054/z                                           (u)     in_0->z R     unmapped_complex2     32 33.0     0   412    2080    (-,-) 
  u_crypto_synth_top/u_top/u_rsa/core_inst/g3958/z                                           (u)     in_1->z R     unmapped_complex2      1  5.5     0   125    2206    (-,-) 
  u_crypto_synth_top/u_top/u_rsa/core_inst/g3922/z                                           (u)     in_0->z F     unmapped_nand2         1  5.1     0   125    2331    (-,-) 
  u_crypto_synth_top/u_top/u_rsa/core_inst/g3905/z                                           (u)     in_1->z F     unmapped_or2           5 25.5     0   272    2602    (-,-) 
  u_crypto_synth_top/u_top/u_rsa/core_inst/montprod_inst/s_adder_sa/addinc_add_57_43/g1182/z (u)     in_1->z F     unmapped_or2           1  5.1     0   104    2707    (-,-) 
  u_crypto_synth_top/u_top/u_rsa/core_inst/montprod_inst/s_adder_sa/addinc_add_57_43/g1612/z (u)     in_0->z R     unmapped_nand2         1  5.5     0   104    2811    (-,-) 
  u_crypto_synth_top/u_top/u_rsa/core_inst/montprod_inst/s_adder_sa/addinc_add_57_43/g1602/z (u)     in_0->z F     unmapped_nand2         3 15.3     0   165    2976    (-,-) 
  u_crypto_synth_top/u_top/u_rsa/core_inst/montprod_inst/s_adder_sa/addinc_add_57_43/g1597/z (u)     in_1->z R     unmapped_nand2         1  5.5     0   104    3080    (-,-) 
  u_crypto_synth_top/u_top/u_rsa/core_inst/montprod_inst/s_adder_sa/addinc_add_57_43/g1596/z (u)     in_0->z F     unmapped_nand2         3 15.3     0   165    3245    (-,-) 
  u_crypto_synth_top/u_top/u_rsa/core_inst/montprod_inst/s_adder_sa/addinc_add_57_43/g1595/z (u)     in_1->z R     unmapped_nand2         1  5.5     0   104    3350    (-,-) 
  u_crypto_synth_top/u_top/u_rsa/core_inst/montprod_inst/s_adder_sa/addinc_add_57_43/g1591/z (u)     in_0->z F     unmapped_nand2         3 15.3     0   165    3515    (-,-) 
  u_crypto_synth_top/u_top/u_rsa/core_inst/montprod_inst/s_adder_sa/addinc_add_57_43/g1587/z (u)     in_1->z R     unmapped_nand2         1  5.5     0   104    3619    (-,-) 
  u_crypto_synth_top/u_top/u_rsa/core_inst/montprod_inst/s_adder_sa/addinc_add_57_43/g1586/z (u)     in_0->z F     unmapped_nand2         3 15.3     0   165    3784    (-,-) 
  u_crypto_synth_top/u_top/u_rsa/core_inst/montprod_inst/s_adder_sa/addinc_add_57_43/g1582/z (u)     in_1->z R     unmapped_nand2         1  5.5     0   104    3888    (-,-) 
  u_crypto_synth_top/u_top/u_rsa/core_inst/montprod_inst/s_adder_sa/addinc_add_57_43/g1581/z (u)     in_0->z F     unmapped_nand2         3 15.3     0   165    4054    (-,-) 
  u_crypto_synth_top/u_top/u_rsa/core_inst/montprod_inst/s_adder_sa/addinc_add_57_43/g1580/z (u)     in_1->z R     unmapped_nand2         1  5.5     0   104    4158    (-,-) 
  u_crypto_synth_top/u_top/u_rsa/core_inst/montprod_inst/s_adder_sa/addinc_add_57_43/g1576/z (u)     in_0->z F     unmapped_nand2         3 15.3     0   165    4323    (-,-) 
  u_crypto_synth_top/u_top/u_rsa/core_inst/montprod_inst/s_adder_sa/addinc_add_57_43/g1575/z (u)     in_1->z R     unmapped_nand2         1  5.5     0   104    4427    (-,-) 
  u_crypto_synth_top/u_top/u_rsa/core_inst/montprod_inst/s_adder_sa/addinc_add_57_43/g1571/z (u)     in_0->z F     unmapped_nand2         3 15.3     0   165    4592    (-,-) 
  u_crypto_synth_top/u_top/u_rsa/core_inst/montprod_inst/s_adder_sa/addinc_add_57_43/g1567/z (u)     in_1->z R     unmapped_nand2         1  5.5     0   104    4697    (-,-) 
  u_crypto_synth_top/u_top/u_rsa/core_inst/montprod_inst/s_adder_sa/addinc_add_57_43/g1566/z (u)     in_0->z F     unmapped_nand2         3 15.3     0   165    4862    (-,-) 
  u_crypto_synth_top/u_top/u_rsa/core_inst/montprod_inst/s_adder_sa/addinc_add_57_43/g1565/z (u)     in_1->z R     unmapped_nand2         1  5.5     0   104    4966    (-,-) 
  u_crypto_synth_top/u_top/u_rsa/core_inst/montprod_inst/s_adder_sa/addinc_add_57_43/g1561/z (u)     in_1->z F     unmapped_nand2         3 15.3     0   165    5131    (-,-) 
  u_crypto_synth_top/u_top/u_rsa/core_inst/montprod_inst/s_adder_sa/addinc_add_57_43/g1557/z (u)     in_1->z R     unmapped_nand2         1  5.5     0   104    5235    (-,-) 
  u_crypto_synth_top/u_top/u_rsa/core_inst/montprod_inst/s_adder_sa/addinc_add_57_43/g1556/z (u)     in_0->z F     unmapped_nand2         3 15.3     0   165    5401    (-,-) 
  u_crypto_synth_top/u_top/u_rsa/core_inst/montprod_inst/s_adder_sa/addinc_add_57_43/g1552/z (u)     in_1->z R     unmapped_nand2         1  5.5     0   104    5505    (-,-) 
  u_crypto_synth_top/u_top/u_rsa/core_inst/montprod_inst/s_adder_sa/addinc_add_57_43/g1551/z (u)     in_0->z F     unmapped_nand2         3 15.3     0   165    5670    (-,-) 
  u_crypto_synth_top/u_top/u_rsa/core_inst/montprod_inst/s_adder_sa/addinc_add_57_43/g1547/z (u)     in_1->z R     unmapped_nand2         1  5.5     0   104    5774    (-,-) 
  u_crypto_synth_top/u_top/u_rsa/core_inst/montprod_inst/s_adder_sa/addinc_add_57_43/g1546/z (u)     in_0->z F     unmapped_nand2         3 15.3     0   165    5939    (-,-) 
  u_crypto_synth_top/u_top/u_rsa/core_inst/montprod_inst/s_adder_sa/addinc_add_57_43/g1542/z (u)     in_1->z R     unmapped_nand2         1  5.5     0   104    6044    (-,-) 
  u_crypto_synth_top/u_top/u_rsa/core_inst/montprod_inst/s_adder_sa/addinc_add_57_43/g1541/z (u)     in_1->z F     unmapped_nand2         3 15.3     0   165    6209    (-,-) 
  u_crypto_synth_top/u_top/u_rsa/core_inst/montprod_inst/s_adder_sa/addinc_add_57_43/g1540/z (u)     in_1->z R     unmapped_nand2         1  5.5     0   104    6313    (-,-) 
  u_crypto_synth_top/u_top/u_rsa/core_inst/montprod_inst/s_adder_sa/addinc_add_57_43/g1536/z (u)     in_0->z F     unmapped_nand2         3 15.3     0   165    6478    (-,-) 
  u_crypto_synth_top/u_top/u_rsa/core_inst/montprod_inst/s_adder_sa/addinc_add_57_43/g1535/z (u)     in_1->z R     unmapped_nand2         1  5.5     0   104    6582    (-,-) 
  u_crypto_synth_top/u_top/u_rsa/core_inst/montprod_inst/s_adder_sa/addinc_add_57_43/g1531/z (u)     in_0->z F     unmapped_nand2         3 15.3     0   165    6748    (-,-) 
  u_crypto_synth_top/u_top/u_rsa/core_inst/montprod_inst/s_adder_sa/addinc_add_57_43/g1527/z (u)     in_1->z R     unmapped_nand2         1  5.5     0   104    6852    (-,-) 
  u_crypto_synth_top/u_top/u_rsa/core_inst/montprod_inst/s_adder_sa/addinc_add_57_43/g1526/z (u)     in_0->z F     unmapped_nand2         4 20.4     0   199    7050    (-,-) 
  u_crypto_synth_top/u_top/u_rsa/core_inst/montprod_inst/s_adder_sa/addinc_add_57_43/g1521/z (u)     in_0->z R     unmapped_complex2      1  5.5     0   104    7155    (-,-) 
  u_crypto_synth_top/u_top/u_rsa/core_inst/montprod_inst/s_adder_sa/addinc_add_57_43/g1520/z (u)     in_0->z F     unmapped_complex2      3 15.3     0   165    7320    (-,-) 
  u_crypto_synth_top/u_top/u_rsa/core_inst/montprod_inst/s_adder_sa/addinc_add_57_43/g1512/z (u)     in_1->z R     unmapped_nand2         1  5.5     0   104    7424    (-,-) 
  u_crypto_synth_top/u_top/u_rsa/core_inst/montprod_inst/s_adder_sa/addinc_add_57_43/g1511/z (u)     in_1->z F     unmapped_nand2         3 15.3     0   165    7589    (-,-) 
  u_crypto_synth_top/u_top/u_rsa/core_inst/montprod_inst/s_adder_sa/addinc_add_57_43/g1510/z (u)     in_0->z R     unmapped_nand2         1  5.5     0   104    7694    (-,-) 
  u_crypto_synth_top/u_top/u_rsa/core_inst/montprod_inst/s_adder_sa/addinc_add_57_43/g1506/z (u)     in_0->z F     unmapped_nand2         3 15.3     0   165    7859    (-,-) 
  u_crypto_synth_top/u_top/u_rsa/core_inst/montprod_inst/s_adder_sa/addinc_add_57_43/g1502/z (u)     in_1->z R     unmapped_nand2         1  5.5     0   104    7963    (-,-) 
  u_crypto_synth_top/u_top/u_rsa/core_inst/montprod_inst/s_adder_sa/addinc_add_57_43/g1501/z (u)     in_1->z F     unmapped_nand2         3 15.3     0   165    8128    (-,-) 
  u_crypto_synth_top/u_top/u_rsa/core_inst/montprod_inst/s_adder_sa/addinc_add_57_43/g1500/z (u)     in_1->z R     unmapped_nand2         1  5.5     0   104    8232    (-,-) 
  u_crypto_synth_top/u_top/u_rsa/core_inst/montprod_inst/s_adder_sa/addinc_add_57_43/g1496/z (u)     in_0->z F     unmapped_nand2         3 15.3     0   165    8398    (-,-) 
  u_crypto_synth_top/u_top/u_rsa/core_inst/montprod_inst/s_adder_sa/addinc_add_57_43/g1495/z (u)     in_1->z R     unmapped_nand2         1  5.5     0   104    8502    (-,-) 
  u_crypto_synth_top/u_top/u_rsa/core_inst/montprod_inst/s_adder_sa/addinc_add_57_43/g1491/z (u)     in_0->z F     unmapped_nand2         3 15.3     0   165    8667    (-,-) 
  u_crypto_synth_top/u_top/u_rsa/core_inst/montprod_inst/s_adder_sa/addinc_add_57_43/g1490/z (u)     in_1->z R     unmapped_nand2         1  5.5     0   104    8771    (-,-) 
  u_crypto_synth_top/u_top/u_rsa/core_inst/montprod_inst/s_adder_sa/addinc_add_57_43/g1486/z (u)     in_0->z F     unmapped_nand2         3 15.3     0   165    8936    (-,-) 
  u_crypto_synth_top/u_top/u_rsa/core_inst/montprod_inst/s_adder_sa/addinc_add_57_43/g1482/z (u)     in_1->z R     unmapped_nand2         1  5.5     0   104    9040    (-,-) 
  u_crypto_synth_top/u_top/u_rsa/core_inst/montprod_inst/s_adder_sa/addinc_add_57_43/g1481/z (u)     in_1->z F     unmapped_nand2         3 15.3     0   165    9206    (-,-) 
  u_crypto_synth_top/u_top/u_rsa/core_inst/montprod_inst/s_adder_sa/addinc_add_57_43/g1480/z (u)     in_0->z R     unmapped_nand2         1  5.5     0   104    9310    (-,-) 
  u_crypto_synth_top/u_top/u_rsa/core_inst/montprod_inst/s_adder_sa/addinc_add_57_43/g1476/z (u)     in_1->z F     unmapped_nand2         3 15.3     0   165    9475    (-,-) 
  u_crypto_synth_top/u_top/u_rsa/core_inst/montprod_inst/s_adder_sa/addinc_add_57_43/g1472/z (u)     in_1->z R     unmapped_nand2         1  5.5     0   104    9579    (-,-) 
  u_crypto_synth_top/u_top/u_rsa/core_inst/montprod_inst/s_adder_sa/addinc_add_57_43/g1471/z (u)     in_1->z F     unmapped_nand2         3 15.3     0   165    9744    (-,-) 
  u_crypto_synth_top/u_top/u_rsa/core_inst/montprod_inst/s_adder_sa/addinc_add_57_43/g1470/z (u)     in_0->z R     unmapped_nand2         1  5.5     0   104    9849    (-,-) 
  u_crypto_synth_top/u_top/u_rsa/core_inst/montprod_inst/s_adder_sa/addinc_add_57_43/g1466/z (u)     in_1->z F     unmapped_nand2         3 15.3     0   165   10014    (-,-) 
  u_crypto_synth_top/u_top/u_rsa/core_inst/montprod_inst/s_adder_sa/addinc_add_57_43/g1462/z (u)     in_1->z R     unmapped_nand2         1  5.5     0   104   10118    (-,-) 
  u_crypto_synth_top/u_top/u_rsa/core_inst/montprod_inst/s_adder_sa/addinc_add_57_43/g1461/z (u)     in_1->z F     unmapped_nand2         3 15.3     0   165   10283    (-,-) 
  u_crypto_synth_top/u_top/u_rsa/core_inst/montprod_inst/s_adder_sa/addinc_add_57_43/g1457/z (u)     in_1->z R     unmapped_nand2         1  5.5     0   104   10388    (-,-) 
  u_crypto_synth_top/u_top/u_rsa/core_inst/montprod_inst/s_adder_sa/addinc_add_57_43/g1456/z (u)     in_1->z F     unmapped_nand2         3 15.3     0   165   10553    (-,-) 
  u_crypto_synth_top/u_top/u_rsa/core_inst/montprod_inst/s_adder_sa/addinc_add_57_43/g1452/z (u)     in_1->z R     unmapped_nand2         1  5.5     0   104   10657    (-,-) 
  u_crypto_synth_top/u_top/u_rsa/core_inst/montprod_inst/s_adder_sa/addinc_add_57_43/g1451/z (u)     in_1->z F     unmapped_nand2         3 15.3     0   165   10822    (-,-) 
  u_crypto_synth_top/u_top/u_rsa/core_inst/montprod_inst/s_adder_sa/addinc_add_57_43/g1448/z (u)     in_0->z F     unmapped_or2           1  5.1     0   104   10926    (-,-) 
  u_crypto_synth_top/u_top/u_rsa/core_inst/montprod_inst/s_adder_sa/addinc_add_57_43/g1449/z (u)     in_1->z R     unmapped_nand2         1  5.5     0   104   11030    (-,-) 
  u_crypto_synth_top/u_top/u_rsa/core_inst/montprod_inst/g4462/z                             (u)     in_0->z F     unmapped_complex2      1  5.1     0   114   11145    (-,-) 
  u_crypto_synth_top/u_top/u_rsa/core_inst/montprod_inst/g4246/z                             (u)     in_1->z R     unmapped_complex2     32 33.0     0   363   11508    (-,-) 
  u_crypto_synth_top/u_top/u_rsa/core_inst/montprod_inst/s_mem/mem_reg[25][31]/d             -       -       R     unmapped_d_flop       32    -     -     0   11508    (-,-) 
#-----------------------------------------------------------------------------------------------------------------------------------------------------------------------------

(u) : Net has unmapped pin(s).



Path 23: MET (43364 ps) Setup Check with Pin u_crypto_synth_top/u_top/u_rsa/core_inst/montprod_inst/s_mem/mem_reg[24][31]/clk->d
          Group: R2R
     Startpoint: (R) u_crypto_synth_top/u_top/u_rsa/core_inst/montprod_select_reg_reg[2]/clk
          Clock: (R) MAIN_CLK
       Endpoint: (R) u_crypto_synth_top/u_top/u_rsa/core_inst/montprod_inst/s_mem/mem_reg[24][31]/d
          Clock: (R) MAIN_CLK

                     Capture       Launch     
        Clock Edge:+   58000            0     
       Src Latency:+     150          250     
       Net Latency:+       0 (I)        0 (I) 
           Arrival:=   58150          250     
                                              
             Setup:-     329                  
       Uncertainty:-    1450                  
       Path Adjust:+   -1500                  
     Required Time:=   54871                  
      Launch Clock:-     250                  
         Data Path:-   11258                  
             Slack:=   43364                  

Exceptions/Constraints:
  path_adjust            -1500            PA_C2C 

#-----------------------------------------------------------------------------------------------------------------------------------------------------------------------------
#                                       Timing Point                                         Flags    Arc    Edge       Cell         Fanout Load Trans Delay Arrival Instance 
#                                                                                                                                           (fF)  (ps)  (ps)   (ps)  Location 
#-----------------------------------------------------------------------------------------------------------------------------------------------------------------------------
  u_crypto_synth_top/u_top/u_rsa/core_inst/montprod_select_reg_reg[2]/clk                    -       -       R     (arrival)          19892    -     0     0     250    (-,-) 
  u_crypto_synth_top/u_top/u_rsa/core_inst/montprod_select_reg_reg[2]/q                      (u)     clk->q  R     unmapped_d_flop        7 38.5     0   881    1131    (-,-) 
  u_crypto_synth_top/u_top/u_rsa/core_inst/g4055/z                                           (u)     in_1->z R     unmapped_complex2     34 33.0     0   412    1543    (-,-) 
  u_crypto_synth_top/u_top/u_rsa/core_inst/g4058/z                                           (u)     in_1->z F     unmapped_nand2         1  5.1     0   125    1668    (-,-) 
  u_crypto_synth_top/u_top/u_rsa/core_inst/g4054/z                                           (u)     in_0->z R     unmapped_complex2     32 33.0     0   412    2080    (-,-) 
  u_crypto_synth_top/u_top/u_rsa/core_inst/g3958/z                                           (u)     in_1->z R     unmapped_complex2      1  5.5     0   125    2206    (-,-) 
  u_crypto_synth_top/u_top/u_rsa/core_inst/g3922/z                                           (u)     in_0->z F     unmapped_nand2         1  5.1     0   125    2331    (-,-) 
  u_crypto_synth_top/u_top/u_rsa/core_inst/g3905/z                                           (u)     in_1->z F     unmapped_or2           5 25.5     0   272    2602    (-,-) 
  u_crypto_synth_top/u_top/u_rsa/core_inst/montprod_inst/s_adder_sa/addinc_add_57_43/g1182/z (u)     in_1->z F     unmapped_or2           1  5.1     0   104    2707    (-,-) 
  u_crypto_synth_top/u_top/u_rsa/core_inst/montprod_inst/s_adder_sa/addinc_add_57_43/g1612/z (u)     in_0->z R     unmapped_nand2         1  5.5     0   104    2811    (-,-) 
  u_crypto_synth_top/u_top/u_rsa/core_inst/montprod_inst/s_adder_sa/addinc_add_57_43/g1602/z (u)     in_0->z F     unmapped_nand2         3 15.3     0   165    2976    (-,-) 
  u_crypto_synth_top/u_top/u_rsa/core_inst/montprod_inst/s_adder_sa/addinc_add_57_43/g1597/z (u)     in_1->z R     unmapped_nand2         1  5.5     0   104    3080    (-,-) 
  u_crypto_synth_top/u_top/u_rsa/core_inst/montprod_inst/s_adder_sa/addinc_add_57_43/g1596/z (u)     in_0->z F     unmapped_nand2         3 15.3     0   165    3245    (-,-) 
  u_crypto_synth_top/u_top/u_rsa/core_inst/montprod_inst/s_adder_sa/addinc_add_57_43/g1595/z (u)     in_1->z R     unmapped_nand2         1  5.5     0   104    3350    (-,-) 
  u_crypto_synth_top/u_top/u_rsa/core_inst/montprod_inst/s_adder_sa/addinc_add_57_43/g1591/z (u)     in_0->z F     unmapped_nand2         3 15.3     0   165    3515    (-,-) 
  u_crypto_synth_top/u_top/u_rsa/core_inst/montprod_inst/s_adder_sa/addinc_add_57_43/g1587/z (u)     in_1->z R     unmapped_nand2         1  5.5     0   104    3619    (-,-) 
  u_crypto_synth_top/u_top/u_rsa/core_inst/montprod_inst/s_adder_sa/addinc_add_57_43/g1586/z (u)     in_0->z F     unmapped_nand2         3 15.3     0   165    3784    (-,-) 
  u_crypto_synth_top/u_top/u_rsa/core_inst/montprod_inst/s_adder_sa/addinc_add_57_43/g1582/z (u)     in_1->z R     unmapped_nand2         1  5.5     0   104    3888    (-,-) 
  u_crypto_synth_top/u_top/u_rsa/core_inst/montprod_inst/s_adder_sa/addinc_add_57_43/g1581/z (u)     in_0->z F     unmapped_nand2         3 15.3     0   165    4054    (-,-) 
  u_crypto_synth_top/u_top/u_rsa/core_inst/montprod_inst/s_adder_sa/addinc_add_57_43/g1580/z (u)     in_1->z R     unmapped_nand2         1  5.5     0   104    4158    (-,-) 
  u_crypto_synth_top/u_top/u_rsa/core_inst/montprod_inst/s_adder_sa/addinc_add_57_43/g1576/z (u)     in_0->z F     unmapped_nand2         3 15.3     0   165    4323    (-,-) 
  u_crypto_synth_top/u_top/u_rsa/core_inst/montprod_inst/s_adder_sa/addinc_add_57_43/g1575/z (u)     in_1->z R     unmapped_nand2         1  5.5     0   104    4427    (-,-) 
  u_crypto_synth_top/u_top/u_rsa/core_inst/montprod_inst/s_adder_sa/addinc_add_57_43/g1571/z (u)     in_0->z F     unmapped_nand2         3 15.3     0   165    4592    (-,-) 
  u_crypto_synth_top/u_top/u_rsa/core_inst/montprod_inst/s_adder_sa/addinc_add_57_43/g1567/z (u)     in_1->z R     unmapped_nand2         1  5.5     0   104    4697    (-,-) 
  u_crypto_synth_top/u_top/u_rsa/core_inst/montprod_inst/s_adder_sa/addinc_add_57_43/g1566/z (u)     in_0->z F     unmapped_nand2         3 15.3     0   165    4862    (-,-) 
  u_crypto_synth_top/u_top/u_rsa/core_inst/montprod_inst/s_adder_sa/addinc_add_57_43/g1565/z (u)     in_1->z R     unmapped_nand2         1  5.5     0   104    4966    (-,-) 
  u_crypto_synth_top/u_top/u_rsa/core_inst/montprod_inst/s_adder_sa/addinc_add_57_43/g1561/z (u)     in_1->z F     unmapped_nand2         3 15.3     0   165    5131    (-,-) 
  u_crypto_synth_top/u_top/u_rsa/core_inst/montprod_inst/s_adder_sa/addinc_add_57_43/g1557/z (u)     in_1->z R     unmapped_nand2         1  5.5     0   104    5235    (-,-) 
  u_crypto_synth_top/u_top/u_rsa/core_inst/montprod_inst/s_adder_sa/addinc_add_57_43/g1556/z (u)     in_0->z F     unmapped_nand2         3 15.3     0   165    5401    (-,-) 
  u_crypto_synth_top/u_top/u_rsa/core_inst/montprod_inst/s_adder_sa/addinc_add_57_43/g1552/z (u)     in_1->z R     unmapped_nand2         1  5.5     0   104    5505    (-,-) 
  u_crypto_synth_top/u_top/u_rsa/core_inst/montprod_inst/s_adder_sa/addinc_add_57_43/g1551/z (u)     in_0->z F     unmapped_nand2         3 15.3     0   165    5670    (-,-) 
  u_crypto_synth_top/u_top/u_rsa/core_inst/montprod_inst/s_adder_sa/addinc_add_57_43/g1547/z (u)     in_1->z R     unmapped_nand2         1  5.5     0   104    5774    (-,-) 
  u_crypto_synth_top/u_top/u_rsa/core_inst/montprod_inst/s_adder_sa/addinc_add_57_43/g1546/z (u)     in_0->z F     unmapped_nand2         3 15.3     0   165    5939    (-,-) 
  u_crypto_synth_top/u_top/u_rsa/core_inst/montprod_inst/s_adder_sa/addinc_add_57_43/g1542/z (u)     in_1->z R     unmapped_nand2         1  5.5     0   104    6044    (-,-) 
  u_crypto_synth_top/u_top/u_rsa/core_inst/montprod_inst/s_adder_sa/addinc_add_57_43/g1541/z (u)     in_1->z F     unmapped_nand2         3 15.3     0   165    6209    (-,-) 
  u_crypto_synth_top/u_top/u_rsa/core_inst/montprod_inst/s_adder_sa/addinc_add_57_43/g1540/z (u)     in_1->z R     unmapped_nand2         1  5.5     0   104    6313    (-,-) 
  u_crypto_synth_top/u_top/u_rsa/core_inst/montprod_inst/s_adder_sa/addinc_add_57_43/g1536/z (u)     in_0->z F     unmapped_nand2         3 15.3     0   165    6478    (-,-) 
  u_crypto_synth_top/u_top/u_rsa/core_inst/montprod_inst/s_adder_sa/addinc_add_57_43/g1535/z (u)     in_1->z R     unmapped_nand2         1  5.5     0   104    6582    (-,-) 
  u_crypto_synth_top/u_top/u_rsa/core_inst/montprod_inst/s_adder_sa/addinc_add_57_43/g1531/z (u)     in_0->z F     unmapped_nand2         3 15.3     0   165    6748    (-,-) 
  u_crypto_synth_top/u_top/u_rsa/core_inst/montprod_inst/s_adder_sa/addinc_add_57_43/g1527/z (u)     in_1->z R     unmapped_nand2         1  5.5     0   104    6852    (-,-) 
  u_crypto_synth_top/u_top/u_rsa/core_inst/montprod_inst/s_adder_sa/addinc_add_57_43/g1526/z (u)     in_0->z F     unmapped_nand2         4 20.4     0   199    7050    (-,-) 
  u_crypto_synth_top/u_top/u_rsa/core_inst/montprod_inst/s_adder_sa/addinc_add_57_43/g1521/z (u)     in_0->z R     unmapped_complex2      1  5.5     0   104    7155    (-,-) 
  u_crypto_synth_top/u_top/u_rsa/core_inst/montprod_inst/s_adder_sa/addinc_add_57_43/g1520/z (u)     in_0->z F     unmapped_complex2      3 15.3     0   165    7320    (-,-) 
  u_crypto_synth_top/u_top/u_rsa/core_inst/montprod_inst/s_adder_sa/addinc_add_57_43/g1512/z (u)     in_1->z R     unmapped_nand2         1  5.5     0   104    7424    (-,-) 
  u_crypto_synth_top/u_top/u_rsa/core_inst/montprod_inst/s_adder_sa/addinc_add_57_43/g1511/z (u)     in_1->z F     unmapped_nand2         3 15.3     0   165    7589    (-,-) 
  u_crypto_synth_top/u_top/u_rsa/core_inst/montprod_inst/s_adder_sa/addinc_add_57_43/g1510/z (u)     in_0->z R     unmapped_nand2         1  5.5     0   104    7694    (-,-) 
  u_crypto_synth_top/u_top/u_rsa/core_inst/montprod_inst/s_adder_sa/addinc_add_57_43/g1506/z (u)     in_0->z F     unmapped_nand2         3 15.3     0   165    7859    (-,-) 
  u_crypto_synth_top/u_top/u_rsa/core_inst/montprod_inst/s_adder_sa/addinc_add_57_43/g1502/z (u)     in_1->z R     unmapped_nand2         1  5.5     0   104    7963    (-,-) 
  u_crypto_synth_top/u_top/u_rsa/core_inst/montprod_inst/s_adder_sa/addinc_add_57_43/g1501/z (u)     in_1->z F     unmapped_nand2         3 15.3     0   165    8128    (-,-) 
  u_crypto_synth_top/u_top/u_rsa/core_inst/montprod_inst/s_adder_sa/addinc_add_57_43/g1500/z (u)     in_1->z R     unmapped_nand2         1  5.5     0   104    8232    (-,-) 
  u_crypto_synth_top/u_top/u_rsa/core_inst/montprod_inst/s_adder_sa/addinc_add_57_43/g1496/z (u)     in_0->z F     unmapped_nand2         3 15.3     0   165    8398    (-,-) 
  u_crypto_synth_top/u_top/u_rsa/core_inst/montprod_inst/s_adder_sa/addinc_add_57_43/g1495/z (u)     in_1->z R     unmapped_nand2         1  5.5     0   104    8502    (-,-) 
  u_crypto_synth_top/u_top/u_rsa/core_inst/montprod_inst/s_adder_sa/addinc_add_57_43/g1491/z (u)     in_0->z F     unmapped_nand2         3 15.3     0   165    8667    (-,-) 
  u_crypto_synth_top/u_top/u_rsa/core_inst/montprod_inst/s_adder_sa/addinc_add_57_43/g1490/z (u)     in_1->z R     unmapped_nand2         1  5.5     0   104    8771    (-,-) 
  u_crypto_synth_top/u_top/u_rsa/core_inst/montprod_inst/s_adder_sa/addinc_add_57_43/g1486/z (u)     in_0->z F     unmapped_nand2         3 15.3     0   165    8936    (-,-) 
  u_crypto_synth_top/u_top/u_rsa/core_inst/montprod_inst/s_adder_sa/addinc_add_57_43/g1482/z (u)     in_1->z R     unmapped_nand2         1  5.5     0   104    9040    (-,-) 
  u_crypto_synth_top/u_top/u_rsa/core_inst/montprod_inst/s_adder_sa/addinc_add_57_43/g1481/z (u)     in_1->z F     unmapped_nand2         3 15.3     0   165    9206    (-,-) 
  u_crypto_synth_top/u_top/u_rsa/core_inst/montprod_inst/s_adder_sa/addinc_add_57_43/g1480/z (u)     in_0->z R     unmapped_nand2         1  5.5     0   104    9310    (-,-) 
  u_crypto_synth_top/u_top/u_rsa/core_inst/montprod_inst/s_adder_sa/addinc_add_57_43/g1476/z (u)     in_1->z F     unmapped_nand2         3 15.3     0   165    9475    (-,-) 
  u_crypto_synth_top/u_top/u_rsa/core_inst/montprod_inst/s_adder_sa/addinc_add_57_43/g1472/z (u)     in_1->z R     unmapped_nand2         1  5.5     0   104    9579    (-,-) 
  u_crypto_synth_top/u_top/u_rsa/core_inst/montprod_inst/s_adder_sa/addinc_add_57_43/g1471/z (u)     in_1->z F     unmapped_nand2         3 15.3     0   165    9744    (-,-) 
  u_crypto_synth_top/u_top/u_rsa/core_inst/montprod_inst/s_adder_sa/addinc_add_57_43/g1470/z (u)     in_0->z R     unmapped_nand2         1  5.5     0   104    9849    (-,-) 
  u_crypto_synth_top/u_top/u_rsa/core_inst/montprod_inst/s_adder_sa/addinc_add_57_43/g1466/z (u)     in_1->z F     unmapped_nand2         3 15.3     0   165   10014    (-,-) 
  u_crypto_synth_top/u_top/u_rsa/core_inst/montprod_inst/s_adder_sa/addinc_add_57_43/g1462/z (u)     in_1->z R     unmapped_nand2         1  5.5     0   104   10118    (-,-) 
  u_crypto_synth_top/u_top/u_rsa/core_inst/montprod_inst/s_adder_sa/addinc_add_57_43/g1461/z (u)     in_1->z F     unmapped_nand2         3 15.3     0   165   10283    (-,-) 
  u_crypto_synth_top/u_top/u_rsa/core_inst/montprod_inst/s_adder_sa/addinc_add_57_43/g1457/z (u)     in_1->z R     unmapped_nand2         1  5.5     0   104   10388    (-,-) 
  u_crypto_synth_top/u_top/u_rsa/core_inst/montprod_inst/s_adder_sa/addinc_add_57_43/g1456/z (u)     in_1->z F     unmapped_nand2         3 15.3     0   165   10553    (-,-) 
  u_crypto_synth_top/u_top/u_rsa/core_inst/montprod_inst/s_adder_sa/addinc_add_57_43/g1452/z (u)     in_1->z R     unmapped_nand2         1  5.5     0   104   10657    (-,-) 
  u_crypto_synth_top/u_top/u_rsa/core_inst/montprod_inst/s_adder_sa/addinc_add_57_43/g1451/z (u)     in_1->z F     unmapped_nand2         3 15.3     0   165   10822    (-,-) 
  u_crypto_synth_top/u_top/u_rsa/core_inst/montprod_inst/s_adder_sa/addinc_add_57_43/g1448/z (u)     in_0->z F     unmapped_or2           1  5.1     0   104   10926    (-,-) 
  u_crypto_synth_top/u_top/u_rsa/core_inst/montprod_inst/s_adder_sa/addinc_add_57_43/g1449/z (u)     in_1->z R     unmapped_nand2         1  5.5     0   104   11030    (-,-) 
  u_crypto_synth_top/u_top/u_rsa/core_inst/montprod_inst/g4462/z                             (u)     in_0->z F     unmapped_complex2      1  5.1     0   114   11145    (-,-) 
  u_crypto_synth_top/u_top/u_rsa/core_inst/montprod_inst/g4246/z                             (u)     in_1->z R     unmapped_complex2     32 33.0     0   363   11508    (-,-) 
  u_crypto_synth_top/u_top/u_rsa/core_inst/montprod_inst/s_mem/mem_reg[24][31]/d             -       -       R     unmapped_d_flop       32    -     -     0   11508    (-,-) 
#-----------------------------------------------------------------------------------------------------------------------------------------------------------------------------

(u) : Net has unmapped pin(s).



Path 24: MET (43364 ps) Setup Check with Pin u_crypto_synth_top/u_top/u_rsa/core_inst/montprod_inst/s_mem/mem_reg[23][31]/clk->d
          Group: R2R
     Startpoint: (R) u_crypto_synth_top/u_top/u_rsa/core_inst/montprod_select_reg_reg[2]/clk
          Clock: (R) MAIN_CLK
       Endpoint: (R) u_crypto_synth_top/u_top/u_rsa/core_inst/montprod_inst/s_mem/mem_reg[23][31]/d
          Clock: (R) MAIN_CLK

                     Capture       Launch     
        Clock Edge:+   58000            0     
       Src Latency:+     150          250     
       Net Latency:+       0 (I)        0 (I) 
           Arrival:=   58150          250     
                                              
             Setup:-     329                  
       Uncertainty:-    1450                  
       Path Adjust:+   -1500                  
     Required Time:=   54871                  
      Launch Clock:-     250                  
         Data Path:-   11258                  
             Slack:=   43364                  

Exceptions/Constraints:
  path_adjust            -1500            PA_C2C 

#-----------------------------------------------------------------------------------------------------------------------------------------------------------------------------
#                                       Timing Point                                         Flags    Arc    Edge       Cell         Fanout Load Trans Delay Arrival Instance 
#                                                                                                                                           (fF)  (ps)  (ps)   (ps)  Location 
#-----------------------------------------------------------------------------------------------------------------------------------------------------------------------------
  u_crypto_synth_top/u_top/u_rsa/core_inst/montprod_select_reg_reg[2]/clk                    -       -       R     (arrival)          19892    -     0     0     250    (-,-) 
  u_crypto_synth_top/u_top/u_rsa/core_inst/montprod_select_reg_reg[2]/q                      (u)     clk->q  R     unmapped_d_flop        7 38.5     0   881    1131    (-,-) 
  u_crypto_synth_top/u_top/u_rsa/core_inst/g4055/z                                           (u)     in_1->z R     unmapped_complex2     34 33.0     0   412    1543    (-,-) 
  u_crypto_synth_top/u_top/u_rsa/core_inst/g4058/z                                           (u)     in_1->z F     unmapped_nand2         1  5.1     0   125    1668    (-,-) 
  u_crypto_synth_top/u_top/u_rsa/core_inst/g4054/z                                           (u)     in_0->z R     unmapped_complex2     32 33.0     0   412    2080    (-,-) 
  u_crypto_synth_top/u_top/u_rsa/core_inst/g3958/z                                           (u)     in_1->z R     unmapped_complex2      1  5.5     0   125    2206    (-,-) 
  u_crypto_synth_top/u_top/u_rsa/core_inst/g3922/z                                           (u)     in_0->z F     unmapped_nand2         1  5.1     0   125    2331    (-,-) 
  u_crypto_synth_top/u_top/u_rsa/core_inst/g3905/z                                           (u)     in_1->z F     unmapped_or2           5 25.5     0   272    2602    (-,-) 
  u_crypto_synth_top/u_top/u_rsa/core_inst/montprod_inst/s_adder_sa/addinc_add_57_43/g1182/z (u)     in_1->z F     unmapped_or2           1  5.1     0   104    2707    (-,-) 
  u_crypto_synth_top/u_top/u_rsa/core_inst/montprod_inst/s_adder_sa/addinc_add_57_43/g1612/z (u)     in_0->z R     unmapped_nand2         1  5.5     0   104    2811    (-,-) 
  u_crypto_synth_top/u_top/u_rsa/core_inst/montprod_inst/s_adder_sa/addinc_add_57_43/g1602/z (u)     in_0->z F     unmapped_nand2         3 15.3     0   165    2976    (-,-) 
  u_crypto_synth_top/u_top/u_rsa/core_inst/montprod_inst/s_adder_sa/addinc_add_57_43/g1597/z (u)     in_1->z R     unmapped_nand2         1  5.5     0   104    3080    (-,-) 
  u_crypto_synth_top/u_top/u_rsa/core_inst/montprod_inst/s_adder_sa/addinc_add_57_43/g1596/z (u)     in_0->z F     unmapped_nand2         3 15.3     0   165    3245    (-,-) 
  u_crypto_synth_top/u_top/u_rsa/core_inst/montprod_inst/s_adder_sa/addinc_add_57_43/g1595/z (u)     in_1->z R     unmapped_nand2         1  5.5     0   104    3350    (-,-) 
  u_crypto_synth_top/u_top/u_rsa/core_inst/montprod_inst/s_adder_sa/addinc_add_57_43/g1591/z (u)     in_0->z F     unmapped_nand2         3 15.3     0   165    3515    (-,-) 
  u_crypto_synth_top/u_top/u_rsa/core_inst/montprod_inst/s_adder_sa/addinc_add_57_43/g1587/z (u)     in_1->z R     unmapped_nand2         1  5.5     0   104    3619    (-,-) 
  u_crypto_synth_top/u_top/u_rsa/core_inst/montprod_inst/s_adder_sa/addinc_add_57_43/g1586/z (u)     in_0->z F     unmapped_nand2         3 15.3     0   165    3784    (-,-) 
  u_crypto_synth_top/u_top/u_rsa/core_inst/montprod_inst/s_adder_sa/addinc_add_57_43/g1582/z (u)     in_1->z R     unmapped_nand2         1  5.5     0   104    3888    (-,-) 
  u_crypto_synth_top/u_top/u_rsa/core_inst/montprod_inst/s_adder_sa/addinc_add_57_43/g1581/z (u)     in_0->z F     unmapped_nand2         3 15.3     0   165    4054    (-,-) 
  u_crypto_synth_top/u_top/u_rsa/core_inst/montprod_inst/s_adder_sa/addinc_add_57_43/g1580/z (u)     in_1->z R     unmapped_nand2         1  5.5     0   104    4158    (-,-) 
  u_crypto_synth_top/u_top/u_rsa/core_inst/montprod_inst/s_adder_sa/addinc_add_57_43/g1576/z (u)     in_0->z F     unmapped_nand2         3 15.3     0   165    4323    (-,-) 
  u_crypto_synth_top/u_top/u_rsa/core_inst/montprod_inst/s_adder_sa/addinc_add_57_43/g1575/z (u)     in_1->z R     unmapped_nand2         1  5.5     0   104    4427    (-,-) 
  u_crypto_synth_top/u_top/u_rsa/core_inst/montprod_inst/s_adder_sa/addinc_add_57_43/g1571/z (u)     in_0->z F     unmapped_nand2         3 15.3     0   165    4592    (-,-) 
  u_crypto_synth_top/u_top/u_rsa/core_inst/montprod_inst/s_adder_sa/addinc_add_57_43/g1567/z (u)     in_1->z R     unmapped_nand2         1  5.5     0   104    4697    (-,-) 
  u_crypto_synth_top/u_top/u_rsa/core_inst/montprod_inst/s_adder_sa/addinc_add_57_43/g1566/z (u)     in_0->z F     unmapped_nand2         3 15.3     0   165    4862    (-,-) 
  u_crypto_synth_top/u_top/u_rsa/core_inst/montprod_inst/s_adder_sa/addinc_add_57_43/g1565/z (u)     in_1->z R     unmapped_nand2         1  5.5     0   104    4966    (-,-) 
  u_crypto_synth_top/u_top/u_rsa/core_inst/montprod_inst/s_adder_sa/addinc_add_57_43/g1561/z (u)     in_1->z F     unmapped_nand2         3 15.3     0   165    5131    (-,-) 
  u_crypto_synth_top/u_top/u_rsa/core_inst/montprod_inst/s_adder_sa/addinc_add_57_43/g1557/z (u)     in_1->z R     unmapped_nand2         1  5.5     0   104    5235    (-,-) 
  u_crypto_synth_top/u_top/u_rsa/core_inst/montprod_inst/s_adder_sa/addinc_add_57_43/g1556/z (u)     in_0->z F     unmapped_nand2         3 15.3     0   165    5401    (-,-) 
  u_crypto_synth_top/u_top/u_rsa/core_inst/montprod_inst/s_adder_sa/addinc_add_57_43/g1552/z (u)     in_1->z R     unmapped_nand2         1  5.5     0   104    5505    (-,-) 
  u_crypto_synth_top/u_top/u_rsa/core_inst/montprod_inst/s_adder_sa/addinc_add_57_43/g1551/z (u)     in_0->z F     unmapped_nand2         3 15.3     0   165    5670    (-,-) 
  u_crypto_synth_top/u_top/u_rsa/core_inst/montprod_inst/s_adder_sa/addinc_add_57_43/g1547/z (u)     in_1->z R     unmapped_nand2         1  5.5     0   104    5774    (-,-) 
  u_crypto_synth_top/u_top/u_rsa/core_inst/montprod_inst/s_adder_sa/addinc_add_57_43/g1546/z (u)     in_0->z F     unmapped_nand2         3 15.3     0   165    5939    (-,-) 
  u_crypto_synth_top/u_top/u_rsa/core_inst/montprod_inst/s_adder_sa/addinc_add_57_43/g1542/z (u)     in_1->z R     unmapped_nand2         1  5.5     0   104    6044    (-,-) 
  u_crypto_synth_top/u_top/u_rsa/core_inst/montprod_inst/s_adder_sa/addinc_add_57_43/g1541/z (u)     in_1->z F     unmapped_nand2         3 15.3     0   165    6209    (-,-) 
  u_crypto_synth_top/u_top/u_rsa/core_inst/montprod_inst/s_adder_sa/addinc_add_57_43/g1540/z (u)     in_1->z R     unmapped_nand2         1  5.5     0   104    6313    (-,-) 
  u_crypto_synth_top/u_top/u_rsa/core_inst/montprod_inst/s_adder_sa/addinc_add_57_43/g1536/z (u)     in_0->z F     unmapped_nand2         3 15.3     0   165    6478    (-,-) 
  u_crypto_synth_top/u_top/u_rsa/core_inst/montprod_inst/s_adder_sa/addinc_add_57_43/g1535/z (u)     in_1->z R     unmapped_nand2         1  5.5     0   104    6582    (-,-) 
  u_crypto_synth_top/u_top/u_rsa/core_inst/montprod_inst/s_adder_sa/addinc_add_57_43/g1531/z (u)     in_0->z F     unmapped_nand2         3 15.3     0   165    6748    (-,-) 
  u_crypto_synth_top/u_top/u_rsa/core_inst/montprod_inst/s_adder_sa/addinc_add_57_43/g1527/z (u)     in_1->z R     unmapped_nand2         1  5.5     0   104    6852    (-,-) 
  u_crypto_synth_top/u_top/u_rsa/core_inst/montprod_inst/s_adder_sa/addinc_add_57_43/g1526/z (u)     in_0->z F     unmapped_nand2         4 20.4     0   199    7050    (-,-) 
  u_crypto_synth_top/u_top/u_rsa/core_inst/montprod_inst/s_adder_sa/addinc_add_57_43/g1521/z (u)     in_0->z R     unmapped_complex2      1  5.5     0   104    7155    (-,-) 
  u_crypto_synth_top/u_top/u_rsa/core_inst/montprod_inst/s_adder_sa/addinc_add_57_43/g1520/z (u)     in_0->z F     unmapped_complex2      3 15.3     0   165    7320    (-,-) 
  u_crypto_synth_top/u_top/u_rsa/core_inst/montprod_inst/s_adder_sa/addinc_add_57_43/g1512/z (u)     in_1->z R     unmapped_nand2         1  5.5     0   104    7424    (-,-) 
  u_crypto_synth_top/u_top/u_rsa/core_inst/montprod_inst/s_adder_sa/addinc_add_57_43/g1511/z (u)     in_1->z F     unmapped_nand2         3 15.3     0   165    7589    (-,-) 
  u_crypto_synth_top/u_top/u_rsa/core_inst/montprod_inst/s_adder_sa/addinc_add_57_43/g1510/z (u)     in_0->z R     unmapped_nand2         1  5.5     0   104    7694    (-,-) 
  u_crypto_synth_top/u_top/u_rsa/core_inst/montprod_inst/s_adder_sa/addinc_add_57_43/g1506/z (u)     in_0->z F     unmapped_nand2         3 15.3     0   165    7859    (-,-) 
  u_crypto_synth_top/u_top/u_rsa/core_inst/montprod_inst/s_adder_sa/addinc_add_57_43/g1502/z (u)     in_1->z R     unmapped_nand2         1  5.5     0   104    7963    (-,-) 
  u_crypto_synth_top/u_top/u_rsa/core_inst/montprod_inst/s_adder_sa/addinc_add_57_43/g1501/z (u)     in_1->z F     unmapped_nand2         3 15.3     0   165    8128    (-,-) 
  u_crypto_synth_top/u_top/u_rsa/core_inst/montprod_inst/s_adder_sa/addinc_add_57_43/g1500/z (u)     in_1->z R     unmapped_nand2         1  5.5     0   104    8232    (-,-) 
  u_crypto_synth_top/u_top/u_rsa/core_inst/montprod_inst/s_adder_sa/addinc_add_57_43/g1496/z (u)     in_0->z F     unmapped_nand2         3 15.3     0   165    8398    (-,-) 
  u_crypto_synth_top/u_top/u_rsa/core_inst/montprod_inst/s_adder_sa/addinc_add_57_43/g1495/z (u)     in_1->z R     unmapped_nand2         1  5.5     0   104    8502    (-,-) 
  u_crypto_synth_top/u_top/u_rsa/core_inst/montprod_inst/s_adder_sa/addinc_add_57_43/g1491/z (u)     in_0->z F     unmapped_nand2         3 15.3     0   165    8667    (-,-) 
  u_crypto_synth_top/u_top/u_rsa/core_inst/montprod_inst/s_adder_sa/addinc_add_57_43/g1490/z (u)     in_1->z R     unmapped_nand2         1  5.5     0   104    8771    (-,-) 
  u_crypto_synth_top/u_top/u_rsa/core_inst/montprod_inst/s_adder_sa/addinc_add_57_43/g1486/z (u)     in_0->z F     unmapped_nand2         3 15.3     0   165    8936    (-,-) 
  u_crypto_synth_top/u_top/u_rsa/core_inst/montprod_inst/s_adder_sa/addinc_add_57_43/g1482/z (u)     in_1->z R     unmapped_nand2         1  5.5     0   104    9040    (-,-) 
  u_crypto_synth_top/u_top/u_rsa/core_inst/montprod_inst/s_adder_sa/addinc_add_57_43/g1481/z (u)     in_1->z F     unmapped_nand2         3 15.3     0   165    9206    (-,-) 
  u_crypto_synth_top/u_top/u_rsa/core_inst/montprod_inst/s_adder_sa/addinc_add_57_43/g1480/z (u)     in_0->z R     unmapped_nand2         1  5.5     0   104    9310    (-,-) 
  u_crypto_synth_top/u_top/u_rsa/core_inst/montprod_inst/s_adder_sa/addinc_add_57_43/g1476/z (u)     in_1->z F     unmapped_nand2         3 15.3     0   165    9475    (-,-) 
  u_crypto_synth_top/u_top/u_rsa/core_inst/montprod_inst/s_adder_sa/addinc_add_57_43/g1472/z (u)     in_1->z R     unmapped_nand2         1  5.5     0   104    9579    (-,-) 
  u_crypto_synth_top/u_top/u_rsa/core_inst/montprod_inst/s_adder_sa/addinc_add_57_43/g1471/z (u)     in_1->z F     unmapped_nand2         3 15.3     0   165    9744    (-,-) 
  u_crypto_synth_top/u_top/u_rsa/core_inst/montprod_inst/s_adder_sa/addinc_add_57_43/g1470/z (u)     in_0->z R     unmapped_nand2         1  5.5     0   104    9849    (-,-) 
  u_crypto_synth_top/u_top/u_rsa/core_inst/montprod_inst/s_adder_sa/addinc_add_57_43/g1466/z (u)     in_1->z F     unmapped_nand2         3 15.3     0   165   10014    (-,-) 
  u_crypto_synth_top/u_top/u_rsa/core_inst/montprod_inst/s_adder_sa/addinc_add_57_43/g1462/z (u)     in_1->z R     unmapped_nand2         1  5.5     0   104   10118    (-,-) 
  u_crypto_synth_top/u_top/u_rsa/core_inst/montprod_inst/s_adder_sa/addinc_add_57_43/g1461/z (u)     in_1->z F     unmapped_nand2         3 15.3     0   165   10283    (-,-) 
  u_crypto_synth_top/u_top/u_rsa/core_inst/montprod_inst/s_adder_sa/addinc_add_57_43/g1457/z (u)     in_1->z R     unmapped_nand2         1  5.5     0   104   10388    (-,-) 
  u_crypto_synth_top/u_top/u_rsa/core_inst/montprod_inst/s_adder_sa/addinc_add_57_43/g1456/z (u)     in_1->z F     unmapped_nand2         3 15.3     0   165   10553    (-,-) 
  u_crypto_synth_top/u_top/u_rsa/core_inst/montprod_inst/s_adder_sa/addinc_add_57_43/g1452/z (u)     in_1->z R     unmapped_nand2         1  5.5     0   104   10657    (-,-) 
  u_crypto_synth_top/u_top/u_rsa/core_inst/montprod_inst/s_adder_sa/addinc_add_57_43/g1451/z (u)     in_1->z F     unmapped_nand2         3 15.3     0   165   10822    (-,-) 
  u_crypto_synth_top/u_top/u_rsa/core_inst/montprod_inst/s_adder_sa/addinc_add_57_43/g1448/z (u)     in_0->z F     unmapped_or2           1  5.1     0   104   10926    (-,-) 
  u_crypto_synth_top/u_top/u_rsa/core_inst/montprod_inst/s_adder_sa/addinc_add_57_43/g1449/z (u)     in_1->z R     unmapped_nand2         1  5.5     0   104   11030    (-,-) 
  u_crypto_synth_top/u_top/u_rsa/core_inst/montprod_inst/g4462/z                             (u)     in_0->z F     unmapped_complex2      1  5.1     0   114   11145    (-,-) 
  u_crypto_synth_top/u_top/u_rsa/core_inst/montprod_inst/g4246/z                             (u)     in_1->z R     unmapped_complex2     32 33.0     0   363   11508    (-,-) 
  u_crypto_synth_top/u_top/u_rsa/core_inst/montprod_inst/s_mem/mem_reg[23][31]/d             -       -       R     unmapped_d_flop       32    -     -     0   11508    (-,-) 
#-----------------------------------------------------------------------------------------------------------------------------------------------------------------------------

(u) : Net has unmapped pin(s).



Path 25: MET (43364 ps) Setup Check with Pin u_crypto_synth_top/u_top/u_rsa/core_inst/montprod_inst/s_mem/mem_reg[22][31]/clk->d
          Group: R2R
     Startpoint: (R) u_crypto_synth_top/u_top/u_rsa/core_inst/montprod_select_reg_reg[2]/clk
          Clock: (R) MAIN_CLK
       Endpoint: (R) u_crypto_synth_top/u_top/u_rsa/core_inst/montprod_inst/s_mem/mem_reg[22][31]/d
          Clock: (R) MAIN_CLK

                     Capture       Launch     
        Clock Edge:+   58000            0     
       Src Latency:+     150          250     
       Net Latency:+       0 (I)        0 (I) 
           Arrival:=   58150          250     
                                              
             Setup:-     329                  
       Uncertainty:-    1450                  
       Path Adjust:+   -1500                  
     Required Time:=   54871                  
      Launch Clock:-     250                  
         Data Path:-   11258                  
             Slack:=   43364                  

Exceptions/Constraints:
  path_adjust            -1500            PA_C2C 

#-----------------------------------------------------------------------------------------------------------------------------------------------------------------------------
#                                       Timing Point                                         Flags    Arc    Edge       Cell         Fanout Load Trans Delay Arrival Instance 
#                                                                                                                                           (fF)  (ps)  (ps)   (ps)  Location 
#-----------------------------------------------------------------------------------------------------------------------------------------------------------------------------
  u_crypto_synth_top/u_top/u_rsa/core_inst/montprod_select_reg_reg[2]/clk                    -       -       R     (arrival)          19892    -     0     0     250    (-,-) 
  u_crypto_synth_top/u_top/u_rsa/core_inst/montprod_select_reg_reg[2]/q                      (u)     clk->q  R     unmapped_d_flop        7 38.5     0   881    1131    (-,-) 
  u_crypto_synth_top/u_top/u_rsa/core_inst/g4055/z                                           (u)     in_1->z R     unmapped_complex2     34 33.0     0   412    1543    (-,-) 
  u_crypto_synth_top/u_top/u_rsa/core_inst/g4058/z                                           (u)     in_1->z F     unmapped_nand2         1  5.1     0   125    1668    (-,-) 
  u_crypto_synth_top/u_top/u_rsa/core_inst/g4054/z                                           (u)     in_0->z R     unmapped_complex2     32 33.0     0   412    2080    (-,-) 
  u_crypto_synth_top/u_top/u_rsa/core_inst/g3958/z                                           (u)     in_1->z R     unmapped_complex2      1  5.5     0   125    2206    (-,-) 
  u_crypto_synth_top/u_top/u_rsa/core_inst/g3922/z                                           (u)     in_0->z F     unmapped_nand2         1  5.1     0   125    2331    (-,-) 
  u_crypto_synth_top/u_top/u_rsa/core_inst/g3905/z                                           (u)     in_1->z F     unmapped_or2           5 25.5     0   272    2602    (-,-) 
  u_crypto_synth_top/u_top/u_rsa/core_inst/montprod_inst/s_adder_sa/addinc_add_57_43/g1182/z (u)     in_1->z F     unmapped_or2           1  5.1     0   104    2707    (-,-) 
  u_crypto_synth_top/u_top/u_rsa/core_inst/montprod_inst/s_adder_sa/addinc_add_57_43/g1612/z (u)     in_0->z R     unmapped_nand2         1  5.5     0   104    2811    (-,-) 
  u_crypto_synth_top/u_top/u_rsa/core_inst/montprod_inst/s_adder_sa/addinc_add_57_43/g1602/z (u)     in_0->z F     unmapped_nand2         3 15.3     0   165    2976    (-,-) 
  u_crypto_synth_top/u_top/u_rsa/core_inst/montprod_inst/s_adder_sa/addinc_add_57_43/g1597/z (u)     in_1->z R     unmapped_nand2         1  5.5     0   104    3080    (-,-) 
  u_crypto_synth_top/u_top/u_rsa/core_inst/montprod_inst/s_adder_sa/addinc_add_57_43/g1596/z (u)     in_0->z F     unmapped_nand2         3 15.3     0   165    3245    (-,-) 
  u_crypto_synth_top/u_top/u_rsa/core_inst/montprod_inst/s_adder_sa/addinc_add_57_43/g1595/z (u)     in_1->z R     unmapped_nand2         1  5.5     0   104    3350    (-,-) 
  u_crypto_synth_top/u_top/u_rsa/core_inst/montprod_inst/s_adder_sa/addinc_add_57_43/g1591/z (u)     in_0->z F     unmapped_nand2         3 15.3     0   165    3515    (-,-) 
  u_crypto_synth_top/u_top/u_rsa/core_inst/montprod_inst/s_adder_sa/addinc_add_57_43/g1587/z (u)     in_1->z R     unmapped_nand2         1  5.5     0   104    3619    (-,-) 
  u_crypto_synth_top/u_top/u_rsa/core_inst/montprod_inst/s_adder_sa/addinc_add_57_43/g1586/z (u)     in_0->z F     unmapped_nand2         3 15.3     0   165    3784    (-,-) 
  u_crypto_synth_top/u_top/u_rsa/core_inst/montprod_inst/s_adder_sa/addinc_add_57_43/g1582/z (u)     in_1->z R     unmapped_nand2         1  5.5     0   104    3888    (-,-) 
  u_crypto_synth_top/u_top/u_rsa/core_inst/montprod_inst/s_adder_sa/addinc_add_57_43/g1581/z (u)     in_0->z F     unmapped_nand2         3 15.3     0   165    4054    (-,-) 
  u_crypto_synth_top/u_top/u_rsa/core_inst/montprod_inst/s_adder_sa/addinc_add_57_43/g1580/z (u)     in_1->z R     unmapped_nand2         1  5.5     0   104    4158    (-,-) 
  u_crypto_synth_top/u_top/u_rsa/core_inst/montprod_inst/s_adder_sa/addinc_add_57_43/g1576/z (u)     in_0->z F     unmapped_nand2         3 15.3     0   165    4323    (-,-) 
  u_crypto_synth_top/u_top/u_rsa/core_inst/montprod_inst/s_adder_sa/addinc_add_57_43/g1575/z (u)     in_1->z R     unmapped_nand2         1  5.5     0   104    4427    (-,-) 
  u_crypto_synth_top/u_top/u_rsa/core_inst/montprod_inst/s_adder_sa/addinc_add_57_43/g1571/z (u)     in_0->z F     unmapped_nand2         3 15.3     0   165    4592    (-,-) 
  u_crypto_synth_top/u_top/u_rsa/core_inst/montprod_inst/s_adder_sa/addinc_add_57_43/g1567/z (u)     in_1->z R     unmapped_nand2         1  5.5     0   104    4697    (-,-) 
  u_crypto_synth_top/u_top/u_rsa/core_inst/montprod_inst/s_adder_sa/addinc_add_57_43/g1566/z (u)     in_0->z F     unmapped_nand2         3 15.3     0   165    4862    (-,-) 
  u_crypto_synth_top/u_top/u_rsa/core_inst/montprod_inst/s_adder_sa/addinc_add_57_43/g1565/z (u)     in_1->z R     unmapped_nand2         1  5.5     0   104    4966    (-,-) 
  u_crypto_synth_top/u_top/u_rsa/core_inst/montprod_inst/s_adder_sa/addinc_add_57_43/g1561/z (u)     in_1->z F     unmapped_nand2         3 15.3     0   165    5131    (-,-) 
  u_crypto_synth_top/u_top/u_rsa/core_inst/montprod_inst/s_adder_sa/addinc_add_57_43/g1557/z (u)     in_1->z R     unmapped_nand2         1  5.5     0   104    5235    (-,-) 
  u_crypto_synth_top/u_top/u_rsa/core_inst/montprod_inst/s_adder_sa/addinc_add_57_43/g1556/z (u)     in_0->z F     unmapped_nand2         3 15.3     0   165    5401    (-,-) 
  u_crypto_synth_top/u_top/u_rsa/core_inst/montprod_inst/s_adder_sa/addinc_add_57_43/g1552/z (u)     in_1->z R     unmapped_nand2         1  5.5     0   104    5505    (-,-) 
  u_crypto_synth_top/u_top/u_rsa/core_inst/montprod_inst/s_adder_sa/addinc_add_57_43/g1551/z (u)     in_0->z F     unmapped_nand2         3 15.3     0   165    5670    (-,-) 
  u_crypto_synth_top/u_top/u_rsa/core_inst/montprod_inst/s_adder_sa/addinc_add_57_43/g1547/z (u)     in_1->z R     unmapped_nand2         1  5.5     0   104    5774    (-,-) 
  u_crypto_synth_top/u_top/u_rsa/core_inst/montprod_inst/s_adder_sa/addinc_add_57_43/g1546/z (u)     in_0->z F     unmapped_nand2         3 15.3     0   165    5939    (-,-) 
  u_crypto_synth_top/u_top/u_rsa/core_inst/montprod_inst/s_adder_sa/addinc_add_57_43/g1542/z (u)     in_1->z R     unmapped_nand2         1  5.5     0   104    6044    (-,-) 
  u_crypto_synth_top/u_top/u_rsa/core_inst/montprod_inst/s_adder_sa/addinc_add_57_43/g1541/z (u)     in_1->z F     unmapped_nand2         3 15.3     0   165    6209    (-,-) 
  u_crypto_synth_top/u_top/u_rsa/core_inst/montprod_inst/s_adder_sa/addinc_add_57_43/g1540/z (u)     in_1->z R     unmapped_nand2         1  5.5     0   104    6313    (-,-) 
  u_crypto_synth_top/u_top/u_rsa/core_inst/montprod_inst/s_adder_sa/addinc_add_57_43/g1536/z (u)     in_0->z F     unmapped_nand2         3 15.3     0   165    6478    (-,-) 
  u_crypto_synth_top/u_top/u_rsa/core_inst/montprod_inst/s_adder_sa/addinc_add_57_43/g1535/z (u)     in_1->z R     unmapped_nand2         1  5.5     0   104    6582    (-,-) 
  u_crypto_synth_top/u_top/u_rsa/core_inst/montprod_inst/s_adder_sa/addinc_add_57_43/g1531/z (u)     in_0->z F     unmapped_nand2         3 15.3     0   165    6748    (-,-) 
  u_crypto_synth_top/u_top/u_rsa/core_inst/montprod_inst/s_adder_sa/addinc_add_57_43/g1527/z (u)     in_1->z R     unmapped_nand2         1  5.5     0   104    6852    (-,-) 
  u_crypto_synth_top/u_top/u_rsa/core_inst/montprod_inst/s_adder_sa/addinc_add_57_43/g1526/z (u)     in_0->z F     unmapped_nand2         4 20.4     0   199    7050    (-,-) 
  u_crypto_synth_top/u_top/u_rsa/core_inst/montprod_inst/s_adder_sa/addinc_add_57_43/g1521/z (u)     in_0->z R     unmapped_complex2      1  5.5     0   104    7155    (-,-) 
  u_crypto_synth_top/u_top/u_rsa/core_inst/montprod_inst/s_adder_sa/addinc_add_57_43/g1520/z (u)     in_0->z F     unmapped_complex2      3 15.3     0   165    7320    (-,-) 
  u_crypto_synth_top/u_top/u_rsa/core_inst/montprod_inst/s_adder_sa/addinc_add_57_43/g1512/z (u)     in_1->z R     unmapped_nand2         1  5.5     0   104    7424    (-,-) 
  u_crypto_synth_top/u_top/u_rsa/core_inst/montprod_inst/s_adder_sa/addinc_add_57_43/g1511/z (u)     in_1->z F     unmapped_nand2         3 15.3     0   165    7589    (-,-) 
  u_crypto_synth_top/u_top/u_rsa/core_inst/montprod_inst/s_adder_sa/addinc_add_57_43/g1510/z (u)     in_0->z R     unmapped_nand2         1  5.5     0   104    7694    (-,-) 
  u_crypto_synth_top/u_top/u_rsa/core_inst/montprod_inst/s_adder_sa/addinc_add_57_43/g1506/z (u)     in_0->z F     unmapped_nand2         3 15.3     0   165    7859    (-,-) 
  u_crypto_synth_top/u_top/u_rsa/core_inst/montprod_inst/s_adder_sa/addinc_add_57_43/g1502/z (u)     in_1->z R     unmapped_nand2         1  5.5     0   104    7963    (-,-) 
  u_crypto_synth_top/u_top/u_rsa/core_inst/montprod_inst/s_adder_sa/addinc_add_57_43/g1501/z (u)     in_1->z F     unmapped_nand2         3 15.3     0   165    8128    (-,-) 
  u_crypto_synth_top/u_top/u_rsa/core_inst/montprod_inst/s_adder_sa/addinc_add_57_43/g1500/z (u)     in_1->z R     unmapped_nand2         1  5.5     0   104    8232    (-,-) 
  u_crypto_synth_top/u_top/u_rsa/core_inst/montprod_inst/s_adder_sa/addinc_add_57_43/g1496/z (u)     in_0->z F     unmapped_nand2         3 15.3     0   165    8398    (-,-) 
  u_crypto_synth_top/u_top/u_rsa/core_inst/montprod_inst/s_adder_sa/addinc_add_57_43/g1495/z (u)     in_1->z R     unmapped_nand2         1  5.5     0   104    8502    (-,-) 
  u_crypto_synth_top/u_top/u_rsa/core_inst/montprod_inst/s_adder_sa/addinc_add_57_43/g1491/z (u)     in_0->z F     unmapped_nand2         3 15.3     0   165    8667    (-,-) 
  u_crypto_synth_top/u_top/u_rsa/core_inst/montprod_inst/s_adder_sa/addinc_add_57_43/g1490/z (u)     in_1->z R     unmapped_nand2         1  5.5     0   104    8771    (-,-) 
  u_crypto_synth_top/u_top/u_rsa/core_inst/montprod_inst/s_adder_sa/addinc_add_57_43/g1486/z (u)     in_0->z F     unmapped_nand2         3 15.3     0   165    8936    (-,-) 
  u_crypto_synth_top/u_top/u_rsa/core_inst/montprod_inst/s_adder_sa/addinc_add_57_43/g1482/z (u)     in_1->z R     unmapped_nand2         1  5.5     0   104    9040    (-,-) 
  u_crypto_synth_top/u_top/u_rsa/core_inst/montprod_inst/s_adder_sa/addinc_add_57_43/g1481/z (u)     in_1->z F     unmapped_nand2         3 15.3     0   165    9206    (-,-) 
  u_crypto_synth_top/u_top/u_rsa/core_inst/montprod_inst/s_adder_sa/addinc_add_57_43/g1480/z (u)     in_0->z R     unmapped_nand2         1  5.5     0   104    9310    (-,-) 
  u_crypto_synth_top/u_top/u_rsa/core_inst/montprod_inst/s_adder_sa/addinc_add_57_43/g1476/z (u)     in_1->z F     unmapped_nand2         3 15.3     0   165    9475    (-,-) 
  u_crypto_synth_top/u_top/u_rsa/core_inst/montprod_inst/s_adder_sa/addinc_add_57_43/g1472/z (u)     in_1->z R     unmapped_nand2         1  5.5     0   104    9579    (-,-) 
  u_crypto_synth_top/u_top/u_rsa/core_inst/montprod_inst/s_adder_sa/addinc_add_57_43/g1471/z (u)     in_1->z F     unmapped_nand2         3 15.3     0   165    9744    (-,-) 
  u_crypto_synth_top/u_top/u_rsa/core_inst/montprod_inst/s_adder_sa/addinc_add_57_43/g1470/z (u)     in_0->z R     unmapped_nand2         1  5.5     0   104    9849    (-,-) 
  u_crypto_synth_top/u_top/u_rsa/core_inst/montprod_inst/s_adder_sa/addinc_add_57_43/g1466/z (u)     in_1->z F     unmapped_nand2         3 15.3     0   165   10014    (-,-) 
  u_crypto_synth_top/u_top/u_rsa/core_inst/montprod_inst/s_adder_sa/addinc_add_57_43/g1462/z (u)     in_1->z R     unmapped_nand2         1  5.5     0   104   10118    (-,-) 
  u_crypto_synth_top/u_top/u_rsa/core_inst/montprod_inst/s_adder_sa/addinc_add_57_43/g1461/z (u)     in_1->z F     unmapped_nand2         3 15.3     0   165   10283    (-,-) 
  u_crypto_synth_top/u_top/u_rsa/core_inst/montprod_inst/s_adder_sa/addinc_add_57_43/g1457/z (u)     in_1->z R     unmapped_nand2         1  5.5     0   104   10388    (-,-) 
  u_crypto_synth_top/u_top/u_rsa/core_inst/montprod_inst/s_adder_sa/addinc_add_57_43/g1456/z (u)     in_1->z F     unmapped_nand2         3 15.3     0   165   10553    (-,-) 
  u_crypto_synth_top/u_top/u_rsa/core_inst/montprod_inst/s_adder_sa/addinc_add_57_43/g1452/z (u)     in_1->z R     unmapped_nand2         1  5.5     0   104   10657    (-,-) 
  u_crypto_synth_top/u_top/u_rsa/core_inst/montprod_inst/s_adder_sa/addinc_add_57_43/g1451/z (u)     in_1->z F     unmapped_nand2         3 15.3     0   165   10822    (-,-) 
  u_crypto_synth_top/u_top/u_rsa/core_inst/montprod_inst/s_adder_sa/addinc_add_57_43/g1448/z (u)     in_0->z F     unmapped_or2           1  5.1     0   104   10926    (-,-) 
  u_crypto_synth_top/u_top/u_rsa/core_inst/montprod_inst/s_adder_sa/addinc_add_57_43/g1449/z (u)     in_1->z R     unmapped_nand2         1  5.5     0   104   11030    (-,-) 
  u_crypto_synth_top/u_top/u_rsa/core_inst/montprod_inst/g4462/z                             (u)     in_0->z F     unmapped_complex2      1  5.1     0   114   11145    (-,-) 
  u_crypto_synth_top/u_top/u_rsa/core_inst/montprod_inst/g4246/z                             (u)     in_1->z R     unmapped_complex2     32 33.0     0   363   11508    (-,-) 
  u_crypto_synth_top/u_top/u_rsa/core_inst/montprod_inst/s_mem/mem_reg[22][31]/d             -       -       R     unmapped_d_flop       32    -     -     0   11508    (-,-) 
#-----------------------------------------------------------------------------------------------------------------------------------------------------------------------------

(u) : Net has unmapped pin(s).



Path 26: MET (43364 ps) Setup Check with Pin u_crypto_synth_top/u_top/u_rsa/core_inst/montprod_inst/s_mem/mem_reg[21][31]/clk->d
          Group: R2R
     Startpoint: (R) u_crypto_synth_top/u_top/u_rsa/core_inst/montprod_select_reg_reg[2]/clk
          Clock: (R) MAIN_CLK
       Endpoint: (R) u_crypto_synth_top/u_top/u_rsa/core_inst/montprod_inst/s_mem/mem_reg[21][31]/d
          Clock: (R) MAIN_CLK

                     Capture       Launch     
        Clock Edge:+   58000            0     
       Src Latency:+     150          250     
       Net Latency:+       0 (I)        0 (I) 
           Arrival:=   58150          250     
                                              
             Setup:-     329                  
       Uncertainty:-    1450                  
       Path Adjust:+   -1500                  
     Required Time:=   54871                  
      Launch Clock:-     250                  
         Data Path:-   11258                  
             Slack:=   43364                  

Exceptions/Constraints:
  path_adjust            -1500            PA_C2C 

#-----------------------------------------------------------------------------------------------------------------------------------------------------------------------------
#                                       Timing Point                                         Flags    Arc    Edge       Cell         Fanout Load Trans Delay Arrival Instance 
#                                                                                                                                           (fF)  (ps)  (ps)   (ps)  Location 
#-----------------------------------------------------------------------------------------------------------------------------------------------------------------------------
  u_crypto_synth_top/u_top/u_rsa/core_inst/montprod_select_reg_reg[2]/clk                    -       -       R     (arrival)          19892    -     0     0     250    (-,-) 
  u_crypto_synth_top/u_top/u_rsa/core_inst/montprod_select_reg_reg[2]/q                      (u)     clk->q  R     unmapped_d_flop        7 38.5     0   881    1131    (-,-) 
  u_crypto_synth_top/u_top/u_rsa/core_inst/g4055/z                                           (u)     in_1->z R     unmapped_complex2     34 33.0     0   412    1543    (-,-) 
  u_crypto_synth_top/u_top/u_rsa/core_inst/g4058/z                                           (u)     in_1->z F     unmapped_nand2         1  5.1     0   125    1668    (-,-) 
  u_crypto_synth_top/u_top/u_rsa/core_inst/g4054/z                                           (u)     in_0->z R     unmapped_complex2     32 33.0     0   412    2080    (-,-) 
  u_crypto_synth_top/u_top/u_rsa/core_inst/g3958/z                                           (u)     in_1->z R     unmapped_complex2      1  5.5     0   125    2206    (-,-) 
  u_crypto_synth_top/u_top/u_rsa/core_inst/g3922/z                                           (u)     in_0->z F     unmapped_nand2         1  5.1     0   125    2331    (-,-) 
  u_crypto_synth_top/u_top/u_rsa/core_inst/g3905/z                                           (u)     in_1->z F     unmapped_or2           5 25.5     0   272    2602    (-,-) 
  u_crypto_synth_top/u_top/u_rsa/core_inst/montprod_inst/s_adder_sa/addinc_add_57_43/g1182/z (u)     in_1->z F     unmapped_or2           1  5.1     0   104    2707    (-,-) 
  u_crypto_synth_top/u_top/u_rsa/core_inst/montprod_inst/s_adder_sa/addinc_add_57_43/g1612/z (u)     in_0->z R     unmapped_nand2         1  5.5     0   104    2811    (-,-) 
  u_crypto_synth_top/u_top/u_rsa/core_inst/montprod_inst/s_adder_sa/addinc_add_57_43/g1602/z (u)     in_0->z F     unmapped_nand2         3 15.3     0   165    2976    (-,-) 
  u_crypto_synth_top/u_top/u_rsa/core_inst/montprod_inst/s_adder_sa/addinc_add_57_43/g1597/z (u)     in_1->z R     unmapped_nand2         1  5.5     0   104    3080    (-,-) 
  u_crypto_synth_top/u_top/u_rsa/core_inst/montprod_inst/s_adder_sa/addinc_add_57_43/g1596/z (u)     in_0->z F     unmapped_nand2         3 15.3     0   165    3245    (-,-) 
  u_crypto_synth_top/u_top/u_rsa/core_inst/montprod_inst/s_adder_sa/addinc_add_57_43/g1595/z (u)     in_1->z R     unmapped_nand2         1  5.5     0   104    3350    (-,-) 
  u_crypto_synth_top/u_top/u_rsa/core_inst/montprod_inst/s_adder_sa/addinc_add_57_43/g1591/z (u)     in_0->z F     unmapped_nand2         3 15.3     0   165    3515    (-,-) 
  u_crypto_synth_top/u_top/u_rsa/core_inst/montprod_inst/s_adder_sa/addinc_add_57_43/g1587/z (u)     in_1->z R     unmapped_nand2         1  5.5     0   104    3619    (-,-) 
  u_crypto_synth_top/u_top/u_rsa/core_inst/montprod_inst/s_adder_sa/addinc_add_57_43/g1586/z (u)     in_0->z F     unmapped_nand2         3 15.3     0   165    3784    (-,-) 
  u_crypto_synth_top/u_top/u_rsa/core_inst/montprod_inst/s_adder_sa/addinc_add_57_43/g1582/z (u)     in_1->z R     unmapped_nand2         1  5.5     0   104    3888    (-,-) 
  u_crypto_synth_top/u_top/u_rsa/core_inst/montprod_inst/s_adder_sa/addinc_add_57_43/g1581/z (u)     in_0->z F     unmapped_nand2         3 15.3     0   165    4054    (-,-) 
  u_crypto_synth_top/u_top/u_rsa/core_inst/montprod_inst/s_adder_sa/addinc_add_57_43/g1580/z (u)     in_1->z R     unmapped_nand2         1  5.5     0   104    4158    (-,-) 
  u_crypto_synth_top/u_top/u_rsa/core_inst/montprod_inst/s_adder_sa/addinc_add_57_43/g1576/z (u)     in_0->z F     unmapped_nand2         3 15.3     0   165    4323    (-,-) 
  u_crypto_synth_top/u_top/u_rsa/core_inst/montprod_inst/s_adder_sa/addinc_add_57_43/g1575/z (u)     in_1->z R     unmapped_nand2         1  5.5     0   104    4427    (-,-) 
  u_crypto_synth_top/u_top/u_rsa/core_inst/montprod_inst/s_adder_sa/addinc_add_57_43/g1571/z (u)     in_0->z F     unmapped_nand2         3 15.3     0   165    4592    (-,-) 
  u_crypto_synth_top/u_top/u_rsa/core_inst/montprod_inst/s_adder_sa/addinc_add_57_43/g1567/z (u)     in_1->z R     unmapped_nand2         1  5.5     0   104    4697    (-,-) 
  u_crypto_synth_top/u_top/u_rsa/core_inst/montprod_inst/s_adder_sa/addinc_add_57_43/g1566/z (u)     in_0->z F     unmapped_nand2         3 15.3     0   165    4862    (-,-) 
  u_crypto_synth_top/u_top/u_rsa/core_inst/montprod_inst/s_adder_sa/addinc_add_57_43/g1565/z (u)     in_1->z R     unmapped_nand2         1  5.5     0   104    4966    (-,-) 
  u_crypto_synth_top/u_top/u_rsa/core_inst/montprod_inst/s_adder_sa/addinc_add_57_43/g1561/z (u)     in_1->z F     unmapped_nand2         3 15.3     0   165    5131    (-,-) 
  u_crypto_synth_top/u_top/u_rsa/core_inst/montprod_inst/s_adder_sa/addinc_add_57_43/g1557/z (u)     in_1->z R     unmapped_nand2         1  5.5     0   104    5235    (-,-) 
  u_crypto_synth_top/u_top/u_rsa/core_inst/montprod_inst/s_adder_sa/addinc_add_57_43/g1556/z (u)     in_0->z F     unmapped_nand2         3 15.3     0   165    5401    (-,-) 
  u_crypto_synth_top/u_top/u_rsa/core_inst/montprod_inst/s_adder_sa/addinc_add_57_43/g1552/z (u)     in_1->z R     unmapped_nand2         1  5.5     0   104    5505    (-,-) 
  u_crypto_synth_top/u_top/u_rsa/core_inst/montprod_inst/s_adder_sa/addinc_add_57_43/g1551/z (u)     in_0->z F     unmapped_nand2         3 15.3     0   165    5670    (-,-) 
  u_crypto_synth_top/u_top/u_rsa/core_inst/montprod_inst/s_adder_sa/addinc_add_57_43/g1547/z (u)     in_1->z R     unmapped_nand2         1  5.5     0   104    5774    (-,-) 
  u_crypto_synth_top/u_top/u_rsa/core_inst/montprod_inst/s_adder_sa/addinc_add_57_43/g1546/z (u)     in_0->z F     unmapped_nand2         3 15.3     0   165    5939    (-,-) 
  u_crypto_synth_top/u_top/u_rsa/core_inst/montprod_inst/s_adder_sa/addinc_add_57_43/g1542/z (u)     in_1->z R     unmapped_nand2         1  5.5     0   104    6044    (-,-) 
  u_crypto_synth_top/u_top/u_rsa/core_inst/montprod_inst/s_adder_sa/addinc_add_57_43/g1541/z (u)     in_1->z F     unmapped_nand2         3 15.3     0   165    6209    (-,-) 
  u_crypto_synth_top/u_top/u_rsa/core_inst/montprod_inst/s_adder_sa/addinc_add_57_43/g1540/z (u)     in_1->z R     unmapped_nand2         1  5.5     0   104    6313    (-,-) 
  u_crypto_synth_top/u_top/u_rsa/core_inst/montprod_inst/s_adder_sa/addinc_add_57_43/g1536/z (u)     in_0->z F     unmapped_nand2         3 15.3     0   165    6478    (-,-) 
  u_crypto_synth_top/u_top/u_rsa/core_inst/montprod_inst/s_adder_sa/addinc_add_57_43/g1535/z (u)     in_1->z R     unmapped_nand2         1  5.5     0   104    6582    (-,-) 
  u_crypto_synth_top/u_top/u_rsa/core_inst/montprod_inst/s_adder_sa/addinc_add_57_43/g1531/z (u)     in_0->z F     unmapped_nand2         3 15.3     0   165    6748    (-,-) 
  u_crypto_synth_top/u_top/u_rsa/core_inst/montprod_inst/s_adder_sa/addinc_add_57_43/g1527/z (u)     in_1->z R     unmapped_nand2         1  5.5     0   104    6852    (-,-) 
  u_crypto_synth_top/u_top/u_rsa/core_inst/montprod_inst/s_adder_sa/addinc_add_57_43/g1526/z (u)     in_0->z F     unmapped_nand2         4 20.4     0   199    7050    (-,-) 
  u_crypto_synth_top/u_top/u_rsa/core_inst/montprod_inst/s_adder_sa/addinc_add_57_43/g1521/z (u)     in_0->z R     unmapped_complex2      1  5.5     0   104    7155    (-,-) 
  u_crypto_synth_top/u_top/u_rsa/core_inst/montprod_inst/s_adder_sa/addinc_add_57_43/g1520/z (u)     in_0->z F     unmapped_complex2      3 15.3     0   165    7320    (-,-) 
  u_crypto_synth_top/u_top/u_rsa/core_inst/montprod_inst/s_adder_sa/addinc_add_57_43/g1512/z (u)     in_1->z R     unmapped_nand2         1  5.5     0   104    7424    (-,-) 
  u_crypto_synth_top/u_top/u_rsa/core_inst/montprod_inst/s_adder_sa/addinc_add_57_43/g1511/z (u)     in_1->z F     unmapped_nand2         3 15.3     0   165    7589    (-,-) 
  u_crypto_synth_top/u_top/u_rsa/core_inst/montprod_inst/s_adder_sa/addinc_add_57_43/g1510/z (u)     in_0->z R     unmapped_nand2         1  5.5     0   104    7694    (-,-) 
  u_crypto_synth_top/u_top/u_rsa/core_inst/montprod_inst/s_adder_sa/addinc_add_57_43/g1506/z (u)     in_0->z F     unmapped_nand2         3 15.3     0   165    7859    (-,-) 
  u_crypto_synth_top/u_top/u_rsa/core_inst/montprod_inst/s_adder_sa/addinc_add_57_43/g1502/z (u)     in_1->z R     unmapped_nand2         1  5.5     0   104    7963    (-,-) 
  u_crypto_synth_top/u_top/u_rsa/core_inst/montprod_inst/s_adder_sa/addinc_add_57_43/g1501/z (u)     in_1->z F     unmapped_nand2         3 15.3     0   165    8128    (-,-) 
  u_crypto_synth_top/u_top/u_rsa/core_inst/montprod_inst/s_adder_sa/addinc_add_57_43/g1500/z (u)     in_1->z R     unmapped_nand2         1  5.5     0   104    8232    (-,-) 
  u_crypto_synth_top/u_top/u_rsa/core_inst/montprod_inst/s_adder_sa/addinc_add_57_43/g1496/z (u)     in_0->z F     unmapped_nand2         3 15.3     0   165    8398    (-,-) 
  u_crypto_synth_top/u_top/u_rsa/core_inst/montprod_inst/s_adder_sa/addinc_add_57_43/g1495/z (u)     in_1->z R     unmapped_nand2         1  5.5     0   104    8502    (-,-) 
  u_crypto_synth_top/u_top/u_rsa/core_inst/montprod_inst/s_adder_sa/addinc_add_57_43/g1491/z (u)     in_0->z F     unmapped_nand2         3 15.3     0   165    8667    (-,-) 
  u_crypto_synth_top/u_top/u_rsa/core_inst/montprod_inst/s_adder_sa/addinc_add_57_43/g1490/z (u)     in_1->z R     unmapped_nand2         1  5.5     0   104    8771    (-,-) 
  u_crypto_synth_top/u_top/u_rsa/core_inst/montprod_inst/s_adder_sa/addinc_add_57_43/g1486/z (u)     in_0->z F     unmapped_nand2         3 15.3     0   165    8936    (-,-) 
  u_crypto_synth_top/u_top/u_rsa/core_inst/montprod_inst/s_adder_sa/addinc_add_57_43/g1482/z (u)     in_1->z R     unmapped_nand2         1  5.5     0   104    9040    (-,-) 
  u_crypto_synth_top/u_top/u_rsa/core_inst/montprod_inst/s_adder_sa/addinc_add_57_43/g1481/z (u)     in_1->z F     unmapped_nand2         3 15.3     0   165    9206    (-,-) 
  u_crypto_synth_top/u_top/u_rsa/core_inst/montprod_inst/s_adder_sa/addinc_add_57_43/g1480/z (u)     in_0->z R     unmapped_nand2         1  5.5     0   104    9310    (-,-) 
  u_crypto_synth_top/u_top/u_rsa/core_inst/montprod_inst/s_adder_sa/addinc_add_57_43/g1476/z (u)     in_1->z F     unmapped_nand2         3 15.3     0   165    9475    (-,-) 
  u_crypto_synth_top/u_top/u_rsa/core_inst/montprod_inst/s_adder_sa/addinc_add_57_43/g1472/z (u)     in_1->z R     unmapped_nand2         1  5.5     0   104    9579    (-,-) 
  u_crypto_synth_top/u_top/u_rsa/core_inst/montprod_inst/s_adder_sa/addinc_add_57_43/g1471/z (u)     in_1->z F     unmapped_nand2         3 15.3     0   165    9744    (-,-) 
  u_crypto_synth_top/u_top/u_rsa/core_inst/montprod_inst/s_adder_sa/addinc_add_57_43/g1470/z (u)     in_0->z R     unmapped_nand2         1  5.5     0   104    9849    (-,-) 
  u_crypto_synth_top/u_top/u_rsa/core_inst/montprod_inst/s_adder_sa/addinc_add_57_43/g1466/z (u)     in_1->z F     unmapped_nand2         3 15.3     0   165   10014    (-,-) 
  u_crypto_synth_top/u_top/u_rsa/core_inst/montprod_inst/s_adder_sa/addinc_add_57_43/g1462/z (u)     in_1->z R     unmapped_nand2         1  5.5     0   104   10118    (-,-) 
  u_crypto_synth_top/u_top/u_rsa/core_inst/montprod_inst/s_adder_sa/addinc_add_57_43/g1461/z (u)     in_1->z F     unmapped_nand2         3 15.3     0   165   10283    (-,-) 
  u_crypto_synth_top/u_top/u_rsa/core_inst/montprod_inst/s_adder_sa/addinc_add_57_43/g1457/z (u)     in_1->z R     unmapped_nand2         1  5.5     0   104   10388    (-,-) 
  u_crypto_synth_top/u_top/u_rsa/core_inst/montprod_inst/s_adder_sa/addinc_add_57_43/g1456/z (u)     in_1->z F     unmapped_nand2         3 15.3     0   165   10553    (-,-) 
  u_crypto_synth_top/u_top/u_rsa/core_inst/montprod_inst/s_adder_sa/addinc_add_57_43/g1452/z (u)     in_1->z R     unmapped_nand2         1  5.5     0   104   10657    (-,-) 
  u_crypto_synth_top/u_top/u_rsa/core_inst/montprod_inst/s_adder_sa/addinc_add_57_43/g1451/z (u)     in_1->z F     unmapped_nand2         3 15.3     0   165   10822    (-,-) 
  u_crypto_synth_top/u_top/u_rsa/core_inst/montprod_inst/s_adder_sa/addinc_add_57_43/g1448/z (u)     in_0->z F     unmapped_or2           1  5.1     0   104   10926    (-,-) 
  u_crypto_synth_top/u_top/u_rsa/core_inst/montprod_inst/s_adder_sa/addinc_add_57_43/g1449/z (u)     in_1->z R     unmapped_nand2         1  5.5     0   104   11030    (-,-) 
  u_crypto_synth_top/u_top/u_rsa/core_inst/montprod_inst/g4462/z                             (u)     in_0->z F     unmapped_complex2      1  5.1     0   114   11145    (-,-) 
  u_crypto_synth_top/u_top/u_rsa/core_inst/montprod_inst/g4246/z                             (u)     in_1->z R     unmapped_complex2     32 33.0     0   363   11508    (-,-) 
  u_crypto_synth_top/u_top/u_rsa/core_inst/montprod_inst/s_mem/mem_reg[21][31]/d             -       -       R     unmapped_d_flop       32    -     -     0   11508    (-,-) 
#-----------------------------------------------------------------------------------------------------------------------------------------------------------------------------

(u) : Net has unmapped pin(s).



Path 27: MET (43364 ps) Setup Check with Pin u_crypto_synth_top/u_top/u_rsa/core_inst/montprod_inst/s_mem/mem_reg[20][31]/clk->d
          Group: R2R
     Startpoint: (R) u_crypto_synth_top/u_top/u_rsa/core_inst/montprod_select_reg_reg[2]/clk
          Clock: (R) MAIN_CLK
       Endpoint: (R) u_crypto_synth_top/u_top/u_rsa/core_inst/montprod_inst/s_mem/mem_reg[20][31]/d
          Clock: (R) MAIN_CLK

                     Capture       Launch     
        Clock Edge:+   58000            0     
       Src Latency:+     150          250     
       Net Latency:+       0 (I)        0 (I) 
           Arrival:=   58150          250     
                                              
             Setup:-     329                  
       Uncertainty:-    1450                  
       Path Adjust:+   -1500                  
     Required Time:=   54871                  
      Launch Clock:-     250                  
         Data Path:-   11258                  
             Slack:=   43364                  

Exceptions/Constraints:
  path_adjust            -1500            PA_C2C 

#-----------------------------------------------------------------------------------------------------------------------------------------------------------------------------
#                                       Timing Point                                         Flags    Arc    Edge       Cell         Fanout Load Trans Delay Arrival Instance 
#                                                                                                                                           (fF)  (ps)  (ps)   (ps)  Location 
#-----------------------------------------------------------------------------------------------------------------------------------------------------------------------------
  u_crypto_synth_top/u_top/u_rsa/core_inst/montprod_select_reg_reg[2]/clk                    -       -       R     (arrival)          19892    -     0     0     250    (-,-) 
  u_crypto_synth_top/u_top/u_rsa/core_inst/montprod_select_reg_reg[2]/q                      (u)     clk->q  R     unmapped_d_flop        7 38.5     0   881    1131    (-,-) 
  u_crypto_synth_top/u_top/u_rsa/core_inst/g4055/z                                           (u)     in_1->z R     unmapped_complex2     34 33.0     0   412    1543    (-,-) 
  u_crypto_synth_top/u_top/u_rsa/core_inst/g4058/z                                           (u)     in_1->z F     unmapped_nand2         1  5.1     0   125    1668    (-,-) 
  u_crypto_synth_top/u_top/u_rsa/core_inst/g4054/z                                           (u)     in_0->z R     unmapped_complex2     32 33.0     0   412    2080    (-,-) 
  u_crypto_synth_top/u_top/u_rsa/core_inst/g3958/z                                           (u)     in_1->z R     unmapped_complex2      1  5.5     0   125    2206    (-,-) 
  u_crypto_synth_top/u_top/u_rsa/core_inst/g3922/z                                           (u)     in_0->z F     unmapped_nand2         1  5.1     0   125    2331    (-,-) 
  u_crypto_synth_top/u_top/u_rsa/core_inst/g3905/z                                           (u)     in_1->z F     unmapped_or2           5 25.5     0   272    2602    (-,-) 
  u_crypto_synth_top/u_top/u_rsa/core_inst/montprod_inst/s_adder_sa/addinc_add_57_43/g1182/z (u)     in_1->z F     unmapped_or2           1  5.1     0   104    2707    (-,-) 
  u_crypto_synth_top/u_top/u_rsa/core_inst/montprod_inst/s_adder_sa/addinc_add_57_43/g1612/z (u)     in_0->z R     unmapped_nand2         1  5.5     0   104    2811    (-,-) 
  u_crypto_synth_top/u_top/u_rsa/core_inst/montprod_inst/s_adder_sa/addinc_add_57_43/g1602/z (u)     in_0->z F     unmapped_nand2         3 15.3     0   165    2976    (-,-) 
  u_crypto_synth_top/u_top/u_rsa/core_inst/montprod_inst/s_adder_sa/addinc_add_57_43/g1597/z (u)     in_1->z R     unmapped_nand2         1  5.5     0   104    3080    (-,-) 
  u_crypto_synth_top/u_top/u_rsa/core_inst/montprod_inst/s_adder_sa/addinc_add_57_43/g1596/z (u)     in_0->z F     unmapped_nand2         3 15.3     0   165    3245    (-,-) 
  u_crypto_synth_top/u_top/u_rsa/core_inst/montprod_inst/s_adder_sa/addinc_add_57_43/g1595/z (u)     in_1->z R     unmapped_nand2         1  5.5     0   104    3350    (-,-) 
  u_crypto_synth_top/u_top/u_rsa/core_inst/montprod_inst/s_adder_sa/addinc_add_57_43/g1591/z (u)     in_0->z F     unmapped_nand2         3 15.3     0   165    3515    (-,-) 
  u_crypto_synth_top/u_top/u_rsa/core_inst/montprod_inst/s_adder_sa/addinc_add_57_43/g1587/z (u)     in_1->z R     unmapped_nand2         1  5.5     0   104    3619    (-,-) 
  u_crypto_synth_top/u_top/u_rsa/core_inst/montprod_inst/s_adder_sa/addinc_add_57_43/g1586/z (u)     in_0->z F     unmapped_nand2         3 15.3     0   165    3784    (-,-) 
  u_crypto_synth_top/u_top/u_rsa/core_inst/montprod_inst/s_adder_sa/addinc_add_57_43/g1582/z (u)     in_1->z R     unmapped_nand2         1  5.5     0   104    3888    (-,-) 
  u_crypto_synth_top/u_top/u_rsa/core_inst/montprod_inst/s_adder_sa/addinc_add_57_43/g1581/z (u)     in_0->z F     unmapped_nand2         3 15.3     0   165    4054    (-,-) 
  u_crypto_synth_top/u_top/u_rsa/core_inst/montprod_inst/s_adder_sa/addinc_add_57_43/g1580/z (u)     in_1->z R     unmapped_nand2         1  5.5     0   104    4158    (-,-) 
  u_crypto_synth_top/u_top/u_rsa/core_inst/montprod_inst/s_adder_sa/addinc_add_57_43/g1576/z (u)     in_0->z F     unmapped_nand2         3 15.3     0   165    4323    (-,-) 
  u_crypto_synth_top/u_top/u_rsa/core_inst/montprod_inst/s_adder_sa/addinc_add_57_43/g1575/z (u)     in_1->z R     unmapped_nand2         1  5.5     0   104    4427    (-,-) 
  u_crypto_synth_top/u_top/u_rsa/core_inst/montprod_inst/s_adder_sa/addinc_add_57_43/g1571/z (u)     in_0->z F     unmapped_nand2         3 15.3     0   165    4592    (-,-) 
  u_crypto_synth_top/u_top/u_rsa/core_inst/montprod_inst/s_adder_sa/addinc_add_57_43/g1567/z (u)     in_1->z R     unmapped_nand2         1  5.5     0   104    4697    (-,-) 
  u_crypto_synth_top/u_top/u_rsa/core_inst/montprod_inst/s_adder_sa/addinc_add_57_43/g1566/z (u)     in_0->z F     unmapped_nand2         3 15.3     0   165    4862    (-,-) 
  u_crypto_synth_top/u_top/u_rsa/core_inst/montprod_inst/s_adder_sa/addinc_add_57_43/g1565/z (u)     in_1->z R     unmapped_nand2         1  5.5     0   104    4966    (-,-) 
  u_crypto_synth_top/u_top/u_rsa/core_inst/montprod_inst/s_adder_sa/addinc_add_57_43/g1561/z (u)     in_1->z F     unmapped_nand2         3 15.3     0   165    5131    (-,-) 
  u_crypto_synth_top/u_top/u_rsa/core_inst/montprod_inst/s_adder_sa/addinc_add_57_43/g1557/z (u)     in_1->z R     unmapped_nand2         1  5.5     0   104    5235    (-,-) 
  u_crypto_synth_top/u_top/u_rsa/core_inst/montprod_inst/s_adder_sa/addinc_add_57_43/g1556/z (u)     in_0->z F     unmapped_nand2         3 15.3     0   165    5401    (-,-) 
  u_crypto_synth_top/u_top/u_rsa/core_inst/montprod_inst/s_adder_sa/addinc_add_57_43/g1552/z (u)     in_1->z R     unmapped_nand2         1  5.5     0   104    5505    (-,-) 
  u_crypto_synth_top/u_top/u_rsa/core_inst/montprod_inst/s_adder_sa/addinc_add_57_43/g1551/z (u)     in_0->z F     unmapped_nand2         3 15.3     0   165    5670    (-,-) 
  u_crypto_synth_top/u_top/u_rsa/core_inst/montprod_inst/s_adder_sa/addinc_add_57_43/g1547/z (u)     in_1->z R     unmapped_nand2         1  5.5     0   104    5774    (-,-) 
  u_crypto_synth_top/u_top/u_rsa/core_inst/montprod_inst/s_adder_sa/addinc_add_57_43/g1546/z (u)     in_0->z F     unmapped_nand2         3 15.3     0   165    5939    (-,-) 
  u_crypto_synth_top/u_top/u_rsa/core_inst/montprod_inst/s_adder_sa/addinc_add_57_43/g1542/z (u)     in_1->z R     unmapped_nand2         1  5.5     0   104    6044    (-,-) 
  u_crypto_synth_top/u_top/u_rsa/core_inst/montprod_inst/s_adder_sa/addinc_add_57_43/g1541/z (u)     in_1->z F     unmapped_nand2         3 15.3     0   165    6209    (-,-) 
  u_crypto_synth_top/u_top/u_rsa/core_inst/montprod_inst/s_adder_sa/addinc_add_57_43/g1540/z (u)     in_1->z R     unmapped_nand2         1  5.5     0   104    6313    (-,-) 
  u_crypto_synth_top/u_top/u_rsa/core_inst/montprod_inst/s_adder_sa/addinc_add_57_43/g1536/z (u)     in_0->z F     unmapped_nand2         3 15.3     0   165    6478    (-,-) 
  u_crypto_synth_top/u_top/u_rsa/core_inst/montprod_inst/s_adder_sa/addinc_add_57_43/g1535/z (u)     in_1->z R     unmapped_nand2         1  5.5     0   104    6582    (-,-) 
  u_crypto_synth_top/u_top/u_rsa/core_inst/montprod_inst/s_adder_sa/addinc_add_57_43/g1531/z (u)     in_0->z F     unmapped_nand2         3 15.3     0   165    6748    (-,-) 
  u_crypto_synth_top/u_top/u_rsa/core_inst/montprod_inst/s_adder_sa/addinc_add_57_43/g1527/z (u)     in_1->z R     unmapped_nand2         1  5.5     0   104    6852    (-,-) 
  u_crypto_synth_top/u_top/u_rsa/core_inst/montprod_inst/s_adder_sa/addinc_add_57_43/g1526/z (u)     in_0->z F     unmapped_nand2         4 20.4     0   199    7050    (-,-) 
  u_crypto_synth_top/u_top/u_rsa/core_inst/montprod_inst/s_adder_sa/addinc_add_57_43/g1521/z (u)     in_0->z R     unmapped_complex2      1  5.5     0   104    7155    (-,-) 
  u_crypto_synth_top/u_top/u_rsa/core_inst/montprod_inst/s_adder_sa/addinc_add_57_43/g1520/z (u)     in_0->z F     unmapped_complex2      3 15.3     0   165    7320    (-,-) 
  u_crypto_synth_top/u_top/u_rsa/core_inst/montprod_inst/s_adder_sa/addinc_add_57_43/g1512/z (u)     in_1->z R     unmapped_nand2         1  5.5     0   104    7424    (-,-) 
  u_crypto_synth_top/u_top/u_rsa/core_inst/montprod_inst/s_adder_sa/addinc_add_57_43/g1511/z (u)     in_1->z F     unmapped_nand2         3 15.3     0   165    7589    (-,-) 
  u_crypto_synth_top/u_top/u_rsa/core_inst/montprod_inst/s_adder_sa/addinc_add_57_43/g1510/z (u)     in_0->z R     unmapped_nand2         1  5.5     0   104    7694    (-,-) 
  u_crypto_synth_top/u_top/u_rsa/core_inst/montprod_inst/s_adder_sa/addinc_add_57_43/g1506/z (u)     in_0->z F     unmapped_nand2         3 15.3     0   165    7859    (-,-) 
  u_crypto_synth_top/u_top/u_rsa/core_inst/montprod_inst/s_adder_sa/addinc_add_57_43/g1502/z (u)     in_1->z R     unmapped_nand2         1  5.5     0   104    7963    (-,-) 
  u_crypto_synth_top/u_top/u_rsa/core_inst/montprod_inst/s_adder_sa/addinc_add_57_43/g1501/z (u)     in_1->z F     unmapped_nand2         3 15.3     0   165    8128    (-,-) 
  u_crypto_synth_top/u_top/u_rsa/core_inst/montprod_inst/s_adder_sa/addinc_add_57_43/g1500/z (u)     in_1->z R     unmapped_nand2         1  5.5     0   104    8232    (-,-) 
  u_crypto_synth_top/u_top/u_rsa/core_inst/montprod_inst/s_adder_sa/addinc_add_57_43/g1496/z (u)     in_0->z F     unmapped_nand2         3 15.3     0   165    8398    (-,-) 
  u_crypto_synth_top/u_top/u_rsa/core_inst/montprod_inst/s_adder_sa/addinc_add_57_43/g1495/z (u)     in_1->z R     unmapped_nand2         1  5.5     0   104    8502    (-,-) 
  u_crypto_synth_top/u_top/u_rsa/core_inst/montprod_inst/s_adder_sa/addinc_add_57_43/g1491/z (u)     in_0->z F     unmapped_nand2         3 15.3     0   165    8667    (-,-) 
  u_crypto_synth_top/u_top/u_rsa/core_inst/montprod_inst/s_adder_sa/addinc_add_57_43/g1490/z (u)     in_1->z R     unmapped_nand2         1  5.5     0   104    8771    (-,-) 
  u_crypto_synth_top/u_top/u_rsa/core_inst/montprod_inst/s_adder_sa/addinc_add_57_43/g1486/z (u)     in_0->z F     unmapped_nand2         3 15.3     0   165    8936    (-,-) 
  u_crypto_synth_top/u_top/u_rsa/core_inst/montprod_inst/s_adder_sa/addinc_add_57_43/g1482/z (u)     in_1->z R     unmapped_nand2         1  5.5     0   104    9040    (-,-) 
  u_crypto_synth_top/u_top/u_rsa/core_inst/montprod_inst/s_adder_sa/addinc_add_57_43/g1481/z (u)     in_1->z F     unmapped_nand2         3 15.3     0   165    9206    (-,-) 
  u_crypto_synth_top/u_top/u_rsa/core_inst/montprod_inst/s_adder_sa/addinc_add_57_43/g1480/z (u)     in_0->z R     unmapped_nand2         1  5.5     0   104    9310    (-,-) 
  u_crypto_synth_top/u_top/u_rsa/core_inst/montprod_inst/s_adder_sa/addinc_add_57_43/g1476/z (u)     in_1->z F     unmapped_nand2         3 15.3     0   165    9475    (-,-) 
  u_crypto_synth_top/u_top/u_rsa/core_inst/montprod_inst/s_adder_sa/addinc_add_57_43/g1472/z (u)     in_1->z R     unmapped_nand2         1  5.5     0   104    9579    (-,-) 
  u_crypto_synth_top/u_top/u_rsa/core_inst/montprod_inst/s_adder_sa/addinc_add_57_43/g1471/z (u)     in_1->z F     unmapped_nand2         3 15.3     0   165    9744    (-,-) 
  u_crypto_synth_top/u_top/u_rsa/core_inst/montprod_inst/s_adder_sa/addinc_add_57_43/g1470/z (u)     in_0->z R     unmapped_nand2         1  5.5     0   104    9849    (-,-) 
  u_crypto_synth_top/u_top/u_rsa/core_inst/montprod_inst/s_adder_sa/addinc_add_57_43/g1466/z (u)     in_1->z F     unmapped_nand2         3 15.3     0   165   10014    (-,-) 
  u_crypto_synth_top/u_top/u_rsa/core_inst/montprod_inst/s_adder_sa/addinc_add_57_43/g1462/z (u)     in_1->z R     unmapped_nand2         1  5.5     0   104   10118    (-,-) 
  u_crypto_synth_top/u_top/u_rsa/core_inst/montprod_inst/s_adder_sa/addinc_add_57_43/g1461/z (u)     in_1->z F     unmapped_nand2         3 15.3     0   165   10283    (-,-) 
  u_crypto_synth_top/u_top/u_rsa/core_inst/montprod_inst/s_adder_sa/addinc_add_57_43/g1457/z (u)     in_1->z R     unmapped_nand2         1  5.5     0   104   10388    (-,-) 
  u_crypto_synth_top/u_top/u_rsa/core_inst/montprod_inst/s_adder_sa/addinc_add_57_43/g1456/z (u)     in_1->z F     unmapped_nand2         3 15.3     0   165   10553    (-,-) 
  u_crypto_synth_top/u_top/u_rsa/core_inst/montprod_inst/s_adder_sa/addinc_add_57_43/g1452/z (u)     in_1->z R     unmapped_nand2         1  5.5     0   104   10657    (-,-) 
  u_crypto_synth_top/u_top/u_rsa/core_inst/montprod_inst/s_adder_sa/addinc_add_57_43/g1451/z (u)     in_1->z F     unmapped_nand2         3 15.3     0   165   10822    (-,-) 
  u_crypto_synth_top/u_top/u_rsa/core_inst/montprod_inst/s_adder_sa/addinc_add_57_43/g1448/z (u)     in_0->z F     unmapped_or2           1  5.1     0   104   10926    (-,-) 
  u_crypto_synth_top/u_top/u_rsa/core_inst/montprod_inst/s_adder_sa/addinc_add_57_43/g1449/z (u)     in_1->z R     unmapped_nand2         1  5.5     0   104   11030    (-,-) 
  u_crypto_synth_top/u_top/u_rsa/core_inst/montprod_inst/g4462/z                             (u)     in_0->z F     unmapped_complex2      1  5.1     0   114   11145    (-,-) 
  u_crypto_synth_top/u_top/u_rsa/core_inst/montprod_inst/g4246/z                             (u)     in_1->z R     unmapped_complex2     32 33.0     0   363   11508    (-,-) 
  u_crypto_synth_top/u_top/u_rsa/core_inst/montprod_inst/s_mem/mem_reg[20][31]/d             -       -       R     unmapped_d_flop       32    -     -     0   11508    (-,-) 
#-----------------------------------------------------------------------------------------------------------------------------------------------------------------------------

(u) : Net has unmapped pin(s).



Path 28: MET (43364 ps) Setup Check with Pin u_crypto_synth_top/u_top/u_rsa/core_inst/montprod_inst/s_mem/mem_reg[19][31]/clk->d
          Group: R2R
     Startpoint: (R) u_crypto_synth_top/u_top/u_rsa/core_inst/montprod_select_reg_reg[2]/clk
          Clock: (R) MAIN_CLK
       Endpoint: (R) u_crypto_synth_top/u_top/u_rsa/core_inst/montprod_inst/s_mem/mem_reg[19][31]/d
          Clock: (R) MAIN_CLK

                     Capture       Launch     
        Clock Edge:+   58000            0     
       Src Latency:+     150          250     
       Net Latency:+       0 (I)        0 (I) 
           Arrival:=   58150          250     
                                              
             Setup:-     329                  
       Uncertainty:-    1450                  
       Path Adjust:+   -1500                  
     Required Time:=   54871                  
      Launch Clock:-     250                  
         Data Path:-   11258                  
             Slack:=   43364                  

Exceptions/Constraints:
  path_adjust            -1500            PA_C2C 

#-----------------------------------------------------------------------------------------------------------------------------------------------------------------------------
#                                       Timing Point                                         Flags    Arc    Edge       Cell         Fanout Load Trans Delay Arrival Instance 
#                                                                                                                                           (fF)  (ps)  (ps)   (ps)  Location 
#-----------------------------------------------------------------------------------------------------------------------------------------------------------------------------
  u_crypto_synth_top/u_top/u_rsa/core_inst/montprod_select_reg_reg[2]/clk                    -       -       R     (arrival)          19892    -     0     0     250    (-,-) 
  u_crypto_synth_top/u_top/u_rsa/core_inst/montprod_select_reg_reg[2]/q                      (u)     clk->q  R     unmapped_d_flop        7 38.5     0   881    1131    (-,-) 
  u_crypto_synth_top/u_top/u_rsa/core_inst/g4055/z                                           (u)     in_1->z R     unmapped_complex2     34 33.0     0   412    1543    (-,-) 
  u_crypto_synth_top/u_top/u_rsa/core_inst/g4058/z                                           (u)     in_1->z F     unmapped_nand2         1  5.1     0   125    1668    (-,-) 
  u_crypto_synth_top/u_top/u_rsa/core_inst/g4054/z                                           (u)     in_0->z R     unmapped_complex2     32 33.0     0   412    2080    (-,-) 
  u_crypto_synth_top/u_top/u_rsa/core_inst/g3958/z                                           (u)     in_1->z R     unmapped_complex2      1  5.5     0   125    2206    (-,-) 
  u_crypto_synth_top/u_top/u_rsa/core_inst/g3922/z                                           (u)     in_0->z F     unmapped_nand2         1  5.1     0   125    2331    (-,-) 
  u_crypto_synth_top/u_top/u_rsa/core_inst/g3905/z                                           (u)     in_1->z F     unmapped_or2           5 25.5     0   272    2602    (-,-) 
  u_crypto_synth_top/u_top/u_rsa/core_inst/montprod_inst/s_adder_sa/addinc_add_57_43/g1182/z (u)     in_1->z F     unmapped_or2           1  5.1     0   104    2707    (-,-) 
  u_crypto_synth_top/u_top/u_rsa/core_inst/montprod_inst/s_adder_sa/addinc_add_57_43/g1612/z (u)     in_0->z R     unmapped_nand2         1  5.5     0   104    2811    (-,-) 
  u_crypto_synth_top/u_top/u_rsa/core_inst/montprod_inst/s_adder_sa/addinc_add_57_43/g1602/z (u)     in_0->z F     unmapped_nand2         3 15.3     0   165    2976    (-,-) 
  u_crypto_synth_top/u_top/u_rsa/core_inst/montprod_inst/s_adder_sa/addinc_add_57_43/g1597/z (u)     in_1->z R     unmapped_nand2         1  5.5     0   104    3080    (-,-) 
  u_crypto_synth_top/u_top/u_rsa/core_inst/montprod_inst/s_adder_sa/addinc_add_57_43/g1596/z (u)     in_0->z F     unmapped_nand2         3 15.3     0   165    3245    (-,-) 
  u_crypto_synth_top/u_top/u_rsa/core_inst/montprod_inst/s_adder_sa/addinc_add_57_43/g1595/z (u)     in_1->z R     unmapped_nand2         1  5.5     0   104    3350    (-,-) 
  u_crypto_synth_top/u_top/u_rsa/core_inst/montprod_inst/s_adder_sa/addinc_add_57_43/g1591/z (u)     in_0->z F     unmapped_nand2         3 15.3     0   165    3515    (-,-) 
  u_crypto_synth_top/u_top/u_rsa/core_inst/montprod_inst/s_adder_sa/addinc_add_57_43/g1587/z (u)     in_1->z R     unmapped_nand2         1  5.5     0   104    3619    (-,-) 
  u_crypto_synth_top/u_top/u_rsa/core_inst/montprod_inst/s_adder_sa/addinc_add_57_43/g1586/z (u)     in_0->z F     unmapped_nand2         3 15.3     0   165    3784    (-,-) 
  u_crypto_synth_top/u_top/u_rsa/core_inst/montprod_inst/s_adder_sa/addinc_add_57_43/g1582/z (u)     in_1->z R     unmapped_nand2         1  5.5     0   104    3888    (-,-) 
  u_crypto_synth_top/u_top/u_rsa/core_inst/montprod_inst/s_adder_sa/addinc_add_57_43/g1581/z (u)     in_0->z F     unmapped_nand2         3 15.3     0   165    4054    (-,-) 
  u_crypto_synth_top/u_top/u_rsa/core_inst/montprod_inst/s_adder_sa/addinc_add_57_43/g1580/z (u)     in_1->z R     unmapped_nand2         1  5.5     0   104    4158    (-,-) 
  u_crypto_synth_top/u_top/u_rsa/core_inst/montprod_inst/s_adder_sa/addinc_add_57_43/g1576/z (u)     in_0->z F     unmapped_nand2         3 15.3     0   165    4323    (-,-) 
  u_crypto_synth_top/u_top/u_rsa/core_inst/montprod_inst/s_adder_sa/addinc_add_57_43/g1575/z (u)     in_1->z R     unmapped_nand2         1  5.5     0   104    4427    (-,-) 
  u_crypto_synth_top/u_top/u_rsa/core_inst/montprod_inst/s_adder_sa/addinc_add_57_43/g1571/z (u)     in_0->z F     unmapped_nand2         3 15.3     0   165    4592    (-,-) 
  u_crypto_synth_top/u_top/u_rsa/core_inst/montprod_inst/s_adder_sa/addinc_add_57_43/g1567/z (u)     in_1->z R     unmapped_nand2         1  5.5     0   104    4697    (-,-) 
  u_crypto_synth_top/u_top/u_rsa/core_inst/montprod_inst/s_adder_sa/addinc_add_57_43/g1566/z (u)     in_0->z F     unmapped_nand2         3 15.3     0   165    4862    (-,-) 
  u_crypto_synth_top/u_top/u_rsa/core_inst/montprod_inst/s_adder_sa/addinc_add_57_43/g1565/z (u)     in_1->z R     unmapped_nand2         1  5.5     0   104    4966    (-,-) 
  u_crypto_synth_top/u_top/u_rsa/core_inst/montprod_inst/s_adder_sa/addinc_add_57_43/g1561/z (u)     in_1->z F     unmapped_nand2         3 15.3     0   165    5131    (-,-) 
  u_crypto_synth_top/u_top/u_rsa/core_inst/montprod_inst/s_adder_sa/addinc_add_57_43/g1557/z (u)     in_1->z R     unmapped_nand2         1  5.5     0   104    5235    (-,-) 
  u_crypto_synth_top/u_top/u_rsa/core_inst/montprod_inst/s_adder_sa/addinc_add_57_43/g1556/z (u)     in_0->z F     unmapped_nand2         3 15.3     0   165    5401    (-,-) 
  u_crypto_synth_top/u_top/u_rsa/core_inst/montprod_inst/s_adder_sa/addinc_add_57_43/g1552/z (u)     in_1->z R     unmapped_nand2         1  5.5     0   104    5505    (-,-) 
  u_crypto_synth_top/u_top/u_rsa/core_inst/montprod_inst/s_adder_sa/addinc_add_57_43/g1551/z (u)     in_0->z F     unmapped_nand2         3 15.3     0   165    5670    (-,-) 
  u_crypto_synth_top/u_top/u_rsa/core_inst/montprod_inst/s_adder_sa/addinc_add_57_43/g1547/z (u)     in_1->z R     unmapped_nand2         1  5.5     0   104    5774    (-,-) 
  u_crypto_synth_top/u_top/u_rsa/core_inst/montprod_inst/s_adder_sa/addinc_add_57_43/g1546/z (u)     in_0->z F     unmapped_nand2         3 15.3     0   165    5939    (-,-) 
  u_crypto_synth_top/u_top/u_rsa/core_inst/montprod_inst/s_adder_sa/addinc_add_57_43/g1542/z (u)     in_1->z R     unmapped_nand2         1  5.5     0   104    6044    (-,-) 
  u_crypto_synth_top/u_top/u_rsa/core_inst/montprod_inst/s_adder_sa/addinc_add_57_43/g1541/z (u)     in_1->z F     unmapped_nand2         3 15.3     0   165    6209    (-,-) 
  u_crypto_synth_top/u_top/u_rsa/core_inst/montprod_inst/s_adder_sa/addinc_add_57_43/g1540/z (u)     in_1->z R     unmapped_nand2         1  5.5     0   104    6313    (-,-) 
  u_crypto_synth_top/u_top/u_rsa/core_inst/montprod_inst/s_adder_sa/addinc_add_57_43/g1536/z (u)     in_0->z F     unmapped_nand2         3 15.3     0   165    6478    (-,-) 
  u_crypto_synth_top/u_top/u_rsa/core_inst/montprod_inst/s_adder_sa/addinc_add_57_43/g1535/z (u)     in_1->z R     unmapped_nand2         1  5.5     0   104    6582    (-,-) 
  u_crypto_synth_top/u_top/u_rsa/core_inst/montprod_inst/s_adder_sa/addinc_add_57_43/g1531/z (u)     in_0->z F     unmapped_nand2         3 15.3     0   165    6748    (-,-) 
  u_crypto_synth_top/u_top/u_rsa/core_inst/montprod_inst/s_adder_sa/addinc_add_57_43/g1527/z (u)     in_1->z R     unmapped_nand2         1  5.5     0   104    6852    (-,-) 
  u_crypto_synth_top/u_top/u_rsa/core_inst/montprod_inst/s_adder_sa/addinc_add_57_43/g1526/z (u)     in_0->z F     unmapped_nand2         4 20.4     0   199    7050    (-,-) 
  u_crypto_synth_top/u_top/u_rsa/core_inst/montprod_inst/s_adder_sa/addinc_add_57_43/g1521/z (u)     in_0->z R     unmapped_complex2      1  5.5     0   104    7155    (-,-) 
  u_crypto_synth_top/u_top/u_rsa/core_inst/montprod_inst/s_adder_sa/addinc_add_57_43/g1520/z (u)     in_0->z F     unmapped_complex2      3 15.3     0   165    7320    (-,-) 
  u_crypto_synth_top/u_top/u_rsa/core_inst/montprod_inst/s_adder_sa/addinc_add_57_43/g1512/z (u)     in_1->z R     unmapped_nand2         1  5.5     0   104    7424    (-,-) 
  u_crypto_synth_top/u_top/u_rsa/core_inst/montprod_inst/s_adder_sa/addinc_add_57_43/g1511/z (u)     in_1->z F     unmapped_nand2         3 15.3     0   165    7589    (-,-) 
  u_crypto_synth_top/u_top/u_rsa/core_inst/montprod_inst/s_adder_sa/addinc_add_57_43/g1510/z (u)     in_0->z R     unmapped_nand2         1  5.5     0   104    7694    (-,-) 
  u_crypto_synth_top/u_top/u_rsa/core_inst/montprod_inst/s_adder_sa/addinc_add_57_43/g1506/z (u)     in_0->z F     unmapped_nand2         3 15.3     0   165    7859    (-,-) 
  u_crypto_synth_top/u_top/u_rsa/core_inst/montprod_inst/s_adder_sa/addinc_add_57_43/g1502/z (u)     in_1->z R     unmapped_nand2         1  5.5     0   104    7963    (-,-) 
  u_crypto_synth_top/u_top/u_rsa/core_inst/montprod_inst/s_adder_sa/addinc_add_57_43/g1501/z (u)     in_1->z F     unmapped_nand2         3 15.3     0   165    8128    (-,-) 
  u_crypto_synth_top/u_top/u_rsa/core_inst/montprod_inst/s_adder_sa/addinc_add_57_43/g1500/z (u)     in_1->z R     unmapped_nand2         1  5.5     0   104    8232    (-,-) 
  u_crypto_synth_top/u_top/u_rsa/core_inst/montprod_inst/s_adder_sa/addinc_add_57_43/g1496/z (u)     in_0->z F     unmapped_nand2         3 15.3     0   165    8398    (-,-) 
  u_crypto_synth_top/u_top/u_rsa/core_inst/montprod_inst/s_adder_sa/addinc_add_57_43/g1495/z (u)     in_1->z R     unmapped_nand2         1  5.5     0   104    8502    (-,-) 
  u_crypto_synth_top/u_top/u_rsa/core_inst/montprod_inst/s_adder_sa/addinc_add_57_43/g1491/z (u)     in_0->z F     unmapped_nand2         3 15.3     0   165    8667    (-,-) 
  u_crypto_synth_top/u_top/u_rsa/core_inst/montprod_inst/s_adder_sa/addinc_add_57_43/g1490/z (u)     in_1->z R     unmapped_nand2         1  5.5     0   104    8771    (-,-) 
  u_crypto_synth_top/u_top/u_rsa/core_inst/montprod_inst/s_adder_sa/addinc_add_57_43/g1486/z (u)     in_0->z F     unmapped_nand2         3 15.3     0   165    8936    (-,-) 
  u_crypto_synth_top/u_top/u_rsa/core_inst/montprod_inst/s_adder_sa/addinc_add_57_43/g1482/z (u)     in_1->z R     unmapped_nand2         1  5.5     0   104    9040    (-,-) 
  u_crypto_synth_top/u_top/u_rsa/core_inst/montprod_inst/s_adder_sa/addinc_add_57_43/g1481/z (u)     in_1->z F     unmapped_nand2         3 15.3     0   165    9206    (-,-) 
  u_crypto_synth_top/u_top/u_rsa/core_inst/montprod_inst/s_adder_sa/addinc_add_57_43/g1480/z (u)     in_0->z R     unmapped_nand2         1  5.5     0   104    9310    (-,-) 
  u_crypto_synth_top/u_top/u_rsa/core_inst/montprod_inst/s_adder_sa/addinc_add_57_43/g1476/z (u)     in_1->z F     unmapped_nand2         3 15.3     0   165    9475    (-,-) 
  u_crypto_synth_top/u_top/u_rsa/core_inst/montprod_inst/s_adder_sa/addinc_add_57_43/g1472/z (u)     in_1->z R     unmapped_nand2         1  5.5     0   104    9579    (-,-) 
  u_crypto_synth_top/u_top/u_rsa/core_inst/montprod_inst/s_adder_sa/addinc_add_57_43/g1471/z (u)     in_1->z F     unmapped_nand2         3 15.3     0   165    9744    (-,-) 
  u_crypto_synth_top/u_top/u_rsa/core_inst/montprod_inst/s_adder_sa/addinc_add_57_43/g1470/z (u)     in_0->z R     unmapped_nand2         1  5.5     0   104    9849    (-,-) 
  u_crypto_synth_top/u_top/u_rsa/core_inst/montprod_inst/s_adder_sa/addinc_add_57_43/g1466/z (u)     in_1->z F     unmapped_nand2         3 15.3     0   165   10014    (-,-) 
  u_crypto_synth_top/u_top/u_rsa/core_inst/montprod_inst/s_adder_sa/addinc_add_57_43/g1462/z (u)     in_1->z R     unmapped_nand2         1  5.5     0   104   10118    (-,-) 
  u_crypto_synth_top/u_top/u_rsa/core_inst/montprod_inst/s_adder_sa/addinc_add_57_43/g1461/z (u)     in_1->z F     unmapped_nand2         3 15.3     0   165   10283    (-,-) 
  u_crypto_synth_top/u_top/u_rsa/core_inst/montprod_inst/s_adder_sa/addinc_add_57_43/g1457/z (u)     in_1->z R     unmapped_nand2         1  5.5     0   104   10388    (-,-) 
  u_crypto_synth_top/u_top/u_rsa/core_inst/montprod_inst/s_adder_sa/addinc_add_57_43/g1456/z (u)     in_1->z F     unmapped_nand2         3 15.3     0   165   10553    (-,-) 
  u_crypto_synth_top/u_top/u_rsa/core_inst/montprod_inst/s_adder_sa/addinc_add_57_43/g1452/z (u)     in_1->z R     unmapped_nand2         1  5.5     0   104   10657    (-,-) 
  u_crypto_synth_top/u_top/u_rsa/core_inst/montprod_inst/s_adder_sa/addinc_add_57_43/g1451/z (u)     in_1->z F     unmapped_nand2         3 15.3     0   165   10822    (-,-) 
  u_crypto_synth_top/u_top/u_rsa/core_inst/montprod_inst/s_adder_sa/addinc_add_57_43/g1448/z (u)     in_0->z F     unmapped_or2           1  5.1     0   104   10926    (-,-) 
  u_crypto_synth_top/u_top/u_rsa/core_inst/montprod_inst/s_adder_sa/addinc_add_57_43/g1449/z (u)     in_1->z R     unmapped_nand2         1  5.5     0   104   11030    (-,-) 
  u_crypto_synth_top/u_top/u_rsa/core_inst/montprod_inst/g4462/z                             (u)     in_0->z F     unmapped_complex2      1  5.1     0   114   11145    (-,-) 
  u_crypto_synth_top/u_top/u_rsa/core_inst/montprod_inst/g4246/z                             (u)     in_1->z R     unmapped_complex2     32 33.0     0   363   11508    (-,-) 
  u_crypto_synth_top/u_top/u_rsa/core_inst/montprod_inst/s_mem/mem_reg[19][31]/d             -       -       R     unmapped_d_flop       32    -     -     0   11508    (-,-) 
#-----------------------------------------------------------------------------------------------------------------------------------------------------------------------------

(u) : Net has unmapped pin(s).



Path 29: MET (43364 ps) Setup Check with Pin u_crypto_synth_top/u_top/u_rsa/core_inst/montprod_inst/s_mem/mem_reg[18][31]/clk->d
          Group: R2R
     Startpoint: (R) u_crypto_synth_top/u_top/u_rsa/core_inst/montprod_select_reg_reg[2]/clk
          Clock: (R) MAIN_CLK
       Endpoint: (R) u_crypto_synth_top/u_top/u_rsa/core_inst/montprod_inst/s_mem/mem_reg[18][31]/d
          Clock: (R) MAIN_CLK

                     Capture       Launch     
        Clock Edge:+   58000            0     
       Src Latency:+     150          250     
       Net Latency:+       0 (I)        0 (I) 
           Arrival:=   58150          250     
                                              
             Setup:-     329                  
       Uncertainty:-    1450                  
       Path Adjust:+   -1500                  
     Required Time:=   54871                  
      Launch Clock:-     250                  
         Data Path:-   11258                  
             Slack:=   43364                  

Exceptions/Constraints:
  path_adjust            -1500            PA_C2C 

#-----------------------------------------------------------------------------------------------------------------------------------------------------------------------------
#                                       Timing Point                                         Flags    Arc    Edge       Cell         Fanout Load Trans Delay Arrival Instance 
#                                                                                                                                           (fF)  (ps)  (ps)   (ps)  Location 
#-----------------------------------------------------------------------------------------------------------------------------------------------------------------------------
  u_crypto_synth_top/u_top/u_rsa/core_inst/montprod_select_reg_reg[2]/clk                    -       -       R     (arrival)          19892    -     0     0     250    (-,-) 
  u_crypto_synth_top/u_top/u_rsa/core_inst/montprod_select_reg_reg[2]/q                      (u)     clk->q  R     unmapped_d_flop        7 38.5     0   881    1131    (-,-) 
  u_crypto_synth_top/u_top/u_rsa/core_inst/g4055/z                                           (u)     in_1->z R     unmapped_complex2     34 33.0     0   412    1543    (-,-) 
  u_crypto_synth_top/u_top/u_rsa/core_inst/g4058/z                                           (u)     in_1->z F     unmapped_nand2         1  5.1     0   125    1668    (-,-) 
  u_crypto_synth_top/u_top/u_rsa/core_inst/g4054/z                                           (u)     in_0->z R     unmapped_complex2     32 33.0     0   412    2080    (-,-) 
  u_crypto_synth_top/u_top/u_rsa/core_inst/g3958/z                                           (u)     in_1->z R     unmapped_complex2      1  5.5     0   125    2206    (-,-) 
  u_crypto_synth_top/u_top/u_rsa/core_inst/g3922/z                                           (u)     in_0->z F     unmapped_nand2         1  5.1     0   125    2331    (-,-) 
  u_crypto_synth_top/u_top/u_rsa/core_inst/g3905/z                                           (u)     in_1->z F     unmapped_or2           5 25.5     0   272    2602    (-,-) 
  u_crypto_synth_top/u_top/u_rsa/core_inst/montprod_inst/s_adder_sa/addinc_add_57_43/g1182/z (u)     in_1->z F     unmapped_or2           1  5.1     0   104    2707    (-,-) 
  u_crypto_synth_top/u_top/u_rsa/core_inst/montprod_inst/s_adder_sa/addinc_add_57_43/g1612/z (u)     in_0->z R     unmapped_nand2         1  5.5     0   104    2811    (-,-) 
  u_crypto_synth_top/u_top/u_rsa/core_inst/montprod_inst/s_adder_sa/addinc_add_57_43/g1602/z (u)     in_0->z F     unmapped_nand2         3 15.3     0   165    2976    (-,-) 
  u_crypto_synth_top/u_top/u_rsa/core_inst/montprod_inst/s_adder_sa/addinc_add_57_43/g1597/z (u)     in_1->z R     unmapped_nand2         1  5.5     0   104    3080    (-,-) 
  u_crypto_synth_top/u_top/u_rsa/core_inst/montprod_inst/s_adder_sa/addinc_add_57_43/g1596/z (u)     in_0->z F     unmapped_nand2         3 15.3     0   165    3245    (-,-) 
  u_crypto_synth_top/u_top/u_rsa/core_inst/montprod_inst/s_adder_sa/addinc_add_57_43/g1595/z (u)     in_1->z R     unmapped_nand2         1  5.5     0   104    3350    (-,-) 
  u_crypto_synth_top/u_top/u_rsa/core_inst/montprod_inst/s_adder_sa/addinc_add_57_43/g1591/z (u)     in_0->z F     unmapped_nand2         3 15.3     0   165    3515    (-,-) 
  u_crypto_synth_top/u_top/u_rsa/core_inst/montprod_inst/s_adder_sa/addinc_add_57_43/g1587/z (u)     in_1->z R     unmapped_nand2         1  5.5     0   104    3619    (-,-) 
  u_crypto_synth_top/u_top/u_rsa/core_inst/montprod_inst/s_adder_sa/addinc_add_57_43/g1586/z (u)     in_0->z F     unmapped_nand2         3 15.3     0   165    3784    (-,-) 
  u_crypto_synth_top/u_top/u_rsa/core_inst/montprod_inst/s_adder_sa/addinc_add_57_43/g1582/z (u)     in_1->z R     unmapped_nand2         1  5.5     0   104    3888    (-,-) 
  u_crypto_synth_top/u_top/u_rsa/core_inst/montprod_inst/s_adder_sa/addinc_add_57_43/g1581/z (u)     in_0->z F     unmapped_nand2         3 15.3     0   165    4054    (-,-) 
  u_crypto_synth_top/u_top/u_rsa/core_inst/montprod_inst/s_adder_sa/addinc_add_57_43/g1580/z (u)     in_1->z R     unmapped_nand2         1  5.5     0   104    4158    (-,-) 
  u_crypto_synth_top/u_top/u_rsa/core_inst/montprod_inst/s_adder_sa/addinc_add_57_43/g1576/z (u)     in_0->z F     unmapped_nand2         3 15.3     0   165    4323    (-,-) 
  u_crypto_synth_top/u_top/u_rsa/core_inst/montprod_inst/s_adder_sa/addinc_add_57_43/g1575/z (u)     in_1->z R     unmapped_nand2         1  5.5     0   104    4427    (-,-) 
  u_crypto_synth_top/u_top/u_rsa/core_inst/montprod_inst/s_adder_sa/addinc_add_57_43/g1571/z (u)     in_0->z F     unmapped_nand2         3 15.3     0   165    4592    (-,-) 
  u_crypto_synth_top/u_top/u_rsa/core_inst/montprod_inst/s_adder_sa/addinc_add_57_43/g1567/z (u)     in_1->z R     unmapped_nand2         1  5.5     0   104    4697    (-,-) 
  u_crypto_synth_top/u_top/u_rsa/core_inst/montprod_inst/s_adder_sa/addinc_add_57_43/g1566/z (u)     in_0->z F     unmapped_nand2         3 15.3     0   165    4862    (-,-) 
  u_crypto_synth_top/u_top/u_rsa/core_inst/montprod_inst/s_adder_sa/addinc_add_57_43/g1565/z (u)     in_1->z R     unmapped_nand2         1  5.5     0   104    4966    (-,-) 
  u_crypto_synth_top/u_top/u_rsa/core_inst/montprod_inst/s_adder_sa/addinc_add_57_43/g1561/z (u)     in_1->z F     unmapped_nand2         3 15.3     0   165    5131    (-,-) 
  u_crypto_synth_top/u_top/u_rsa/core_inst/montprod_inst/s_adder_sa/addinc_add_57_43/g1557/z (u)     in_1->z R     unmapped_nand2         1  5.5     0   104    5235    (-,-) 
  u_crypto_synth_top/u_top/u_rsa/core_inst/montprod_inst/s_adder_sa/addinc_add_57_43/g1556/z (u)     in_0->z F     unmapped_nand2         3 15.3     0   165    5401    (-,-) 
  u_crypto_synth_top/u_top/u_rsa/core_inst/montprod_inst/s_adder_sa/addinc_add_57_43/g1552/z (u)     in_1->z R     unmapped_nand2         1  5.5     0   104    5505    (-,-) 
  u_crypto_synth_top/u_top/u_rsa/core_inst/montprod_inst/s_adder_sa/addinc_add_57_43/g1551/z (u)     in_0->z F     unmapped_nand2         3 15.3     0   165    5670    (-,-) 
  u_crypto_synth_top/u_top/u_rsa/core_inst/montprod_inst/s_adder_sa/addinc_add_57_43/g1547/z (u)     in_1->z R     unmapped_nand2         1  5.5     0   104    5774    (-,-) 
  u_crypto_synth_top/u_top/u_rsa/core_inst/montprod_inst/s_adder_sa/addinc_add_57_43/g1546/z (u)     in_0->z F     unmapped_nand2         3 15.3     0   165    5939    (-,-) 
  u_crypto_synth_top/u_top/u_rsa/core_inst/montprod_inst/s_adder_sa/addinc_add_57_43/g1542/z (u)     in_1->z R     unmapped_nand2         1  5.5     0   104    6044    (-,-) 
  u_crypto_synth_top/u_top/u_rsa/core_inst/montprod_inst/s_adder_sa/addinc_add_57_43/g1541/z (u)     in_1->z F     unmapped_nand2         3 15.3     0   165    6209    (-,-) 
  u_crypto_synth_top/u_top/u_rsa/core_inst/montprod_inst/s_adder_sa/addinc_add_57_43/g1540/z (u)     in_1->z R     unmapped_nand2         1  5.5     0   104    6313    (-,-) 
  u_crypto_synth_top/u_top/u_rsa/core_inst/montprod_inst/s_adder_sa/addinc_add_57_43/g1536/z (u)     in_0->z F     unmapped_nand2         3 15.3     0   165    6478    (-,-) 
  u_crypto_synth_top/u_top/u_rsa/core_inst/montprod_inst/s_adder_sa/addinc_add_57_43/g1535/z (u)     in_1->z R     unmapped_nand2         1  5.5     0   104    6582    (-,-) 
  u_crypto_synth_top/u_top/u_rsa/core_inst/montprod_inst/s_adder_sa/addinc_add_57_43/g1531/z (u)     in_0->z F     unmapped_nand2         3 15.3     0   165    6748    (-,-) 
  u_crypto_synth_top/u_top/u_rsa/core_inst/montprod_inst/s_adder_sa/addinc_add_57_43/g1527/z (u)     in_1->z R     unmapped_nand2         1  5.5     0   104    6852    (-,-) 
  u_crypto_synth_top/u_top/u_rsa/core_inst/montprod_inst/s_adder_sa/addinc_add_57_43/g1526/z (u)     in_0->z F     unmapped_nand2         4 20.4     0   199    7050    (-,-) 
  u_crypto_synth_top/u_top/u_rsa/core_inst/montprod_inst/s_adder_sa/addinc_add_57_43/g1521/z (u)     in_0->z R     unmapped_complex2      1  5.5     0   104    7155    (-,-) 
  u_crypto_synth_top/u_top/u_rsa/core_inst/montprod_inst/s_adder_sa/addinc_add_57_43/g1520/z (u)     in_0->z F     unmapped_complex2      3 15.3     0   165    7320    (-,-) 
  u_crypto_synth_top/u_top/u_rsa/core_inst/montprod_inst/s_adder_sa/addinc_add_57_43/g1512/z (u)     in_1->z R     unmapped_nand2         1  5.5     0   104    7424    (-,-) 
  u_crypto_synth_top/u_top/u_rsa/core_inst/montprod_inst/s_adder_sa/addinc_add_57_43/g1511/z (u)     in_1->z F     unmapped_nand2         3 15.3     0   165    7589    (-,-) 
  u_crypto_synth_top/u_top/u_rsa/core_inst/montprod_inst/s_adder_sa/addinc_add_57_43/g1510/z (u)     in_0->z R     unmapped_nand2         1  5.5     0   104    7694    (-,-) 
  u_crypto_synth_top/u_top/u_rsa/core_inst/montprod_inst/s_adder_sa/addinc_add_57_43/g1506/z (u)     in_0->z F     unmapped_nand2         3 15.3     0   165    7859    (-,-) 
  u_crypto_synth_top/u_top/u_rsa/core_inst/montprod_inst/s_adder_sa/addinc_add_57_43/g1502/z (u)     in_1->z R     unmapped_nand2         1  5.5     0   104    7963    (-,-) 
  u_crypto_synth_top/u_top/u_rsa/core_inst/montprod_inst/s_adder_sa/addinc_add_57_43/g1501/z (u)     in_1->z F     unmapped_nand2         3 15.3     0   165    8128    (-,-) 
  u_crypto_synth_top/u_top/u_rsa/core_inst/montprod_inst/s_adder_sa/addinc_add_57_43/g1500/z (u)     in_1->z R     unmapped_nand2         1  5.5     0   104    8232    (-,-) 
  u_crypto_synth_top/u_top/u_rsa/core_inst/montprod_inst/s_adder_sa/addinc_add_57_43/g1496/z (u)     in_0->z F     unmapped_nand2         3 15.3     0   165    8398    (-,-) 
  u_crypto_synth_top/u_top/u_rsa/core_inst/montprod_inst/s_adder_sa/addinc_add_57_43/g1495/z (u)     in_1->z R     unmapped_nand2         1  5.5     0   104    8502    (-,-) 
  u_crypto_synth_top/u_top/u_rsa/core_inst/montprod_inst/s_adder_sa/addinc_add_57_43/g1491/z (u)     in_0->z F     unmapped_nand2         3 15.3     0   165    8667    (-,-) 
  u_crypto_synth_top/u_top/u_rsa/core_inst/montprod_inst/s_adder_sa/addinc_add_57_43/g1490/z (u)     in_1->z R     unmapped_nand2         1  5.5     0   104    8771    (-,-) 
  u_crypto_synth_top/u_top/u_rsa/core_inst/montprod_inst/s_adder_sa/addinc_add_57_43/g1486/z (u)     in_0->z F     unmapped_nand2         3 15.3     0   165    8936    (-,-) 
  u_crypto_synth_top/u_top/u_rsa/core_inst/montprod_inst/s_adder_sa/addinc_add_57_43/g1482/z (u)     in_1->z R     unmapped_nand2         1  5.5     0   104    9040    (-,-) 
  u_crypto_synth_top/u_top/u_rsa/core_inst/montprod_inst/s_adder_sa/addinc_add_57_43/g1481/z (u)     in_1->z F     unmapped_nand2         3 15.3     0   165    9206    (-,-) 
  u_crypto_synth_top/u_top/u_rsa/core_inst/montprod_inst/s_adder_sa/addinc_add_57_43/g1480/z (u)     in_0->z R     unmapped_nand2         1  5.5     0   104    9310    (-,-) 
  u_crypto_synth_top/u_top/u_rsa/core_inst/montprod_inst/s_adder_sa/addinc_add_57_43/g1476/z (u)     in_1->z F     unmapped_nand2         3 15.3     0   165    9475    (-,-) 
  u_crypto_synth_top/u_top/u_rsa/core_inst/montprod_inst/s_adder_sa/addinc_add_57_43/g1472/z (u)     in_1->z R     unmapped_nand2         1  5.5     0   104    9579    (-,-) 
  u_crypto_synth_top/u_top/u_rsa/core_inst/montprod_inst/s_adder_sa/addinc_add_57_43/g1471/z (u)     in_1->z F     unmapped_nand2         3 15.3     0   165    9744    (-,-) 
  u_crypto_synth_top/u_top/u_rsa/core_inst/montprod_inst/s_adder_sa/addinc_add_57_43/g1470/z (u)     in_0->z R     unmapped_nand2         1  5.5     0   104    9849    (-,-) 
  u_crypto_synth_top/u_top/u_rsa/core_inst/montprod_inst/s_adder_sa/addinc_add_57_43/g1466/z (u)     in_1->z F     unmapped_nand2         3 15.3     0   165   10014    (-,-) 
  u_crypto_synth_top/u_top/u_rsa/core_inst/montprod_inst/s_adder_sa/addinc_add_57_43/g1462/z (u)     in_1->z R     unmapped_nand2         1  5.5     0   104   10118    (-,-) 
  u_crypto_synth_top/u_top/u_rsa/core_inst/montprod_inst/s_adder_sa/addinc_add_57_43/g1461/z (u)     in_1->z F     unmapped_nand2         3 15.3     0   165   10283    (-,-) 
  u_crypto_synth_top/u_top/u_rsa/core_inst/montprod_inst/s_adder_sa/addinc_add_57_43/g1457/z (u)     in_1->z R     unmapped_nand2         1  5.5     0   104   10388    (-,-) 
  u_crypto_synth_top/u_top/u_rsa/core_inst/montprod_inst/s_adder_sa/addinc_add_57_43/g1456/z (u)     in_1->z F     unmapped_nand2         3 15.3     0   165   10553    (-,-) 
  u_crypto_synth_top/u_top/u_rsa/core_inst/montprod_inst/s_adder_sa/addinc_add_57_43/g1452/z (u)     in_1->z R     unmapped_nand2         1  5.5     0   104   10657    (-,-) 
  u_crypto_synth_top/u_top/u_rsa/core_inst/montprod_inst/s_adder_sa/addinc_add_57_43/g1451/z (u)     in_1->z F     unmapped_nand2         3 15.3     0   165   10822    (-,-) 
  u_crypto_synth_top/u_top/u_rsa/core_inst/montprod_inst/s_adder_sa/addinc_add_57_43/g1448/z (u)     in_0->z F     unmapped_or2           1  5.1     0   104   10926    (-,-) 
  u_crypto_synth_top/u_top/u_rsa/core_inst/montprod_inst/s_adder_sa/addinc_add_57_43/g1449/z (u)     in_1->z R     unmapped_nand2         1  5.5     0   104   11030    (-,-) 
  u_crypto_synth_top/u_top/u_rsa/core_inst/montprod_inst/g4462/z                             (u)     in_0->z F     unmapped_complex2      1  5.1     0   114   11145    (-,-) 
  u_crypto_synth_top/u_top/u_rsa/core_inst/montprod_inst/g4246/z                             (u)     in_1->z R     unmapped_complex2     32 33.0     0   363   11508    (-,-) 
  u_crypto_synth_top/u_top/u_rsa/core_inst/montprod_inst/s_mem/mem_reg[18][31]/d             -       -       R     unmapped_d_flop       32    -     -     0   11508    (-,-) 
#-----------------------------------------------------------------------------------------------------------------------------------------------------------------------------

(u) : Net has unmapped pin(s).



Path 30: MET (43364 ps) Setup Check with Pin u_crypto_synth_top/u_top/u_rsa/core_inst/montprod_inst/s_mem/mem_reg[17][31]/clk->d
          Group: R2R
     Startpoint: (R) u_crypto_synth_top/u_top/u_rsa/core_inst/montprod_select_reg_reg[2]/clk
          Clock: (R) MAIN_CLK
       Endpoint: (R) u_crypto_synth_top/u_top/u_rsa/core_inst/montprod_inst/s_mem/mem_reg[17][31]/d
          Clock: (R) MAIN_CLK

                     Capture       Launch     
        Clock Edge:+   58000            0     
       Src Latency:+     150          250     
       Net Latency:+       0 (I)        0 (I) 
           Arrival:=   58150          250     
                                              
             Setup:-     329                  
       Uncertainty:-    1450                  
       Path Adjust:+   -1500                  
     Required Time:=   54871                  
      Launch Clock:-     250                  
         Data Path:-   11258                  
             Slack:=   43364                  

Exceptions/Constraints:
  path_adjust            -1500            PA_C2C 

#-----------------------------------------------------------------------------------------------------------------------------------------------------------------------------
#                                       Timing Point                                         Flags    Arc    Edge       Cell         Fanout Load Trans Delay Arrival Instance 
#                                                                                                                                           (fF)  (ps)  (ps)   (ps)  Location 
#-----------------------------------------------------------------------------------------------------------------------------------------------------------------------------
  u_crypto_synth_top/u_top/u_rsa/core_inst/montprod_select_reg_reg[2]/clk                    -       -       R     (arrival)          19892    -     0     0     250    (-,-) 
  u_crypto_synth_top/u_top/u_rsa/core_inst/montprod_select_reg_reg[2]/q                      (u)     clk->q  R     unmapped_d_flop        7 38.5     0   881    1131    (-,-) 
  u_crypto_synth_top/u_top/u_rsa/core_inst/g4055/z                                           (u)     in_1->z R     unmapped_complex2     34 33.0     0   412    1543    (-,-) 
  u_crypto_synth_top/u_top/u_rsa/core_inst/g4058/z                                           (u)     in_1->z F     unmapped_nand2         1  5.1     0   125    1668    (-,-) 
  u_crypto_synth_top/u_top/u_rsa/core_inst/g4054/z                                           (u)     in_0->z R     unmapped_complex2     32 33.0     0   412    2080    (-,-) 
  u_crypto_synth_top/u_top/u_rsa/core_inst/g3958/z                                           (u)     in_1->z R     unmapped_complex2      1  5.5     0   125    2206    (-,-) 
  u_crypto_synth_top/u_top/u_rsa/core_inst/g3922/z                                           (u)     in_0->z F     unmapped_nand2         1  5.1     0   125    2331    (-,-) 
  u_crypto_synth_top/u_top/u_rsa/core_inst/g3905/z                                           (u)     in_1->z F     unmapped_or2           5 25.5     0   272    2602    (-,-) 
  u_crypto_synth_top/u_top/u_rsa/core_inst/montprod_inst/s_adder_sa/addinc_add_57_43/g1182/z (u)     in_1->z F     unmapped_or2           1  5.1     0   104    2707    (-,-) 
  u_crypto_synth_top/u_top/u_rsa/core_inst/montprod_inst/s_adder_sa/addinc_add_57_43/g1612/z (u)     in_0->z R     unmapped_nand2         1  5.5     0   104    2811    (-,-) 
  u_crypto_synth_top/u_top/u_rsa/core_inst/montprod_inst/s_adder_sa/addinc_add_57_43/g1602/z (u)     in_0->z F     unmapped_nand2         3 15.3     0   165    2976    (-,-) 
  u_crypto_synth_top/u_top/u_rsa/core_inst/montprod_inst/s_adder_sa/addinc_add_57_43/g1597/z (u)     in_1->z R     unmapped_nand2         1  5.5     0   104    3080    (-,-) 
  u_crypto_synth_top/u_top/u_rsa/core_inst/montprod_inst/s_adder_sa/addinc_add_57_43/g1596/z (u)     in_0->z F     unmapped_nand2         3 15.3     0   165    3245    (-,-) 
  u_crypto_synth_top/u_top/u_rsa/core_inst/montprod_inst/s_adder_sa/addinc_add_57_43/g1595/z (u)     in_1->z R     unmapped_nand2         1  5.5     0   104    3350    (-,-) 
  u_crypto_synth_top/u_top/u_rsa/core_inst/montprod_inst/s_adder_sa/addinc_add_57_43/g1591/z (u)     in_0->z F     unmapped_nand2         3 15.3     0   165    3515    (-,-) 
  u_crypto_synth_top/u_top/u_rsa/core_inst/montprod_inst/s_adder_sa/addinc_add_57_43/g1587/z (u)     in_1->z R     unmapped_nand2         1  5.5     0   104    3619    (-,-) 
  u_crypto_synth_top/u_top/u_rsa/core_inst/montprod_inst/s_adder_sa/addinc_add_57_43/g1586/z (u)     in_0->z F     unmapped_nand2         3 15.3     0   165    3784    (-,-) 
  u_crypto_synth_top/u_top/u_rsa/core_inst/montprod_inst/s_adder_sa/addinc_add_57_43/g1582/z (u)     in_1->z R     unmapped_nand2         1  5.5     0   104    3888    (-,-) 
  u_crypto_synth_top/u_top/u_rsa/core_inst/montprod_inst/s_adder_sa/addinc_add_57_43/g1581/z (u)     in_0->z F     unmapped_nand2         3 15.3     0   165    4054    (-,-) 
  u_crypto_synth_top/u_top/u_rsa/core_inst/montprod_inst/s_adder_sa/addinc_add_57_43/g1580/z (u)     in_1->z R     unmapped_nand2         1  5.5     0   104    4158    (-,-) 
  u_crypto_synth_top/u_top/u_rsa/core_inst/montprod_inst/s_adder_sa/addinc_add_57_43/g1576/z (u)     in_0->z F     unmapped_nand2         3 15.3     0   165    4323    (-,-) 
  u_crypto_synth_top/u_top/u_rsa/core_inst/montprod_inst/s_adder_sa/addinc_add_57_43/g1575/z (u)     in_1->z R     unmapped_nand2         1  5.5     0   104    4427    (-,-) 
  u_crypto_synth_top/u_top/u_rsa/core_inst/montprod_inst/s_adder_sa/addinc_add_57_43/g1571/z (u)     in_0->z F     unmapped_nand2         3 15.3     0   165    4592    (-,-) 
  u_crypto_synth_top/u_top/u_rsa/core_inst/montprod_inst/s_adder_sa/addinc_add_57_43/g1567/z (u)     in_1->z R     unmapped_nand2         1  5.5     0   104    4697    (-,-) 
  u_crypto_synth_top/u_top/u_rsa/core_inst/montprod_inst/s_adder_sa/addinc_add_57_43/g1566/z (u)     in_0->z F     unmapped_nand2         3 15.3     0   165    4862    (-,-) 
  u_crypto_synth_top/u_top/u_rsa/core_inst/montprod_inst/s_adder_sa/addinc_add_57_43/g1565/z (u)     in_1->z R     unmapped_nand2         1  5.5     0   104    4966    (-,-) 
  u_crypto_synth_top/u_top/u_rsa/core_inst/montprod_inst/s_adder_sa/addinc_add_57_43/g1561/z (u)     in_1->z F     unmapped_nand2         3 15.3     0   165    5131    (-,-) 
  u_crypto_synth_top/u_top/u_rsa/core_inst/montprod_inst/s_adder_sa/addinc_add_57_43/g1557/z (u)     in_1->z R     unmapped_nand2         1  5.5     0   104    5235    (-,-) 
  u_crypto_synth_top/u_top/u_rsa/core_inst/montprod_inst/s_adder_sa/addinc_add_57_43/g1556/z (u)     in_0->z F     unmapped_nand2         3 15.3     0   165    5401    (-,-) 
  u_crypto_synth_top/u_top/u_rsa/core_inst/montprod_inst/s_adder_sa/addinc_add_57_43/g1552/z (u)     in_1->z R     unmapped_nand2         1  5.5     0   104    5505    (-,-) 
  u_crypto_synth_top/u_top/u_rsa/core_inst/montprod_inst/s_adder_sa/addinc_add_57_43/g1551/z (u)     in_0->z F     unmapped_nand2         3 15.3     0   165    5670    (-,-) 
  u_crypto_synth_top/u_top/u_rsa/core_inst/montprod_inst/s_adder_sa/addinc_add_57_43/g1547/z (u)     in_1->z R     unmapped_nand2         1  5.5     0   104    5774    (-,-) 
  u_crypto_synth_top/u_top/u_rsa/core_inst/montprod_inst/s_adder_sa/addinc_add_57_43/g1546/z (u)     in_0->z F     unmapped_nand2         3 15.3     0   165    5939    (-,-) 
  u_crypto_synth_top/u_top/u_rsa/core_inst/montprod_inst/s_adder_sa/addinc_add_57_43/g1542/z (u)     in_1->z R     unmapped_nand2         1  5.5     0   104    6044    (-,-) 
  u_crypto_synth_top/u_top/u_rsa/core_inst/montprod_inst/s_adder_sa/addinc_add_57_43/g1541/z (u)     in_1->z F     unmapped_nand2         3 15.3     0   165    6209    (-,-) 
  u_crypto_synth_top/u_top/u_rsa/core_inst/montprod_inst/s_adder_sa/addinc_add_57_43/g1540/z (u)     in_1->z R     unmapped_nand2         1  5.5     0   104    6313    (-,-) 
  u_crypto_synth_top/u_top/u_rsa/core_inst/montprod_inst/s_adder_sa/addinc_add_57_43/g1536/z (u)     in_0->z F     unmapped_nand2         3 15.3     0   165    6478    (-,-) 
  u_crypto_synth_top/u_top/u_rsa/core_inst/montprod_inst/s_adder_sa/addinc_add_57_43/g1535/z (u)     in_1->z R     unmapped_nand2         1  5.5     0   104    6582    (-,-) 
  u_crypto_synth_top/u_top/u_rsa/core_inst/montprod_inst/s_adder_sa/addinc_add_57_43/g1531/z (u)     in_0->z F     unmapped_nand2         3 15.3     0   165    6748    (-,-) 
  u_crypto_synth_top/u_top/u_rsa/core_inst/montprod_inst/s_adder_sa/addinc_add_57_43/g1527/z (u)     in_1->z R     unmapped_nand2         1  5.5     0   104    6852    (-,-) 
  u_crypto_synth_top/u_top/u_rsa/core_inst/montprod_inst/s_adder_sa/addinc_add_57_43/g1526/z (u)     in_0->z F     unmapped_nand2         4 20.4     0   199    7050    (-,-) 
  u_crypto_synth_top/u_top/u_rsa/core_inst/montprod_inst/s_adder_sa/addinc_add_57_43/g1521/z (u)     in_0->z R     unmapped_complex2      1  5.5     0   104    7155    (-,-) 
  u_crypto_synth_top/u_top/u_rsa/core_inst/montprod_inst/s_adder_sa/addinc_add_57_43/g1520/z (u)     in_0->z F     unmapped_complex2      3 15.3     0   165    7320    (-,-) 
  u_crypto_synth_top/u_top/u_rsa/core_inst/montprod_inst/s_adder_sa/addinc_add_57_43/g1512/z (u)     in_1->z R     unmapped_nand2         1  5.5     0   104    7424    (-,-) 
  u_crypto_synth_top/u_top/u_rsa/core_inst/montprod_inst/s_adder_sa/addinc_add_57_43/g1511/z (u)     in_1->z F     unmapped_nand2         3 15.3     0   165    7589    (-,-) 
  u_crypto_synth_top/u_top/u_rsa/core_inst/montprod_inst/s_adder_sa/addinc_add_57_43/g1510/z (u)     in_0->z R     unmapped_nand2         1  5.5     0   104    7694    (-,-) 
  u_crypto_synth_top/u_top/u_rsa/core_inst/montprod_inst/s_adder_sa/addinc_add_57_43/g1506/z (u)     in_0->z F     unmapped_nand2         3 15.3     0   165    7859    (-,-) 
  u_crypto_synth_top/u_top/u_rsa/core_inst/montprod_inst/s_adder_sa/addinc_add_57_43/g1502/z (u)     in_1->z R     unmapped_nand2         1  5.5     0   104    7963    (-,-) 
  u_crypto_synth_top/u_top/u_rsa/core_inst/montprod_inst/s_adder_sa/addinc_add_57_43/g1501/z (u)     in_1->z F     unmapped_nand2         3 15.3     0   165    8128    (-,-) 
  u_crypto_synth_top/u_top/u_rsa/core_inst/montprod_inst/s_adder_sa/addinc_add_57_43/g1500/z (u)     in_1->z R     unmapped_nand2         1  5.5     0   104    8232    (-,-) 
  u_crypto_synth_top/u_top/u_rsa/core_inst/montprod_inst/s_adder_sa/addinc_add_57_43/g1496/z (u)     in_0->z F     unmapped_nand2         3 15.3     0   165    8398    (-,-) 
  u_crypto_synth_top/u_top/u_rsa/core_inst/montprod_inst/s_adder_sa/addinc_add_57_43/g1495/z (u)     in_1->z R     unmapped_nand2         1  5.5     0   104    8502    (-,-) 
  u_crypto_synth_top/u_top/u_rsa/core_inst/montprod_inst/s_adder_sa/addinc_add_57_43/g1491/z (u)     in_0->z F     unmapped_nand2         3 15.3     0   165    8667    (-,-) 
  u_crypto_synth_top/u_top/u_rsa/core_inst/montprod_inst/s_adder_sa/addinc_add_57_43/g1490/z (u)     in_1->z R     unmapped_nand2         1  5.5     0   104    8771    (-,-) 
  u_crypto_synth_top/u_top/u_rsa/core_inst/montprod_inst/s_adder_sa/addinc_add_57_43/g1486/z (u)     in_0->z F     unmapped_nand2         3 15.3     0   165    8936    (-,-) 
  u_crypto_synth_top/u_top/u_rsa/core_inst/montprod_inst/s_adder_sa/addinc_add_57_43/g1482/z (u)     in_1->z R     unmapped_nand2         1  5.5     0   104    9040    (-,-) 
  u_crypto_synth_top/u_top/u_rsa/core_inst/montprod_inst/s_adder_sa/addinc_add_57_43/g1481/z (u)     in_1->z F     unmapped_nand2         3 15.3     0   165    9206    (-,-) 
  u_crypto_synth_top/u_top/u_rsa/core_inst/montprod_inst/s_adder_sa/addinc_add_57_43/g1480/z (u)     in_0->z R     unmapped_nand2         1  5.5     0   104    9310    (-,-) 
  u_crypto_synth_top/u_top/u_rsa/core_inst/montprod_inst/s_adder_sa/addinc_add_57_43/g1476/z (u)     in_1->z F     unmapped_nand2         3 15.3     0   165    9475    (-,-) 
  u_crypto_synth_top/u_top/u_rsa/core_inst/montprod_inst/s_adder_sa/addinc_add_57_43/g1472/z (u)     in_1->z R     unmapped_nand2         1  5.5     0   104    9579    (-,-) 
  u_crypto_synth_top/u_top/u_rsa/core_inst/montprod_inst/s_adder_sa/addinc_add_57_43/g1471/z (u)     in_1->z F     unmapped_nand2         3 15.3     0   165    9744    (-,-) 
  u_crypto_synth_top/u_top/u_rsa/core_inst/montprod_inst/s_adder_sa/addinc_add_57_43/g1470/z (u)     in_0->z R     unmapped_nand2         1  5.5     0   104    9849    (-,-) 
  u_crypto_synth_top/u_top/u_rsa/core_inst/montprod_inst/s_adder_sa/addinc_add_57_43/g1466/z (u)     in_1->z F     unmapped_nand2         3 15.3     0   165   10014    (-,-) 
  u_crypto_synth_top/u_top/u_rsa/core_inst/montprod_inst/s_adder_sa/addinc_add_57_43/g1462/z (u)     in_1->z R     unmapped_nand2         1  5.5     0   104   10118    (-,-) 
  u_crypto_synth_top/u_top/u_rsa/core_inst/montprod_inst/s_adder_sa/addinc_add_57_43/g1461/z (u)     in_1->z F     unmapped_nand2         3 15.3     0   165   10283    (-,-) 
  u_crypto_synth_top/u_top/u_rsa/core_inst/montprod_inst/s_adder_sa/addinc_add_57_43/g1457/z (u)     in_1->z R     unmapped_nand2         1  5.5     0   104   10388    (-,-) 
  u_crypto_synth_top/u_top/u_rsa/core_inst/montprod_inst/s_adder_sa/addinc_add_57_43/g1456/z (u)     in_1->z F     unmapped_nand2         3 15.3     0   165   10553    (-,-) 
  u_crypto_synth_top/u_top/u_rsa/core_inst/montprod_inst/s_adder_sa/addinc_add_57_43/g1452/z (u)     in_1->z R     unmapped_nand2         1  5.5     0   104   10657    (-,-) 
  u_crypto_synth_top/u_top/u_rsa/core_inst/montprod_inst/s_adder_sa/addinc_add_57_43/g1451/z (u)     in_1->z F     unmapped_nand2         3 15.3     0   165   10822    (-,-) 
  u_crypto_synth_top/u_top/u_rsa/core_inst/montprod_inst/s_adder_sa/addinc_add_57_43/g1448/z (u)     in_0->z F     unmapped_or2           1  5.1     0   104   10926    (-,-) 
  u_crypto_synth_top/u_top/u_rsa/core_inst/montprod_inst/s_adder_sa/addinc_add_57_43/g1449/z (u)     in_1->z R     unmapped_nand2         1  5.5     0   104   11030    (-,-) 
  u_crypto_synth_top/u_top/u_rsa/core_inst/montprod_inst/g4462/z                             (u)     in_0->z F     unmapped_complex2      1  5.1     0   114   11145    (-,-) 
  u_crypto_synth_top/u_top/u_rsa/core_inst/montprod_inst/g4246/z                             (u)     in_1->z R     unmapped_complex2     32 33.0     0   363   11508    (-,-) 
  u_crypto_synth_top/u_top/u_rsa/core_inst/montprod_inst/s_mem/mem_reg[17][31]/d             -       -       R     unmapped_d_flop       32    -     -     0   11508    (-,-) 
#-----------------------------------------------------------------------------------------------------------------------------------------------------------------------------

(u) : Net has unmapped pin(s).



Path 31: MET (43364 ps) Setup Check with Pin u_crypto_synth_top/u_top/u_rsa/core_inst/montprod_inst/s_mem/mem_reg[16][31]/clk->d
          Group: R2R
     Startpoint: (R) u_crypto_synth_top/u_top/u_rsa/core_inst/montprod_select_reg_reg[2]/clk
          Clock: (R) MAIN_CLK
       Endpoint: (R) u_crypto_synth_top/u_top/u_rsa/core_inst/montprod_inst/s_mem/mem_reg[16][31]/d
          Clock: (R) MAIN_CLK

                     Capture       Launch     
        Clock Edge:+   58000            0     
       Src Latency:+     150          250     
       Net Latency:+       0 (I)        0 (I) 
           Arrival:=   58150          250     
                                              
             Setup:-     329                  
       Uncertainty:-    1450                  
       Path Adjust:+   -1500                  
     Required Time:=   54871                  
      Launch Clock:-     250                  
         Data Path:-   11258                  
             Slack:=   43364                  

Exceptions/Constraints:
  path_adjust            -1500            PA_C2C 

#-----------------------------------------------------------------------------------------------------------------------------------------------------------------------------
#                                       Timing Point                                         Flags    Arc    Edge       Cell         Fanout Load Trans Delay Arrival Instance 
#                                                                                                                                           (fF)  (ps)  (ps)   (ps)  Location 
#-----------------------------------------------------------------------------------------------------------------------------------------------------------------------------
  u_crypto_synth_top/u_top/u_rsa/core_inst/montprod_select_reg_reg[2]/clk                    -       -       R     (arrival)          19892    -     0     0     250    (-,-) 
  u_crypto_synth_top/u_top/u_rsa/core_inst/montprod_select_reg_reg[2]/q                      (u)     clk->q  R     unmapped_d_flop        7 38.5     0   881    1131    (-,-) 
  u_crypto_synth_top/u_top/u_rsa/core_inst/g4055/z                                           (u)     in_1->z R     unmapped_complex2     34 33.0     0   412    1543    (-,-) 
  u_crypto_synth_top/u_top/u_rsa/core_inst/g4058/z                                           (u)     in_1->z F     unmapped_nand2         1  5.1     0   125    1668    (-,-) 
  u_crypto_synth_top/u_top/u_rsa/core_inst/g4054/z                                           (u)     in_0->z R     unmapped_complex2     32 33.0     0   412    2080    (-,-) 
  u_crypto_synth_top/u_top/u_rsa/core_inst/g3958/z                                           (u)     in_1->z R     unmapped_complex2      1  5.5     0   125    2206    (-,-) 
  u_crypto_synth_top/u_top/u_rsa/core_inst/g3922/z                                           (u)     in_0->z F     unmapped_nand2         1  5.1     0   125    2331    (-,-) 
  u_crypto_synth_top/u_top/u_rsa/core_inst/g3905/z                                           (u)     in_1->z F     unmapped_or2           5 25.5     0   272    2602    (-,-) 
  u_crypto_synth_top/u_top/u_rsa/core_inst/montprod_inst/s_adder_sa/addinc_add_57_43/g1182/z (u)     in_1->z F     unmapped_or2           1  5.1     0   104    2707    (-,-) 
  u_crypto_synth_top/u_top/u_rsa/core_inst/montprod_inst/s_adder_sa/addinc_add_57_43/g1612/z (u)     in_0->z R     unmapped_nand2         1  5.5     0   104    2811    (-,-) 
  u_crypto_synth_top/u_top/u_rsa/core_inst/montprod_inst/s_adder_sa/addinc_add_57_43/g1602/z (u)     in_0->z F     unmapped_nand2         3 15.3     0   165    2976    (-,-) 
  u_crypto_synth_top/u_top/u_rsa/core_inst/montprod_inst/s_adder_sa/addinc_add_57_43/g1597/z (u)     in_1->z R     unmapped_nand2         1  5.5     0   104    3080    (-,-) 
  u_crypto_synth_top/u_top/u_rsa/core_inst/montprod_inst/s_adder_sa/addinc_add_57_43/g1596/z (u)     in_0->z F     unmapped_nand2         3 15.3     0   165    3245    (-,-) 
  u_crypto_synth_top/u_top/u_rsa/core_inst/montprod_inst/s_adder_sa/addinc_add_57_43/g1595/z (u)     in_1->z R     unmapped_nand2         1  5.5     0   104    3350    (-,-) 
  u_crypto_synth_top/u_top/u_rsa/core_inst/montprod_inst/s_adder_sa/addinc_add_57_43/g1591/z (u)     in_0->z F     unmapped_nand2         3 15.3     0   165    3515    (-,-) 
  u_crypto_synth_top/u_top/u_rsa/core_inst/montprod_inst/s_adder_sa/addinc_add_57_43/g1587/z (u)     in_1->z R     unmapped_nand2         1  5.5     0   104    3619    (-,-) 
  u_crypto_synth_top/u_top/u_rsa/core_inst/montprod_inst/s_adder_sa/addinc_add_57_43/g1586/z (u)     in_0->z F     unmapped_nand2         3 15.3     0   165    3784    (-,-) 
  u_crypto_synth_top/u_top/u_rsa/core_inst/montprod_inst/s_adder_sa/addinc_add_57_43/g1582/z (u)     in_1->z R     unmapped_nand2         1  5.5     0   104    3888    (-,-) 
  u_crypto_synth_top/u_top/u_rsa/core_inst/montprod_inst/s_adder_sa/addinc_add_57_43/g1581/z (u)     in_0->z F     unmapped_nand2         3 15.3     0   165    4054    (-,-) 
  u_crypto_synth_top/u_top/u_rsa/core_inst/montprod_inst/s_adder_sa/addinc_add_57_43/g1580/z (u)     in_1->z R     unmapped_nand2         1  5.5     0   104    4158    (-,-) 
  u_crypto_synth_top/u_top/u_rsa/core_inst/montprod_inst/s_adder_sa/addinc_add_57_43/g1576/z (u)     in_0->z F     unmapped_nand2         3 15.3     0   165    4323    (-,-) 
  u_crypto_synth_top/u_top/u_rsa/core_inst/montprod_inst/s_adder_sa/addinc_add_57_43/g1575/z (u)     in_1->z R     unmapped_nand2         1  5.5     0   104    4427    (-,-) 
  u_crypto_synth_top/u_top/u_rsa/core_inst/montprod_inst/s_adder_sa/addinc_add_57_43/g1571/z (u)     in_0->z F     unmapped_nand2         3 15.3     0   165    4592    (-,-) 
  u_crypto_synth_top/u_top/u_rsa/core_inst/montprod_inst/s_adder_sa/addinc_add_57_43/g1567/z (u)     in_1->z R     unmapped_nand2         1  5.5     0   104    4697    (-,-) 
  u_crypto_synth_top/u_top/u_rsa/core_inst/montprod_inst/s_adder_sa/addinc_add_57_43/g1566/z (u)     in_0->z F     unmapped_nand2         3 15.3     0   165    4862    (-,-) 
  u_crypto_synth_top/u_top/u_rsa/core_inst/montprod_inst/s_adder_sa/addinc_add_57_43/g1565/z (u)     in_1->z R     unmapped_nand2         1  5.5     0   104    4966    (-,-) 
  u_crypto_synth_top/u_top/u_rsa/core_inst/montprod_inst/s_adder_sa/addinc_add_57_43/g1561/z (u)     in_1->z F     unmapped_nand2         3 15.3     0   165    5131    (-,-) 
  u_crypto_synth_top/u_top/u_rsa/core_inst/montprod_inst/s_adder_sa/addinc_add_57_43/g1557/z (u)     in_1->z R     unmapped_nand2         1  5.5     0   104    5235    (-,-) 
  u_crypto_synth_top/u_top/u_rsa/core_inst/montprod_inst/s_adder_sa/addinc_add_57_43/g1556/z (u)     in_0->z F     unmapped_nand2         3 15.3     0   165    5401    (-,-) 
  u_crypto_synth_top/u_top/u_rsa/core_inst/montprod_inst/s_adder_sa/addinc_add_57_43/g1552/z (u)     in_1->z R     unmapped_nand2         1  5.5     0   104    5505    (-,-) 
  u_crypto_synth_top/u_top/u_rsa/core_inst/montprod_inst/s_adder_sa/addinc_add_57_43/g1551/z (u)     in_0->z F     unmapped_nand2         3 15.3     0   165    5670    (-,-) 
  u_crypto_synth_top/u_top/u_rsa/core_inst/montprod_inst/s_adder_sa/addinc_add_57_43/g1547/z (u)     in_1->z R     unmapped_nand2         1  5.5     0   104    5774    (-,-) 
  u_crypto_synth_top/u_top/u_rsa/core_inst/montprod_inst/s_adder_sa/addinc_add_57_43/g1546/z (u)     in_0->z F     unmapped_nand2         3 15.3     0   165    5939    (-,-) 
  u_crypto_synth_top/u_top/u_rsa/core_inst/montprod_inst/s_adder_sa/addinc_add_57_43/g1542/z (u)     in_1->z R     unmapped_nand2         1  5.5     0   104    6044    (-,-) 
  u_crypto_synth_top/u_top/u_rsa/core_inst/montprod_inst/s_adder_sa/addinc_add_57_43/g1541/z (u)     in_1->z F     unmapped_nand2         3 15.3     0   165    6209    (-,-) 
  u_crypto_synth_top/u_top/u_rsa/core_inst/montprod_inst/s_adder_sa/addinc_add_57_43/g1540/z (u)     in_1->z R     unmapped_nand2         1  5.5     0   104    6313    (-,-) 
  u_crypto_synth_top/u_top/u_rsa/core_inst/montprod_inst/s_adder_sa/addinc_add_57_43/g1536/z (u)     in_0->z F     unmapped_nand2         3 15.3     0   165    6478    (-,-) 
  u_crypto_synth_top/u_top/u_rsa/core_inst/montprod_inst/s_adder_sa/addinc_add_57_43/g1535/z (u)     in_1->z R     unmapped_nand2         1  5.5     0   104    6582    (-,-) 
  u_crypto_synth_top/u_top/u_rsa/core_inst/montprod_inst/s_adder_sa/addinc_add_57_43/g1531/z (u)     in_0->z F     unmapped_nand2         3 15.3     0   165    6748    (-,-) 
  u_crypto_synth_top/u_top/u_rsa/core_inst/montprod_inst/s_adder_sa/addinc_add_57_43/g1527/z (u)     in_1->z R     unmapped_nand2         1  5.5     0   104    6852    (-,-) 
  u_crypto_synth_top/u_top/u_rsa/core_inst/montprod_inst/s_adder_sa/addinc_add_57_43/g1526/z (u)     in_0->z F     unmapped_nand2         4 20.4     0   199    7050    (-,-) 
  u_crypto_synth_top/u_top/u_rsa/core_inst/montprod_inst/s_adder_sa/addinc_add_57_43/g1521/z (u)     in_0->z R     unmapped_complex2      1  5.5     0   104    7155    (-,-) 
  u_crypto_synth_top/u_top/u_rsa/core_inst/montprod_inst/s_adder_sa/addinc_add_57_43/g1520/z (u)     in_0->z F     unmapped_complex2      3 15.3     0   165    7320    (-,-) 
  u_crypto_synth_top/u_top/u_rsa/core_inst/montprod_inst/s_adder_sa/addinc_add_57_43/g1512/z (u)     in_1->z R     unmapped_nand2         1  5.5     0   104    7424    (-,-) 
  u_crypto_synth_top/u_top/u_rsa/core_inst/montprod_inst/s_adder_sa/addinc_add_57_43/g1511/z (u)     in_1->z F     unmapped_nand2         3 15.3     0   165    7589    (-,-) 
  u_crypto_synth_top/u_top/u_rsa/core_inst/montprod_inst/s_adder_sa/addinc_add_57_43/g1510/z (u)     in_0->z R     unmapped_nand2         1  5.5     0   104    7694    (-,-) 
  u_crypto_synth_top/u_top/u_rsa/core_inst/montprod_inst/s_adder_sa/addinc_add_57_43/g1506/z (u)     in_0->z F     unmapped_nand2         3 15.3     0   165    7859    (-,-) 
  u_crypto_synth_top/u_top/u_rsa/core_inst/montprod_inst/s_adder_sa/addinc_add_57_43/g1502/z (u)     in_1->z R     unmapped_nand2         1  5.5     0   104    7963    (-,-) 
  u_crypto_synth_top/u_top/u_rsa/core_inst/montprod_inst/s_adder_sa/addinc_add_57_43/g1501/z (u)     in_1->z F     unmapped_nand2         3 15.3     0   165    8128    (-,-) 
  u_crypto_synth_top/u_top/u_rsa/core_inst/montprod_inst/s_adder_sa/addinc_add_57_43/g1500/z (u)     in_1->z R     unmapped_nand2         1  5.5     0   104    8232    (-,-) 
  u_crypto_synth_top/u_top/u_rsa/core_inst/montprod_inst/s_adder_sa/addinc_add_57_43/g1496/z (u)     in_0->z F     unmapped_nand2         3 15.3     0   165    8398    (-,-) 
  u_crypto_synth_top/u_top/u_rsa/core_inst/montprod_inst/s_adder_sa/addinc_add_57_43/g1495/z (u)     in_1->z R     unmapped_nand2         1  5.5     0   104    8502    (-,-) 
  u_crypto_synth_top/u_top/u_rsa/core_inst/montprod_inst/s_adder_sa/addinc_add_57_43/g1491/z (u)     in_0->z F     unmapped_nand2         3 15.3     0   165    8667    (-,-) 
  u_crypto_synth_top/u_top/u_rsa/core_inst/montprod_inst/s_adder_sa/addinc_add_57_43/g1490/z (u)     in_1->z R     unmapped_nand2         1  5.5     0   104    8771    (-,-) 
  u_crypto_synth_top/u_top/u_rsa/core_inst/montprod_inst/s_adder_sa/addinc_add_57_43/g1486/z (u)     in_0->z F     unmapped_nand2         3 15.3     0   165    8936    (-,-) 
  u_crypto_synth_top/u_top/u_rsa/core_inst/montprod_inst/s_adder_sa/addinc_add_57_43/g1482/z (u)     in_1->z R     unmapped_nand2         1  5.5     0   104    9040    (-,-) 
  u_crypto_synth_top/u_top/u_rsa/core_inst/montprod_inst/s_adder_sa/addinc_add_57_43/g1481/z (u)     in_1->z F     unmapped_nand2         3 15.3     0   165    9206    (-,-) 
  u_crypto_synth_top/u_top/u_rsa/core_inst/montprod_inst/s_adder_sa/addinc_add_57_43/g1480/z (u)     in_0->z R     unmapped_nand2         1  5.5     0   104    9310    (-,-) 
  u_crypto_synth_top/u_top/u_rsa/core_inst/montprod_inst/s_adder_sa/addinc_add_57_43/g1476/z (u)     in_1->z F     unmapped_nand2         3 15.3     0   165    9475    (-,-) 
  u_crypto_synth_top/u_top/u_rsa/core_inst/montprod_inst/s_adder_sa/addinc_add_57_43/g1472/z (u)     in_1->z R     unmapped_nand2         1  5.5     0   104    9579    (-,-) 
  u_crypto_synth_top/u_top/u_rsa/core_inst/montprod_inst/s_adder_sa/addinc_add_57_43/g1471/z (u)     in_1->z F     unmapped_nand2         3 15.3     0   165    9744    (-,-) 
  u_crypto_synth_top/u_top/u_rsa/core_inst/montprod_inst/s_adder_sa/addinc_add_57_43/g1470/z (u)     in_0->z R     unmapped_nand2         1  5.5     0   104    9849    (-,-) 
  u_crypto_synth_top/u_top/u_rsa/core_inst/montprod_inst/s_adder_sa/addinc_add_57_43/g1466/z (u)     in_1->z F     unmapped_nand2         3 15.3     0   165   10014    (-,-) 
  u_crypto_synth_top/u_top/u_rsa/core_inst/montprod_inst/s_adder_sa/addinc_add_57_43/g1462/z (u)     in_1->z R     unmapped_nand2         1  5.5     0   104   10118    (-,-) 
  u_crypto_synth_top/u_top/u_rsa/core_inst/montprod_inst/s_adder_sa/addinc_add_57_43/g1461/z (u)     in_1->z F     unmapped_nand2         3 15.3     0   165   10283    (-,-) 
  u_crypto_synth_top/u_top/u_rsa/core_inst/montprod_inst/s_adder_sa/addinc_add_57_43/g1457/z (u)     in_1->z R     unmapped_nand2         1  5.5     0   104   10388    (-,-) 
  u_crypto_synth_top/u_top/u_rsa/core_inst/montprod_inst/s_adder_sa/addinc_add_57_43/g1456/z (u)     in_1->z F     unmapped_nand2         3 15.3     0   165   10553    (-,-) 
  u_crypto_synth_top/u_top/u_rsa/core_inst/montprod_inst/s_adder_sa/addinc_add_57_43/g1452/z (u)     in_1->z R     unmapped_nand2         1  5.5     0   104   10657    (-,-) 
  u_crypto_synth_top/u_top/u_rsa/core_inst/montprod_inst/s_adder_sa/addinc_add_57_43/g1451/z (u)     in_1->z F     unmapped_nand2         3 15.3     0   165   10822    (-,-) 
  u_crypto_synth_top/u_top/u_rsa/core_inst/montprod_inst/s_adder_sa/addinc_add_57_43/g1448/z (u)     in_0->z F     unmapped_or2           1  5.1     0   104   10926    (-,-) 
  u_crypto_synth_top/u_top/u_rsa/core_inst/montprod_inst/s_adder_sa/addinc_add_57_43/g1449/z (u)     in_1->z R     unmapped_nand2         1  5.5     0   104   11030    (-,-) 
  u_crypto_synth_top/u_top/u_rsa/core_inst/montprod_inst/g4462/z                             (u)     in_0->z F     unmapped_complex2      1  5.1     0   114   11145    (-,-) 
  u_crypto_synth_top/u_top/u_rsa/core_inst/montprod_inst/g4246/z                             (u)     in_1->z R     unmapped_complex2     32 33.0     0   363   11508    (-,-) 
  u_crypto_synth_top/u_top/u_rsa/core_inst/montprod_inst/s_mem/mem_reg[16][31]/d             -       -       R     unmapped_d_flop       32    -     -     0   11508    (-,-) 
#-----------------------------------------------------------------------------------------------------------------------------------------------------------------------------

(u) : Net has unmapped pin(s).



Path 32: MET (43364 ps) Setup Check with Pin u_crypto_synth_top/u_top/u_rsa/core_inst/montprod_inst/s_mem/mem_reg[15][31]/clk->d
          Group: R2R
     Startpoint: (R) u_crypto_synth_top/u_top/u_rsa/core_inst/montprod_select_reg_reg[2]/clk
          Clock: (R) MAIN_CLK
       Endpoint: (R) u_crypto_synth_top/u_top/u_rsa/core_inst/montprod_inst/s_mem/mem_reg[15][31]/d
          Clock: (R) MAIN_CLK

                     Capture       Launch     
        Clock Edge:+   58000            0     
       Src Latency:+     150          250     
       Net Latency:+       0 (I)        0 (I) 
           Arrival:=   58150          250     
                                              
             Setup:-     329                  
       Uncertainty:-    1450                  
       Path Adjust:+   -1500                  
     Required Time:=   54871                  
      Launch Clock:-     250                  
         Data Path:-   11258                  
             Slack:=   43364                  

Exceptions/Constraints:
  path_adjust            -1500            PA_C2C 

#-----------------------------------------------------------------------------------------------------------------------------------------------------------------------------
#                                       Timing Point                                         Flags    Arc    Edge       Cell         Fanout Load Trans Delay Arrival Instance 
#                                                                                                                                           (fF)  (ps)  (ps)   (ps)  Location 
#-----------------------------------------------------------------------------------------------------------------------------------------------------------------------------
  u_crypto_synth_top/u_top/u_rsa/core_inst/montprod_select_reg_reg[2]/clk                    -       -       R     (arrival)          19892    -     0     0     250    (-,-) 
  u_crypto_synth_top/u_top/u_rsa/core_inst/montprod_select_reg_reg[2]/q                      (u)     clk->q  R     unmapped_d_flop        7 38.5     0   881    1131    (-,-) 
  u_crypto_synth_top/u_top/u_rsa/core_inst/g4055/z                                           (u)     in_1->z R     unmapped_complex2     34 33.0     0   412    1543    (-,-) 
  u_crypto_synth_top/u_top/u_rsa/core_inst/g4058/z                                           (u)     in_1->z F     unmapped_nand2         1  5.1     0   125    1668    (-,-) 
  u_crypto_synth_top/u_top/u_rsa/core_inst/g4054/z                                           (u)     in_0->z R     unmapped_complex2     32 33.0     0   412    2080    (-,-) 
  u_crypto_synth_top/u_top/u_rsa/core_inst/g3958/z                                           (u)     in_1->z R     unmapped_complex2      1  5.5     0   125    2206    (-,-) 
  u_crypto_synth_top/u_top/u_rsa/core_inst/g3922/z                                           (u)     in_0->z F     unmapped_nand2         1  5.1     0   125    2331    (-,-) 
  u_crypto_synth_top/u_top/u_rsa/core_inst/g3905/z                                           (u)     in_1->z F     unmapped_or2           5 25.5     0   272    2602    (-,-) 
  u_crypto_synth_top/u_top/u_rsa/core_inst/montprod_inst/s_adder_sa/addinc_add_57_43/g1182/z (u)     in_1->z F     unmapped_or2           1  5.1     0   104    2707    (-,-) 
  u_crypto_synth_top/u_top/u_rsa/core_inst/montprod_inst/s_adder_sa/addinc_add_57_43/g1612/z (u)     in_0->z R     unmapped_nand2         1  5.5     0   104    2811    (-,-) 
  u_crypto_synth_top/u_top/u_rsa/core_inst/montprod_inst/s_adder_sa/addinc_add_57_43/g1602/z (u)     in_0->z F     unmapped_nand2         3 15.3     0   165    2976    (-,-) 
  u_crypto_synth_top/u_top/u_rsa/core_inst/montprod_inst/s_adder_sa/addinc_add_57_43/g1597/z (u)     in_1->z R     unmapped_nand2         1  5.5     0   104    3080    (-,-) 
  u_crypto_synth_top/u_top/u_rsa/core_inst/montprod_inst/s_adder_sa/addinc_add_57_43/g1596/z (u)     in_0->z F     unmapped_nand2         3 15.3     0   165    3245    (-,-) 
  u_crypto_synth_top/u_top/u_rsa/core_inst/montprod_inst/s_adder_sa/addinc_add_57_43/g1595/z (u)     in_1->z R     unmapped_nand2         1  5.5     0   104    3350    (-,-) 
  u_crypto_synth_top/u_top/u_rsa/core_inst/montprod_inst/s_adder_sa/addinc_add_57_43/g1591/z (u)     in_0->z F     unmapped_nand2         3 15.3     0   165    3515    (-,-) 
  u_crypto_synth_top/u_top/u_rsa/core_inst/montprod_inst/s_adder_sa/addinc_add_57_43/g1587/z (u)     in_1->z R     unmapped_nand2         1  5.5     0   104    3619    (-,-) 
  u_crypto_synth_top/u_top/u_rsa/core_inst/montprod_inst/s_adder_sa/addinc_add_57_43/g1586/z (u)     in_0->z F     unmapped_nand2         3 15.3     0   165    3784    (-,-) 
  u_crypto_synth_top/u_top/u_rsa/core_inst/montprod_inst/s_adder_sa/addinc_add_57_43/g1582/z (u)     in_1->z R     unmapped_nand2         1  5.5     0   104    3888    (-,-) 
  u_crypto_synth_top/u_top/u_rsa/core_inst/montprod_inst/s_adder_sa/addinc_add_57_43/g1581/z (u)     in_0->z F     unmapped_nand2         3 15.3     0   165    4054    (-,-) 
  u_crypto_synth_top/u_top/u_rsa/core_inst/montprod_inst/s_adder_sa/addinc_add_57_43/g1580/z (u)     in_1->z R     unmapped_nand2         1  5.5     0   104    4158    (-,-) 
  u_crypto_synth_top/u_top/u_rsa/core_inst/montprod_inst/s_adder_sa/addinc_add_57_43/g1576/z (u)     in_0->z F     unmapped_nand2         3 15.3     0   165    4323    (-,-) 
  u_crypto_synth_top/u_top/u_rsa/core_inst/montprod_inst/s_adder_sa/addinc_add_57_43/g1575/z (u)     in_1->z R     unmapped_nand2         1  5.5     0   104    4427    (-,-) 
  u_crypto_synth_top/u_top/u_rsa/core_inst/montprod_inst/s_adder_sa/addinc_add_57_43/g1571/z (u)     in_0->z F     unmapped_nand2         3 15.3     0   165    4592    (-,-) 
  u_crypto_synth_top/u_top/u_rsa/core_inst/montprod_inst/s_adder_sa/addinc_add_57_43/g1567/z (u)     in_1->z R     unmapped_nand2         1  5.5     0   104    4697    (-,-) 
  u_crypto_synth_top/u_top/u_rsa/core_inst/montprod_inst/s_adder_sa/addinc_add_57_43/g1566/z (u)     in_0->z F     unmapped_nand2         3 15.3     0   165    4862    (-,-) 
  u_crypto_synth_top/u_top/u_rsa/core_inst/montprod_inst/s_adder_sa/addinc_add_57_43/g1565/z (u)     in_1->z R     unmapped_nand2         1  5.5     0   104    4966    (-,-) 
  u_crypto_synth_top/u_top/u_rsa/core_inst/montprod_inst/s_adder_sa/addinc_add_57_43/g1561/z (u)     in_1->z F     unmapped_nand2         3 15.3     0   165    5131    (-,-) 
  u_crypto_synth_top/u_top/u_rsa/core_inst/montprod_inst/s_adder_sa/addinc_add_57_43/g1557/z (u)     in_1->z R     unmapped_nand2         1  5.5     0   104    5235    (-,-) 
  u_crypto_synth_top/u_top/u_rsa/core_inst/montprod_inst/s_adder_sa/addinc_add_57_43/g1556/z (u)     in_0->z F     unmapped_nand2         3 15.3     0   165    5401    (-,-) 
  u_crypto_synth_top/u_top/u_rsa/core_inst/montprod_inst/s_adder_sa/addinc_add_57_43/g1552/z (u)     in_1->z R     unmapped_nand2         1  5.5     0   104    5505    (-,-) 
  u_crypto_synth_top/u_top/u_rsa/core_inst/montprod_inst/s_adder_sa/addinc_add_57_43/g1551/z (u)     in_0->z F     unmapped_nand2         3 15.3     0   165    5670    (-,-) 
  u_crypto_synth_top/u_top/u_rsa/core_inst/montprod_inst/s_adder_sa/addinc_add_57_43/g1547/z (u)     in_1->z R     unmapped_nand2         1  5.5     0   104    5774    (-,-) 
  u_crypto_synth_top/u_top/u_rsa/core_inst/montprod_inst/s_adder_sa/addinc_add_57_43/g1546/z (u)     in_0->z F     unmapped_nand2         3 15.3     0   165    5939    (-,-) 
  u_crypto_synth_top/u_top/u_rsa/core_inst/montprod_inst/s_adder_sa/addinc_add_57_43/g1542/z (u)     in_1->z R     unmapped_nand2         1  5.5     0   104    6044    (-,-) 
  u_crypto_synth_top/u_top/u_rsa/core_inst/montprod_inst/s_adder_sa/addinc_add_57_43/g1541/z (u)     in_1->z F     unmapped_nand2         3 15.3     0   165    6209    (-,-) 
  u_crypto_synth_top/u_top/u_rsa/core_inst/montprod_inst/s_adder_sa/addinc_add_57_43/g1540/z (u)     in_1->z R     unmapped_nand2         1  5.5     0   104    6313    (-,-) 
  u_crypto_synth_top/u_top/u_rsa/core_inst/montprod_inst/s_adder_sa/addinc_add_57_43/g1536/z (u)     in_0->z F     unmapped_nand2         3 15.3     0   165    6478    (-,-) 
  u_crypto_synth_top/u_top/u_rsa/core_inst/montprod_inst/s_adder_sa/addinc_add_57_43/g1535/z (u)     in_1->z R     unmapped_nand2         1  5.5     0   104    6582    (-,-) 
  u_crypto_synth_top/u_top/u_rsa/core_inst/montprod_inst/s_adder_sa/addinc_add_57_43/g1531/z (u)     in_0->z F     unmapped_nand2         3 15.3     0   165    6748    (-,-) 
  u_crypto_synth_top/u_top/u_rsa/core_inst/montprod_inst/s_adder_sa/addinc_add_57_43/g1527/z (u)     in_1->z R     unmapped_nand2         1  5.5     0   104    6852    (-,-) 
  u_crypto_synth_top/u_top/u_rsa/core_inst/montprod_inst/s_adder_sa/addinc_add_57_43/g1526/z (u)     in_0->z F     unmapped_nand2         4 20.4     0   199    7050    (-,-) 
  u_crypto_synth_top/u_top/u_rsa/core_inst/montprod_inst/s_adder_sa/addinc_add_57_43/g1521/z (u)     in_0->z R     unmapped_complex2      1  5.5     0   104    7155    (-,-) 
  u_crypto_synth_top/u_top/u_rsa/core_inst/montprod_inst/s_adder_sa/addinc_add_57_43/g1520/z (u)     in_0->z F     unmapped_complex2      3 15.3     0   165    7320    (-,-) 
  u_crypto_synth_top/u_top/u_rsa/core_inst/montprod_inst/s_adder_sa/addinc_add_57_43/g1512/z (u)     in_1->z R     unmapped_nand2         1  5.5     0   104    7424    (-,-) 
  u_crypto_synth_top/u_top/u_rsa/core_inst/montprod_inst/s_adder_sa/addinc_add_57_43/g1511/z (u)     in_1->z F     unmapped_nand2         3 15.3     0   165    7589    (-,-) 
  u_crypto_synth_top/u_top/u_rsa/core_inst/montprod_inst/s_adder_sa/addinc_add_57_43/g1510/z (u)     in_0->z R     unmapped_nand2         1  5.5     0   104    7694    (-,-) 
  u_crypto_synth_top/u_top/u_rsa/core_inst/montprod_inst/s_adder_sa/addinc_add_57_43/g1506/z (u)     in_0->z F     unmapped_nand2         3 15.3     0   165    7859    (-,-) 
  u_crypto_synth_top/u_top/u_rsa/core_inst/montprod_inst/s_adder_sa/addinc_add_57_43/g1502/z (u)     in_1->z R     unmapped_nand2         1  5.5     0   104    7963    (-,-) 
  u_crypto_synth_top/u_top/u_rsa/core_inst/montprod_inst/s_adder_sa/addinc_add_57_43/g1501/z (u)     in_1->z F     unmapped_nand2         3 15.3     0   165    8128    (-,-) 
  u_crypto_synth_top/u_top/u_rsa/core_inst/montprod_inst/s_adder_sa/addinc_add_57_43/g1500/z (u)     in_1->z R     unmapped_nand2         1  5.5     0   104    8232    (-,-) 
  u_crypto_synth_top/u_top/u_rsa/core_inst/montprod_inst/s_adder_sa/addinc_add_57_43/g1496/z (u)     in_0->z F     unmapped_nand2         3 15.3     0   165    8398    (-,-) 
  u_crypto_synth_top/u_top/u_rsa/core_inst/montprod_inst/s_adder_sa/addinc_add_57_43/g1495/z (u)     in_1->z R     unmapped_nand2         1  5.5     0   104    8502    (-,-) 
  u_crypto_synth_top/u_top/u_rsa/core_inst/montprod_inst/s_adder_sa/addinc_add_57_43/g1491/z (u)     in_0->z F     unmapped_nand2         3 15.3     0   165    8667    (-,-) 
  u_crypto_synth_top/u_top/u_rsa/core_inst/montprod_inst/s_adder_sa/addinc_add_57_43/g1490/z (u)     in_1->z R     unmapped_nand2         1  5.5     0   104    8771    (-,-) 
  u_crypto_synth_top/u_top/u_rsa/core_inst/montprod_inst/s_adder_sa/addinc_add_57_43/g1486/z (u)     in_0->z F     unmapped_nand2         3 15.3     0   165    8936    (-,-) 
  u_crypto_synth_top/u_top/u_rsa/core_inst/montprod_inst/s_adder_sa/addinc_add_57_43/g1482/z (u)     in_1->z R     unmapped_nand2         1  5.5     0   104    9040    (-,-) 
  u_crypto_synth_top/u_top/u_rsa/core_inst/montprod_inst/s_adder_sa/addinc_add_57_43/g1481/z (u)     in_1->z F     unmapped_nand2         3 15.3     0   165    9206    (-,-) 
  u_crypto_synth_top/u_top/u_rsa/core_inst/montprod_inst/s_adder_sa/addinc_add_57_43/g1480/z (u)     in_0->z R     unmapped_nand2         1  5.5     0   104    9310    (-,-) 
  u_crypto_synth_top/u_top/u_rsa/core_inst/montprod_inst/s_adder_sa/addinc_add_57_43/g1476/z (u)     in_1->z F     unmapped_nand2         3 15.3     0   165    9475    (-,-) 
  u_crypto_synth_top/u_top/u_rsa/core_inst/montprod_inst/s_adder_sa/addinc_add_57_43/g1472/z (u)     in_1->z R     unmapped_nand2         1  5.5     0   104    9579    (-,-) 
  u_crypto_synth_top/u_top/u_rsa/core_inst/montprod_inst/s_adder_sa/addinc_add_57_43/g1471/z (u)     in_1->z F     unmapped_nand2         3 15.3     0   165    9744    (-,-) 
  u_crypto_synth_top/u_top/u_rsa/core_inst/montprod_inst/s_adder_sa/addinc_add_57_43/g1470/z (u)     in_0->z R     unmapped_nand2         1  5.5     0   104    9849    (-,-) 
  u_crypto_synth_top/u_top/u_rsa/core_inst/montprod_inst/s_adder_sa/addinc_add_57_43/g1466/z (u)     in_1->z F     unmapped_nand2         3 15.3     0   165   10014    (-,-) 
  u_crypto_synth_top/u_top/u_rsa/core_inst/montprod_inst/s_adder_sa/addinc_add_57_43/g1462/z (u)     in_1->z R     unmapped_nand2         1  5.5     0   104   10118    (-,-) 
  u_crypto_synth_top/u_top/u_rsa/core_inst/montprod_inst/s_adder_sa/addinc_add_57_43/g1461/z (u)     in_1->z F     unmapped_nand2         3 15.3     0   165   10283    (-,-) 
  u_crypto_synth_top/u_top/u_rsa/core_inst/montprod_inst/s_adder_sa/addinc_add_57_43/g1457/z (u)     in_1->z R     unmapped_nand2         1  5.5     0   104   10388    (-,-) 
  u_crypto_synth_top/u_top/u_rsa/core_inst/montprod_inst/s_adder_sa/addinc_add_57_43/g1456/z (u)     in_1->z F     unmapped_nand2         3 15.3     0   165   10553    (-,-) 
  u_crypto_synth_top/u_top/u_rsa/core_inst/montprod_inst/s_adder_sa/addinc_add_57_43/g1452/z (u)     in_1->z R     unmapped_nand2         1  5.5     0   104   10657    (-,-) 
  u_crypto_synth_top/u_top/u_rsa/core_inst/montprod_inst/s_adder_sa/addinc_add_57_43/g1451/z (u)     in_1->z F     unmapped_nand2         3 15.3     0   165   10822    (-,-) 
  u_crypto_synth_top/u_top/u_rsa/core_inst/montprod_inst/s_adder_sa/addinc_add_57_43/g1448/z (u)     in_0->z F     unmapped_or2           1  5.1     0   104   10926    (-,-) 
  u_crypto_synth_top/u_top/u_rsa/core_inst/montprod_inst/s_adder_sa/addinc_add_57_43/g1449/z (u)     in_1->z R     unmapped_nand2         1  5.5     0   104   11030    (-,-) 
  u_crypto_synth_top/u_top/u_rsa/core_inst/montprod_inst/g4462/z                             (u)     in_0->z F     unmapped_complex2      1  5.1     0   114   11145    (-,-) 
  u_crypto_synth_top/u_top/u_rsa/core_inst/montprod_inst/g4246/z                             (u)     in_1->z R     unmapped_complex2     32 33.0     0   363   11508    (-,-) 
  u_crypto_synth_top/u_top/u_rsa/core_inst/montprod_inst/s_mem/mem_reg[15][31]/d             -       -       R     unmapped_d_flop       32    -     -     0   11508    (-,-) 
#-----------------------------------------------------------------------------------------------------------------------------------------------------------------------------

(u) : Net has unmapped pin(s).



Path 33: MET (43364 ps) Setup Check with Pin u_crypto_synth_top/u_top/u_rsa/core_inst/montprod_inst/s_mem/mem_reg[14][31]/clk->d
          Group: R2R
     Startpoint: (R) u_crypto_synth_top/u_top/u_rsa/core_inst/montprod_select_reg_reg[2]/clk
          Clock: (R) MAIN_CLK
       Endpoint: (R) u_crypto_synth_top/u_top/u_rsa/core_inst/montprod_inst/s_mem/mem_reg[14][31]/d
          Clock: (R) MAIN_CLK

                     Capture       Launch     
        Clock Edge:+   58000            0     
       Src Latency:+     150          250     
       Net Latency:+       0 (I)        0 (I) 
           Arrival:=   58150          250     
                                              
             Setup:-     329                  
       Uncertainty:-    1450                  
       Path Adjust:+   -1500                  
     Required Time:=   54871                  
      Launch Clock:-     250                  
         Data Path:-   11258                  
             Slack:=   43364                  

Exceptions/Constraints:
  path_adjust            -1500            PA_C2C 

#-----------------------------------------------------------------------------------------------------------------------------------------------------------------------------
#                                       Timing Point                                         Flags    Arc    Edge       Cell         Fanout Load Trans Delay Arrival Instance 
#                                                                                                                                           (fF)  (ps)  (ps)   (ps)  Location 
#-----------------------------------------------------------------------------------------------------------------------------------------------------------------------------
  u_crypto_synth_top/u_top/u_rsa/core_inst/montprod_select_reg_reg[2]/clk                    -       -       R     (arrival)          19892    -     0     0     250    (-,-) 
  u_crypto_synth_top/u_top/u_rsa/core_inst/montprod_select_reg_reg[2]/q                      (u)     clk->q  R     unmapped_d_flop        7 38.5     0   881    1131    (-,-) 
  u_crypto_synth_top/u_top/u_rsa/core_inst/g4055/z                                           (u)     in_1->z R     unmapped_complex2     34 33.0     0   412    1543    (-,-) 
  u_crypto_synth_top/u_top/u_rsa/core_inst/g4058/z                                           (u)     in_1->z F     unmapped_nand2         1  5.1     0   125    1668    (-,-) 
  u_crypto_synth_top/u_top/u_rsa/core_inst/g4054/z                                           (u)     in_0->z R     unmapped_complex2     32 33.0     0   412    2080    (-,-) 
  u_crypto_synth_top/u_top/u_rsa/core_inst/g3958/z                                           (u)     in_1->z R     unmapped_complex2      1  5.5     0   125    2206    (-,-) 
  u_crypto_synth_top/u_top/u_rsa/core_inst/g3922/z                                           (u)     in_0->z F     unmapped_nand2         1  5.1     0   125    2331    (-,-) 
  u_crypto_synth_top/u_top/u_rsa/core_inst/g3905/z                                           (u)     in_1->z F     unmapped_or2           5 25.5     0   272    2602    (-,-) 
  u_crypto_synth_top/u_top/u_rsa/core_inst/montprod_inst/s_adder_sa/addinc_add_57_43/g1182/z (u)     in_1->z F     unmapped_or2           1  5.1     0   104    2707    (-,-) 
  u_crypto_synth_top/u_top/u_rsa/core_inst/montprod_inst/s_adder_sa/addinc_add_57_43/g1612/z (u)     in_0->z R     unmapped_nand2         1  5.5     0   104    2811    (-,-) 
  u_crypto_synth_top/u_top/u_rsa/core_inst/montprod_inst/s_adder_sa/addinc_add_57_43/g1602/z (u)     in_0->z F     unmapped_nand2         3 15.3     0   165    2976    (-,-) 
  u_crypto_synth_top/u_top/u_rsa/core_inst/montprod_inst/s_adder_sa/addinc_add_57_43/g1597/z (u)     in_1->z R     unmapped_nand2         1  5.5     0   104    3080    (-,-) 
  u_crypto_synth_top/u_top/u_rsa/core_inst/montprod_inst/s_adder_sa/addinc_add_57_43/g1596/z (u)     in_0->z F     unmapped_nand2         3 15.3     0   165    3245    (-,-) 
  u_crypto_synth_top/u_top/u_rsa/core_inst/montprod_inst/s_adder_sa/addinc_add_57_43/g1595/z (u)     in_1->z R     unmapped_nand2         1  5.5     0   104    3350    (-,-) 
  u_crypto_synth_top/u_top/u_rsa/core_inst/montprod_inst/s_adder_sa/addinc_add_57_43/g1591/z (u)     in_0->z F     unmapped_nand2         3 15.3     0   165    3515    (-,-) 
  u_crypto_synth_top/u_top/u_rsa/core_inst/montprod_inst/s_adder_sa/addinc_add_57_43/g1587/z (u)     in_1->z R     unmapped_nand2         1  5.5     0   104    3619    (-,-) 
  u_crypto_synth_top/u_top/u_rsa/core_inst/montprod_inst/s_adder_sa/addinc_add_57_43/g1586/z (u)     in_0->z F     unmapped_nand2         3 15.3     0   165    3784    (-,-) 
  u_crypto_synth_top/u_top/u_rsa/core_inst/montprod_inst/s_adder_sa/addinc_add_57_43/g1582/z (u)     in_1->z R     unmapped_nand2         1  5.5     0   104    3888    (-,-) 
  u_crypto_synth_top/u_top/u_rsa/core_inst/montprod_inst/s_adder_sa/addinc_add_57_43/g1581/z (u)     in_0->z F     unmapped_nand2         3 15.3     0   165    4054    (-,-) 
  u_crypto_synth_top/u_top/u_rsa/core_inst/montprod_inst/s_adder_sa/addinc_add_57_43/g1580/z (u)     in_1->z R     unmapped_nand2         1  5.5     0   104    4158    (-,-) 
  u_crypto_synth_top/u_top/u_rsa/core_inst/montprod_inst/s_adder_sa/addinc_add_57_43/g1576/z (u)     in_0->z F     unmapped_nand2         3 15.3     0   165    4323    (-,-) 
  u_crypto_synth_top/u_top/u_rsa/core_inst/montprod_inst/s_adder_sa/addinc_add_57_43/g1575/z (u)     in_1->z R     unmapped_nand2         1  5.5     0   104    4427    (-,-) 
  u_crypto_synth_top/u_top/u_rsa/core_inst/montprod_inst/s_adder_sa/addinc_add_57_43/g1571/z (u)     in_0->z F     unmapped_nand2         3 15.3     0   165    4592    (-,-) 
  u_crypto_synth_top/u_top/u_rsa/core_inst/montprod_inst/s_adder_sa/addinc_add_57_43/g1567/z (u)     in_1->z R     unmapped_nand2         1  5.5     0   104    4697    (-,-) 
  u_crypto_synth_top/u_top/u_rsa/core_inst/montprod_inst/s_adder_sa/addinc_add_57_43/g1566/z (u)     in_0->z F     unmapped_nand2         3 15.3     0   165    4862    (-,-) 
  u_crypto_synth_top/u_top/u_rsa/core_inst/montprod_inst/s_adder_sa/addinc_add_57_43/g1565/z (u)     in_1->z R     unmapped_nand2         1  5.5     0   104    4966    (-,-) 
  u_crypto_synth_top/u_top/u_rsa/core_inst/montprod_inst/s_adder_sa/addinc_add_57_43/g1561/z (u)     in_1->z F     unmapped_nand2         3 15.3     0   165    5131    (-,-) 
  u_crypto_synth_top/u_top/u_rsa/core_inst/montprod_inst/s_adder_sa/addinc_add_57_43/g1557/z (u)     in_1->z R     unmapped_nand2         1  5.5     0   104    5235    (-,-) 
  u_crypto_synth_top/u_top/u_rsa/core_inst/montprod_inst/s_adder_sa/addinc_add_57_43/g1556/z (u)     in_0->z F     unmapped_nand2         3 15.3     0   165    5401    (-,-) 
  u_crypto_synth_top/u_top/u_rsa/core_inst/montprod_inst/s_adder_sa/addinc_add_57_43/g1552/z (u)     in_1->z R     unmapped_nand2         1  5.5     0   104    5505    (-,-) 
  u_crypto_synth_top/u_top/u_rsa/core_inst/montprod_inst/s_adder_sa/addinc_add_57_43/g1551/z (u)     in_0->z F     unmapped_nand2         3 15.3     0   165    5670    (-,-) 
  u_crypto_synth_top/u_top/u_rsa/core_inst/montprod_inst/s_adder_sa/addinc_add_57_43/g1547/z (u)     in_1->z R     unmapped_nand2         1  5.5     0   104    5774    (-,-) 
  u_crypto_synth_top/u_top/u_rsa/core_inst/montprod_inst/s_adder_sa/addinc_add_57_43/g1546/z (u)     in_0->z F     unmapped_nand2         3 15.3     0   165    5939    (-,-) 
  u_crypto_synth_top/u_top/u_rsa/core_inst/montprod_inst/s_adder_sa/addinc_add_57_43/g1542/z (u)     in_1->z R     unmapped_nand2         1  5.5     0   104    6044    (-,-) 
  u_crypto_synth_top/u_top/u_rsa/core_inst/montprod_inst/s_adder_sa/addinc_add_57_43/g1541/z (u)     in_1->z F     unmapped_nand2         3 15.3     0   165    6209    (-,-) 
  u_crypto_synth_top/u_top/u_rsa/core_inst/montprod_inst/s_adder_sa/addinc_add_57_43/g1540/z (u)     in_1->z R     unmapped_nand2         1  5.5     0   104    6313    (-,-) 
  u_crypto_synth_top/u_top/u_rsa/core_inst/montprod_inst/s_adder_sa/addinc_add_57_43/g1536/z (u)     in_0->z F     unmapped_nand2         3 15.3     0   165    6478    (-,-) 
  u_crypto_synth_top/u_top/u_rsa/core_inst/montprod_inst/s_adder_sa/addinc_add_57_43/g1535/z (u)     in_1->z R     unmapped_nand2         1  5.5     0   104    6582    (-,-) 
  u_crypto_synth_top/u_top/u_rsa/core_inst/montprod_inst/s_adder_sa/addinc_add_57_43/g1531/z (u)     in_0->z F     unmapped_nand2         3 15.3     0   165    6748    (-,-) 
  u_crypto_synth_top/u_top/u_rsa/core_inst/montprod_inst/s_adder_sa/addinc_add_57_43/g1527/z (u)     in_1->z R     unmapped_nand2         1  5.5     0   104    6852    (-,-) 
  u_crypto_synth_top/u_top/u_rsa/core_inst/montprod_inst/s_adder_sa/addinc_add_57_43/g1526/z (u)     in_0->z F     unmapped_nand2         4 20.4     0   199    7050    (-,-) 
  u_crypto_synth_top/u_top/u_rsa/core_inst/montprod_inst/s_adder_sa/addinc_add_57_43/g1521/z (u)     in_0->z R     unmapped_complex2      1  5.5     0   104    7155    (-,-) 
  u_crypto_synth_top/u_top/u_rsa/core_inst/montprod_inst/s_adder_sa/addinc_add_57_43/g1520/z (u)     in_0->z F     unmapped_complex2      3 15.3     0   165    7320    (-,-) 
  u_crypto_synth_top/u_top/u_rsa/core_inst/montprod_inst/s_adder_sa/addinc_add_57_43/g1512/z (u)     in_1->z R     unmapped_nand2         1  5.5     0   104    7424    (-,-) 
  u_crypto_synth_top/u_top/u_rsa/core_inst/montprod_inst/s_adder_sa/addinc_add_57_43/g1511/z (u)     in_1->z F     unmapped_nand2         3 15.3     0   165    7589    (-,-) 
  u_crypto_synth_top/u_top/u_rsa/core_inst/montprod_inst/s_adder_sa/addinc_add_57_43/g1510/z (u)     in_0->z R     unmapped_nand2         1  5.5     0   104    7694    (-,-) 
  u_crypto_synth_top/u_top/u_rsa/core_inst/montprod_inst/s_adder_sa/addinc_add_57_43/g1506/z (u)     in_0->z F     unmapped_nand2         3 15.3     0   165    7859    (-,-) 
  u_crypto_synth_top/u_top/u_rsa/core_inst/montprod_inst/s_adder_sa/addinc_add_57_43/g1502/z (u)     in_1->z R     unmapped_nand2         1  5.5     0   104    7963    (-,-) 
  u_crypto_synth_top/u_top/u_rsa/core_inst/montprod_inst/s_adder_sa/addinc_add_57_43/g1501/z (u)     in_1->z F     unmapped_nand2         3 15.3     0   165    8128    (-,-) 
  u_crypto_synth_top/u_top/u_rsa/core_inst/montprod_inst/s_adder_sa/addinc_add_57_43/g1500/z (u)     in_1->z R     unmapped_nand2         1  5.5     0   104    8232    (-,-) 
  u_crypto_synth_top/u_top/u_rsa/core_inst/montprod_inst/s_adder_sa/addinc_add_57_43/g1496/z (u)     in_0->z F     unmapped_nand2         3 15.3     0   165    8398    (-,-) 
  u_crypto_synth_top/u_top/u_rsa/core_inst/montprod_inst/s_adder_sa/addinc_add_57_43/g1495/z (u)     in_1->z R     unmapped_nand2         1  5.5     0   104    8502    (-,-) 
  u_crypto_synth_top/u_top/u_rsa/core_inst/montprod_inst/s_adder_sa/addinc_add_57_43/g1491/z (u)     in_0->z F     unmapped_nand2         3 15.3     0   165    8667    (-,-) 
  u_crypto_synth_top/u_top/u_rsa/core_inst/montprod_inst/s_adder_sa/addinc_add_57_43/g1490/z (u)     in_1->z R     unmapped_nand2         1  5.5     0   104    8771    (-,-) 
  u_crypto_synth_top/u_top/u_rsa/core_inst/montprod_inst/s_adder_sa/addinc_add_57_43/g1486/z (u)     in_0->z F     unmapped_nand2         3 15.3     0   165    8936    (-,-) 
  u_crypto_synth_top/u_top/u_rsa/core_inst/montprod_inst/s_adder_sa/addinc_add_57_43/g1482/z (u)     in_1->z R     unmapped_nand2         1  5.5     0   104    9040    (-,-) 
  u_crypto_synth_top/u_top/u_rsa/core_inst/montprod_inst/s_adder_sa/addinc_add_57_43/g1481/z (u)     in_1->z F     unmapped_nand2         3 15.3     0   165    9206    (-,-) 
  u_crypto_synth_top/u_top/u_rsa/core_inst/montprod_inst/s_adder_sa/addinc_add_57_43/g1480/z (u)     in_0->z R     unmapped_nand2         1  5.5     0   104    9310    (-,-) 
  u_crypto_synth_top/u_top/u_rsa/core_inst/montprod_inst/s_adder_sa/addinc_add_57_43/g1476/z (u)     in_1->z F     unmapped_nand2         3 15.3     0   165    9475    (-,-) 
  u_crypto_synth_top/u_top/u_rsa/core_inst/montprod_inst/s_adder_sa/addinc_add_57_43/g1472/z (u)     in_1->z R     unmapped_nand2         1  5.5     0   104    9579    (-,-) 
  u_crypto_synth_top/u_top/u_rsa/core_inst/montprod_inst/s_adder_sa/addinc_add_57_43/g1471/z (u)     in_1->z F     unmapped_nand2         3 15.3     0   165    9744    (-,-) 
  u_crypto_synth_top/u_top/u_rsa/core_inst/montprod_inst/s_adder_sa/addinc_add_57_43/g1470/z (u)     in_0->z R     unmapped_nand2         1  5.5     0   104    9849    (-,-) 
  u_crypto_synth_top/u_top/u_rsa/core_inst/montprod_inst/s_adder_sa/addinc_add_57_43/g1466/z (u)     in_1->z F     unmapped_nand2         3 15.3     0   165   10014    (-,-) 
  u_crypto_synth_top/u_top/u_rsa/core_inst/montprod_inst/s_adder_sa/addinc_add_57_43/g1462/z (u)     in_1->z R     unmapped_nand2         1  5.5     0   104   10118    (-,-) 
  u_crypto_synth_top/u_top/u_rsa/core_inst/montprod_inst/s_adder_sa/addinc_add_57_43/g1461/z (u)     in_1->z F     unmapped_nand2         3 15.3     0   165   10283    (-,-) 
  u_crypto_synth_top/u_top/u_rsa/core_inst/montprod_inst/s_adder_sa/addinc_add_57_43/g1457/z (u)     in_1->z R     unmapped_nand2         1  5.5     0   104   10388    (-,-) 
  u_crypto_synth_top/u_top/u_rsa/core_inst/montprod_inst/s_adder_sa/addinc_add_57_43/g1456/z (u)     in_1->z F     unmapped_nand2         3 15.3     0   165   10553    (-,-) 
  u_crypto_synth_top/u_top/u_rsa/core_inst/montprod_inst/s_adder_sa/addinc_add_57_43/g1452/z (u)     in_1->z R     unmapped_nand2         1  5.5     0   104   10657    (-,-) 
  u_crypto_synth_top/u_top/u_rsa/core_inst/montprod_inst/s_adder_sa/addinc_add_57_43/g1451/z (u)     in_1->z F     unmapped_nand2         3 15.3     0   165   10822    (-,-) 
  u_crypto_synth_top/u_top/u_rsa/core_inst/montprod_inst/s_adder_sa/addinc_add_57_43/g1448/z (u)     in_0->z F     unmapped_or2           1  5.1     0   104   10926    (-,-) 
  u_crypto_synth_top/u_top/u_rsa/core_inst/montprod_inst/s_adder_sa/addinc_add_57_43/g1449/z (u)     in_1->z R     unmapped_nand2         1  5.5     0   104   11030    (-,-) 
  u_crypto_synth_top/u_top/u_rsa/core_inst/montprod_inst/g4462/z                             (u)     in_0->z F     unmapped_complex2      1  5.1     0   114   11145    (-,-) 
  u_crypto_synth_top/u_top/u_rsa/core_inst/montprod_inst/g4246/z                             (u)     in_1->z R     unmapped_complex2     32 33.0     0   363   11508    (-,-) 
  u_crypto_synth_top/u_top/u_rsa/core_inst/montprod_inst/s_mem/mem_reg[14][31]/d             -       -       R     unmapped_d_flop       32    -     -     0   11508    (-,-) 
#-----------------------------------------------------------------------------------------------------------------------------------------------------------------------------

(u) : Net has unmapped pin(s).



Path 34: MET (43364 ps) Setup Check with Pin u_crypto_synth_top/u_top/u_rsa/core_inst/montprod_inst/s_mem/mem_reg[13][31]/clk->d
          Group: R2R
     Startpoint: (R) u_crypto_synth_top/u_top/u_rsa/core_inst/montprod_select_reg_reg[2]/clk
          Clock: (R) MAIN_CLK
       Endpoint: (R) u_crypto_synth_top/u_top/u_rsa/core_inst/montprod_inst/s_mem/mem_reg[13][31]/d
          Clock: (R) MAIN_CLK

                     Capture       Launch     
        Clock Edge:+   58000            0     
       Src Latency:+     150          250     
       Net Latency:+       0 (I)        0 (I) 
           Arrival:=   58150          250     
                                              
             Setup:-     329                  
       Uncertainty:-    1450                  
       Path Adjust:+   -1500                  
     Required Time:=   54871                  
      Launch Clock:-     250                  
         Data Path:-   11258                  
             Slack:=   43364                  

Exceptions/Constraints:
  path_adjust            -1500            PA_C2C 

#-----------------------------------------------------------------------------------------------------------------------------------------------------------------------------
#                                       Timing Point                                         Flags    Arc    Edge       Cell         Fanout Load Trans Delay Arrival Instance 
#                                                                                                                                           (fF)  (ps)  (ps)   (ps)  Location 
#-----------------------------------------------------------------------------------------------------------------------------------------------------------------------------
  u_crypto_synth_top/u_top/u_rsa/core_inst/montprod_select_reg_reg[2]/clk                    -       -       R     (arrival)          19892    -     0     0     250    (-,-) 
  u_crypto_synth_top/u_top/u_rsa/core_inst/montprod_select_reg_reg[2]/q                      (u)     clk->q  R     unmapped_d_flop        7 38.5     0   881    1131    (-,-) 
  u_crypto_synth_top/u_top/u_rsa/core_inst/g4055/z                                           (u)     in_1->z R     unmapped_complex2     34 33.0     0   412    1543    (-,-) 
  u_crypto_synth_top/u_top/u_rsa/core_inst/g4058/z                                           (u)     in_1->z F     unmapped_nand2         1  5.1     0   125    1668    (-,-) 
  u_crypto_synth_top/u_top/u_rsa/core_inst/g4054/z                                           (u)     in_0->z R     unmapped_complex2     32 33.0     0   412    2080    (-,-) 
  u_crypto_synth_top/u_top/u_rsa/core_inst/g3958/z                                           (u)     in_1->z R     unmapped_complex2      1  5.5     0   125    2206    (-,-) 
  u_crypto_synth_top/u_top/u_rsa/core_inst/g3922/z                                           (u)     in_0->z F     unmapped_nand2         1  5.1     0   125    2331    (-,-) 
  u_crypto_synth_top/u_top/u_rsa/core_inst/g3905/z                                           (u)     in_1->z F     unmapped_or2           5 25.5     0   272    2602    (-,-) 
  u_crypto_synth_top/u_top/u_rsa/core_inst/montprod_inst/s_adder_sa/addinc_add_57_43/g1182/z (u)     in_1->z F     unmapped_or2           1  5.1     0   104    2707    (-,-) 
  u_crypto_synth_top/u_top/u_rsa/core_inst/montprod_inst/s_adder_sa/addinc_add_57_43/g1612/z (u)     in_0->z R     unmapped_nand2         1  5.5     0   104    2811    (-,-) 
  u_crypto_synth_top/u_top/u_rsa/core_inst/montprod_inst/s_adder_sa/addinc_add_57_43/g1602/z (u)     in_0->z F     unmapped_nand2         3 15.3     0   165    2976    (-,-) 
  u_crypto_synth_top/u_top/u_rsa/core_inst/montprod_inst/s_adder_sa/addinc_add_57_43/g1597/z (u)     in_1->z R     unmapped_nand2         1  5.5     0   104    3080    (-,-) 
  u_crypto_synth_top/u_top/u_rsa/core_inst/montprod_inst/s_adder_sa/addinc_add_57_43/g1596/z (u)     in_0->z F     unmapped_nand2         3 15.3     0   165    3245    (-,-) 
  u_crypto_synth_top/u_top/u_rsa/core_inst/montprod_inst/s_adder_sa/addinc_add_57_43/g1595/z (u)     in_1->z R     unmapped_nand2         1  5.5     0   104    3350    (-,-) 
  u_crypto_synth_top/u_top/u_rsa/core_inst/montprod_inst/s_adder_sa/addinc_add_57_43/g1591/z (u)     in_0->z F     unmapped_nand2         3 15.3     0   165    3515    (-,-) 
  u_crypto_synth_top/u_top/u_rsa/core_inst/montprod_inst/s_adder_sa/addinc_add_57_43/g1587/z (u)     in_1->z R     unmapped_nand2         1  5.5     0   104    3619    (-,-) 
  u_crypto_synth_top/u_top/u_rsa/core_inst/montprod_inst/s_adder_sa/addinc_add_57_43/g1586/z (u)     in_0->z F     unmapped_nand2         3 15.3     0   165    3784    (-,-) 
  u_crypto_synth_top/u_top/u_rsa/core_inst/montprod_inst/s_adder_sa/addinc_add_57_43/g1582/z (u)     in_1->z R     unmapped_nand2         1  5.5     0   104    3888    (-,-) 
  u_crypto_synth_top/u_top/u_rsa/core_inst/montprod_inst/s_adder_sa/addinc_add_57_43/g1581/z (u)     in_0->z F     unmapped_nand2         3 15.3     0   165    4054    (-,-) 
  u_crypto_synth_top/u_top/u_rsa/core_inst/montprod_inst/s_adder_sa/addinc_add_57_43/g1580/z (u)     in_1->z R     unmapped_nand2         1  5.5     0   104    4158    (-,-) 
  u_crypto_synth_top/u_top/u_rsa/core_inst/montprod_inst/s_adder_sa/addinc_add_57_43/g1576/z (u)     in_0->z F     unmapped_nand2         3 15.3     0   165    4323    (-,-) 
  u_crypto_synth_top/u_top/u_rsa/core_inst/montprod_inst/s_adder_sa/addinc_add_57_43/g1575/z (u)     in_1->z R     unmapped_nand2         1  5.5     0   104    4427    (-,-) 
  u_crypto_synth_top/u_top/u_rsa/core_inst/montprod_inst/s_adder_sa/addinc_add_57_43/g1571/z (u)     in_0->z F     unmapped_nand2         3 15.3     0   165    4592    (-,-) 
  u_crypto_synth_top/u_top/u_rsa/core_inst/montprod_inst/s_adder_sa/addinc_add_57_43/g1567/z (u)     in_1->z R     unmapped_nand2         1  5.5     0   104    4697    (-,-) 
  u_crypto_synth_top/u_top/u_rsa/core_inst/montprod_inst/s_adder_sa/addinc_add_57_43/g1566/z (u)     in_0->z F     unmapped_nand2         3 15.3     0   165    4862    (-,-) 
  u_crypto_synth_top/u_top/u_rsa/core_inst/montprod_inst/s_adder_sa/addinc_add_57_43/g1565/z (u)     in_1->z R     unmapped_nand2         1  5.5     0   104    4966    (-,-) 
  u_crypto_synth_top/u_top/u_rsa/core_inst/montprod_inst/s_adder_sa/addinc_add_57_43/g1561/z (u)     in_1->z F     unmapped_nand2         3 15.3     0   165    5131    (-,-) 
  u_crypto_synth_top/u_top/u_rsa/core_inst/montprod_inst/s_adder_sa/addinc_add_57_43/g1557/z (u)     in_1->z R     unmapped_nand2         1  5.5     0   104    5235    (-,-) 
  u_crypto_synth_top/u_top/u_rsa/core_inst/montprod_inst/s_adder_sa/addinc_add_57_43/g1556/z (u)     in_0->z F     unmapped_nand2         3 15.3     0   165    5401    (-,-) 
  u_crypto_synth_top/u_top/u_rsa/core_inst/montprod_inst/s_adder_sa/addinc_add_57_43/g1552/z (u)     in_1->z R     unmapped_nand2         1  5.5     0   104    5505    (-,-) 
  u_crypto_synth_top/u_top/u_rsa/core_inst/montprod_inst/s_adder_sa/addinc_add_57_43/g1551/z (u)     in_0->z F     unmapped_nand2         3 15.3     0   165    5670    (-,-) 
  u_crypto_synth_top/u_top/u_rsa/core_inst/montprod_inst/s_adder_sa/addinc_add_57_43/g1547/z (u)     in_1->z R     unmapped_nand2         1  5.5     0   104    5774    (-,-) 
  u_crypto_synth_top/u_top/u_rsa/core_inst/montprod_inst/s_adder_sa/addinc_add_57_43/g1546/z (u)     in_0->z F     unmapped_nand2         3 15.3     0   165    5939    (-,-) 
  u_crypto_synth_top/u_top/u_rsa/core_inst/montprod_inst/s_adder_sa/addinc_add_57_43/g1542/z (u)     in_1->z R     unmapped_nand2         1  5.5     0   104    6044    (-,-) 
  u_crypto_synth_top/u_top/u_rsa/core_inst/montprod_inst/s_adder_sa/addinc_add_57_43/g1541/z (u)     in_1->z F     unmapped_nand2         3 15.3     0   165    6209    (-,-) 
  u_crypto_synth_top/u_top/u_rsa/core_inst/montprod_inst/s_adder_sa/addinc_add_57_43/g1540/z (u)     in_1->z R     unmapped_nand2         1  5.5     0   104    6313    (-,-) 
  u_crypto_synth_top/u_top/u_rsa/core_inst/montprod_inst/s_adder_sa/addinc_add_57_43/g1536/z (u)     in_0->z F     unmapped_nand2         3 15.3     0   165    6478    (-,-) 
  u_crypto_synth_top/u_top/u_rsa/core_inst/montprod_inst/s_adder_sa/addinc_add_57_43/g1535/z (u)     in_1->z R     unmapped_nand2         1  5.5     0   104    6582    (-,-) 
  u_crypto_synth_top/u_top/u_rsa/core_inst/montprod_inst/s_adder_sa/addinc_add_57_43/g1531/z (u)     in_0->z F     unmapped_nand2         3 15.3     0   165    6748    (-,-) 
  u_crypto_synth_top/u_top/u_rsa/core_inst/montprod_inst/s_adder_sa/addinc_add_57_43/g1527/z (u)     in_1->z R     unmapped_nand2         1  5.5     0   104    6852    (-,-) 
  u_crypto_synth_top/u_top/u_rsa/core_inst/montprod_inst/s_adder_sa/addinc_add_57_43/g1526/z (u)     in_0->z F     unmapped_nand2         4 20.4     0   199    7050    (-,-) 
  u_crypto_synth_top/u_top/u_rsa/core_inst/montprod_inst/s_adder_sa/addinc_add_57_43/g1521/z (u)     in_0->z R     unmapped_complex2      1  5.5     0   104    7155    (-,-) 
  u_crypto_synth_top/u_top/u_rsa/core_inst/montprod_inst/s_adder_sa/addinc_add_57_43/g1520/z (u)     in_0->z F     unmapped_complex2      3 15.3     0   165    7320    (-,-) 
  u_crypto_synth_top/u_top/u_rsa/core_inst/montprod_inst/s_adder_sa/addinc_add_57_43/g1512/z (u)     in_1->z R     unmapped_nand2         1  5.5     0   104    7424    (-,-) 
  u_crypto_synth_top/u_top/u_rsa/core_inst/montprod_inst/s_adder_sa/addinc_add_57_43/g1511/z (u)     in_1->z F     unmapped_nand2         3 15.3     0   165    7589    (-,-) 
  u_crypto_synth_top/u_top/u_rsa/core_inst/montprod_inst/s_adder_sa/addinc_add_57_43/g1510/z (u)     in_0->z R     unmapped_nand2         1  5.5     0   104    7694    (-,-) 
  u_crypto_synth_top/u_top/u_rsa/core_inst/montprod_inst/s_adder_sa/addinc_add_57_43/g1506/z (u)     in_0->z F     unmapped_nand2         3 15.3     0   165    7859    (-,-) 
  u_crypto_synth_top/u_top/u_rsa/core_inst/montprod_inst/s_adder_sa/addinc_add_57_43/g1502/z (u)     in_1->z R     unmapped_nand2         1  5.5     0   104    7963    (-,-) 
  u_crypto_synth_top/u_top/u_rsa/core_inst/montprod_inst/s_adder_sa/addinc_add_57_43/g1501/z (u)     in_1->z F     unmapped_nand2         3 15.3     0   165    8128    (-,-) 
  u_crypto_synth_top/u_top/u_rsa/core_inst/montprod_inst/s_adder_sa/addinc_add_57_43/g1500/z (u)     in_1->z R     unmapped_nand2         1  5.5     0   104    8232    (-,-) 
  u_crypto_synth_top/u_top/u_rsa/core_inst/montprod_inst/s_adder_sa/addinc_add_57_43/g1496/z (u)     in_0->z F     unmapped_nand2         3 15.3     0   165    8398    (-,-) 
  u_crypto_synth_top/u_top/u_rsa/core_inst/montprod_inst/s_adder_sa/addinc_add_57_43/g1495/z (u)     in_1->z R     unmapped_nand2         1  5.5     0   104    8502    (-,-) 
  u_crypto_synth_top/u_top/u_rsa/core_inst/montprod_inst/s_adder_sa/addinc_add_57_43/g1491/z (u)     in_0->z F     unmapped_nand2         3 15.3     0   165    8667    (-,-) 
  u_crypto_synth_top/u_top/u_rsa/core_inst/montprod_inst/s_adder_sa/addinc_add_57_43/g1490/z (u)     in_1->z R     unmapped_nand2         1  5.5     0   104    8771    (-,-) 
  u_crypto_synth_top/u_top/u_rsa/core_inst/montprod_inst/s_adder_sa/addinc_add_57_43/g1486/z (u)     in_0->z F     unmapped_nand2         3 15.3     0   165    8936    (-,-) 
  u_crypto_synth_top/u_top/u_rsa/core_inst/montprod_inst/s_adder_sa/addinc_add_57_43/g1482/z (u)     in_1->z R     unmapped_nand2         1  5.5     0   104    9040    (-,-) 
  u_crypto_synth_top/u_top/u_rsa/core_inst/montprod_inst/s_adder_sa/addinc_add_57_43/g1481/z (u)     in_1->z F     unmapped_nand2         3 15.3     0   165    9206    (-,-) 
  u_crypto_synth_top/u_top/u_rsa/core_inst/montprod_inst/s_adder_sa/addinc_add_57_43/g1480/z (u)     in_0->z R     unmapped_nand2         1  5.5     0   104    9310    (-,-) 
  u_crypto_synth_top/u_top/u_rsa/core_inst/montprod_inst/s_adder_sa/addinc_add_57_43/g1476/z (u)     in_1->z F     unmapped_nand2         3 15.3     0   165    9475    (-,-) 
  u_crypto_synth_top/u_top/u_rsa/core_inst/montprod_inst/s_adder_sa/addinc_add_57_43/g1472/z (u)     in_1->z R     unmapped_nand2         1  5.5     0   104    9579    (-,-) 
  u_crypto_synth_top/u_top/u_rsa/core_inst/montprod_inst/s_adder_sa/addinc_add_57_43/g1471/z (u)     in_1->z F     unmapped_nand2         3 15.3     0   165    9744    (-,-) 
  u_crypto_synth_top/u_top/u_rsa/core_inst/montprod_inst/s_adder_sa/addinc_add_57_43/g1470/z (u)     in_0->z R     unmapped_nand2         1  5.5     0   104    9849    (-,-) 
  u_crypto_synth_top/u_top/u_rsa/core_inst/montprod_inst/s_adder_sa/addinc_add_57_43/g1466/z (u)     in_1->z F     unmapped_nand2         3 15.3     0   165   10014    (-,-) 
  u_crypto_synth_top/u_top/u_rsa/core_inst/montprod_inst/s_adder_sa/addinc_add_57_43/g1462/z (u)     in_1->z R     unmapped_nand2         1  5.5     0   104   10118    (-,-) 
  u_crypto_synth_top/u_top/u_rsa/core_inst/montprod_inst/s_adder_sa/addinc_add_57_43/g1461/z (u)     in_1->z F     unmapped_nand2         3 15.3     0   165   10283    (-,-) 
  u_crypto_synth_top/u_top/u_rsa/core_inst/montprod_inst/s_adder_sa/addinc_add_57_43/g1457/z (u)     in_1->z R     unmapped_nand2         1  5.5     0   104   10388    (-,-) 
  u_crypto_synth_top/u_top/u_rsa/core_inst/montprod_inst/s_adder_sa/addinc_add_57_43/g1456/z (u)     in_1->z F     unmapped_nand2         3 15.3     0   165   10553    (-,-) 
  u_crypto_synth_top/u_top/u_rsa/core_inst/montprod_inst/s_adder_sa/addinc_add_57_43/g1452/z (u)     in_1->z R     unmapped_nand2         1  5.5     0   104   10657    (-,-) 
  u_crypto_synth_top/u_top/u_rsa/core_inst/montprod_inst/s_adder_sa/addinc_add_57_43/g1451/z (u)     in_1->z F     unmapped_nand2         3 15.3     0   165   10822    (-,-) 
  u_crypto_synth_top/u_top/u_rsa/core_inst/montprod_inst/s_adder_sa/addinc_add_57_43/g1448/z (u)     in_0->z F     unmapped_or2           1  5.1     0   104   10926    (-,-) 
  u_crypto_synth_top/u_top/u_rsa/core_inst/montprod_inst/s_adder_sa/addinc_add_57_43/g1449/z (u)     in_1->z R     unmapped_nand2         1  5.5     0   104   11030    (-,-) 
  u_crypto_synth_top/u_top/u_rsa/core_inst/montprod_inst/g4462/z                             (u)     in_0->z F     unmapped_complex2      1  5.1     0   114   11145    (-,-) 
  u_crypto_synth_top/u_top/u_rsa/core_inst/montprod_inst/g4246/z                             (u)     in_1->z R     unmapped_complex2     32 33.0     0   363   11508    (-,-) 
  u_crypto_synth_top/u_top/u_rsa/core_inst/montprod_inst/s_mem/mem_reg[13][31]/d             -       -       R     unmapped_d_flop       32    -     -     0   11508    (-,-) 
#-----------------------------------------------------------------------------------------------------------------------------------------------------------------------------

(u) : Net has unmapped pin(s).



Path 35: MET (43364 ps) Setup Check with Pin u_crypto_synth_top/u_top/u_rsa/core_inst/montprod_inst/s_mem/mem_reg[12][31]/clk->d
          Group: R2R
     Startpoint: (R) u_crypto_synth_top/u_top/u_rsa/core_inst/montprod_select_reg_reg[2]/clk
          Clock: (R) MAIN_CLK
       Endpoint: (R) u_crypto_synth_top/u_top/u_rsa/core_inst/montprod_inst/s_mem/mem_reg[12][31]/d
          Clock: (R) MAIN_CLK

                     Capture       Launch     
        Clock Edge:+   58000            0     
       Src Latency:+     150          250     
       Net Latency:+       0 (I)        0 (I) 
           Arrival:=   58150          250     
                                              
             Setup:-     329                  
       Uncertainty:-    1450                  
       Path Adjust:+   -1500                  
     Required Time:=   54871                  
      Launch Clock:-     250                  
         Data Path:-   11258                  
             Slack:=   43364                  

Exceptions/Constraints:
  path_adjust            -1500            PA_C2C 

#-----------------------------------------------------------------------------------------------------------------------------------------------------------------------------
#                                       Timing Point                                         Flags    Arc    Edge       Cell         Fanout Load Trans Delay Arrival Instance 
#                                                                                                                                           (fF)  (ps)  (ps)   (ps)  Location 
#-----------------------------------------------------------------------------------------------------------------------------------------------------------------------------
  u_crypto_synth_top/u_top/u_rsa/core_inst/montprod_select_reg_reg[2]/clk                    -       -       R     (arrival)          19892    -     0     0     250    (-,-) 
  u_crypto_synth_top/u_top/u_rsa/core_inst/montprod_select_reg_reg[2]/q                      (u)     clk->q  R     unmapped_d_flop        7 38.5     0   881    1131    (-,-) 
  u_crypto_synth_top/u_top/u_rsa/core_inst/g4055/z                                           (u)     in_1->z R     unmapped_complex2     34 33.0     0   412    1543    (-,-) 
  u_crypto_synth_top/u_top/u_rsa/core_inst/g4058/z                                           (u)     in_1->z F     unmapped_nand2         1  5.1     0   125    1668    (-,-) 
  u_crypto_synth_top/u_top/u_rsa/core_inst/g4054/z                                           (u)     in_0->z R     unmapped_complex2     32 33.0     0   412    2080    (-,-) 
  u_crypto_synth_top/u_top/u_rsa/core_inst/g3958/z                                           (u)     in_1->z R     unmapped_complex2      1  5.5     0   125    2206    (-,-) 
  u_crypto_synth_top/u_top/u_rsa/core_inst/g3922/z                                           (u)     in_0->z F     unmapped_nand2         1  5.1     0   125    2331    (-,-) 
  u_crypto_synth_top/u_top/u_rsa/core_inst/g3905/z                                           (u)     in_1->z F     unmapped_or2           5 25.5     0   272    2602    (-,-) 
  u_crypto_synth_top/u_top/u_rsa/core_inst/montprod_inst/s_adder_sa/addinc_add_57_43/g1182/z (u)     in_1->z F     unmapped_or2           1  5.1     0   104    2707    (-,-) 
  u_crypto_synth_top/u_top/u_rsa/core_inst/montprod_inst/s_adder_sa/addinc_add_57_43/g1612/z (u)     in_0->z R     unmapped_nand2         1  5.5     0   104    2811    (-,-) 
  u_crypto_synth_top/u_top/u_rsa/core_inst/montprod_inst/s_adder_sa/addinc_add_57_43/g1602/z (u)     in_0->z F     unmapped_nand2         3 15.3     0   165    2976    (-,-) 
  u_crypto_synth_top/u_top/u_rsa/core_inst/montprod_inst/s_adder_sa/addinc_add_57_43/g1597/z (u)     in_1->z R     unmapped_nand2         1  5.5     0   104    3080    (-,-) 
  u_crypto_synth_top/u_top/u_rsa/core_inst/montprod_inst/s_adder_sa/addinc_add_57_43/g1596/z (u)     in_0->z F     unmapped_nand2         3 15.3     0   165    3245    (-,-) 
  u_crypto_synth_top/u_top/u_rsa/core_inst/montprod_inst/s_adder_sa/addinc_add_57_43/g1595/z (u)     in_1->z R     unmapped_nand2         1  5.5     0   104    3350    (-,-) 
  u_crypto_synth_top/u_top/u_rsa/core_inst/montprod_inst/s_adder_sa/addinc_add_57_43/g1591/z (u)     in_0->z F     unmapped_nand2         3 15.3     0   165    3515    (-,-) 
  u_crypto_synth_top/u_top/u_rsa/core_inst/montprod_inst/s_adder_sa/addinc_add_57_43/g1587/z (u)     in_1->z R     unmapped_nand2         1  5.5     0   104    3619    (-,-) 
  u_crypto_synth_top/u_top/u_rsa/core_inst/montprod_inst/s_adder_sa/addinc_add_57_43/g1586/z (u)     in_0->z F     unmapped_nand2         3 15.3     0   165    3784    (-,-) 
  u_crypto_synth_top/u_top/u_rsa/core_inst/montprod_inst/s_adder_sa/addinc_add_57_43/g1582/z (u)     in_1->z R     unmapped_nand2         1  5.5     0   104    3888    (-,-) 
  u_crypto_synth_top/u_top/u_rsa/core_inst/montprod_inst/s_adder_sa/addinc_add_57_43/g1581/z (u)     in_0->z F     unmapped_nand2         3 15.3     0   165    4054    (-,-) 
  u_crypto_synth_top/u_top/u_rsa/core_inst/montprod_inst/s_adder_sa/addinc_add_57_43/g1580/z (u)     in_1->z R     unmapped_nand2         1  5.5     0   104    4158    (-,-) 
  u_crypto_synth_top/u_top/u_rsa/core_inst/montprod_inst/s_adder_sa/addinc_add_57_43/g1576/z (u)     in_0->z F     unmapped_nand2         3 15.3     0   165    4323    (-,-) 
  u_crypto_synth_top/u_top/u_rsa/core_inst/montprod_inst/s_adder_sa/addinc_add_57_43/g1575/z (u)     in_1->z R     unmapped_nand2         1  5.5     0   104    4427    (-,-) 
  u_crypto_synth_top/u_top/u_rsa/core_inst/montprod_inst/s_adder_sa/addinc_add_57_43/g1571/z (u)     in_0->z F     unmapped_nand2         3 15.3     0   165    4592    (-,-) 
  u_crypto_synth_top/u_top/u_rsa/core_inst/montprod_inst/s_adder_sa/addinc_add_57_43/g1567/z (u)     in_1->z R     unmapped_nand2         1  5.5     0   104    4697    (-,-) 
  u_crypto_synth_top/u_top/u_rsa/core_inst/montprod_inst/s_adder_sa/addinc_add_57_43/g1566/z (u)     in_0->z F     unmapped_nand2         3 15.3     0   165    4862    (-,-) 
  u_crypto_synth_top/u_top/u_rsa/core_inst/montprod_inst/s_adder_sa/addinc_add_57_43/g1565/z (u)     in_1->z R     unmapped_nand2         1  5.5     0   104    4966    (-,-) 
  u_crypto_synth_top/u_top/u_rsa/core_inst/montprod_inst/s_adder_sa/addinc_add_57_43/g1561/z (u)     in_1->z F     unmapped_nand2         3 15.3     0   165    5131    (-,-) 
  u_crypto_synth_top/u_top/u_rsa/core_inst/montprod_inst/s_adder_sa/addinc_add_57_43/g1557/z (u)     in_1->z R     unmapped_nand2         1  5.5     0   104    5235    (-,-) 
  u_crypto_synth_top/u_top/u_rsa/core_inst/montprod_inst/s_adder_sa/addinc_add_57_43/g1556/z (u)     in_0->z F     unmapped_nand2         3 15.3     0   165    5401    (-,-) 
  u_crypto_synth_top/u_top/u_rsa/core_inst/montprod_inst/s_adder_sa/addinc_add_57_43/g1552/z (u)     in_1->z R     unmapped_nand2         1  5.5     0   104    5505    (-,-) 
  u_crypto_synth_top/u_top/u_rsa/core_inst/montprod_inst/s_adder_sa/addinc_add_57_43/g1551/z (u)     in_0->z F     unmapped_nand2         3 15.3     0   165    5670    (-,-) 
  u_crypto_synth_top/u_top/u_rsa/core_inst/montprod_inst/s_adder_sa/addinc_add_57_43/g1547/z (u)     in_1->z R     unmapped_nand2         1  5.5     0   104    5774    (-,-) 
  u_crypto_synth_top/u_top/u_rsa/core_inst/montprod_inst/s_adder_sa/addinc_add_57_43/g1546/z (u)     in_0->z F     unmapped_nand2         3 15.3     0   165    5939    (-,-) 
  u_crypto_synth_top/u_top/u_rsa/core_inst/montprod_inst/s_adder_sa/addinc_add_57_43/g1542/z (u)     in_1->z R     unmapped_nand2         1  5.5     0   104    6044    (-,-) 
  u_crypto_synth_top/u_top/u_rsa/core_inst/montprod_inst/s_adder_sa/addinc_add_57_43/g1541/z (u)     in_1->z F     unmapped_nand2         3 15.3     0   165    6209    (-,-) 
  u_crypto_synth_top/u_top/u_rsa/core_inst/montprod_inst/s_adder_sa/addinc_add_57_43/g1540/z (u)     in_1->z R     unmapped_nand2         1  5.5     0   104    6313    (-,-) 
  u_crypto_synth_top/u_top/u_rsa/core_inst/montprod_inst/s_adder_sa/addinc_add_57_43/g1536/z (u)     in_0->z F     unmapped_nand2         3 15.3     0   165    6478    (-,-) 
  u_crypto_synth_top/u_top/u_rsa/core_inst/montprod_inst/s_adder_sa/addinc_add_57_43/g1535/z (u)     in_1->z R     unmapped_nand2         1  5.5     0   104    6582    (-,-) 
  u_crypto_synth_top/u_top/u_rsa/core_inst/montprod_inst/s_adder_sa/addinc_add_57_43/g1531/z (u)     in_0->z F     unmapped_nand2         3 15.3     0   165    6748    (-,-) 
  u_crypto_synth_top/u_top/u_rsa/core_inst/montprod_inst/s_adder_sa/addinc_add_57_43/g1527/z (u)     in_1->z R     unmapped_nand2         1  5.5     0   104    6852    (-,-) 
  u_crypto_synth_top/u_top/u_rsa/core_inst/montprod_inst/s_adder_sa/addinc_add_57_43/g1526/z (u)     in_0->z F     unmapped_nand2         4 20.4     0   199    7050    (-,-) 
  u_crypto_synth_top/u_top/u_rsa/core_inst/montprod_inst/s_adder_sa/addinc_add_57_43/g1521/z (u)     in_0->z R     unmapped_complex2      1  5.5     0   104    7155    (-,-) 
  u_crypto_synth_top/u_top/u_rsa/core_inst/montprod_inst/s_adder_sa/addinc_add_57_43/g1520/z (u)     in_0->z F     unmapped_complex2      3 15.3     0   165    7320    (-,-) 
  u_crypto_synth_top/u_top/u_rsa/core_inst/montprod_inst/s_adder_sa/addinc_add_57_43/g1512/z (u)     in_1->z R     unmapped_nand2         1  5.5     0   104    7424    (-,-) 
  u_crypto_synth_top/u_top/u_rsa/core_inst/montprod_inst/s_adder_sa/addinc_add_57_43/g1511/z (u)     in_1->z F     unmapped_nand2         3 15.3     0   165    7589    (-,-) 
  u_crypto_synth_top/u_top/u_rsa/core_inst/montprod_inst/s_adder_sa/addinc_add_57_43/g1510/z (u)     in_0->z R     unmapped_nand2         1  5.5     0   104    7694    (-,-) 
  u_crypto_synth_top/u_top/u_rsa/core_inst/montprod_inst/s_adder_sa/addinc_add_57_43/g1506/z (u)     in_0->z F     unmapped_nand2         3 15.3     0   165    7859    (-,-) 
  u_crypto_synth_top/u_top/u_rsa/core_inst/montprod_inst/s_adder_sa/addinc_add_57_43/g1502/z (u)     in_1->z R     unmapped_nand2         1  5.5     0   104    7963    (-,-) 
  u_crypto_synth_top/u_top/u_rsa/core_inst/montprod_inst/s_adder_sa/addinc_add_57_43/g1501/z (u)     in_1->z F     unmapped_nand2         3 15.3     0   165    8128    (-,-) 
  u_crypto_synth_top/u_top/u_rsa/core_inst/montprod_inst/s_adder_sa/addinc_add_57_43/g1500/z (u)     in_1->z R     unmapped_nand2         1  5.5     0   104    8232    (-,-) 
  u_crypto_synth_top/u_top/u_rsa/core_inst/montprod_inst/s_adder_sa/addinc_add_57_43/g1496/z (u)     in_0->z F     unmapped_nand2         3 15.3     0   165    8398    (-,-) 
  u_crypto_synth_top/u_top/u_rsa/core_inst/montprod_inst/s_adder_sa/addinc_add_57_43/g1495/z (u)     in_1->z R     unmapped_nand2         1  5.5     0   104    8502    (-,-) 
  u_crypto_synth_top/u_top/u_rsa/core_inst/montprod_inst/s_adder_sa/addinc_add_57_43/g1491/z (u)     in_0->z F     unmapped_nand2         3 15.3     0   165    8667    (-,-) 
  u_crypto_synth_top/u_top/u_rsa/core_inst/montprod_inst/s_adder_sa/addinc_add_57_43/g1490/z (u)     in_1->z R     unmapped_nand2         1  5.5     0   104    8771    (-,-) 
  u_crypto_synth_top/u_top/u_rsa/core_inst/montprod_inst/s_adder_sa/addinc_add_57_43/g1486/z (u)     in_0->z F     unmapped_nand2         3 15.3     0   165    8936    (-,-) 
  u_crypto_synth_top/u_top/u_rsa/core_inst/montprod_inst/s_adder_sa/addinc_add_57_43/g1482/z (u)     in_1->z R     unmapped_nand2         1  5.5     0   104    9040    (-,-) 
  u_crypto_synth_top/u_top/u_rsa/core_inst/montprod_inst/s_adder_sa/addinc_add_57_43/g1481/z (u)     in_1->z F     unmapped_nand2         3 15.3     0   165    9206    (-,-) 
  u_crypto_synth_top/u_top/u_rsa/core_inst/montprod_inst/s_adder_sa/addinc_add_57_43/g1480/z (u)     in_0->z R     unmapped_nand2         1  5.5     0   104    9310    (-,-) 
  u_crypto_synth_top/u_top/u_rsa/core_inst/montprod_inst/s_adder_sa/addinc_add_57_43/g1476/z (u)     in_1->z F     unmapped_nand2         3 15.3     0   165    9475    (-,-) 
  u_crypto_synth_top/u_top/u_rsa/core_inst/montprod_inst/s_adder_sa/addinc_add_57_43/g1472/z (u)     in_1->z R     unmapped_nand2         1  5.5     0   104    9579    (-,-) 
  u_crypto_synth_top/u_top/u_rsa/core_inst/montprod_inst/s_adder_sa/addinc_add_57_43/g1471/z (u)     in_1->z F     unmapped_nand2         3 15.3     0   165    9744    (-,-) 
  u_crypto_synth_top/u_top/u_rsa/core_inst/montprod_inst/s_adder_sa/addinc_add_57_43/g1470/z (u)     in_0->z R     unmapped_nand2         1  5.5     0   104    9849    (-,-) 
  u_crypto_synth_top/u_top/u_rsa/core_inst/montprod_inst/s_adder_sa/addinc_add_57_43/g1466/z (u)     in_1->z F     unmapped_nand2         3 15.3     0   165   10014    (-,-) 
  u_crypto_synth_top/u_top/u_rsa/core_inst/montprod_inst/s_adder_sa/addinc_add_57_43/g1462/z (u)     in_1->z R     unmapped_nand2         1  5.5     0   104   10118    (-,-) 
  u_crypto_synth_top/u_top/u_rsa/core_inst/montprod_inst/s_adder_sa/addinc_add_57_43/g1461/z (u)     in_1->z F     unmapped_nand2         3 15.3     0   165   10283    (-,-) 
  u_crypto_synth_top/u_top/u_rsa/core_inst/montprod_inst/s_adder_sa/addinc_add_57_43/g1457/z (u)     in_1->z R     unmapped_nand2         1  5.5     0   104   10388    (-,-) 
  u_crypto_synth_top/u_top/u_rsa/core_inst/montprod_inst/s_adder_sa/addinc_add_57_43/g1456/z (u)     in_1->z F     unmapped_nand2         3 15.3     0   165   10553    (-,-) 
  u_crypto_synth_top/u_top/u_rsa/core_inst/montprod_inst/s_adder_sa/addinc_add_57_43/g1452/z (u)     in_1->z R     unmapped_nand2         1  5.5     0   104   10657    (-,-) 
  u_crypto_synth_top/u_top/u_rsa/core_inst/montprod_inst/s_adder_sa/addinc_add_57_43/g1451/z (u)     in_1->z F     unmapped_nand2         3 15.3     0   165   10822    (-,-) 
  u_crypto_synth_top/u_top/u_rsa/core_inst/montprod_inst/s_adder_sa/addinc_add_57_43/g1448/z (u)     in_0->z F     unmapped_or2           1  5.1     0   104   10926    (-,-) 
  u_crypto_synth_top/u_top/u_rsa/core_inst/montprod_inst/s_adder_sa/addinc_add_57_43/g1449/z (u)     in_1->z R     unmapped_nand2         1  5.5     0   104   11030    (-,-) 
  u_crypto_synth_top/u_top/u_rsa/core_inst/montprod_inst/g4462/z                             (u)     in_0->z F     unmapped_complex2      1  5.1     0   114   11145    (-,-) 
  u_crypto_synth_top/u_top/u_rsa/core_inst/montprod_inst/g4246/z                             (u)     in_1->z R     unmapped_complex2     32 33.0     0   363   11508    (-,-) 
  u_crypto_synth_top/u_top/u_rsa/core_inst/montprod_inst/s_mem/mem_reg[12][31]/d             -       -       R     unmapped_d_flop       32    -     -     0   11508    (-,-) 
#-----------------------------------------------------------------------------------------------------------------------------------------------------------------------------

(u) : Net has unmapped pin(s).



Path 36: MET (43364 ps) Setup Check with Pin u_crypto_synth_top/u_top/u_rsa/core_inst/montprod_inst/s_mem/mem_reg[11][31]/clk->d
          Group: R2R
     Startpoint: (R) u_crypto_synth_top/u_top/u_rsa/core_inst/montprod_select_reg_reg[2]/clk
          Clock: (R) MAIN_CLK
       Endpoint: (R) u_crypto_synth_top/u_top/u_rsa/core_inst/montprod_inst/s_mem/mem_reg[11][31]/d
          Clock: (R) MAIN_CLK

                     Capture       Launch     
        Clock Edge:+   58000            0     
       Src Latency:+     150          250     
       Net Latency:+       0 (I)        0 (I) 
           Arrival:=   58150          250     
                                              
             Setup:-     329                  
       Uncertainty:-    1450                  
       Path Adjust:+   -1500                  
     Required Time:=   54871                  
      Launch Clock:-     250                  
         Data Path:-   11258                  
             Slack:=   43364                  

Exceptions/Constraints:
  path_adjust            -1500            PA_C2C 

#-----------------------------------------------------------------------------------------------------------------------------------------------------------------------------
#                                       Timing Point                                         Flags    Arc    Edge       Cell         Fanout Load Trans Delay Arrival Instance 
#                                                                                                                                           (fF)  (ps)  (ps)   (ps)  Location 
#-----------------------------------------------------------------------------------------------------------------------------------------------------------------------------
  u_crypto_synth_top/u_top/u_rsa/core_inst/montprod_select_reg_reg[2]/clk                    -       -       R     (arrival)          19892    -     0     0     250    (-,-) 
  u_crypto_synth_top/u_top/u_rsa/core_inst/montprod_select_reg_reg[2]/q                      (u)     clk->q  R     unmapped_d_flop        7 38.5     0   881    1131    (-,-) 
  u_crypto_synth_top/u_top/u_rsa/core_inst/g4055/z                                           (u)     in_1->z R     unmapped_complex2     34 33.0     0   412    1543    (-,-) 
  u_crypto_synth_top/u_top/u_rsa/core_inst/g4058/z                                           (u)     in_1->z F     unmapped_nand2         1  5.1     0   125    1668    (-,-) 
  u_crypto_synth_top/u_top/u_rsa/core_inst/g4054/z                                           (u)     in_0->z R     unmapped_complex2     32 33.0     0   412    2080    (-,-) 
  u_crypto_synth_top/u_top/u_rsa/core_inst/g3958/z                                           (u)     in_1->z R     unmapped_complex2      1  5.5     0   125    2206    (-,-) 
  u_crypto_synth_top/u_top/u_rsa/core_inst/g3922/z                                           (u)     in_0->z F     unmapped_nand2         1  5.1     0   125    2331    (-,-) 
  u_crypto_synth_top/u_top/u_rsa/core_inst/g3905/z                                           (u)     in_1->z F     unmapped_or2           5 25.5     0   272    2602    (-,-) 
  u_crypto_synth_top/u_top/u_rsa/core_inst/montprod_inst/s_adder_sa/addinc_add_57_43/g1182/z (u)     in_1->z F     unmapped_or2           1  5.1     0   104    2707    (-,-) 
  u_crypto_synth_top/u_top/u_rsa/core_inst/montprod_inst/s_adder_sa/addinc_add_57_43/g1612/z (u)     in_0->z R     unmapped_nand2         1  5.5     0   104    2811    (-,-) 
  u_crypto_synth_top/u_top/u_rsa/core_inst/montprod_inst/s_adder_sa/addinc_add_57_43/g1602/z (u)     in_0->z F     unmapped_nand2         3 15.3     0   165    2976    (-,-) 
  u_crypto_synth_top/u_top/u_rsa/core_inst/montprod_inst/s_adder_sa/addinc_add_57_43/g1597/z (u)     in_1->z R     unmapped_nand2         1  5.5     0   104    3080    (-,-) 
  u_crypto_synth_top/u_top/u_rsa/core_inst/montprod_inst/s_adder_sa/addinc_add_57_43/g1596/z (u)     in_0->z F     unmapped_nand2         3 15.3     0   165    3245    (-,-) 
  u_crypto_synth_top/u_top/u_rsa/core_inst/montprod_inst/s_adder_sa/addinc_add_57_43/g1595/z (u)     in_1->z R     unmapped_nand2         1  5.5     0   104    3350    (-,-) 
  u_crypto_synth_top/u_top/u_rsa/core_inst/montprod_inst/s_adder_sa/addinc_add_57_43/g1591/z (u)     in_0->z F     unmapped_nand2         3 15.3     0   165    3515    (-,-) 
  u_crypto_synth_top/u_top/u_rsa/core_inst/montprod_inst/s_adder_sa/addinc_add_57_43/g1587/z (u)     in_1->z R     unmapped_nand2         1  5.5     0   104    3619    (-,-) 
  u_crypto_synth_top/u_top/u_rsa/core_inst/montprod_inst/s_adder_sa/addinc_add_57_43/g1586/z (u)     in_0->z F     unmapped_nand2         3 15.3     0   165    3784    (-,-) 
  u_crypto_synth_top/u_top/u_rsa/core_inst/montprod_inst/s_adder_sa/addinc_add_57_43/g1582/z (u)     in_1->z R     unmapped_nand2         1  5.5     0   104    3888    (-,-) 
  u_crypto_synth_top/u_top/u_rsa/core_inst/montprod_inst/s_adder_sa/addinc_add_57_43/g1581/z (u)     in_0->z F     unmapped_nand2         3 15.3     0   165    4054    (-,-) 
  u_crypto_synth_top/u_top/u_rsa/core_inst/montprod_inst/s_adder_sa/addinc_add_57_43/g1580/z (u)     in_1->z R     unmapped_nand2         1  5.5     0   104    4158    (-,-) 
  u_crypto_synth_top/u_top/u_rsa/core_inst/montprod_inst/s_adder_sa/addinc_add_57_43/g1576/z (u)     in_0->z F     unmapped_nand2         3 15.3     0   165    4323    (-,-) 
  u_crypto_synth_top/u_top/u_rsa/core_inst/montprod_inst/s_adder_sa/addinc_add_57_43/g1575/z (u)     in_1->z R     unmapped_nand2         1  5.5     0   104    4427    (-,-) 
  u_crypto_synth_top/u_top/u_rsa/core_inst/montprod_inst/s_adder_sa/addinc_add_57_43/g1571/z (u)     in_0->z F     unmapped_nand2         3 15.3     0   165    4592    (-,-) 
  u_crypto_synth_top/u_top/u_rsa/core_inst/montprod_inst/s_adder_sa/addinc_add_57_43/g1567/z (u)     in_1->z R     unmapped_nand2         1  5.5     0   104    4697    (-,-) 
  u_crypto_synth_top/u_top/u_rsa/core_inst/montprod_inst/s_adder_sa/addinc_add_57_43/g1566/z (u)     in_0->z F     unmapped_nand2         3 15.3     0   165    4862    (-,-) 
  u_crypto_synth_top/u_top/u_rsa/core_inst/montprod_inst/s_adder_sa/addinc_add_57_43/g1565/z (u)     in_1->z R     unmapped_nand2         1  5.5     0   104    4966    (-,-) 
  u_crypto_synth_top/u_top/u_rsa/core_inst/montprod_inst/s_adder_sa/addinc_add_57_43/g1561/z (u)     in_1->z F     unmapped_nand2         3 15.3     0   165    5131    (-,-) 
  u_crypto_synth_top/u_top/u_rsa/core_inst/montprod_inst/s_adder_sa/addinc_add_57_43/g1557/z (u)     in_1->z R     unmapped_nand2         1  5.5     0   104    5235    (-,-) 
  u_crypto_synth_top/u_top/u_rsa/core_inst/montprod_inst/s_adder_sa/addinc_add_57_43/g1556/z (u)     in_0->z F     unmapped_nand2         3 15.3     0   165    5401    (-,-) 
  u_crypto_synth_top/u_top/u_rsa/core_inst/montprod_inst/s_adder_sa/addinc_add_57_43/g1552/z (u)     in_1->z R     unmapped_nand2         1  5.5     0   104    5505    (-,-) 
  u_crypto_synth_top/u_top/u_rsa/core_inst/montprod_inst/s_adder_sa/addinc_add_57_43/g1551/z (u)     in_0->z F     unmapped_nand2         3 15.3     0   165    5670    (-,-) 
  u_crypto_synth_top/u_top/u_rsa/core_inst/montprod_inst/s_adder_sa/addinc_add_57_43/g1547/z (u)     in_1->z R     unmapped_nand2         1  5.5     0   104    5774    (-,-) 
  u_crypto_synth_top/u_top/u_rsa/core_inst/montprod_inst/s_adder_sa/addinc_add_57_43/g1546/z (u)     in_0->z F     unmapped_nand2         3 15.3     0   165    5939    (-,-) 
  u_crypto_synth_top/u_top/u_rsa/core_inst/montprod_inst/s_adder_sa/addinc_add_57_43/g1542/z (u)     in_1->z R     unmapped_nand2         1  5.5     0   104    6044    (-,-) 
  u_crypto_synth_top/u_top/u_rsa/core_inst/montprod_inst/s_adder_sa/addinc_add_57_43/g1541/z (u)     in_1->z F     unmapped_nand2         3 15.3     0   165    6209    (-,-) 
  u_crypto_synth_top/u_top/u_rsa/core_inst/montprod_inst/s_adder_sa/addinc_add_57_43/g1540/z (u)     in_1->z R     unmapped_nand2         1  5.5     0   104    6313    (-,-) 
  u_crypto_synth_top/u_top/u_rsa/core_inst/montprod_inst/s_adder_sa/addinc_add_57_43/g1536/z (u)     in_0->z F     unmapped_nand2         3 15.3     0   165    6478    (-,-) 
  u_crypto_synth_top/u_top/u_rsa/core_inst/montprod_inst/s_adder_sa/addinc_add_57_43/g1535/z (u)     in_1->z R     unmapped_nand2         1  5.5     0   104    6582    (-,-) 
  u_crypto_synth_top/u_top/u_rsa/core_inst/montprod_inst/s_adder_sa/addinc_add_57_43/g1531/z (u)     in_0->z F     unmapped_nand2         3 15.3     0   165    6748    (-,-) 
  u_crypto_synth_top/u_top/u_rsa/core_inst/montprod_inst/s_adder_sa/addinc_add_57_43/g1527/z (u)     in_1->z R     unmapped_nand2         1  5.5     0   104    6852    (-,-) 
  u_crypto_synth_top/u_top/u_rsa/core_inst/montprod_inst/s_adder_sa/addinc_add_57_43/g1526/z (u)     in_0->z F     unmapped_nand2         4 20.4     0   199    7050    (-,-) 
  u_crypto_synth_top/u_top/u_rsa/core_inst/montprod_inst/s_adder_sa/addinc_add_57_43/g1521/z (u)     in_0->z R     unmapped_complex2      1  5.5     0   104    7155    (-,-) 
  u_crypto_synth_top/u_top/u_rsa/core_inst/montprod_inst/s_adder_sa/addinc_add_57_43/g1520/z (u)     in_0->z F     unmapped_complex2      3 15.3     0   165    7320    (-,-) 
  u_crypto_synth_top/u_top/u_rsa/core_inst/montprod_inst/s_adder_sa/addinc_add_57_43/g1512/z (u)     in_1->z R     unmapped_nand2         1  5.5     0   104    7424    (-,-) 
  u_crypto_synth_top/u_top/u_rsa/core_inst/montprod_inst/s_adder_sa/addinc_add_57_43/g1511/z (u)     in_1->z F     unmapped_nand2         3 15.3     0   165    7589    (-,-) 
  u_crypto_synth_top/u_top/u_rsa/core_inst/montprod_inst/s_adder_sa/addinc_add_57_43/g1510/z (u)     in_0->z R     unmapped_nand2         1  5.5     0   104    7694    (-,-) 
  u_crypto_synth_top/u_top/u_rsa/core_inst/montprod_inst/s_adder_sa/addinc_add_57_43/g1506/z (u)     in_0->z F     unmapped_nand2         3 15.3     0   165    7859    (-,-) 
  u_crypto_synth_top/u_top/u_rsa/core_inst/montprod_inst/s_adder_sa/addinc_add_57_43/g1502/z (u)     in_1->z R     unmapped_nand2         1  5.5     0   104    7963    (-,-) 
  u_crypto_synth_top/u_top/u_rsa/core_inst/montprod_inst/s_adder_sa/addinc_add_57_43/g1501/z (u)     in_1->z F     unmapped_nand2         3 15.3     0   165    8128    (-,-) 
  u_crypto_synth_top/u_top/u_rsa/core_inst/montprod_inst/s_adder_sa/addinc_add_57_43/g1500/z (u)     in_1->z R     unmapped_nand2         1  5.5     0   104    8232    (-,-) 
  u_crypto_synth_top/u_top/u_rsa/core_inst/montprod_inst/s_adder_sa/addinc_add_57_43/g1496/z (u)     in_0->z F     unmapped_nand2         3 15.3     0   165    8398    (-,-) 
  u_crypto_synth_top/u_top/u_rsa/core_inst/montprod_inst/s_adder_sa/addinc_add_57_43/g1495/z (u)     in_1->z R     unmapped_nand2         1  5.5     0   104    8502    (-,-) 
  u_crypto_synth_top/u_top/u_rsa/core_inst/montprod_inst/s_adder_sa/addinc_add_57_43/g1491/z (u)     in_0->z F     unmapped_nand2         3 15.3     0   165    8667    (-,-) 
  u_crypto_synth_top/u_top/u_rsa/core_inst/montprod_inst/s_adder_sa/addinc_add_57_43/g1490/z (u)     in_1->z R     unmapped_nand2         1  5.5     0   104    8771    (-,-) 
  u_crypto_synth_top/u_top/u_rsa/core_inst/montprod_inst/s_adder_sa/addinc_add_57_43/g1486/z (u)     in_0->z F     unmapped_nand2         3 15.3     0   165    8936    (-,-) 
  u_crypto_synth_top/u_top/u_rsa/core_inst/montprod_inst/s_adder_sa/addinc_add_57_43/g1482/z (u)     in_1->z R     unmapped_nand2         1  5.5     0   104    9040    (-,-) 
  u_crypto_synth_top/u_top/u_rsa/core_inst/montprod_inst/s_adder_sa/addinc_add_57_43/g1481/z (u)     in_1->z F     unmapped_nand2         3 15.3     0   165    9206    (-,-) 
  u_crypto_synth_top/u_top/u_rsa/core_inst/montprod_inst/s_adder_sa/addinc_add_57_43/g1480/z (u)     in_0->z R     unmapped_nand2         1  5.5     0   104    9310    (-,-) 
  u_crypto_synth_top/u_top/u_rsa/core_inst/montprod_inst/s_adder_sa/addinc_add_57_43/g1476/z (u)     in_1->z F     unmapped_nand2         3 15.3     0   165    9475    (-,-) 
  u_crypto_synth_top/u_top/u_rsa/core_inst/montprod_inst/s_adder_sa/addinc_add_57_43/g1472/z (u)     in_1->z R     unmapped_nand2         1  5.5     0   104    9579    (-,-) 
  u_crypto_synth_top/u_top/u_rsa/core_inst/montprod_inst/s_adder_sa/addinc_add_57_43/g1471/z (u)     in_1->z F     unmapped_nand2         3 15.3     0   165    9744    (-,-) 
  u_crypto_synth_top/u_top/u_rsa/core_inst/montprod_inst/s_adder_sa/addinc_add_57_43/g1470/z (u)     in_0->z R     unmapped_nand2         1  5.5     0   104    9849    (-,-) 
  u_crypto_synth_top/u_top/u_rsa/core_inst/montprod_inst/s_adder_sa/addinc_add_57_43/g1466/z (u)     in_1->z F     unmapped_nand2         3 15.3     0   165   10014    (-,-) 
  u_crypto_synth_top/u_top/u_rsa/core_inst/montprod_inst/s_adder_sa/addinc_add_57_43/g1462/z (u)     in_1->z R     unmapped_nand2         1  5.5     0   104   10118    (-,-) 
  u_crypto_synth_top/u_top/u_rsa/core_inst/montprod_inst/s_adder_sa/addinc_add_57_43/g1461/z (u)     in_1->z F     unmapped_nand2         3 15.3     0   165   10283    (-,-) 
  u_crypto_synth_top/u_top/u_rsa/core_inst/montprod_inst/s_adder_sa/addinc_add_57_43/g1457/z (u)     in_1->z R     unmapped_nand2         1  5.5     0   104   10388    (-,-) 
  u_crypto_synth_top/u_top/u_rsa/core_inst/montprod_inst/s_adder_sa/addinc_add_57_43/g1456/z (u)     in_1->z F     unmapped_nand2         3 15.3     0   165   10553    (-,-) 
  u_crypto_synth_top/u_top/u_rsa/core_inst/montprod_inst/s_adder_sa/addinc_add_57_43/g1452/z (u)     in_1->z R     unmapped_nand2         1  5.5     0   104   10657    (-,-) 
  u_crypto_synth_top/u_top/u_rsa/core_inst/montprod_inst/s_adder_sa/addinc_add_57_43/g1451/z (u)     in_1->z F     unmapped_nand2         3 15.3     0   165   10822    (-,-) 
  u_crypto_synth_top/u_top/u_rsa/core_inst/montprod_inst/s_adder_sa/addinc_add_57_43/g1448/z (u)     in_0->z F     unmapped_or2           1  5.1     0   104   10926    (-,-) 
  u_crypto_synth_top/u_top/u_rsa/core_inst/montprod_inst/s_adder_sa/addinc_add_57_43/g1449/z (u)     in_1->z R     unmapped_nand2         1  5.5     0   104   11030    (-,-) 
  u_crypto_synth_top/u_top/u_rsa/core_inst/montprod_inst/g4462/z                             (u)     in_0->z F     unmapped_complex2      1  5.1     0   114   11145    (-,-) 
  u_crypto_synth_top/u_top/u_rsa/core_inst/montprod_inst/g4246/z                             (u)     in_1->z R     unmapped_complex2     32 33.0     0   363   11508    (-,-) 
  u_crypto_synth_top/u_top/u_rsa/core_inst/montprod_inst/s_mem/mem_reg[11][31]/d             -       -       R     unmapped_d_flop       32    -     -     0   11508    (-,-) 
#-----------------------------------------------------------------------------------------------------------------------------------------------------------------------------

(u) : Net has unmapped pin(s).



Path 37: MET (43364 ps) Setup Check with Pin u_crypto_synth_top/u_top/u_rsa/core_inst/montprod_inst/s_mem/mem_reg[10][31]/clk->d
          Group: R2R
     Startpoint: (R) u_crypto_synth_top/u_top/u_rsa/core_inst/montprod_select_reg_reg[2]/clk
          Clock: (R) MAIN_CLK
       Endpoint: (R) u_crypto_synth_top/u_top/u_rsa/core_inst/montprod_inst/s_mem/mem_reg[10][31]/d
          Clock: (R) MAIN_CLK

                     Capture       Launch     
        Clock Edge:+   58000            0     
       Src Latency:+     150          250     
       Net Latency:+       0 (I)        0 (I) 
           Arrival:=   58150          250     
                                              
             Setup:-     329                  
       Uncertainty:-    1450                  
       Path Adjust:+   -1500                  
     Required Time:=   54871                  
      Launch Clock:-     250                  
         Data Path:-   11258                  
             Slack:=   43364                  

Exceptions/Constraints:
  path_adjust            -1500            PA_C2C 

#-----------------------------------------------------------------------------------------------------------------------------------------------------------------------------
#                                       Timing Point                                         Flags    Arc    Edge       Cell         Fanout Load Trans Delay Arrival Instance 
#                                                                                                                                           (fF)  (ps)  (ps)   (ps)  Location 
#-----------------------------------------------------------------------------------------------------------------------------------------------------------------------------
  u_crypto_synth_top/u_top/u_rsa/core_inst/montprod_select_reg_reg[2]/clk                    -       -       R     (arrival)          19892    -     0     0     250    (-,-) 
  u_crypto_synth_top/u_top/u_rsa/core_inst/montprod_select_reg_reg[2]/q                      (u)     clk->q  R     unmapped_d_flop        7 38.5     0   881    1131    (-,-) 
  u_crypto_synth_top/u_top/u_rsa/core_inst/g4055/z                                           (u)     in_1->z R     unmapped_complex2     34 33.0     0   412    1543    (-,-) 
  u_crypto_synth_top/u_top/u_rsa/core_inst/g4058/z                                           (u)     in_1->z F     unmapped_nand2         1  5.1     0   125    1668    (-,-) 
  u_crypto_synth_top/u_top/u_rsa/core_inst/g4054/z                                           (u)     in_0->z R     unmapped_complex2     32 33.0     0   412    2080    (-,-) 
  u_crypto_synth_top/u_top/u_rsa/core_inst/g3958/z                                           (u)     in_1->z R     unmapped_complex2      1  5.5     0   125    2206    (-,-) 
  u_crypto_synth_top/u_top/u_rsa/core_inst/g3922/z                                           (u)     in_0->z F     unmapped_nand2         1  5.1     0   125    2331    (-,-) 
  u_crypto_synth_top/u_top/u_rsa/core_inst/g3905/z                                           (u)     in_1->z F     unmapped_or2           5 25.5     0   272    2602    (-,-) 
  u_crypto_synth_top/u_top/u_rsa/core_inst/montprod_inst/s_adder_sa/addinc_add_57_43/g1182/z (u)     in_1->z F     unmapped_or2           1  5.1     0   104    2707    (-,-) 
  u_crypto_synth_top/u_top/u_rsa/core_inst/montprod_inst/s_adder_sa/addinc_add_57_43/g1612/z (u)     in_0->z R     unmapped_nand2         1  5.5     0   104    2811    (-,-) 
  u_crypto_synth_top/u_top/u_rsa/core_inst/montprod_inst/s_adder_sa/addinc_add_57_43/g1602/z (u)     in_0->z F     unmapped_nand2         3 15.3     0   165    2976    (-,-) 
  u_crypto_synth_top/u_top/u_rsa/core_inst/montprod_inst/s_adder_sa/addinc_add_57_43/g1597/z (u)     in_1->z R     unmapped_nand2         1  5.5     0   104    3080    (-,-) 
  u_crypto_synth_top/u_top/u_rsa/core_inst/montprod_inst/s_adder_sa/addinc_add_57_43/g1596/z (u)     in_0->z F     unmapped_nand2         3 15.3     0   165    3245    (-,-) 
  u_crypto_synth_top/u_top/u_rsa/core_inst/montprod_inst/s_adder_sa/addinc_add_57_43/g1595/z (u)     in_1->z R     unmapped_nand2         1  5.5     0   104    3350    (-,-) 
  u_crypto_synth_top/u_top/u_rsa/core_inst/montprod_inst/s_adder_sa/addinc_add_57_43/g1591/z (u)     in_0->z F     unmapped_nand2         3 15.3     0   165    3515    (-,-) 
  u_crypto_synth_top/u_top/u_rsa/core_inst/montprod_inst/s_adder_sa/addinc_add_57_43/g1587/z (u)     in_1->z R     unmapped_nand2         1  5.5     0   104    3619    (-,-) 
  u_crypto_synth_top/u_top/u_rsa/core_inst/montprod_inst/s_adder_sa/addinc_add_57_43/g1586/z (u)     in_0->z F     unmapped_nand2         3 15.3     0   165    3784    (-,-) 
  u_crypto_synth_top/u_top/u_rsa/core_inst/montprod_inst/s_adder_sa/addinc_add_57_43/g1582/z (u)     in_1->z R     unmapped_nand2         1  5.5     0   104    3888    (-,-) 
  u_crypto_synth_top/u_top/u_rsa/core_inst/montprod_inst/s_adder_sa/addinc_add_57_43/g1581/z (u)     in_0->z F     unmapped_nand2         3 15.3     0   165    4054    (-,-) 
  u_crypto_synth_top/u_top/u_rsa/core_inst/montprod_inst/s_adder_sa/addinc_add_57_43/g1580/z (u)     in_1->z R     unmapped_nand2         1  5.5     0   104    4158    (-,-) 
  u_crypto_synth_top/u_top/u_rsa/core_inst/montprod_inst/s_adder_sa/addinc_add_57_43/g1576/z (u)     in_0->z F     unmapped_nand2         3 15.3     0   165    4323    (-,-) 
  u_crypto_synth_top/u_top/u_rsa/core_inst/montprod_inst/s_adder_sa/addinc_add_57_43/g1575/z (u)     in_1->z R     unmapped_nand2         1  5.5     0   104    4427    (-,-) 
  u_crypto_synth_top/u_top/u_rsa/core_inst/montprod_inst/s_adder_sa/addinc_add_57_43/g1571/z (u)     in_0->z F     unmapped_nand2         3 15.3     0   165    4592    (-,-) 
  u_crypto_synth_top/u_top/u_rsa/core_inst/montprod_inst/s_adder_sa/addinc_add_57_43/g1567/z (u)     in_1->z R     unmapped_nand2         1  5.5     0   104    4697    (-,-) 
  u_crypto_synth_top/u_top/u_rsa/core_inst/montprod_inst/s_adder_sa/addinc_add_57_43/g1566/z (u)     in_0->z F     unmapped_nand2         3 15.3     0   165    4862    (-,-) 
  u_crypto_synth_top/u_top/u_rsa/core_inst/montprod_inst/s_adder_sa/addinc_add_57_43/g1565/z (u)     in_1->z R     unmapped_nand2         1  5.5     0   104    4966    (-,-) 
  u_crypto_synth_top/u_top/u_rsa/core_inst/montprod_inst/s_adder_sa/addinc_add_57_43/g1561/z (u)     in_1->z F     unmapped_nand2         3 15.3     0   165    5131    (-,-) 
  u_crypto_synth_top/u_top/u_rsa/core_inst/montprod_inst/s_adder_sa/addinc_add_57_43/g1557/z (u)     in_1->z R     unmapped_nand2         1  5.5     0   104    5235    (-,-) 
  u_crypto_synth_top/u_top/u_rsa/core_inst/montprod_inst/s_adder_sa/addinc_add_57_43/g1556/z (u)     in_0->z F     unmapped_nand2         3 15.3     0   165    5401    (-,-) 
  u_crypto_synth_top/u_top/u_rsa/core_inst/montprod_inst/s_adder_sa/addinc_add_57_43/g1552/z (u)     in_1->z R     unmapped_nand2         1  5.5     0   104    5505    (-,-) 
  u_crypto_synth_top/u_top/u_rsa/core_inst/montprod_inst/s_adder_sa/addinc_add_57_43/g1551/z (u)     in_0->z F     unmapped_nand2         3 15.3     0   165    5670    (-,-) 
  u_crypto_synth_top/u_top/u_rsa/core_inst/montprod_inst/s_adder_sa/addinc_add_57_43/g1547/z (u)     in_1->z R     unmapped_nand2         1  5.5     0   104    5774    (-,-) 
  u_crypto_synth_top/u_top/u_rsa/core_inst/montprod_inst/s_adder_sa/addinc_add_57_43/g1546/z (u)     in_0->z F     unmapped_nand2         3 15.3     0   165    5939    (-,-) 
  u_crypto_synth_top/u_top/u_rsa/core_inst/montprod_inst/s_adder_sa/addinc_add_57_43/g1542/z (u)     in_1->z R     unmapped_nand2         1  5.5     0   104    6044    (-,-) 
  u_crypto_synth_top/u_top/u_rsa/core_inst/montprod_inst/s_adder_sa/addinc_add_57_43/g1541/z (u)     in_1->z F     unmapped_nand2         3 15.3     0   165    6209    (-,-) 
  u_crypto_synth_top/u_top/u_rsa/core_inst/montprod_inst/s_adder_sa/addinc_add_57_43/g1540/z (u)     in_1->z R     unmapped_nand2         1  5.5     0   104    6313    (-,-) 
  u_crypto_synth_top/u_top/u_rsa/core_inst/montprod_inst/s_adder_sa/addinc_add_57_43/g1536/z (u)     in_0->z F     unmapped_nand2         3 15.3     0   165    6478    (-,-) 
  u_crypto_synth_top/u_top/u_rsa/core_inst/montprod_inst/s_adder_sa/addinc_add_57_43/g1535/z (u)     in_1->z R     unmapped_nand2         1  5.5     0   104    6582    (-,-) 
  u_crypto_synth_top/u_top/u_rsa/core_inst/montprod_inst/s_adder_sa/addinc_add_57_43/g1531/z (u)     in_0->z F     unmapped_nand2         3 15.3     0   165    6748    (-,-) 
  u_crypto_synth_top/u_top/u_rsa/core_inst/montprod_inst/s_adder_sa/addinc_add_57_43/g1527/z (u)     in_1->z R     unmapped_nand2         1  5.5     0   104    6852    (-,-) 
  u_crypto_synth_top/u_top/u_rsa/core_inst/montprod_inst/s_adder_sa/addinc_add_57_43/g1526/z (u)     in_0->z F     unmapped_nand2         4 20.4     0   199    7050    (-,-) 
  u_crypto_synth_top/u_top/u_rsa/core_inst/montprod_inst/s_adder_sa/addinc_add_57_43/g1521/z (u)     in_0->z R     unmapped_complex2      1  5.5     0   104    7155    (-,-) 
  u_crypto_synth_top/u_top/u_rsa/core_inst/montprod_inst/s_adder_sa/addinc_add_57_43/g1520/z (u)     in_0->z F     unmapped_complex2      3 15.3     0   165    7320    (-,-) 
  u_crypto_synth_top/u_top/u_rsa/core_inst/montprod_inst/s_adder_sa/addinc_add_57_43/g1512/z (u)     in_1->z R     unmapped_nand2         1  5.5     0   104    7424    (-,-) 
  u_crypto_synth_top/u_top/u_rsa/core_inst/montprod_inst/s_adder_sa/addinc_add_57_43/g1511/z (u)     in_1->z F     unmapped_nand2         3 15.3     0   165    7589    (-,-) 
  u_crypto_synth_top/u_top/u_rsa/core_inst/montprod_inst/s_adder_sa/addinc_add_57_43/g1510/z (u)     in_0->z R     unmapped_nand2         1  5.5     0   104    7694    (-,-) 
  u_crypto_synth_top/u_top/u_rsa/core_inst/montprod_inst/s_adder_sa/addinc_add_57_43/g1506/z (u)     in_0->z F     unmapped_nand2         3 15.3     0   165    7859    (-,-) 
  u_crypto_synth_top/u_top/u_rsa/core_inst/montprod_inst/s_adder_sa/addinc_add_57_43/g1502/z (u)     in_1->z R     unmapped_nand2         1  5.5     0   104    7963    (-,-) 
  u_crypto_synth_top/u_top/u_rsa/core_inst/montprod_inst/s_adder_sa/addinc_add_57_43/g1501/z (u)     in_1->z F     unmapped_nand2         3 15.3     0   165    8128    (-,-) 
  u_crypto_synth_top/u_top/u_rsa/core_inst/montprod_inst/s_adder_sa/addinc_add_57_43/g1500/z (u)     in_1->z R     unmapped_nand2         1  5.5     0   104    8232    (-,-) 
  u_crypto_synth_top/u_top/u_rsa/core_inst/montprod_inst/s_adder_sa/addinc_add_57_43/g1496/z (u)     in_0->z F     unmapped_nand2         3 15.3     0   165    8398    (-,-) 
  u_crypto_synth_top/u_top/u_rsa/core_inst/montprod_inst/s_adder_sa/addinc_add_57_43/g1495/z (u)     in_1->z R     unmapped_nand2         1  5.5     0   104    8502    (-,-) 
  u_crypto_synth_top/u_top/u_rsa/core_inst/montprod_inst/s_adder_sa/addinc_add_57_43/g1491/z (u)     in_0->z F     unmapped_nand2         3 15.3     0   165    8667    (-,-) 
  u_crypto_synth_top/u_top/u_rsa/core_inst/montprod_inst/s_adder_sa/addinc_add_57_43/g1490/z (u)     in_1->z R     unmapped_nand2         1  5.5     0   104    8771    (-,-) 
  u_crypto_synth_top/u_top/u_rsa/core_inst/montprod_inst/s_adder_sa/addinc_add_57_43/g1486/z (u)     in_0->z F     unmapped_nand2         3 15.3     0   165    8936    (-,-) 
  u_crypto_synth_top/u_top/u_rsa/core_inst/montprod_inst/s_adder_sa/addinc_add_57_43/g1482/z (u)     in_1->z R     unmapped_nand2         1  5.5     0   104    9040    (-,-) 
  u_crypto_synth_top/u_top/u_rsa/core_inst/montprod_inst/s_adder_sa/addinc_add_57_43/g1481/z (u)     in_1->z F     unmapped_nand2         3 15.3     0   165    9206    (-,-) 
  u_crypto_synth_top/u_top/u_rsa/core_inst/montprod_inst/s_adder_sa/addinc_add_57_43/g1480/z (u)     in_0->z R     unmapped_nand2         1  5.5     0   104    9310    (-,-) 
  u_crypto_synth_top/u_top/u_rsa/core_inst/montprod_inst/s_adder_sa/addinc_add_57_43/g1476/z (u)     in_1->z F     unmapped_nand2         3 15.3     0   165    9475    (-,-) 
  u_crypto_synth_top/u_top/u_rsa/core_inst/montprod_inst/s_adder_sa/addinc_add_57_43/g1472/z (u)     in_1->z R     unmapped_nand2         1  5.5     0   104    9579    (-,-) 
  u_crypto_synth_top/u_top/u_rsa/core_inst/montprod_inst/s_adder_sa/addinc_add_57_43/g1471/z (u)     in_1->z F     unmapped_nand2         3 15.3     0   165    9744    (-,-) 
  u_crypto_synth_top/u_top/u_rsa/core_inst/montprod_inst/s_adder_sa/addinc_add_57_43/g1470/z (u)     in_0->z R     unmapped_nand2         1  5.5     0   104    9849    (-,-) 
  u_crypto_synth_top/u_top/u_rsa/core_inst/montprod_inst/s_adder_sa/addinc_add_57_43/g1466/z (u)     in_1->z F     unmapped_nand2         3 15.3     0   165   10014    (-,-) 
  u_crypto_synth_top/u_top/u_rsa/core_inst/montprod_inst/s_adder_sa/addinc_add_57_43/g1462/z (u)     in_1->z R     unmapped_nand2         1  5.5     0   104   10118    (-,-) 
  u_crypto_synth_top/u_top/u_rsa/core_inst/montprod_inst/s_adder_sa/addinc_add_57_43/g1461/z (u)     in_1->z F     unmapped_nand2         3 15.3     0   165   10283    (-,-) 
  u_crypto_synth_top/u_top/u_rsa/core_inst/montprod_inst/s_adder_sa/addinc_add_57_43/g1457/z (u)     in_1->z R     unmapped_nand2         1  5.5     0   104   10388    (-,-) 
  u_crypto_synth_top/u_top/u_rsa/core_inst/montprod_inst/s_adder_sa/addinc_add_57_43/g1456/z (u)     in_1->z F     unmapped_nand2         3 15.3     0   165   10553    (-,-) 
  u_crypto_synth_top/u_top/u_rsa/core_inst/montprod_inst/s_adder_sa/addinc_add_57_43/g1452/z (u)     in_1->z R     unmapped_nand2         1  5.5     0   104   10657    (-,-) 
  u_crypto_synth_top/u_top/u_rsa/core_inst/montprod_inst/s_adder_sa/addinc_add_57_43/g1451/z (u)     in_1->z F     unmapped_nand2         3 15.3     0   165   10822    (-,-) 
  u_crypto_synth_top/u_top/u_rsa/core_inst/montprod_inst/s_adder_sa/addinc_add_57_43/g1448/z (u)     in_0->z F     unmapped_or2           1  5.1     0   104   10926    (-,-) 
  u_crypto_synth_top/u_top/u_rsa/core_inst/montprod_inst/s_adder_sa/addinc_add_57_43/g1449/z (u)     in_1->z R     unmapped_nand2         1  5.5     0   104   11030    (-,-) 
  u_crypto_synth_top/u_top/u_rsa/core_inst/montprod_inst/g4462/z                             (u)     in_0->z F     unmapped_complex2      1  5.1     0   114   11145    (-,-) 
  u_crypto_synth_top/u_top/u_rsa/core_inst/montprod_inst/g4246/z                             (u)     in_1->z R     unmapped_complex2     32 33.0     0   363   11508    (-,-) 
  u_crypto_synth_top/u_top/u_rsa/core_inst/montprod_inst/s_mem/mem_reg[10][31]/d             -       -       R     unmapped_d_flop       32    -     -     0   11508    (-,-) 
#-----------------------------------------------------------------------------------------------------------------------------------------------------------------------------

(u) : Net has unmapped pin(s).



Path 38: MET (43364 ps) Setup Check with Pin u_crypto_synth_top/u_top/u_rsa/core_inst/montprod_inst/s_mem/mem_reg[9][31]/clk->d
          Group: R2R
     Startpoint: (R) u_crypto_synth_top/u_top/u_rsa/core_inst/montprod_select_reg_reg[2]/clk
          Clock: (R) MAIN_CLK
       Endpoint: (R) u_crypto_synth_top/u_top/u_rsa/core_inst/montprod_inst/s_mem/mem_reg[9][31]/d
          Clock: (R) MAIN_CLK

                     Capture       Launch     
        Clock Edge:+   58000            0     
       Src Latency:+     150          250     
       Net Latency:+       0 (I)        0 (I) 
           Arrival:=   58150          250     
                                              
             Setup:-     329                  
       Uncertainty:-    1450                  
       Path Adjust:+   -1500                  
     Required Time:=   54871                  
      Launch Clock:-     250                  
         Data Path:-   11258                  
             Slack:=   43364                  

Exceptions/Constraints:
  path_adjust            -1500            PA_C2C 

#-----------------------------------------------------------------------------------------------------------------------------------------------------------------------------
#                                       Timing Point                                         Flags    Arc    Edge       Cell         Fanout Load Trans Delay Arrival Instance 
#                                                                                                                                           (fF)  (ps)  (ps)   (ps)  Location 
#-----------------------------------------------------------------------------------------------------------------------------------------------------------------------------
  u_crypto_synth_top/u_top/u_rsa/core_inst/montprod_select_reg_reg[2]/clk                    -       -       R     (arrival)          19892    -     0     0     250    (-,-) 
  u_crypto_synth_top/u_top/u_rsa/core_inst/montprod_select_reg_reg[2]/q                      (u)     clk->q  R     unmapped_d_flop        7 38.5     0   881    1131    (-,-) 
  u_crypto_synth_top/u_top/u_rsa/core_inst/g4055/z                                           (u)     in_1->z R     unmapped_complex2     34 33.0     0   412    1543    (-,-) 
  u_crypto_synth_top/u_top/u_rsa/core_inst/g4058/z                                           (u)     in_1->z F     unmapped_nand2         1  5.1     0   125    1668    (-,-) 
  u_crypto_synth_top/u_top/u_rsa/core_inst/g4054/z                                           (u)     in_0->z R     unmapped_complex2     32 33.0     0   412    2080    (-,-) 
  u_crypto_synth_top/u_top/u_rsa/core_inst/g3958/z                                           (u)     in_1->z R     unmapped_complex2      1  5.5     0   125    2206    (-,-) 
  u_crypto_synth_top/u_top/u_rsa/core_inst/g3922/z                                           (u)     in_0->z F     unmapped_nand2         1  5.1     0   125    2331    (-,-) 
  u_crypto_synth_top/u_top/u_rsa/core_inst/g3905/z                                           (u)     in_1->z F     unmapped_or2           5 25.5     0   272    2602    (-,-) 
  u_crypto_synth_top/u_top/u_rsa/core_inst/montprod_inst/s_adder_sa/addinc_add_57_43/g1182/z (u)     in_1->z F     unmapped_or2           1  5.1     0   104    2707    (-,-) 
  u_crypto_synth_top/u_top/u_rsa/core_inst/montprod_inst/s_adder_sa/addinc_add_57_43/g1612/z (u)     in_0->z R     unmapped_nand2         1  5.5     0   104    2811    (-,-) 
  u_crypto_synth_top/u_top/u_rsa/core_inst/montprod_inst/s_adder_sa/addinc_add_57_43/g1602/z (u)     in_0->z F     unmapped_nand2         3 15.3     0   165    2976    (-,-) 
  u_crypto_synth_top/u_top/u_rsa/core_inst/montprod_inst/s_adder_sa/addinc_add_57_43/g1597/z (u)     in_1->z R     unmapped_nand2         1  5.5     0   104    3080    (-,-) 
  u_crypto_synth_top/u_top/u_rsa/core_inst/montprod_inst/s_adder_sa/addinc_add_57_43/g1596/z (u)     in_0->z F     unmapped_nand2         3 15.3     0   165    3245    (-,-) 
  u_crypto_synth_top/u_top/u_rsa/core_inst/montprod_inst/s_adder_sa/addinc_add_57_43/g1595/z (u)     in_1->z R     unmapped_nand2         1  5.5     0   104    3350    (-,-) 
  u_crypto_synth_top/u_top/u_rsa/core_inst/montprod_inst/s_adder_sa/addinc_add_57_43/g1591/z (u)     in_0->z F     unmapped_nand2         3 15.3     0   165    3515    (-,-) 
  u_crypto_synth_top/u_top/u_rsa/core_inst/montprod_inst/s_adder_sa/addinc_add_57_43/g1587/z (u)     in_1->z R     unmapped_nand2         1  5.5     0   104    3619    (-,-) 
  u_crypto_synth_top/u_top/u_rsa/core_inst/montprod_inst/s_adder_sa/addinc_add_57_43/g1586/z (u)     in_0->z F     unmapped_nand2         3 15.3     0   165    3784    (-,-) 
  u_crypto_synth_top/u_top/u_rsa/core_inst/montprod_inst/s_adder_sa/addinc_add_57_43/g1582/z (u)     in_1->z R     unmapped_nand2         1  5.5     0   104    3888    (-,-) 
  u_crypto_synth_top/u_top/u_rsa/core_inst/montprod_inst/s_adder_sa/addinc_add_57_43/g1581/z (u)     in_0->z F     unmapped_nand2         3 15.3     0   165    4054    (-,-) 
  u_crypto_synth_top/u_top/u_rsa/core_inst/montprod_inst/s_adder_sa/addinc_add_57_43/g1580/z (u)     in_1->z R     unmapped_nand2         1  5.5     0   104    4158    (-,-) 
  u_crypto_synth_top/u_top/u_rsa/core_inst/montprod_inst/s_adder_sa/addinc_add_57_43/g1576/z (u)     in_0->z F     unmapped_nand2         3 15.3     0   165    4323    (-,-) 
  u_crypto_synth_top/u_top/u_rsa/core_inst/montprod_inst/s_adder_sa/addinc_add_57_43/g1575/z (u)     in_1->z R     unmapped_nand2         1  5.5     0   104    4427    (-,-) 
  u_crypto_synth_top/u_top/u_rsa/core_inst/montprod_inst/s_adder_sa/addinc_add_57_43/g1571/z (u)     in_0->z F     unmapped_nand2         3 15.3     0   165    4592    (-,-) 
  u_crypto_synth_top/u_top/u_rsa/core_inst/montprod_inst/s_adder_sa/addinc_add_57_43/g1567/z (u)     in_1->z R     unmapped_nand2         1  5.5     0   104    4697    (-,-) 
  u_crypto_synth_top/u_top/u_rsa/core_inst/montprod_inst/s_adder_sa/addinc_add_57_43/g1566/z (u)     in_0->z F     unmapped_nand2         3 15.3     0   165    4862    (-,-) 
  u_crypto_synth_top/u_top/u_rsa/core_inst/montprod_inst/s_adder_sa/addinc_add_57_43/g1565/z (u)     in_1->z R     unmapped_nand2         1  5.5     0   104    4966    (-,-) 
  u_crypto_synth_top/u_top/u_rsa/core_inst/montprod_inst/s_adder_sa/addinc_add_57_43/g1561/z (u)     in_1->z F     unmapped_nand2         3 15.3     0   165    5131    (-,-) 
  u_crypto_synth_top/u_top/u_rsa/core_inst/montprod_inst/s_adder_sa/addinc_add_57_43/g1557/z (u)     in_1->z R     unmapped_nand2         1  5.5     0   104    5235    (-,-) 
  u_crypto_synth_top/u_top/u_rsa/core_inst/montprod_inst/s_adder_sa/addinc_add_57_43/g1556/z (u)     in_0->z F     unmapped_nand2         3 15.3     0   165    5401    (-,-) 
  u_crypto_synth_top/u_top/u_rsa/core_inst/montprod_inst/s_adder_sa/addinc_add_57_43/g1552/z (u)     in_1->z R     unmapped_nand2         1  5.5     0   104    5505    (-,-) 
  u_crypto_synth_top/u_top/u_rsa/core_inst/montprod_inst/s_adder_sa/addinc_add_57_43/g1551/z (u)     in_0->z F     unmapped_nand2         3 15.3     0   165    5670    (-,-) 
  u_crypto_synth_top/u_top/u_rsa/core_inst/montprod_inst/s_adder_sa/addinc_add_57_43/g1547/z (u)     in_1->z R     unmapped_nand2         1  5.5     0   104    5774    (-,-) 
  u_crypto_synth_top/u_top/u_rsa/core_inst/montprod_inst/s_adder_sa/addinc_add_57_43/g1546/z (u)     in_0->z F     unmapped_nand2         3 15.3     0   165    5939    (-,-) 
  u_crypto_synth_top/u_top/u_rsa/core_inst/montprod_inst/s_adder_sa/addinc_add_57_43/g1542/z (u)     in_1->z R     unmapped_nand2         1  5.5     0   104    6044    (-,-) 
  u_crypto_synth_top/u_top/u_rsa/core_inst/montprod_inst/s_adder_sa/addinc_add_57_43/g1541/z (u)     in_1->z F     unmapped_nand2         3 15.3     0   165    6209    (-,-) 
  u_crypto_synth_top/u_top/u_rsa/core_inst/montprod_inst/s_adder_sa/addinc_add_57_43/g1540/z (u)     in_1->z R     unmapped_nand2         1  5.5     0   104    6313    (-,-) 
  u_crypto_synth_top/u_top/u_rsa/core_inst/montprod_inst/s_adder_sa/addinc_add_57_43/g1536/z (u)     in_0->z F     unmapped_nand2         3 15.3     0   165    6478    (-,-) 
  u_crypto_synth_top/u_top/u_rsa/core_inst/montprod_inst/s_adder_sa/addinc_add_57_43/g1535/z (u)     in_1->z R     unmapped_nand2         1  5.5     0   104    6582    (-,-) 
  u_crypto_synth_top/u_top/u_rsa/core_inst/montprod_inst/s_adder_sa/addinc_add_57_43/g1531/z (u)     in_0->z F     unmapped_nand2         3 15.3     0   165    6748    (-,-) 
  u_crypto_synth_top/u_top/u_rsa/core_inst/montprod_inst/s_adder_sa/addinc_add_57_43/g1527/z (u)     in_1->z R     unmapped_nand2         1  5.5     0   104    6852    (-,-) 
  u_crypto_synth_top/u_top/u_rsa/core_inst/montprod_inst/s_adder_sa/addinc_add_57_43/g1526/z (u)     in_0->z F     unmapped_nand2         4 20.4     0   199    7050    (-,-) 
  u_crypto_synth_top/u_top/u_rsa/core_inst/montprod_inst/s_adder_sa/addinc_add_57_43/g1521/z (u)     in_0->z R     unmapped_complex2      1  5.5     0   104    7155    (-,-) 
  u_crypto_synth_top/u_top/u_rsa/core_inst/montprod_inst/s_adder_sa/addinc_add_57_43/g1520/z (u)     in_0->z F     unmapped_complex2      3 15.3     0   165    7320    (-,-) 
  u_crypto_synth_top/u_top/u_rsa/core_inst/montprod_inst/s_adder_sa/addinc_add_57_43/g1512/z (u)     in_1->z R     unmapped_nand2         1  5.5     0   104    7424    (-,-) 
  u_crypto_synth_top/u_top/u_rsa/core_inst/montprod_inst/s_adder_sa/addinc_add_57_43/g1511/z (u)     in_1->z F     unmapped_nand2         3 15.3     0   165    7589    (-,-) 
  u_crypto_synth_top/u_top/u_rsa/core_inst/montprod_inst/s_adder_sa/addinc_add_57_43/g1510/z (u)     in_0->z R     unmapped_nand2         1  5.5     0   104    7694    (-,-) 
  u_crypto_synth_top/u_top/u_rsa/core_inst/montprod_inst/s_adder_sa/addinc_add_57_43/g1506/z (u)     in_0->z F     unmapped_nand2         3 15.3     0   165    7859    (-,-) 
  u_crypto_synth_top/u_top/u_rsa/core_inst/montprod_inst/s_adder_sa/addinc_add_57_43/g1502/z (u)     in_1->z R     unmapped_nand2         1  5.5     0   104    7963    (-,-) 
  u_crypto_synth_top/u_top/u_rsa/core_inst/montprod_inst/s_adder_sa/addinc_add_57_43/g1501/z (u)     in_1->z F     unmapped_nand2         3 15.3     0   165    8128    (-,-) 
  u_crypto_synth_top/u_top/u_rsa/core_inst/montprod_inst/s_adder_sa/addinc_add_57_43/g1500/z (u)     in_1->z R     unmapped_nand2         1  5.5     0   104    8232    (-,-) 
  u_crypto_synth_top/u_top/u_rsa/core_inst/montprod_inst/s_adder_sa/addinc_add_57_43/g1496/z (u)     in_0->z F     unmapped_nand2         3 15.3     0   165    8398    (-,-) 
  u_crypto_synth_top/u_top/u_rsa/core_inst/montprod_inst/s_adder_sa/addinc_add_57_43/g1495/z (u)     in_1->z R     unmapped_nand2         1  5.5     0   104    8502    (-,-) 
  u_crypto_synth_top/u_top/u_rsa/core_inst/montprod_inst/s_adder_sa/addinc_add_57_43/g1491/z (u)     in_0->z F     unmapped_nand2         3 15.3     0   165    8667    (-,-) 
  u_crypto_synth_top/u_top/u_rsa/core_inst/montprod_inst/s_adder_sa/addinc_add_57_43/g1490/z (u)     in_1->z R     unmapped_nand2         1  5.5     0   104    8771    (-,-) 
  u_crypto_synth_top/u_top/u_rsa/core_inst/montprod_inst/s_adder_sa/addinc_add_57_43/g1486/z (u)     in_0->z F     unmapped_nand2         3 15.3     0   165    8936    (-,-) 
  u_crypto_synth_top/u_top/u_rsa/core_inst/montprod_inst/s_adder_sa/addinc_add_57_43/g1482/z (u)     in_1->z R     unmapped_nand2         1  5.5     0   104    9040    (-,-) 
  u_crypto_synth_top/u_top/u_rsa/core_inst/montprod_inst/s_adder_sa/addinc_add_57_43/g1481/z (u)     in_1->z F     unmapped_nand2         3 15.3     0   165    9206    (-,-) 
  u_crypto_synth_top/u_top/u_rsa/core_inst/montprod_inst/s_adder_sa/addinc_add_57_43/g1480/z (u)     in_0->z R     unmapped_nand2         1  5.5     0   104    9310    (-,-) 
  u_crypto_synth_top/u_top/u_rsa/core_inst/montprod_inst/s_adder_sa/addinc_add_57_43/g1476/z (u)     in_1->z F     unmapped_nand2         3 15.3     0   165    9475    (-,-) 
  u_crypto_synth_top/u_top/u_rsa/core_inst/montprod_inst/s_adder_sa/addinc_add_57_43/g1472/z (u)     in_1->z R     unmapped_nand2         1  5.5     0   104    9579    (-,-) 
  u_crypto_synth_top/u_top/u_rsa/core_inst/montprod_inst/s_adder_sa/addinc_add_57_43/g1471/z (u)     in_1->z F     unmapped_nand2         3 15.3     0   165    9744    (-,-) 
  u_crypto_synth_top/u_top/u_rsa/core_inst/montprod_inst/s_adder_sa/addinc_add_57_43/g1470/z (u)     in_0->z R     unmapped_nand2         1  5.5     0   104    9849    (-,-) 
  u_crypto_synth_top/u_top/u_rsa/core_inst/montprod_inst/s_adder_sa/addinc_add_57_43/g1466/z (u)     in_1->z F     unmapped_nand2         3 15.3     0   165   10014    (-,-) 
  u_crypto_synth_top/u_top/u_rsa/core_inst/montprod_inst/s_adder_sa/addinc_add_57_43/g1462/z (u)     in_1->z R     unmapped_nand2         1  5.5     0   104   10118    (-,-) 
  u_crypto_synth_top/u_top/u_rsa/core_inst/montprod_inst/s_adder_sa/addinc_add_57_43/g1461/z (u)     in_1->z F     unmapped_nand2         3 15.3     0   165   10283    (-,-) 
  u_crypto_synth_top/u_top/u_rsa/core_inst/montprod_inst/s_adder_sa/addinc_add_57_43/g1457/z (u)     in_1->z R     unmapped_nand2         1  5.5     0   104   10388    (-,-) 
  u_crypto_synth_top/u_top/u_rsa/core_inst/montprod_inst/s_adder_sa/addinc_add_57_43/g1456/z (u)     in_1->z F     unmapped_nand2         3 15.3     0   165   10553    (-,-) 
  u_crypto_synth_top/u_top/u_rsa/core_inst/montprod_inst/s_adder_sa/addinc_add_57_43/g1452/z (u)     in_1->z R     unmapped_nand2         1  5.5     0   104   10657    (-,-) 
  u_crypto_synth_top/u_top/u_rsa/core_inst/montprod_inst/s_adder_sa/addinc_add_57_43/g1451/z (u)     in_1->z F     unmapped_nand2         3 15.3     0   165   10822    (-,-) 
  u_crypto_synth_top/u_top/u_rsa/core_inst/montprod_inst/s_adder_sa/addinc_add_57_43/g1448/z (u)     in_0->z F     unmapped_or2           1  5.1     0   104   10926    (-,-) 
  u_crypto_synth_top/u_top/u_rsa/core_inst/montprod_inst/s_adder_sa/addinc_add_57_43/g1449/z (u)     in_1->z R     unmapped_nand2         1  5.5     0   104   11030    (-,-) 
  u_crypto_synth_top/u_top/u_rsa/core_inst/montprod_inst/g4462/z                             (u)     in_0->z F     unmapped_complex2      1  5.1     0   114   11145    (-,-) 
  u_crypto_synth_top/u_top/u_rsa/core_inst/montprod_inst/g4246/z                             (u)     in_1->z R     unmapped_complex2     32 33.0     0   363   11508    (-,-) 
  u_crypto_synth_top/u_top/u_rsa/core_inst/montprod_inst/s_mem/mem_reg[9][31]/d              -       -       R     unmapped_d_flop       32    -     -     0   11508    (-,-) 
#-----------------------------------------------------------------------------------------------------------------------------------------------------------------------------

(u) : Net has unmapped pin(s).



Path 39: MET (43364 ps) Setup Check with Pin u_crypto_synth_top/u_top/u_rsa/core_inst/montprod_inst/s_mem/mem_reg[8][31]/clk->d
          Group: R2R
     Startpoint: (R) u_crypto_synth_top/u_top/u_rsa/core_inst/montprod_select_reg_reg[2]/clk
          Clock: (R) MAIN_CLK
       Endpoint: (R) u_crypto_synth_top/u_top/u_rsa/core_inst/montprod_inst/s_mem/mem_reg[8][31]/d
          Clock: (R) MAIN_CLK

                     Capture       Launch     
        Clock Edge:+   58000            0     
       Src Latency:+     150          250     
       Net Latency:+       0 (I)        0 (I) 
           Arrival:=   58150          250     
                                              
             Setup:-     329                  
       Uncertainty:-    1450                  
       Path Adjust:+   -1500                  
     Required Time:=   54871                  
      Launch Clock:-     250                  
         Data Path:-   11258                  
             Slack:=   43364                  

Exceptions/Constraints:
  path_adjust            -1500            PA_C2C 

#-----------------------------------------------------------------------------------------------------------------------------------------------------------------------------
#                                       Timing Point                                         Flags    Arc    Edge       Cell         Fanout Load Trans Delay Arrival Instance 
#                                                                                                                                           (fF)  (ps)  (ps)   (ps)  Location 
#-----------------------------------------------------------------------------------------------------------------------------------------------------------------------------
  u_crypto_synth_top/u_top/u_rsa/core_inst/montprod_select_reg_reg[2]/clk                    -       -       R     (arrival)          19892    -     0     0     250    (-,-) 
  u_crypto_synth_top/u_top/u_rsa/core_inst/montprod_select_reg_reg[2]/q                      (u)     clk->q  R     unmapped_d_flop        7 38.5     0   881    1131    (-,-) 
  u_crypto_synth_top/u_top/u_rsa/core_inst/g4055/z                                           (u)     in_1->z R     unmapped_complex2     34 33.0     0   412    1543    (-,-) 
  u_crypto_synth_top/u_top/u_rsa/core_inst/g4058/z                                           (u)     in_1->z F     unmapped_nand2         1  5.1     0   125    1668    (-,-) 
  u_crypto_synth_top/u_top/u_rsa/core_inst/g4054/z                                           (u)     in_0->z R     unmapped_complex2     32 33.0     0   412    2080    (-,-) 
  u_crypto_synth_top/u_top/u_rsa/core_inst/g3958/z                                           (u)     in_1->z R     unmapped_complex2      1  5.5     0   125    2206    (-,-) 
  u_crypto_synth_top/u_top/u_rsa/core_inst/g3922/z                                           (u)     in_0->z F     unmapped_nand2         1  5.1     0   125    2331    (-,-) 
  u_crypto_synth_top/u_top/u_rsa/core_inst/g3905/z                                           (u)     in_1->z F     unmapped_or2           5 25.5     0   272    2602    (-,-) 
  u_crypto_synth_top/u_top/u_rsa/core_inst/montprod_inst/s_adder_sa/addinc_add_57_43/g1182/z (u)     in_1->z F     unmapped_or2           1  5.1     0   104    2707    (-,-) 
  u_crypto_synth_top/u_top/u_rsa/core_inst/montprod_inst/s_adder_sa/addinc_add_57_43/g1612/z (u)     in_0->z R     unmapped_nand2         1  5.5     0   104    2811    (-,-) 
  u_crypto_synth_top/u_top/u_rsa/core_inst/montprod_inst/s_adder_sa/addinc_add_57_43/g1602/z (u)     in_0->z F     unmapped_nand2         3 15.3     0   165    2976    (-,-) 
  u_crypto_synth_top/u_top/u_rsa/core_inst/montprod_inst/s_adder_sa/addinc_add_57_43/g1597/z (u)     in_1->z R     unmapped_nand2         1  5.5     0   104    3080    (-,-) 
  u_crypto_synth_top/u_top/u_rsa/core_inst/montprod_inst/s_adder_sa/addinc_add_57_43/g1596/z (u)     in_0->z F     unmapped_nand2         3 15.3     0   165    3245    (-,-) 
  u_crypto_synth_top/u_top/u_rsa/core_inst/montprod_inst/s_adder_sa/addinc_add_57_43/g1595/z (u)     in_1->z R     unmapped_nand2         1  5.5     0   104    3350    (-,-) 
  u_crypto_synth_top/u_top/u_rsa/core_inst/montprod_inst/s_adder_sa/addinc_add_57_43/g1591/z (u)     in_0->z F     unmapped_nand2         3 15.3     0   165    3515    (-,-) 
  u_crypto_synth_top/u_top/u_rsa/core_inst/montprod_inst/s_adder_sa/addinc_add_57_43/g1587/z (u)     in_1->z R     unmapped_nand2         1  5.5     0   104    3619    (-,-) 
  u_crypto_synth_top/u_top/u_rsa/core_inst/montprod_inst/s_adder_sa/addinc_add_57_43/g1586/z (u)     in_0->z F     unmapped_nand2         3 15.3     0   165    3784    (-,-) 
  u_crypto_synth_top/u_top/u_rsa/core_inst/montprod_inst/s_adder_sa/addinc_add_57_43/g1582/z (u)     in_1->z R     unmapped_nand2         1  5.5     0   104    3888    (-,-) 
  u_crypto_synth_top/u_top/u_rsa/core_inst/montprod_inst/s_adder_sa/addinc_add_57_43/g1581/z (u)     in_0->z F     unmapped_nand2         3 15.3     0   165    4054    (-,-) 
  u_crypto_synth_top/u_top/u_rsa/core_inst/montprod_inst/s_adder_sa/addinc_add_57_43/g1580/z (u)     in_1->z R     unmapped_nand2         1  5.5     0   104    4158    (-,-) 
  u_crypto_synth_top/u_top/u_rsa/core_inst/montprod_inst/s_adder_sa/addinc_add_57_43/g1576/z (u)     in_0->z F     unmapped_nand2         3 15.3     0   165    4323    (-,-) 
  u_crypto_synth_top/u_top/u_rsa/core_inst/montprod_inst/s_adder_sa/addinc_add_57_43/g1575/z (u)     in_1->z R     unmapped_nand2         1  5.5     0   104    4427    (-,-) 
  u_crypto_synth_top/u_top/u_rsa/core_inst/montprod_inst/s_adder_sa/addinc_add_57_43/g1571/z (u)     in_0->z F     unmapped_nand2         3 15.3     0   165    4592    (-,-) 
  u_crypto_synth_top/u_top/u_rsa/core_inst/montprod_inst/s_adder_sa/addinc_add_57_43/g1567/z (u)     in_1->z R     unmapped_nand2         1  5.5     0   104    4697    (-,-) 
  u_crypto_synth_top/u_top/u_rsa/core_inst/montprod_inst/s_adder_sa/addinc_add_57_43/g1566/z (u)     in_0->z F     unmapped_nand2         3 15.3     0   165    4862    (-,-) 
  u_crypto_synth_top/u_top/u_rsa/core_inst/montprod_inst/s_adder_sa/addinc_add_57_43/g1565/z (u)     in_1->z R     unmapped_nand2         1  5.5     0   104    4966    (-,-) 
  u_crypto_synth_top/u_top/u_rsa/core_inst/montprod_inst/s_adder_sa/addinc_add_57_43/g1561/z (u)     in_1->z F     unmapped_nand2         3 15.3     0   165    5131    (-,-) 
  u_crypto_synth_top/u_top/u_rsa/core_inst/montprod_inst/s_adder_sa/addinc_add_57_43/g1557/z (u)     in_1->z R     unmapped_nand2         1  5.5     0   104    5235    (-,-) 
  u_crypto_synth_top/u_top/u_rsa/core_inst/montprod_inst/s_adder_sa/addinc_add_57_43/g1556/z (u)     in_0->z F     unmapped_nand2         3 15.3     0   165    5401    (-,-) 
  u_crypto_synth_top/u_top/u_rsa/core_inst/montprod_inst/s_adder_sa/addinc_add_57_43/g1552/z (u)     in_1->z R     unmapped_nand2         1  5.5     0   104    5505    (-,-) 
  u_crypto_synth_top/u_top/u_rsa/core_inst/montprod_inst/s_adder_sa/addinc_add_57_43/g1551/z (u)     in_0->z F     unmapped_nand2         3 15.3     0   165    5670    (-,-) 
  u_crypto_synth_top/u_top/u_rsa/core_inst/montprod_inst/s_adder_sa/addinc_add_57_43/g1547/z (u)     in_1->z R     unmapped_nand2         1  5.5     0   104    5774    (-,-) 
  u_crypto_synth_top/u_top/u_rsa/core_inst/montprod_inst/s_adder_sa/addinc_add_57_43/g1546/z (u)     in_0->z F     unmapped_nand2         3 15.3     0   165    5939    (-,-) 
  u_crypto_synth_top/u_top/u_rsa/core_inst/montprod_inst/s_adder_sa/addinc_add_57_43/g1542/z (u)     in_1->z R     unmapped_nand2         1  5.5     0   104    6044    (-,-) 
  u_crypto_synth_top/u_top/u_rsa/core_inst/montprod_inst/s_adder_sa/addinc_add_57_43/g1541/z (u)     in_1->z F     unmapped_nand2         3 15.3     0   165    6209    (-,-) 
  u_crypto_synth_top/u_top/u_rsa/core_inst/montprod_inst/s_adder_sa/addinc_add_57_43/g1540/z (u)     in_1->z R     unmapped_nand2         1  5.5     0   104    6313    (-,-) 
  u_crypto_synth_top/u_top/u_rsa/core_inst/montprod_inst/s_adder_sa/addinc_add_57_43/g1536/z (u)     in_0->z F     unmapped_nand2         3 15.3     0   165    6478    (-,-) 
  u_crypto_synth_top/u_top/u_rsa/core_inst/montprod_inst/s_adder_sa/addinc_add_57_43/g1535/z (u)     in_1->z R     unmapped_nand2         1  5.5     0   104    6582    (-,-) 
  u_crypto_synth_top/u_top/u_rsa/core_inst/montprod_inst/s_adder_sa/addinc_add_57_43/g1531/z (u)     in_0->z F     unmapped_nand2         3 15.3     0   165    6748    (-,-) 
  u_crypto_synth_top/u_top/u_rsa/core_inst/montprod_inst/s_adder_sa/addinc_add_57_43/g1527/z (u)     in_1->z R     unmapped_nand2         1  5.5     0   104    6852    (-,-) 
  u_crypto_synth_top/u_top/u_rsa/core_inst/montprod_inst/s_adder_sa/addinc_add_57_43/g1526/z (u)     in_0->z F     unmapped_nand2         4 20.4     0   199    7050    (-,-) 
  u_crypto_synth_top/u_top/u_rsa/core_inst/montprod_inst/s_adder_sa/addinc_add_57_43/g1521/z (u)     in_0->z R     unmapped_complex2      1  5.5     0   104    7155    (-,-) 
  u_crypto_synth_top/u_top/u_rsa/core_inst/montprod_inst/s_adder_sa/addinc_add_57_43/g1520/z (u)     in_0->z F     unmapped_complex2      3 15.3     0   165    7320    (-,-) 
  u_crypto_synth_top/u_top/u_rsa/core_inst/montprod_inst/s_adder_sa/addinc_add_57_43/g1512/z (u)     in_1->z R     unmapped_nand2         1  5.5     0   104    7424    (-,-) 
  u_crypto_synth_top/u_top/u_rsa/core_inst/montprod_inst/s_adder_sa/addinc_add_57_43/g1511/z (u)     in_1->z F     unmapped_nand2         3 15.3     0   165    7589    (-,-) 
  u_crypto_synth_top/u_top/u_rsa/core_inst/montprod_inst/s_adder_sa/addinc_add_57_43/g1510/z (u)     in_0->z R     unmapped_nand2         1  5.5     0   104    7694    (-,-) 
  u_crypto_synth_top/u_top/u_rsa/core_inst/montprod_inst/s_adder_sa/addinc_add_57_43/g1506/z (u)     in_0->z F     unmapped_nand2         3 15.3     0   165    7859    (-,-) 
  u_crypto_synth_top/u_top/u_rsa/core_inst/montprod_inst/s_adder_sa/addinc_add_57_43/g1502/z (u)     in_1->z R     unmapped_nand2         1  5.5     0   104    7963    (-,-) 
  u_crypto_synth_top/u_top/u_rsa/core_inst/montprod_inst/s_adder_sa/addinc_add_57_43/g1501/z (u)     in_1->z F     unmapped_nand2         3 15.3     0   165    8128    (-,-) 
  u_crypto_synth_top/u_top/u_rsa/core_inst/montprod_inst/s_adder_sa/addinc_add_57_43/g1500/z (u)     in_1->z R     unmapped_nand2         1  5.5     0   104    8232    (-,-) 
  u_crypto_synth_top/u_top/u_rsa/core_inst/montprod_inst/s_adder_sa/addinc_add_57_43/g1496/z (u)     in_0->z F     unmapped_nand2         3 15.3     0   165    8398    (-,-) 
  u_crypto_synth_top/u_top/u_rsa/core_inst/montprod_inst/s_adder_sa/addinc_add_57_43/g1495/z (u)     in_1->z R     unmapped_nand2         1  5.5     0   104    8502    (-,-) 
  u_crypto_synth_top/u_top/u_rsa/core_inst/montprod_inst/s_adder_sa/addinc_add_57_43/g1491/z (u)     in_0->z F     unmapped_nand2         3 15.3     0   165    8667    (-,-) 
  u_crypto_synth_top/u_top/u_rsa/core_inst/montprod_inst/s_adder_sa/addinc_add_57_43/g1490/z (u)     in_1->z R     unmapped_nand2         1  5.5     0   104    8771    (-,-) 
  u_crypto_synth_top/u_top/u_rsa/core_inst/montprod_inst/s_adder_sa/addinc_add_57_43/g1486/z (u)     in_0->z F     unmapped_nand2         3 15.3     0   165    8936    (-,-) 
  u_crypto_synth_top/u_top/u_rsa/core_inst/montprod_inst/s_adder_sa/addinc_add_57_43/g1482/z (u)     in_1->z R     unmapped_nand2         1  5.5     0   104    9040    (-,-) 
  u_crypto_synth_top/u_top/u_rsa/core_inst/montprod_inst/s_adder_sa/addinc_add_57_43/g1481/z (u)     in_1->z F     unmapped_nand2         3 15.3     0   165    9206    (-,-) 
  u_crypto_synth_top/u_top/u_rsa/core_inst/montprod_inst/s_adder_sa/addinc_add_57_43/g1480/z (u)     in_0->z R     unmapped_nand2         1  5.5     0   104    9310    (-,-) 
  u_crypto_synth_top/u_top/u_rsa/core_inst/montprod_inst/s_adder_sa/addinc_add_57_43/g1476/z (u)     in_1->z F     unmapped_nand2         3 15.3     0   165    9475    (-,-) 
  u_crypto_synth_top/u_top/u_rsa/core_inst/montprod_inst/s_adder_sa/addinc_add_57_43/g1472/z (u)     in_1->z R     unmapped_nand2         1  5.5     0   104    9579    (-,-) 
  u_crypto_synth_top/u_top/u_rsa/core_inst/montprod_inst/s_adder_sa/addinc_add_57_43/g1471/z (u)     in_1->z F     unmapped_nand2         3 15.3     0   165    9744    (-,-) 
  u_crypto_synth_top/u_top/u_rsa/core_inst/montprod_inst/s_adder_sa/addinc_add_57_43/g1470/z (u)     in_0->z R     unmapped_nand2         1  5.5     0   104    9849    (-,-) 
  u_crypto_synth_top/u_top/u_rsa/core_inst/montprod_inst/s_adder_sa/addinc_add_57_43/g1466/z (u)     in_1->z F     unmapped_nand2         3 15.3     0   165   10014    (-,-) 
  u_crypto_synth_top/u_top/u_rsa/core_inst/montprod_inst/s_adder_sa/addinc_add_57_43/g1462/z (u)     in_1->z R     unmapped_nand2         1  5.5     0   104   10118    (-,-) 
  u_crypto_synth_top/u_top/u_rsa/core_inst/montprod_inst/s_adder_sa/addinc_add_57_43/g1461/z (u)     in_1->z F     unmapped_nand2         3 15.3     0   165   10283    (-,-) 
  u_crypto_synth_top/u_top/u_rsa/core_inst/montprod_inst/s_adder_sa/addinc_add_57_43/g1457/z (u)     in_1->z R     unmapped_nand2         1  5.5     0   104   10388    (-,-) 
  u_crypto_synth_top/u_top/u_rsa/core_inst/montprod_inst/s_adder_sa/addinc_add_57_43/g1456/z (u)     in_1->z F     unmapped_nand2         3 15.3     0   165   10553    (-,-) 
  u_crypto_synth_top/u_top/u_rsa/core_inst/montprod_inst/s_adder_sa/addinc_add_57_43/g1452/z (u)     in_1->z R     unmapped_nand2         1  5.5     0   104   10657    (-,-) 
  u_crypto_synth_top/u_top/u_rsa/core_inst/montprod_inst/s_adder_sa/addinc_add_57_43/g1451/z (u)     in_1->z F     unmapped_nand2         3 15.3     0   165   10822    (-,-) 
  u_crypto_synth_top/u_top/u_rsa/core_inst/montprod_inst/s_adder_sa/addinc_add_57_43/g1448/z (u)     in_0->z F     unmapped_or2           1  5.1     0   104   10926    (-,-) 
  u_crypto_synth_top/u_top/u_rsa/core_inst/montprod_inst/s_adder_sa/addinc_add_57_43/g1449/z (u)     in_1->z R     unmapped_nand2         1  5.5     0   104   11030    (-,-) 
  u_crypto_synth_top/u_top/u_rsa/core_inst/montprod_inst/g4462/z                             (u)     in_0->z F     unmapped_complex2      1  5.1     0   114   11145    (-,-) 
  u_crypto_synth_top/u_top/u_rsa/core_inst/montprod_inst/g4246/z                             (u)     in_1->z R     unmapped_complex2     32 33.0     0   363   11508    (-,-) 
  u_crypto_synth_top/u_top/u_rsa/core_inst/montprod_inst/s_mem/mem_reg[8][31]/d              -       -       R     unmapped_d_flop       32    -     -     0   11508    (-,-) 
#-----------------------------------------------------------------------------------------------------------------------------------------------------------------------------

(u) : Net has unmapped pin(s).



Path 40: MET (43364 ps) Setup Check with Pin u_crypto_synth_top/u_top/u_rsa/core_inst/montprod_inst/s_mem/mem_reg[7][31]/clk->d
          Group: R2R
     Startpoint: (R) u_crypto_synth_top/u_top/u_rsa/core_inst/montprod_select_reg_reg[2]/clk
          Clock: (R) MAIN_CLK
       Endpoint: (R) u_crypto_synth_top/u_top/u_rsa/core_inst/montprod_inst/s_mem/mem_reg[7][31]/d
          Clock: (R) MAIN_CLK

                     Capture       Launch     
        Clock Edge:+   58000            0     
       Src Latency:+     150          250     
       Net Latency:+       0 (I)        0 (I) 
           Arrival:=   58150          250     
                                              
             Setup:-     329                  
       Uncertainty:-    1450                  
       Path Adjust:+   -1500                  
     Required Time:=   54871                  
      Launch Clock:-     250                  
         Data Path:-   11258                  
             Slack:=   43364                  

Exceptions/Constraints:
  path_adjust            -1500            PA_C2C 

#-----------------------------------------------------------------------------------------------------------------------------------------------------------------------------
#                                       Timing Point                                         Flags    Arc    Edge       Cell         Fanout Load Trans Delay Arrival Instance 
#                                                                                                                                           (fF)  (ps)  (ps)   (ps)  Location 
#-----------------------------------------------------------------------------------------------------------------------------------------------------------------------------
  u_crypto_synth_top/u_top/u_rsa/core_inst/montprod_select_reg_reg[2]/clk                    -       -       R     (arrival)          19892    -     0     0     250    (-,-) 
  u_crypto_synth_top/u_top/u_rsa/core_inst/montprod_select_reg_reg[2]/q                      (u)     clk->q  R     unmapped_d_flop        7 38.5     0   881    1131    (-,-) 
  u_crypto_synth_top/u_top/u_rsa/core_inst/g4055/z                                           (u)     in_1->z R     unmapped_complex2     34 33.0     0   412    1543    (-,-) 
  u_crypto_synth_top/u_top/u_rsa/core_inst/g4058/z                                           (u)     in_1->z F     unmapped_nand2         1  5.1     0   125    1668    (-,-) 
  u_crypto_synth_top/u_top/u_rsa/core_inst/g4054/z                                           (u)     in_0->z R     unmapped_complex2     32 33.0     0   412    2080    (-,-) 
  u_crypto_synth_top/u_top/u_rsa/core_inst/g3958/z                                           (u)     in_1->z R     unmapped_complex2      1  5.5     0   125    2206    (-,-) 
  u_crypto_synth_top/u_top/u_rsa/core_inst/g3922/z                                           (u)     in_0->z F     unmapped_nand2         1  5.1     0   125    2331    (-,-) 
  u_crypto_synth_top/u_top/u_rsa/core_inst/g3905/z                                           (u)     in_1->z F     unmapped_or2           5 25.5     0   272    2602    (-,-) 
  u_crypto_synth_top/u_top/u_rsa/core_inst/montprod_inst/s_adder_sa/addinc_add_57_43/g1182/z (u)     in_1->z F     unmapped_or2           1  5.1     0   104    2707    (-,-) 
  u_crypto_synth_top/u_top/u_rsa/core_inst/montprod_inst/s_adder_sa/addinc_add_57_43/g1612/z (u)     in_0->z R     unmapped_nand2         1  5.5     0   104    2811    (-,-) 
  u_crypto_synth_top/u_top/u_rsa/core_inst/montprod_inst/s_adder_sa/addinc_add_57_43/g1602/z (u)     in_0->z F     unmapped_nand2         3 15.3     0   165    2976    (-,-) 
  u_crypto_synth_top/u_top/u_rsa/core_inst/montprod_inst/s_adder_sa/addinc_add_57_43/g1597/z (u)     in_1->z R     unmapped_nand2         1  5.5     0   104    3080    (-,-) 
  u_crypto_synth_top/u_top/u_rsa/core_inst/montprod_inst/s_adder_sa/addinc_add_57_43/g1596/z (u)     in_0->z F     unmapped_nand2         3 15.3     0   165    3245    (-,-) 
  u_crypto_synth_top/u_top/u_rsa/core_inst/montprod_inst/s_adder_sa/addinc_add_57_43/g1595/z (u)     in_1->z R     unmapped_nand2         1  5.5     0   104    3350    (-,-) 
  u_crypto_synth_top/u_top/u_rsa/core_inst/montprod_inst/s_adder_sa/addinc_add_57_43/g1591/z (u)     in_0->z F     unmapped_nand2         3 15.3     0   165    3515    (-,-) 
  u_crypto_synth_top/u_top/u_rsa/core_inst/montprod_inst/s_adder_sa/addinc_add_57_43/g1587/z (u)     in_1->z R     unmapped_nand2         1  5.5     0   104    3619    (-,-) 
  u_crypto_synth_top/u_top/u_rsa/core_inst/montprod_inst/s_adder_sa/addinc_add_57_43/g1586/z (u)     in_0->z F     unmapped_nand2         3 15.3     0   165    3784    (-,-) 
  u_crypto_synth_top/u_top/u_rsa/core_inst/montprod_inst/s_adder_sa/addinc_add_57_43/g1582/z (u)     in_1->z R     unmapped_nand2         1  5.5     0   104    3888    (-,-) 
  u_crypto_synth_top/u_top/u_rsa/core_inst/montprod_inst/s_adder_sa/addinc_add_57_43/g1581/z (u)     in_0->z F     unmapped_nand2         3 15.3     0   165    4054    (-,-) 
  u_crypto_synth_top/u_top/u_rsa/core_inst/montprod_inst/s_adder_sa/addinc_add_57_43/g1580/z (u)     in_1->z R     unmapped_nand2         1  5.5     0   104    4158    (-,-) 
  u_crypto_synth_top/u_top/u_rsa/core_inst/montprod_inst/s_adder_sa/addinc_add_57_43/g1576/z (u)     in_0->z F     unmapped_nand2         3 15.3     0   165    4323    (-,-) 
  u_crypto_synth_top/u_top/u_rsa/core_inst/montprod_inst/s_adder_sa/addinc_add_57_43/g1575/z (u)     in_1->z R     unmapped_nand2         1  5.5     0   104    4427    (-,-) 
  u_crypto_synth_top/u_top/u_rsa/core_inst/montprod_inst/s_adder_sa/addinc_add_57_43/g1571/z (u)     in_0->z F     unmapped_nand2         3 15.3     0   165    4592    (-,-) 
  u_crypto_synth_top/u_top/u_rsa/core_inst/montprod_inst/s_adder_sa/addinc_add_57_43/g1567/z (u)     in_1->z R     unmapped_nand2         1  5.5     0   104    4697    (-,-) 
  u_crypto_synth_top/u_top/u_rsa/core_inst/montprod_inst/s_adder_sa/addinc_add_57_43/g1566/z (u)     in_0->z F     unmapped_nand2         3 15.3     0   165    4862    (-,-) 
  u_crypto_synth_top/u_top/u_rsa/core_inst/montprod_inst/s_adder_sa/addinc_add_57_43/g1565/z (u)     in_1->z R     unmapped_nand2         1  5.5     0   104    4966    (-,-) 
  u_crypto_synth_top/u_top/u_rsa/core_inst/montprod_inst/s_adder_sa/addinc_add_57_43/g1561/z (u)     in_1->z F     unmapped_nand2         3 15.3     0   165    5131    (-,-) 
  u_crypto_synth_top/u_top/u_rsa/core_inst/montprod_inst/s_adder_sa/addinc_add_57_43/g1557/z (u)     in_1->z R     unmapped_nand2         1  5.5     0   104    5235    (-,-) 
  u_crypto_synth_top/u_top/u_rsa/core_inst/montprod_inst/s_adder_sa/addinc_add_57_43/g1556/z (u)     in_0->z F     unmapped_nand2         3 15.3     0   165    5401    (-,-) 
  u_crypto_synth_top/u_top/u_rsa/core_inst/montprod_inst/s_adder_sa/addinc_add_57_43/g1552/z (u)     in_1->z R     unmapped_nand2         1  5.5     0   104    5505    (-,-) 
  u_crypto_synth_top/u_top/u_rsa/core_inst/montprod_inst/s_adder_sa/addinc_add_57_43/g1551/z (u)     in_0->z F     unmapped_nand2         3 15.3     0   165    5670    (-,-) 
  u_crypto_synth_top/u_top/u_rsa/core_inst/montprod_inst/s_adder_sa/addinc_add_57_43/g1547/z (u)     in_1->z R     unmapped_nand2         1  5.5     0   104    5774    (-,-) 
  u_crypto_synth_top/u_top/u_rsa/core_inst/montprod_inst/s_adder_sa/addinc_add_57_43/g1546/z (u)     in_0->z F     unmapped_nand2         3 15.3     0   165    5939    (-,-) 
  u_crypto_synth_top/u_top/u_rsa/core_inst/montprod_inst/s_adder_sa/addinc_add_57_43/g1542/z (u)     in_1->z R     unmapped_nand2         1  5.5     0   104    6044    (-,-) 
  u_crypto_synth_top/u_top/u_rsa/core_inst/montprod_inst/s_adder_sa/addinc_add_57_43/g1541/z (u)     in_1->z F     unmapped_nand2         3 15.3     0   165    6209    (-,-) 
  u_crypto_synth_top/u_top/u_rsa/core_inst/montprod_inst/s_adder_sa/addinc_add_57_43/g1540/z (u)     in_1->z R     unmapped_nand2         1  5.5     0   104    6313    (-,-) 
  u_crypto_synth_top/u_top/u_rsa/core_inst/montprod_inst/s_adder_sa/addinc_add_57_43/g1536/z (u)     in_0->z F     unmapped_nand2         3 15.3     0   165    6478    (-,-) 
  u_crypto_synth_top/u_top/u_rsa/core_inst/montprod_inst/s_adder_sa/addinc_add_57_43/g1535/z (u)     in_1->z R     unmapped_nand2         1  5.5     0   104    6582    (-,-) 
  u_crypto_synth_top/u_top/u_rsa/core_inst/montprod_inst/s_adder_sa/addinc_add_57_43/g1531/z (u)     in_0->z F     unmapped_nand2         3 15.3     0   165    6748    (-,-) 
  u_crypto_synth_top/u_top/u_rsa/core_inst/montprod_inst/s_adder_sa/addinc_add_57_43/g1527/z (u)     in_1->z R     unmapped_nand2         1  5.5     0   104    6852    (-,-) 
  u_crypto_synth_top/u_top/u_rsa/core_inst/montprod_inst/s_adder_sa/addinc_add_57_43/g1526/z (u)     in_0->z F     unmapped_nand2         4 20.4     0   199    7050    (-,-) 
  u_crypto_synth_top/u_top/u_rsa/core_inst/montprod_inst/s_adder_sa/addinc_add_57_43/g1521/z (u)     in_0->z R     unmapped_complex2      1  5.5     0   104    7155    (-,-) 
  u_crypto_synth_top/u_top/u_rsa/core_inst/montprod_inst/s_adder_sa/addinc_add_57_43/g1520/z (u)     in_0->z F     unmapped_complex2      3 15.3     0   165    7320    (-,-) 
  u_crypto_synth_top/u_top/u_rsa/core_inst/montprod_inst/s_adder_sa/addinc_add_57_43/g1512/z (u)     in_1->z R     unmapped_nand2         1  5.5     0   104    7424    (-,-) 
  u_crypto_synth_top/u_top/u_rsa/core_inst/montprod_inst/s_adder_sa/addinc_add_57_43/g1511/z (u)     in_1->z F     unmapped_nand2         3 15.3     0   165    7589    (-,-) 
  u_crypto_synth_top/u_top/u_rsa/core_inst/montprod_inst/s_adder_sa/addinc_add_57_43/g1510/z (u)     in_0->z R     unmapped_nand2         1  5.5     0   104    7694    (-,-) 
  u_crypto_synth_top/u_top/u_rsa/core_inst/montprod_inst/s_adder_sa/addinc_add_57_43/g1506/z (u)     in_0->z F     unmapped_nand2         3 15.3     0   165    7859    (-,-) 
  u_crypto_synth_top/u_top/u_rsa/core_inst/montprod_inst/s_adder_sa/addinc_add_57_43/g1502/z (u)     in_1->z R     unmapped_nand2         1  5.5     0   104    7963    (-,-) 
  u_crypto_synth_top/u_top/u_rsa/core_inst/montprod_inst/s_adder_sa/addinc_add_57_43/g1501/z (u)     in_1->z F     unmapped_nand2         3 15.3     0   165    8128    (-,-) 
  u_crypto_synth_top/u_top/u_rsa/core_inst/montprod_inst/s_adder_sa/addinc_add_57_43/g1500/z (u)     in_1->z R     unmapped_nand2         1  5.5     0   104    8232    (-,-) 
  u_crypto_synth_top/u_top/u_rsa/core_inst/montprod_inst/s_adder_sa/addinc_add_57_43/g1496/z (u)     in_0->z F     unmapped_nand2         3 15.3     0   165    8398    (-,-) 
  u_crypto_synth_top/u_top/u_rsa/core_inst/montprod_inst/s_adder_sa/addinc_add_57_43/g1495/z (u)     in_1->z R     unmapped_nand2         1  5.5     0   104    8502    (-,-) 
  u_crypto_synth_top/u_top/u_rsa/core_inst/montprod_inst/s_adder_sa/addinc_add_57_43/g1491/z (u)     in_0->z F     unmapped_nand2         3 15.3     0   165    8667    (-,-) 
  u_crypto_synth_top/u_top/u_rsa/core_inst/montprod_inst/s_adder_sa/addinc_add_57_43/g1490/z (u)     in_1->z R     unmapped_nand2         1  5.5     0   104    8771    (-,-) 
  u_crypto_synth_top/u_top/u_rsa/core_inst/montprod_inst/s_adder_sa/addinc_add_57_43/g1486/z (u)     in_0->z F     unmapped_nand2         3 15.3     0   165    8936    (-,-) 
  u_crypto_synth_top/u_top/u_rsa/core_inst/montprod_inst/s_adder_sa/addinc_add_57_43/g1482/z (u)     in_1->z R     unmapped_nand2         1  5.5     0   104    9040    (-,-) 
  u_crypto_synth_top/u_top/u_rsa/core_inst/montprod_inst/s_adder_sa/addinc_add_57_43/g1481/z (u)     in_1->z F     unmapped_nand2         3 15.3     0   165    9206    (-,-) 
  u_crypto_synth_top/u_top/u_rsa/core_inst/montprod_inst/s_adder_sa/addinc_add_57_43/g1480/z (u)     in_0->z R     unmapped_nand2         1  5.5     0   104    9310    (-,-) 
  u_crypto_synth_top/u_top/u_rsa/core_inst/montprod_inst/s_adder_sa/addinc_add_57_43/g1476/z (u)     in_1->z F     unmapped_nand2         3 15.3     0   165    9475    (-,-) 
  u_crypto_synth_top/u_top/u_rsa/core_inst/montprod_inst/s_adder_sa/addinc_add_57_43/g1472/z (u)     in_1->z R     unmapped_nand2         1  5.5     0   104    9579    (-,-) 
  u_crypto_synth_top/u_top/u_rsa/core_inst/montprod_inst/s_adder_sa/addinc_add_57_43/g1471/z (u)     in_1->z F     unmapped_nand2         3 15.3     0   165    9744    (-,-) 
  u_crypto_synth_top/u_top/u_rsa/core_inst/montprod_inst/s_adder_sa/addinc_add_57_43/g1470/z (u)     in_0->z R     unmapped_nand2         1  5.5     0   104    9849    (-,-) 
  u_crypto_synth_top/u_top/u_rsa/core_inst/montprod_inst/s_adder_sa/addinc_add_57_43/g1466/z (u)     in_1->z F     unmapped_nand2         3 15.3     0   165   10014    (-,-) 
  u_crypto_synth_top/u_top/u_rsa/core_inst/montprod_inst/s_adder_sa/addinc_add_57_43/g1462/z (u)     in_1->z R     unmapped_nand2         1  5.5     0   104   10118    (-,-) 
  u_crypto_synth_top/u_top/u_rsa/core_inst/montprod_inst/s_adder_sa/addinc_add_57_43/g1461/z (u)     in_1->z F     unmapped_nand2         3 15.3     0   165   10283    (-,-) 
  u_crypto_synth_top/u_top/u_rsa/core_inst/montprod_inst/s_adder_sa/addinc_add_57_43/g1457/z (u)     in_1->z R     unmapped_nand2         1  5.5     0   104   10388    (-,-) 
  u_crypto_synth_top/u_top/u_rsa/core_inst/montprod_inst/s_adder_sa/addinc_add_57_43/g1456/z (u)     in_1->z F     unmapped_nand2         3 15.3     0   165   10553    (-,-) 
  u_crypto_synth_top/u_top/u_rsa/core_inst/montprod_inst/s_adder_sa/addinc_add_57_43/g1452/z (u)     in_1->z R     unmapped_nand2         1  5.5     0   104   10657    (-,-) 
  u_crypto_synth_top/u_top/u_rsa/core_inst/montprod_inst/s_adder_sa/addinc_add_57_43/g1451/z (u)     in_1->z F     unmapped_nand2         3 15.3     0   165   10822    (-,-) 
  u_crypto_synth_top/u_top/u_rsa/core_inst/montprod_inst/s_adder_sa/addinc_add_57_43/g1448/z (u)     in_0->z F     unmapped_or2           1  5.1     0   104   10926    (-,-) 
  u_crypto_synth_top/u_top/u_rsa/core_inst/montprod_inst/s_adder_sa/addinc_add_57_43/g1449/z (u)     in_1->z R     unmapped_nand2         1  5.5     0   104   11030    (-,-) 
  u_crypto_synth_top/u_top/u_rsa/core_inst/montprod_inst/g4462/z                             (u)     in_0->z F     unmapped_complex2      1  5.1     0   114   11145    (-,-) 
  u_crypto_synth_top/u_top/u_rsa/core_inst/montprod_inst/g4246/z                             (u)     in_1->z R     unmapped_complex2     32 33.0     0   363   11508    (-,-) 
  u_crypto_synth_top/u_top/u_rsa/core_inst/montprod_inst/s_mem/mem_reg[7][31]/d              -       -       R     unmapped_d_flop       32    -     -     0   11508    (-,-) 
#-----------------------------------------------------------------------------------------------------------------------------------------------------------------------------

(u) : Net has unmapped pin(s).



Path 41: MET (43364 ps) Setup Check with Pin u_crypto_synth_top/u_top/u_rsa/core_inst/montprod_inst/s_mem/mem_reg[6][31]/clk->d
          Group: R2R
     Startpoint: (R) u_crypto_synth_top/u_top/u_rsa/core_inst/montprod_select_reg_reg[2]/clk
          Clock: (R) MAIN_CLK
       Endpoint: (R) u_crypto_synth_top/u_top/u_rsa/core_inst/montprod_inst/s_mem/mem_reg[6][31]/d
          Clock: (R) MAIN_CLK

                     Capture       Launch     
        Clock Edge:+   58000            0     
       Src Latency:+     150          250     
       Net Latency:+       0 (I)        0 (I) 
           Arrival:=   58150          250     
                                              
             Setup:-     329                  
       Uncertainty:-    1450                  
       Path Adjust:+   -1500                  
     Required Time:=   54871                  
      Launch Clock:-     250                  
         Data Path:-   11258                  
             Slack:=   43364                  

Exceptions/Constraints:
  path_adjust            -1500            PA_C2C 

#-----------------------------------------------------------------------------------------------------------------------------------------------------------------------------
#                                       Timing Point                                         Flags    Arc    Edge       Cell         Fanout Load Trans Delay Arrival Instance 
#                                                                                                                                           (fF)  (ps)  (ps)   (ps)  Location 
#-----------------------------------------------------------------------------------------------------------------------------------------------------------------------------
  u_crypto_synth_top/u_top/u_rsa/core_inst/montprod_select_reg_reg[2]/clk                    -       -       R     (arrival)          19892    -     0     0     250    (-,-) 
  u_crypto_synth_top/u_top/u_rsa/core_inst/montprod_select_reg_reg[2]/q                      (u)     clk->q  R     unmapped_d_flop        7 38.5     0   881    1131    (-,-) 
  u_crypto_synth_top/u_top/u_rsa/core_inst/g4055/z                                           (u)     in_1->z R     unmapped_complex2     34 33.0     0   412    1543    (-,-) 
  u_crypto_synth_top/u_top/u_rsa/core_inst/g4058/z                                           (u)     in_1->z F     unmapped_nand2         1  5.1     0   125    1668    (-,-) 
  u_crypto_synth_top/u_top/u_rsa/core_inst/g4054/z                                           (u)     in_0->z R     unmapped_complex2     32 33.0     0   412    2080    (-,-) 
  u_crypto_synth_top/u_top/u_rsa/core_inst/g3958/z                                           (u)     in_1->z R     unmapped_complex2      1  5.5     0   125    2206    (-,-) 
  u_crypto_synth_top/u_top/u_rsa/core_inst/g3922/z                                           (u)     in_0->z F     unmapped_nand2         1  5.1     0   125    2331    (-,-) 
  u_crypto_synth_top/u_top/u_rsa/core_inst/g3905/z                                           (u)     in_1->z F     unmapped_or2           5 25.5     0   272    2602    (-,-) 
  u_crypto_synth_top/u_top/u_rsa/core_inst/montprod_inst/s_adder_sa/addinc_add_57_43/g1182/z (u)     in_1->z F     unmapped_or2           1  5.1     0   104    2707    (-,-) 
  u_crypto_synth_top/u_top/u_rsa/core_inst/montprod_inst/s_adder_sa/addinc_add_57_43/g1612/z (u)     in_0->z R     unmapped_nand2         1  5.5     0   104    2811    (-,-) 
  u_crypto_synth_top/u_top/u_rsa/core_inst/montprod_inst/s_adder_sa/addinc_add_57_43/g1602/z (u)     in_0->z F     unmapped_nand2         3 15.3     0   165    2976    (-,-) 
  u_crypto_synth_top/u_top/u_rsa/core_inst/montprod_inst/s_adder_sa/addinc_add_57_43/g1597/z (u)     in_1->z R     unmapped_nand2         1  5.5     0   104    3080    (-,-) 
  u_crypto_synth_top/u_top/u_rsa/core_inst/montprod_inst/s_adder_sa/addinc_add_57_43/g1596/z (u)     in_0->z F     unmapped_nand2         3 15.3     0   165    3245    (-,-) 
  u_crypto_synth_top/u_top/u_rsa/core_inst/montprod_inst/s_adder_sa/addinc_add_57_43/g1595/z (u)     in_1->z R     unmapped_nand2         1  5.5     0   104    3350    (-,-) 
  u_crypto_synth_top/u_top/u_rsa/core_inst/montprod_inst/s_adder_sa/addinc_add_57_43/g1591/z (u)     in_0->z F     unmapped_nand2         3 15.3     0   165    3515    (-,-) 
  u_crypto_synth_top/u_top/u_rsa/core_inst/montprod_inst/s_adder_sa/addinc_add_57_43/g1587/z (u)     in_1->z R     unmapped_nand2         1  5.5     0   104    3619    (-,-) 
  u_crypto_synth_top/u_top/u_rsa/core_inst/montprod_inst/s_adder_sa/addinc_add_57_43/g1586/z (u)     in_0->z F     unmapped_nand2         3 15.3     0   165    3784    (-,-) 
  u_crypto_synth_top/u_top/u_rsa/core_inst/montprod_inst/s_adder_sa/addinc_add_57_43/g1582/z (u)     in_1->z R     unmapped_nand2         1  5.5     0   104    3888    (-,-) 
  u_crypto_synth_top/u_top/u_rsa/core_inst/montprod_inst/s_adder_sa/addinc_add_57_43/g1581/z (u)     in_0->z F     unmapped_nand2         3 15.3     0   165    4054    (-,-) 
  u_crypto_synth_top/u_top/u_rsa/core_inst/montprod_inst/s_adder_sa/addinc_add_57_43/g1580/z (u)     in_1->z R     unmapped_nand2         1  5.5     0   104    4158    (-,-) 
  u_crypto_synth_top/u_top/u_rsa/core_inst/montprod_inst/s_adder_sa/addinc_add_57_43/g1576/z (u)     in_0->z F     unmapped_nand2         3 15.3     0   165    4323    (-,-) 
  u_crypto_synth_top/u_top/u_rsa/core_inst/montprod_inst/s_adder_sa/addinc_add_57_43/g1575/z (u)     in_1->z R     unmapped_nand2         1  5.5     0   104    4427    (-,-) 
  u_crypto_synth_top/u_top/u_rsa/core_inst/montprod_inst/s_adder_sa/addinc_add_57_43/g1571/z (u)     in_0->z F     unmapped_nand2         3 15.3     0   165    4592    (-,-) 
  u_crypto_synth_top/u_top/u_rsa/core_inst/montprod_inst/s_adder_sa/addinc_add_57_43/g1567/z (u)     in_1->z R     unmapped_nand2         1  5.5     0   104    4697    (-,-) 
  u_crypto_synth_top/u_top/u_rsa/core_inst/montprod_inst/s_adder_sa/addinc_add_57_43/g1566/z (u)     in_0->z F     unmapped_nand2         3 15.3     0   165    4862    (-,-) 
  u_crypto_synth_top/u_top/u_rsa/core_inst/montprod_inst/s_adder_sa/addinc_add_57_43/g1565/z (u)     in_1->z R     unmapped_nand2         1  5.5     0   104    4966    (-,-) 
  u_crypto_synth_top/u_top/u_rsa/core_inst/montprod_inst/s_adder_sa/addinc_add_57_43/g1561/z (u)     in_1->z F     unmapped_nand2         3 15.3     0   165    5131    (-,-) 
  u_crypto_synth_top/u_top/u_rsa/core_inst/montprod_inst/s_adder_sa/addinc_add_57_43/g1557/z (u)     in_1->z R     unmapped_nand2         1  5.5     0   104    5235    (-,-) 
  u_crypto_synth_top/u_top/u_rsa/core_inst/montprod_inst/s_adder_sa/addinc_add_57_43/g1556/z (u)     in_0->z F     unmapped_nand2         3 15.3     0   165    5401    (-,-) 
  u_crypto_synth_top/u_top/u_rsa/core_inst/montprod_inst/s_adder_sa/addinc_add_57_43/g1552/z (u)     in_1->z R     unmapped_nand2         1  5.5     0   104    5505    (-,-) 
  u_crypto_synth_top/u_top/u_rsa/core_inst/montprod_inst/s_adder_sa/addinc_add_57_43/g1551/z (u)     in_0->z F     unmapped_nand2         3 15.3     0   165    5670    (-,-) 
  u_crypto_synth_top/u_top/u_rsa/core_inst/montprod_inst/s_adder_sa/addinc_add_57_43/g1547/z (u)     in_1->z R     unmapped_nand2         1  5.5     0   104    5774    (-,-) 
  u_crypto_synth_top/u_top/u_rsa/core_inst/montprod_inst/s_adder_sa/addinc_add_57_43/g1546/z (u)     in_0->z F     unmapped_nand2         3 15.3     0   165    5939    (-,-) 
  u_crypto_synth_top/u_top/u_rsa/core_inst/montprod_inst/s_adder_sa/addinc_add_57_43/g1542/z (u)     in_1->z R     unmapped_nand2         1  5.5     0   104    6044    (-,-) 
  u_crypto_synth_top/u_top/u_rsa/core_inst/montprod_inst/s_adder_sa/addinc_add_57_43/g1541/z (u)     in_1->z F     unmapped_nand2         3 15.3     0   165    6209    (-,-) 
  u_crypto_synth_top/u_top/u_rsa/core_inst/montprod_inst/s_adder_sa/addinc_add_57_43/g1540/z (u)     in_1->z R     unmapped_nand2         1  5.5     0   104    6313    (-,-) 
  u_crypto_synth_top/u_top/u_rsa/core_inst/montprod_inst/s_adder_sa/addinc_add_57_43/g1536/z (u)     in_0->z F     unmapped_nand2         3 15.3     0   165    6478    (-,-) 
  u_crypto_synth_top/u_top/u_rsa/core_inst/montprod_inst/s_adder_sa/addinc_add_57_43/g1535/z (u)     in_1->z R     unmapped_nand2         1  5.5     0   104    6582    (-,-) 
  u_crypto_synth_top/u_top/u_rsa/core_inst/montprod_inst/s_adder_sa/addinc_add_57_43/g1531/z (u)     in_0->z F     unmapped_nand2         3 15.3     0   165    6748    (-,-) 
  u_crypto_synth_top/u_top/u_rsa/core_inst/montprod_inst/s_adder_sa/addinc_add_57_43/g1527/z (u)     in_1->z R     unmapped_nand2         1  5.5     0   104    6852    (-,-) 
  u_crypto_synth_top/u_top/u_rsa/core_inst/montprod_inst/s_adder_sa/addinc_add_57_43/g1526/z (u)     in_0->z F     unmapped_nand2         4 20.4     0   199    7050    (-,-) 
  u_crypto_synth_top/u_top/u_rsa/core_inst/montprod_inst/s_adder_sa/addinc_add_57_43/g1521/z (u)     in_0->z R     unmapped_complex2      1  5.5     0   104    7155    (-,-) 
  u_crypto_synth_top/u_top/u_rsa/core_inst/montprod_inst/s_adder_sa/addinc_add_57_43/g1520/z (u)     in_0->z F     unmapped_complex2      3 15.3     0   165    7320    (-,-) 
  u_crypto_synth_top/u_top/u_rsa/core_inst/montprod_inst/s_adder_sa/addinc_add_57_43/g1512/z (u)     in_1->z R     unmapped_nand2         1  5.5     0   104    7424    (-,-) 
  u_crypto_synth_top/u_top/u_rsa/core_inst/montprod_inst/s_adder_sa/addinc_add_57_43/g1511/z (u)     in_1->z F     unmapped_nand2         3 15.3     0   165    7589    (-,-) 
  u_crypto_synth_top/u_top/u_rsa/core_inst/montprod_inst/s_adder_sa/addinc_add_57_43/g1510/z (u)     in_0->z R     unmapped_nand2         1  5.5     0   104    7694    (-,-) 
  u_crypto_synth_top/u_top/u_rsa/core_inst/montprod_inst/s_adder_sa/addinc_add_57_43/g1506/z (u)     in_0->z F     unmapped_nand2         3 15.3     0   165    7859    (-,-) 
  u_crypto_synth_top/u_top/u_rsa/core_inst/montprod_inst/s_adder_sa/addinc_add_57_43/g1502/z (u)     in_1->z R     unmapped_nand2         1  5.5     0   104    7963    (-,-) 
  u_crypto_synth_top/u_top/u_rsa/core_inst/montprod_inst/s_adder_sa/addinc_add_57_43/g1501/z (u)     in_1->z F     unmapped_nand2         3 15.3     0   165    8128    (-,-) 
  u_crypto_synth_top/u_top/u_rsa/core_inst/montprod_inst/s_adder_sa/addinc_add_57_43/g1500/z (u)     in_1->z R     unmapped_nand2         1  5.5     0   104    8232    (-,-) 
  u_crypto_synth_top/u_top/u_rsa/core_inst/montprod_inst/s_adder_sa/addinc_add_57_43/g1496/z (u)     in_0->z F     unmapped_nand2         3 15.3     0   165    8398    (-,-) 
  u_crypto_synth_top/u_top/u_rsa/core_inst/montprod_inst/s_adder_sa/addinc_add_57_43/g1495/z (u)     in_1->z R     unmapped_nand2         1  5.5     0   104    8502    (-,-) 
  u_crypto_synth_top/u_top/u_rsa/core_inst/montprod_inst/s_adder_sa/addinc_add_57_43/g1491/z (u)     in_0->z F     unmapped_nand2         3 15.3     0   165    8667    (-,-) 
  u_crypto_synth_top/u_top/u_rsa/core_inst/montprod_inst/s_adder_sa/addinc_add_57_43/g1490/z (u)     in_1->z R     unmapped_nand2         1  5.5     0   104    8771    (-,-) 
  u_crypto_synth_top/u_top/u_rsa/core_inst/montprod_inst/s_adder_sa/addinc_add_57_43/g1486/z (u)     in_0->z F     unmapped_nand2         3 15.3     0   165    8936    (-,-) 
  u_crypto_synth_top/u_top/u_rsa/core_inst/montprod_inst/s_adder_sa/addinc_add_57_43/g1482/z (u)     in_1->z R     unmapped_nand2         1  5.5     0   104    9040    (-,-) 
  u_crypto_synth_top/u_top/u_rsa/core_inst/montprod_inst/s_adder_sa/addinc_add_57_43/g1481/z (u)     in_1->z F     unmapped_nand2         3 15.3     0   165    9206    (-,-) 
  u_crypto_synth_top/u_top/u_rsa/core_inst/montprod_inst/s_adder_sa/addinc_add_57_43/g1480/z (u)     in_0->z R     unmapped_nand2         1  5.5     0   104    9310    (-,-) 
  u_crypto_synth_top/u_top/u_rsa/core_inst/montprod_inst/s_adder_sa/addinc_add_57_43/g1476/z (u)     in_1->z F     unmapped_nand2         3 15.3     0   165    9475    (-,-) 
  u_crypto_synth_top/u_top/u_rsa/core_inst/montprod_inst/s_adder_sa/addinc_add_57_43/g1472/z (u)     in_1->z R     unmapped_nand2         1  5.5     0   104    9579    (-,-) 
  u_crypto_synth_top/u_top/u_rsa/core_inst/montprod_inst/s_adder_sa/addinc_add_57_43/g1471/z (u)     in_1->z F     unmapped_nand2         3 15.3     0   165    9744    (-,-) 
  u_crypto_synth_top/u_top/u_rsa/core_inst/montprod_inst/s_adder_sa/addinc_add_57_43/g1470/z (u)     in_0->z R     unmapped_nand2         1  5.5     0   104    9849    (-,-) 
  u_crypto_synth_top/u_top/u_rsa/core_inst/montprod_inst/s_adder_sa/addinc_add_57_43/g1466/z (u)     in_1->z F     unmapped_nand2         3 15.3     0   165   10014    (-,-) 
  u_crypto_synth_top/u_top/u_rsa/core_inst/montprod_inst/s_adder_sa/addinc_add_57_43/g1462/z (u)     in_1->z R     unmapped_nand2         1  5.5     0   104   10118    (-,-) 
  u_crypto_synth_top/u_top/u_rsa/core_inst/montprod_inst/s_adder_sa/addinc_add_57_43/g1461/z (u)     in_1->z F     unmapped_nand2         3 15.3     0   165   10283    (-,-) 
  u_crypto_synth_top/u_top/u_rsa/core_inst/montprod_inst/s_adder_sa/addinc_add_57_43/g1457/z (u)     in_1->z R     unmapped_nand2         1  5.5     0   104   10388    (-,-) 
  u_crypto_synth_top/u_top/u_rsa/core_inst/montprod_inst/s_adder_sa/addinc_add_57_43/g1456/z (u)     in_1->z F     unmapped_nand2         3 15.3     0   165   10553    (-,-) 
  u_crypto_synth_top/u_top/u_rsa/core_inst/montprod_inst/s_adder_sa/addinc_add_57_43/g1452/z (u)     in_1->z R     unmapped_nand2         1  5.5     0   104   10657    (-,-) 
  u_crypto_synth_top/u_top/u_rsa/core_inst/montprod_inst/s_adder_sa/addinc_add_57_43/g1451/z (u)     in_1->z F     unmapped_nand2         3 15.3     0   165   10822    (-,-) 
  u_crypto_synth_top/u_top/u_rsa/core_inst/montprod_inst/s_adder_sa/addinc_add_57_43/g1448/z (u)     in_0->z F     unmapped_or2           1  5.1     0   104   10926    (-,-) 
  u_crypto_synth_top/u_top/u_rsa/core_inst/montprod_inst/s_adder_sa/addinc_add_57_43/g1449/z (u)     in_1->z R     unmapped_nand2         1  5.5     0   104   11030    (-,-) 
  u_crypto_synth_top/u_top/u_rsa/core_inst/montprod_inst/g4462/z                             (u)     in_0->z F     unmapped_complex2      1  5.1     0   114   11145    (-,-) 
  u_crypto_synth_top/u_top/u_rsa/core_inst/montprod_inst/g4246/z                             (u)     in_1->z R     unmapped_complex2     32 33.0     0   363   11508    (-,-) 
  u_crypto_synth_top/u_top/u_rsa/core_inst/montprod_inst/s_mem/mem_reg[6][31]/d              -       -       R     unmapped_d_flop       32    -     -     0   11508    (-,-) 
#-----------------------------------------------------------------------------------------------------------------------------------------------------------------------------

(u) : Net has unmapped pin(s).



Path 42: MET (43364 ps) Setup Check with Pin u_crypto_synth_top/u_top/u_rsa/core_inst/montprod_inst/s_mem/mem_reg[5][31]/clk->d
          Group: R2R
     Startpoint: (R) u_crypto_synth_top/u_top/u_rsa/core_inst/montprod_select_reg_reg[2]/clk
          Clock: (R) MAIN_CLK
       Endpoint: (R) u_crypto_synth_top/u_top/u_rsa/core_inst/montprod_inst/s_mem/mem_reg[5][31]/d
          Clock: (R) MAIN_CLK

                     Capture       Launch     
        Clock Edge:+   58000            0     
       Src Latency:+     150          250     
       Net Latency:+       0 (I)        0 (I) 
           Arrival:=   58150          250     
                                              
             Setup:-     329                  
       Uncertainty:-    1450                  
       Path Adjust:+   -1500                  
     Required Time:=   54871                  
      Launch Clock:-     250                  
         Data Path:-   11258                  
             Slack:=   43364                  

Exceptions/Constraints:
  path_adjust            -1500            PA_C2C 

#-----------------------------------------------------------------------------------------------------------------------------------------------------------------------------
#                                       Timing Point                                         Flags    Arc    Edge       Cell         Fanout Load Trans Delay Arrival Instance 
#                                                                                                                                           (fF)  (ps)  (ps)   (ps)  Location 
#-----------------------------------------------------------------------------------------------------------------------------------------------------------------------------
  u_crypto_synth_top/u_top/u_rsa/core_inst/montprod_select_reg_reg[2]/clk                    -       -       R     (arrival)          19892    -     0     0     250    (-,-) 
  u_crypto_synth_top/u_top/u_rsa/core_inst/montprod_select_reg_reg[2]/q                      (u)     clk->q  R     unmapped_d_flop        7 38.5     0   881    1131    (-,-) 
  u_crypto_synth_top/u_top/u_rsa/core_inst/g4055/z                                           (u)     in_1->z R     unmapped_complex2     34 33.0     0   412    1543    (-,-) 
  u_crypto_synth_top/u_top/u_rsa/core_inst/g4058/z                                           (u)     in_1->z F     unmapped_nand2         1  5.1     0   125    1668    (-,-) 
  u_crypto_synth_top/u_top/u_rsa/core_inst/g4054/z                                           (u)     in_0->z R     unmapped_complex2     32 33.0     0   412    2080    (-,-) 
  u_crypto_synth_top/u_top/u_rsa/core_inst/g3958/z                                           (u)     in_1->z R     unmapped_complex2      1  5.5     0   125    2206    (-,-) 
  u_crypto_synth_top/u_top/u_rsa/core_inst/g3922/z                                           (u)     in_0->z F     unmapped_nand2         1  5.1     0   125    2331    (-,-) 
  u_crypto_synth_top/u_top/u_rsa/core_inst/g3905/z                                           (u)     in_1->z F     unmapped_or2           5 25.5     0   272    2602    (-,-) 
  u_crypto_synth_top/u_top/u_rsa/core_inst/montprod_inst/s_adder_sa/addinc_add_57_43/g1182/z (u)     in_1->z F     unmapped_or2           1  5.1     0   104    2707    (-,-) 
  u_crypto_synth_top/u_top/u_rsa/core_inst/montprod_inst/s_adder_sa/addinc_add_57_43/g1612/z (u)     in_0->z R     unmapped_nand2         1  5.5     0   104    2811    (-,-) 
  u_crypto_synth_top/u_top/u_rsa/core_inst/montprod_inst/s_adder_sa/addinc_add_57_43/g1602/z (u)     in_0->z F     unmapped_nand2         3 15.3     0   165    2976    (-,-) 
  u_crypto_synth_top/u_top/u_rsa/core_inst/montprod_inst/s_adder_sa/addinc_add_57_43/g1597/z (u)     in_1->z R     unmapped_nand2         1  5.5     0   104    3080    (-,-) 
  u_crypto_synth_top/u_top/u_rsa/core_inst/montprod_inst/s_adder_sa/addinc_add_57_43/g1596/z (u)     in_0->z F     unmapped_nand2         3 15.3     0   165    3245    (-,-) 
  u_crypto_synth_top/u_top/u_rsa/core_inst/montprod_inst/s_adder_sa/addinc_add_57_43/g1595/z (u)     in_1->z R     unmapped_nand2         1  5.5     0   104    3350    (-,-) 
  u_crypto_synth_top/u_top/u_rsa/core_inst/montprod_inst/s_adder_sa/addinc_add_57_43/g1591/z (u)     in_0->z F     unmapped_nand2         3 15.3     0   165    3515    (-,-) 
  u_crypto_synth_top/u_top/u_rsa/core_inst/montprod_inst/s_adder_sa/addinc_add_57_43/g1587/z (u)     in_1->z R     unmapped_nand2         1  5.5     0   104    3619    (-,-) 
  u_crypto_synth_top/u_top/u_rsa/core_inst/montprod_inst/s_adder_sa/addinc_add_57_43/g1586/z (u)     in_0->z F     unmapped_nand2         3 15.3     0   165    3784    (-,-) 
  u_crypto_synth_top/u_top/u_rsa/core_inst/montprod_inst/s_adder_sa/addinc_add_57_43/g1582/z (u)     in_1->z R     unmapped_nand2         1  5.5     0   104    3888    (-,-) 
  u_crypto_synth_top/u_top/u_rsa/core_inst/montprod_inst/s_adder_sa/addinc_add_57_43/g1581/z (u)     in_0->z F     unmapped_nand2         3 15.3     0   165    4054    (-,-) 
  u_crypto_synth_top/u_top/u_rsa/core_inst/montprod_inst/s_adder_sa/addinc_add_57_43/g1580/z (u)     in_1->z R     unmapped_nand2         1  5.5     0   104    4158    (-,-) 
  u_crypto_synth_top/u_top/u_rsa/core_inst/montprod_inst/s_adder_sa/addinc_add_57_43/g1576/z (u)     in_0->z F     unmapped_nand2         3 15.3     0   165    4323    (-,-) 
  u_crypto_synth_top/u_top/u_rsa/core_inst/montprod_inst/s_adder_sa/addinc_add_57_43/g1575/z (u)     in_1->z R     unmapped_nand2         1  5.5     0   104    4427    (-,-) 
  u_crypto_synth_top/u_top/u_rsa/core_inst/montprod_inst/s_adder_sa/addinc_add_57_43/g1571/z (u)     in_0->z F     unmapped_nand2         3 15.3     0   165    4592    (-,-) 
  u_crypto_synth_top/u_top/u_rsa/core_inst/montprod_inst/s_adder_sa/addinc_add_57_43/g1567/z (u)     in_1->z R     unmapped_nand2         1  5.5     0   104    4697    (-,-) 
  u_crypto_synth_top/u_top/u_rsa/core_inst/montprod_inst/s_adder_sa/addinc_add_57_43/g1566/z (u)     in_0->z F     unmapped_nand2         3 15.3     0   165    4862    (-,-) 
  u_crypto_synth_top/u_top/u_rsa/core_inst/montprod_inst/s_adder_sa/addinc_add_57_43/g1565/z (u)     in_1->z R     unmapped_nand2         1  5.5     0   104    4966    (-,-) 
  u_crypto_synth_top/u_top/u_rsa/core_inst/montprod_inst/s_adder_sa/addinc_add_57_43/g1561/z (u)     in_1->z F     unmapped_nand2         3 15.3     0   165    5131    (-,-) 
  u_crypto_synth_top/u_top/u_rsa/core_inst/montprod_inst/s_adder_sa/addinc_add_57_43/g1557/z (u)     in_1->z R     unmapped_nand2         1  5.5     0   104    5235    (-,-) 
  u_crypto_synth_top/u_top/u_rsa/core_inst/montprod_inst/s_adder_sa/addinc_add_57_43/g1556/z (u)     in_0->z F     unmapped_nand2         3 15.3     0   165    5401    (-,-) 
  u_crypto_synth_top/u_top/u_rsa/core_inst/montprod_inst/s_adder_sa/addinc_add_57_43/g1552/z (u)     in_1->z R     unmapped_nand2         1  5.5     0   104    5505    (-,-) 
  u_crypto_synth_top/u_top/u_rsa/core_inst/montprod_inst/s_adder_sa/addinc_add_57_43/g1551/z (u)     in_0->z F     unmapped_nand2         3 15.3     0   165    5670    (-,-) 
  u_crypto_synth_top/u_top/u_rsa/core_inst/montprod_inst/s_adder_sa/addinc_add_57_43/g1547/z (u)     in_1->z R     unmapped_nand2         1  5.5     0   104    5774    (-,-) 
  u_crypto_synth_top/u_top/u_rsa/core_inst/montprod_inst/s_adder_sa/addinc_add_57_43/g1546/z (u)     in_0->z F     unmapped_nand2         3 15.3     0   165    5939    (-,-) 
  u_crypto_synth_top/u_top/u_rsa/core_inst/montprod_inst/s_adder_sa/addinc_add_57_43/g1542/z (u)     in_1->z R     unmapped_nand2         1  5.5     0   104    6044    (-,-) 
  u_crypto_synth_top/u_top/u_rsa/core_inst/montprod_inst/s_adder_sa/addinc_add_57_43/g1541/z (u)     in_1->z F     unmapped_nand2         3 15.3     0   165    6209    (-,-) 
  u_crypto_synth_top/u_top/u_rsa/core_inst/montprod_inst/s_adder_sa/addinc_add_57_43/g1540/z (u)     in_1->z R     unmapped_nand2         1  5.5     0   104    6313    (-,-) 
  u_crypto_synth_top/u_top/u_rsa/core_inst/montprod_inst/s_adder_sa/addinc_add_57_43/g1536/z (u)     in_0->z F     unmapped_nand2         3 15.3     0   165    6478    (-,-) 
  u_crypto_synth_top/u_top/u_rsa/core_inst/montprod_inst/s_adder_sa/addinc_add_57_43/g1535/z (u)     in_1->z R     unmapped_nand2         1  5.5     0   104    6582    (-,-) 
  u_crypto_synth_top/u_top/u_rsa/core_inst/montprod_inst/s_adder_sa/addinc_add_57_43/g1531/z (u)     in_0->z F     unmapped_nand2         3 15.3     0   165    6748    (-,-) 
  u_crypto_synth_top/u_top/u_rsa/core_inst/montprod_inst/s_adder_sa/addinc_add_57_43/g1527/z (u)     in_1->z R     unmapped_nand2         1  5.5     0   104    6852    (-,-) 
  u_crypto_synth_top/u_top/u_rsa/core_inst/montprod_inst/s_adder_sa/addinc_add_57_43/g1526/z (u)     in_0->z F     unmapped_nand2         4 20.4     0   199    7050    (-,-) 
  u_crypto_synth_top/u_top/u_rsa/core_inst/montprod_inst/s_adder_sa/addinc_add_57_43/g1521/z (u)     in_0->z R     unmapped_complex2      1  5.5     0   104    7155    (-,-) 
  u_crypto_synth_top/u_top/u_rsa/core_inst/montprod_inst/s_adder_sa/addinc_add_57_43/g1520/z (u)     in_0->z F     unmapped_complex2      3 15.3     0   165    7320    (-,-) 
  u_crypto_synth_top/u_top/u_rsa/core_inst/montprod_inst/s_adder_sa/addinc_add_57_43/g1512/z (u)     in_1->z R     unmapped_nand2         1  5.5     0   104    7424    (-,-) 
  u_crypto_synth_top/u_top/u_rsa/core_inst/montprod_inst/s_adder_sa/addinc_add_57_43/g1511/z (u)     in_1->z F     unmapped_nand2         3 15.3     0   165    7589    (-,-) 
  u_crypto_synth_top/u_top/u_rsa/core_inst/montprod_inst/s_adder_sa/addinc_add_57_43/g1510/z (u)     in_0->z R     unmapped_nand2         1  5.5     0   104    7694    (-,-) 
  u_crypto_synth_top/u_top/u_rsa/core_inst/montprod_inst/s_adder_sa/addinc_add_57_43/g1506/z (u)     in_0->z F     unmapped_nand2         3 15.3     0   165    7859    (-,-) 
  u_crypto_synth_top/u_top/u_rsa/core_inst/montprod_inst/s_adder_sa/addinc_add_57_43/g1502/z (u)     in_1->z R     unmapped_nand2         1  5.5     0   104    7963    (-,-) 
  u_crypto_synth_top/u_top/u_rsa/core_inst/montprod_inst/s_adder_sa/addinc_add_57_43/g1501/z (u)     in_1->z F     unmapped_nand2         3 15.3     0   165    8128    (-,-) 
  u_crypto_synth_top/u_top/u_rsa/core_inst/montprod_inst/s_adder_sa/addinc_add_57_43/g1500/z (u)     in_1->z R     unmapped_nand2         1  5.5     0   104    8232    (-,-) 
  u_crypto_synth_top/u_top/u_rsa/core_inst/montprod_inst/s_adder_sa/addinc_add_57_43/g1496/z (u)     in_0->z F     unmapped_nand2         3 15.3     0   165    8398    (-,-) 
  u_crypto_synth_top/u_top/u_rsa/core_inst/montprod_inst/s_adder_sa/addinc_add_57_43/g1495/z (u)     in_1->z R     unmapped_nand2         1  5.5     0   104    8502    (-,-) 
  u_crypto_synth_top/u_top/u_rsa/core_inst/montprod_inst/s_adder_sa/addinc_add_57_43/g1491/z (u)     in_0->z F     unmapped_nand2         3 15.3     0   165    8667    (-,-) 
  u_crypto_synth_top/u_top/u_rsa/core_inst/montprod_inst/s_adder_sa/addinc_add_57_43/g1490/z (u)     in_1->z R     unmapped_nand2         1  5.5     0   104    8771    (-,-) 
  u_crypto_synth_top/u_top/u_rsa/core_inst/montprod_inst/s_adder_sa/addinc_add_57_43/g1486/z (u)     in_0->z F     unmapped_nand2         3 15.3     0   165    8936    (-,-) 
  u_crypto_synth_top/u_top/u_rsa/core_inst/montprod_inst/s_adder_sa/addinc_add_57_43/g1482/z (u)     in_1->z R     unmapped_nand2         1  5.5     0   104    9040    (-,-) 
  u_crypto_synth_top/u_top/u_rsa/core_inst/montprod_inst/s_adder_sa/addinc_add_57_43/g1481/z (u)     in_1->z F     unmapped_nand2         3 15.3     0   165    9206    (-,-) 
  u_crypto_synth_top/u_top/u_rsa/core_inst/montprod_inst/s_adder_sa/addinc_add_57_43/g1480/z (u)     in_0->z R     unmapped_nand2         1  5.5     0   104    9310    (-,-) 
  u_crypto_synth_top/u_top/u_rsa/core_inst/montprod_inst/s_adder_sa/addinc_add_57_43/g1476/z (u)     in_1->z F     unmapped_nand2         3 15.3     0   165    9475    (-,-) 
  u_crypto_synth_top/u_top/u_rsa/core_inst/montprod_inst/s_adder_sa/addinc_add_57_43/g1472/z (u)     in_1->z R     unmapped_nand2         1  5.5     0   104    9579    (-,-) 
  u_crypto_synth_top/u_top/u_rsa/core_inst/montprod_inst/s_adder_sa/addinc_add_57_43/g1471/z (u)     in_1->z F     unmapped_nand2         3 15.3     0   165    9744    (-,-) 
  u_crypto_synth_top/u_top/u_rsa/core_inst/montprod_inst/s_adder_sa/addinc_add_57_43/g1470/z (u)     in_0->z R     unmapped_nand2         1  5.5     0   104    9849    (-,-) 
  u_crypto_synth_top/u_top/u_rsa/core_inst/montprod_inst/s_adder_sa/addinc_add_57_43/g1466/z (u)     in_1->z F     unmapped_nand2         3 15.3     0   165   10014    (-,-) 
  u_crypto_synth_top/u_top/u_rsa/core_inst/montprod_inst/s_adder_sa/addinc_add_57_43/g1462/z (u)     in_1->z R     unmapped_nand2         1  5.5     0   104   10118    (-,-) 
  u_crypto_synth_top/u_top/u_rsa/core_inst/montprod_inst/s_adder_sa/addinc_add_57_43/g1461/z (u)     in_1->z F     unmapped_nand2         3 15.3     0   165   10283    (-,-) 
  u_crypto_synth_top/u_top/u_rsa/core_inst/montprod_inst/s_adder_sa/addinc_add_57_43/g1457/z (u)     in_1->z R     unmapped_nand2         1  5.5     0   104   10388    (-,-) 
  u_crypto_synth_top/u_top/u_rsa/core_inst/montprod_inst/s_adder_sa/addinc_add_57_43/g1456/z (u)     in_1->z F     unmapped_nand2         3 15.3     0   165   10553    (-,-) 
  u_crypto_synth_top/u_top/u_rsa/core_inst/montprod_inst/s_adder_sa/addinc_add_57_43/g1452/z (u)     in_1->z R     unmapped_nand2         1  5.5     0   104   10657    (-,-) 
  u_crypto_synth_top/u_top/u_rsa/core_inst/montprod_inst/s_adder_sa/addinc_add_57_43/g1451/z (u)     in_1->z F     unmapped_nand2         3 15.3     0   165   10822    (-,-) 
  u_crypto_synth_top/u_top/u_rsa/core_inst/montprod_inst/s_adder_sa/addinc_add_57_43/g1448/z (u)     in_0->z F     unmapped_or2           1  5.1     0   104   10926    (-,-) 
  u_crypto_synth_top/u_top/u_rsa/core_inst/montprod_inst/s_adder_sa/addinc_add_57_43/g1449/z (u)     in_1->z R     unmapped_nand2         1  5.5     0   104   11030    (-,-) 
  u_crypto_synth_top/u_top/u_rsa/core_inst/montprod_inst/g4462/z                             (u)     in_0->z F     unmapped_complex2      1  5.1     0   114   11145    (-,-) 
  u_crypto_synth_top/u_top/u_rsa/core_inst/montprod_inst/g4246/z                             (u)     in_1->z R     unmapped_complex2     32 33.0     0   363   11508    (-,-) 
  u_crypto_synth_top/u_top/u_rsa/core_inst/montprod_inst/s_mem/mem_reg[5][31]/d              -       -       R     unmapped_d_flop       32    -     -     0   11508    (-,-) 
#-----------------------------------------------------------------------------------------------------------------------------------------------------------------------------

(u) : Net has unmapped pin(s).



Path 43: MET (43364 ps) Setup Check with Pin u_crypto_synth_top/u_top/u_rsa/core_inst/montprod_inst/s_mem/mem_reg[4][31]/clk->d
          Group: R2R
     Startpoint: (R) u_crypto_synth_top/u_top/u_rsa/core_inst/montprod_select_reg_reg[2]/clk
          Clock: (R) MAIN_CLK
       Endpoint: (R) u_crypto_synth_top/u_top/u_rsa/core_inst/montprod_inst/s_mem/mem_reg[4][31]/d
          Clock: (R) MAIN_CLK

                     Capture       Launch     
        Clock Edge:+   58000            0     
       Src Latency:+     150          250     
       Net Latency:+       0 (I)        0 (I) 
           Arrival:=   58150          250     
                                              
             Setup:-     329                  
       Uncertainty:-    1450                  
       Path Adjust:+   -1500                  
     Required Time:=   54871                  
      Launch Clock:-     250                  
         Data Path:-   11258                  
             Slack:=   43364                  

Exceptions/Constraints:
  path_adjust            -1500            PA_C2C 

#-----------------------------------------------------------------------------------------------------------------------------------------------------------------------------
#                                       Timing Point                                         Flags    Arc    Edge       Cell         Fanout Load Trans Delay Arrival Instance 
#                                                                                                                                           (fF)  (ps)  (ps)   (ps)  Location 
#-----------------------------------------------------------------------------------------------------------------------------------------------------------------------------
  u_crypto_synth_top/u_top/u_rsa/core_inst/montprod_select_reg_reg[2]/clk                    -       -       R     (arrival)          19892    -     0     0     250    (-,-) 
  u_crypto_synth_top/u_top/u_rsa/core_inst/montprod_select_reg_reg[2]/q                      (u)     clk->q  R     unmapped_d_flop        7 38.5     0   881    1131    (-,-) 
  u_crypto_synth_top/u_top/u_rsa/core_inst/g4055/z                                           (u)     in_1->z R     unmapped_complex2     34 33.0     0   412    1543    (-,-) 
  u_crypto_synth_top/u_top/u_rsa/core_inst/g4058/z                                           (u)     in_1->z F     unmapped_nand2         1  5.1     0   125    1668    (-,-) 
  u_crypto_synth_top/u_top/u_rsa/core_inst/g4054/z                                           (u)     in_0->z R     unmapped_complex2     32 33.0     0   412    2080    (-,-) 
  u_crypto_synth_top/u_top/u_rsa/core_inst/g3958/z                                           (u)     in_1->z R     unmapped_complex2      1  5.5     0   125    2206    (-,-) 
  u_crypto_synth_top/u_top/u_rsa/core_inst/g3922/z                                           (u)     in_0->z F     unmapped_nand2         1  5.1     0   125    2331    (-,-) 
  u_crypto_synth_top/u_top/u_rsa/core_inst/g3905/z                                           (u)     in_1->z F     unmapped_or2           5 25.5     0   272    2602    (-,-) 
  u_crypto_synth_top/u_top/u_rsa/core_inst/montprod_inst/s_adder_sa/addinc_add_57_43/g1182/z (u)     in_1->z F     unmapped_or2           1  5.1     0   104    2707    (-,-) 
  u_crypto_synth_top/u_top/u_rsa/core_inst/montprod_inst/s_adder_sa/addinc_add_57_43/g1612/z (u)     in_0->z R     unmapped_nand2         1  5.5     0   104    2811    (-,-) 
  u_crypto_synth_top/u_top/u_rsa/core_inst/montprod_inst/s_adder_sa/addinc_add_57_43/g1602/z (u)     in_0->z F     unmapped_nand2         3 15.3     0   165    2976    (-,-) 
  u_crypto_synth_top/u_top/u_rsa/core_inst/montprod_inst/s_adder_sa/addinc_add_57_43/g1597/z (u)     in_1->z R     unmapped_nand2         1  5.5     0   104    3080    (-,-) 
  u_crypto_synth_top/u_top/u_rsa/core_inst/montprod_inst/s_adder_sa/addinc_add_57_43/g1596/z (u)     in_0->z F     unmapped_nand2         3 15.3     0   165    3245    (-,-) 
  u_crypto_synth_top/u_top/u_rsa/core_inst/montprod_inst/s_adder_sa/addinc_add_57_43/g1595/z (u)     in_1->z R     unmapped_nand2         1  5.5     0   104    3350    (-,-) 
  u_crypto_synth_top/u_top/u_rsa/core_inst/montprod_inst/s_adder_sa/addinc_add_57_43/g1591/z (u)     in_0->z F     unmapped_nand2         3 15.3     0   165    3515    (-,-) 
  u_crypto_synth_top/u_top/u_rsa/core_inst/montprod_inst/s_adder_sa/addinc_add_57_43/g1587/z (u)     in_1->z R     unmapped_nand2         1  5.5     0   104    3619    (-,-) 
  u_crypto_synth_top/u_top/u_rsa/core_inst/montprod_inst/s_adder_sa/addinc_add_57_43/g1586/z (u)     in_0->z F     unmapped_nand2         3 15.3     0   165    3784    (-,-) 
  u_crypto_synth_top/u_top/u_rsa/core_inst/montprod_inst/s_adder_sa/addinc_add_57_43/g1582/z (u)     in_1->z R     unmapped_nand2         1  5.5     0   104    3888    (-,-) 
  u_crypto_synth_top/u_top/u_rsa/core_inst/montprod_inst/s_adder_sa/addinc_add_57_43/g1581/z (u)     in_0->z F     unmapped_nand2         3 15.3     0   165    4054    (-,-) 
  u_crypto_synth_top/u_top/u_rsa/core_inst/montprod_inst/s_adder_sa/addinc_add_57_43/g1580/z (u)     in_1->z R     unmapped_nand2         1  5.5     0   104    4158    (-,-) 
  u_crypto_synth_top/u_top/u_rsa/core_inst/montprod_inst/s_adder_sa/addinc_add_57_43/g1576/z (u)     in_0->z F     unmapped_nand2         3 15.3     0   165    4323    (-,-) 
  u_crypto_synth_top/u_top/u_rsa/core_inst/montprod_inst/s_adder_sa/addinc_add_57_43/g1575/z (u)     in_1->z R     unmapped_nand2         1  5.5     0   104    4427    (-,-) 
  u_crypto_synth_top/u_top/u_rsa/core_inst/montprod_inst/s_adder_sa/addinc_add_57_43/g1571/z (u)     in_0->z F     unmapped_nand2         3 15.3     0   165    4592    (-,-) 
  u_crypto_synth_top/u_top/u_rsa/core_inst/montprod_inst/s_adder_sa/addinc_add_57_43/g1567/z (u)     in_1->z R     unmapped_nand2         1  5.5     0   104    4697    (-,-) 
  u_crypto_synth_top/u_top/u_rsa/core_inst/montprod_inst/s_adder_sa/addinc_add_57_43/g1566/z (u)     in_0->z F     unmapped_nand2         3 15.3     0   165    4862    (-,-) 
  u_crypto_synth_top/u_top/u_rsa/core_inst/montprod_inst/s_adder_sa/addinc_add_57_43/g1565/z (u)     in_1->z R     unmapped_nand2         1  5.5     0   104    4966    (-,-) 
  u_crypto_synth_top/u_top/u_rsa/core_inst/montprod_inst/s_adder_sa/addinc_add_57_43/g1561/z (u)     in_1->z F     unmapped_nand2         3 15.3     0   165    5131    (-,-) 
  u_crypto_synth_top/u_top/u_rsa/core_inst/montprod_inst/s_adder_sa/addinc_add_57_43/g1557/z (u)     in_1->z R     unmapped_nand2         1  5.5     0   104    5235    (-,-) 
  u_crypto_synth_top/u_top/u_rsa/core_inst/montprod_inst/s_adder_sa/addinc_add_57_43/g1556/z (u)     in_0->z F     unmapped_nand2         3 15.3     0   165    5401    (-,-) 
  u_crypto_synth_top/u_top/u_rsa/core_inst/montprod_inst/s_adder_sa/addinc_add_57_43/g1552/z (u)     in_1->z R     unmapped_nand2         1  5.5     0   104    5505    (-,-) 
  u_crypto_synth_top/u_top/u_rsa/core_inst/montprod_inst/s_adder_sa/addinc_add_57_43/g1551/z (u)     in_0->z F     unmapped_nand2         3 15.3     0   165    5670    (-,-) 
  u_crypto_synth_top/u_top/u_rsa/core_inst/montprod_inst/s_adder_sa/addinc_add_57_43/g1547/z (u)     in_1->z R     unmapped_nand2         1  5.5     0   104    5774    (-,-) 
  u_crypto_synth_top/u_top/u_rsa/core_inst/montprod_inst/s_adder_sa/addinc_add_57_43/g1546/z (u)     in_0->z F     unmapped_nand2         3 15.3     0   165    5939    (-,-) 
  u_crypto_synth_top/u_top/u_rsa/core_inst/montprod_inst/s_adder_sa/addinc_add_57_43/g1542/z (u)     in_1->z R     unmapped_nand2         1  5.5     0   104    6044    (-,-) 
  u_crypto_synth_top/u_top/u_rsa/core_inst/montprod_inst/s_adder_sa/addinc_add_57_43/g1541/z (u)     in_1->z F     unmapped_nand2         3 15.3     0   165    6209    (-,-) 
  u_crypto_synth_top/u_top/u_rsa/core_inst/montprod_inst/s_adder_sa/addinc_add_57_43/g1540/z (u)     in_1->z R     unmapped_nand2         1  5.5     0   104    6313    (-,-) 
  u_crypto_synth_top/u_top/u_rsa/core_inst/montprod_inst/s_adder_sa/addinc_add_57_43/g1536/z (u)     in_0->z F     unmapped_nand2         3 15.3     0   165    6478    (-,-) 
  u_crypto_synth_top/u_top/u_rsa/core_inst/montprod_inst/s_adder_sa/addinc_add_57_43/g1535/z (u)     in_1->z R     unmapped_nand2         1  5.5     0   104    6582    (-,-) 
  u_crypto_synth_top/u_top/u_rsa/core_inst/montprod_inst/s_adder_sa/addinc_add_57_43/g1531/z (u)     in_0->z F     unmapped_nand2         3 15.3     0   165    6748    (-,-) 
  u_crypto_synth_top/u_top/u_rsa/core_inst/montprod_inst/s_adder_sa/addinc_add_57_43/g1527/z (u)     in_1->z R     unmapped_nand2         1  5.5     0   104    6852    (-,-) 
  u_crypto_synth_top/u_top/u_rsa/core_inst/montprod_inst/s_adder_sa/addinc_add_57_43/g1526/z (u)     in_0->z F     unmapped_nand2         4 20.4     0   199    7050    (-,-) 
  u_crypto_synth_top/u_top/u_rsa/core_inst/montprod_inst/s_adder_sa/addinc_add_57_43/g1521/z (u)     in_0->z R     unmapped_complex2      1  5.5     0   104    7155    (-,-) 
  u_crypto_synth_top/u_top/u_rsa/core_inst/montprod_inst/s_adder_sa/addinc_add_57_43/g1520/z (u)     in_0->z F     unmapped_complex2      3 15.3     0   165    7320    (-,-) 
  u_crypto_synth_top/u_top/u_rsa/core_inst/montprod_inst/s_adder_sa/addinc_add_57_43/g1512/z (u)     in_1->z R     unmapped_nand2         1  5.5     0   104    7424    (-,-) 
  u_crypto_synth_top/u_top/u_rsa/core_inst/montprod_inst/s_adder_sa/addinc_add_57_43/g1511/z (u)     in_1->z F     unmapped_nand2         3 15.3     0   165    7589    (-,-) 
  u_crypto_synth_top/u_top/u_rsa/core_inst/montprod_inst/s_adder_sa/addinc_add_57_43/g1510/z (u)     in_0->z R     unmapped_nand2         1  5.5     0   104    7694    (-,-) 
  u_crypto_synth_top/u_top/u_rsa/core_inst/montprod_inst/s_adder_sa/addinc_add_57_43/g1506/z (u)     in_0->z F     unmapped_nand2         3 15.3     0   165    7859    (-,-) 
  u_crypto_synth_top/u_top/u_rsa/core_inst/montprod_inst/s_adder_sa/addinc_add_57_43/g1502/z (u)     in_1->z R     unmapped_nand2         1  5.5     0   104    7963    (-,-) 
  u_crypto_synth_top/u_top/u_rsa/core_inst/montprod_inst/s_adder_sa/addinc_add_57_43/g1501/z (u)     in_1->z F     unmapped_nand2         3 15.3     0   165    8128    (-,-) 
  u_crypto_synth_top/u_top/u_rsa/core_inst/montprod_inst/s_adder_sa/addinc_add_57_43/g1500/z (u)     in_1->z R     unmapped_nand2         1  5.5     0   104    8232    (-,-) 
  u_crypto_synth_top/u_top/u_rsa/core_inst/montprod_inst/s_adder_sa/addinc_add_57_43/g1496/z (u)     in_0->z F     unmapped_nand2         3 15.3     0   165    8398    (-,-) 
  u_crypto_synth_top/u_top/u_rsa/core_inst/montprod_inst/s_adder_sa/addinc_add_57_43/g1495/z (u)     in_1->z R     unmapped_nand2         1  5.5     0   104    8502    (-,-) 
  u_crypto_synth_top/u_top/u_rsa/core_inst/montprod_inst/s_adder_sa/addinc_add_57_43/g1491/z (u)     in_0->z F     unmapped_nand2         3 15.3     0   165    8667    (-,-) 
  u_crypto_synth_top/u_top/u_rsa/core_inst/montprod_inst/s_adder_sa/addinc_add_57_43/g1490/z (u)     in_1->z R     unmapped_nand2         1  5.5     0   104    8771    (-,-) 
  u_crypto_synth_top/u_top/u_rsa/core_inst/montprod_inst/s_adder_sa/addinc_add_57_43/g1486/z (u)     in_0->z F     unmapped_nand2         3 15.3     0   165    8936    (-,-) 
  u_crypto_synth_top/u_top/u_rsa/core_inst/montprod_inst/s_adder_sa/addinc_add_57_43/g1482/z (u)     in_1->z R     unmapped_nand2         1  5.5     0   104    9040    (-,-) 
  u_crypto_synth_top/u_top/u_rsa/core_inst/montprod_inst/s_adder_sa/addinc_add_57_43/g1481/z (u)     in_1->z F     unmapped_nand2         3 15.3     0   165    9206    (-,-) 
  u_crypto_synth_top/u_top/u_rsa/core_inst/montprod_inst/s_adder_sa/addinc_add_57_43/g1480/z (u)     in_0->z R     unmapped_nand2         1  5.5     0   104    9310    (-,-) 
  u_crypto_synth_top/u_top/u_rsa/core_inst/montprod_inst/s_adder_sa/addinc_add_57_43/g1476/z (u)     in_1->z F     unmapped_nand2         3 15.3     0   165    9475    (-,-) 
  u_crypto_synth_top/u_top/u_rsa/core_inst/montprod_inst/s_adder_sa/addinc_add_57_43/g1472/z (u)     in_1->z R     unmapped_nand2         1  5.5     0   104    9579    (-,-) 
  u_crypto_synth_top/u_top/u_rsa/core_inst/montprod_inst/s_adder_sa/addinc_add_57_43/g1471/z (u)     in_1->z F     unmapped_nand2         3 15.3     0   165    9744    (-,-) 
  u_crypto_synth_top/u_top/u_rsa/core_inst/montprod_inst/s_adder_sa/addinc_add_57_43/g1470/z (u)     in_0->z R     unmapped_nand2         1  5.5     0   104    9849    (-,-) 
  u_crypto_synth_top/u_top/u_rsa/core_inst/montprod_inst/s_adder_sa/addinc_add_57_43/g1466/z (u)     in_1->z F     unmapped_nand2         3 15.3     0   165   10014    (-,-) 
  u_crypto_synth_top/u_top/u_rsa/core_inst/montprod_inst/s_adder_sa/addinc_add_57_43/g1462/z (u)     in_1->z R     unmapped_nand2         1  5.5     0   104   10118    (-,-) 
  u_crypto_synth_top/u_top/u_rsa/core_inst/montprod_inst/s_adder_sa/addinc_add_57_43/g1461/z (u)     in_1->z F     unmapped_nand2         3 15.3     0   165   10283    (-,-) 
  u_crypto_synth_top/u_top/u_rsa/core_inst/montprod_inst/s_adder_sa/addinc_add_57_43/g1457/z (u)     in_1->z R     unmapped_nand2         1  5.5     0   104   10388    (-,-) 
  u_crypto_synth_top/u_top/u_rsa/core_inst/montprod_inst/s_adder_sa/addinc_add_57_43/g1456/z (u)     in_1->z F     unmapped_nand2         3 15.3     0   165   10553    (-,-) 
  u_crypto_synth_top/u_top/u_rsa/core_inst/montprod_inst/s_adder_sa/addinc_add_57_43/g1452/z (u)     in_1->z R     unmapped_nand2         1  5.5     0   104   10657    (-,-) 
  u_crypto_synth_top/u_top/u_rsa/core_inst/montprod_inst/s_adder_sa/addinc_add_57_43/g1451/z (u)     in_1->z F     unmapped_nand2         3 15.3     0   165   10822    (-,-) 
  u_crypto_synth_top/u_top/u_rsa/core_inst/montprod_inst/s_adder_sa/addinc_add_57_43/g1448/z (u)     in_0->z F     unmapped_or2           1  5.1     0   104   10926    (-,-) 
  u_crypto_synth_top/u_top/u_rsa/core_inst/montprod_inst/s_adder_sa/addinc_add_57_43/g1449/z (u)     in_1->z R     unmapped_nand2         1  5.5     0   104   11030    (-,-) 
  u_crypto_synth_top/u_top/u_rsa/core_inst/montprod_inst/g4462/z                             (u)     in_0->z F     unmapped_complex2      1  5.1     0   114   11145    (-,-) 
  u_crypto_synth_top/u_top/u_rsa/core_inst/montprod_inst/g4246/z                             (u)     in_1->z R     unmapped_complex2     32 33.0     0   363   11508    (-,-) 
  u_crypto_synth_top/u_top/u_rsa/core_inst/montprod_inst/s_mem/mem_reg[4][31]/d              -       -       R     unmapped_d_flop       32    -     -     0   11508    (-,-) 
#-----------------------------------------------------------------------------------------------------------------------------------------------------------------------------

(u) : Net has unmapped pin(s).



Path 44: MET (43364 ps) Setup Check with Pin u_crypto_synth_top/u_top/u_rsa/core_inst/montprod_inst/s_mem/mem_reg[3][31]/clk->d
          Group: R2R
     Startpoint: (R) u_crypto_synth_top/u_top/u_rsa/core_inst/montprod_select_reg_reg[2]/clk
          Clock: (R) MAIN_CLK
       Endpoint: (R) u_crypto_synth_top/u_top/u_rsa/core_inst/montprod_inst/s_mem/mem_reg[3][31]/d
          Clock: (R) MAIN_CLK

                     Capture       Launch     
        Clock Edge:+   58000            0     
       Src Latency:+     150          250     
       Net Latency:+       0 (I)        0 (I) 
           Arrival:=   58150          250     
                                              
             Setup:-     329                  
       Uncertainty:-    1450                  
       Path Adjust:+   -1500                  
     Required Time:=   54871                  
      Launch Clock:-     250                  
         Data Path:-   11258                  
             Slack:=   43364                  

Exceptions/Constraints:
  path_adjust            -1500            PA_C2C 

#-----------------------------------------------------------------------------------------------------------------------------------------------------------------------------
#                                       Timing Point                                         Flags    Arc    Edge       Cell         Fanout Load Trans Delay Arrival Instance 
#                                                                                                                                           (fF)  (ps)  (ps)   (ps)  Location 
#-----------------------------------------------------------------------------------------------------------------------------------------------------------------------------
  u_crypto_synth_top/u_top/u_rsa/core_inst/montprod_select_reg_reg[2]/clk                    -       -       R     (arrival)          19892    -     0     0     250    (-,-) 
  u_crypto_synth_top/u_top/u_rsa/core_inst/montprod_select_reg_reg[2]/q                      (u)     clk->q  R     unmapped_d_flop        7 38.5     0   881    1131    (-,-) 
  u_crypto_synth_top/u_top/u_rsa/core_inst/g4055/z                                           (u)     in_1->z R     unmapped_complex2     34 33.0     0   412    1543    (-,-) 
  u_crypto_synth_top/u_top/u_rsa/core_inst/g4058/z                                           (u)     in_1->z F     unmapped_nand2         1  5.1     0   125    1668    (-,-) 
  u_crypto_synth_top/u_top/u_rsa/core_inst/g4054/z                                           (u)     in_0->z R     unmapped_complex2     32 33.0     0   412    2080    (-,-) 
  u_crypto_synth_top/u_top/u_rsa/core_inst/g3958/z                                           (u)     in_1->z R     unmapped_complex2      1  5.5     0   125    2206    (-,-) 
  u_crypto_synth_top/u_top/u_rsa/core_inst/g3922/z                                           (u)     in_0->z F     unmapped_nand2         1  5.1     0   125    2331    (-,-) 
  u_crypto_synth_top/u_top/u_rsa/core_inst/g3905/z                                           (u)     in_1->z F     unmapped_or2           5 25.5     0   272    2602    (-,-) 
  u_crypto_synth_top/u_top/u_rsa/core_inst/montprod_inst/s_adder_sa/addinc_add_57_43/g1182/z (u)     in_1->z F     unmapped_or2           1  5.1     0   104    2707    (-,-) 
  u_crypto_synth_top/u_top/u_rsa/core_inst/montprod_inst/s_adder_sa/addinc_add_57_43/g1612/z (u)     in_0->z R     unmapped_nand2         1  5.5     0   104    2811    (-,-) 
  u_crypto_synth_top/u_top/u_rsa/core_inst/montprod_inst/s_adder_sa/addinc_add_57_43/g1602/z (u)     in_0->z F     unmapped_nand2         3 15.3     0   165    2976    (-,-) 
  u_crypto_synth_top/u_top/u_rsa/core_inst/montprod_inst/s_adder_sa/addinc_add_57_43/g1597/z (u)     in_1->z R     unmapped_nand2         1  5.5     0   104    3080    (-,-) 
  u_crypto_synth_top/u_top/u_rsa/core_inst/montprod_inst/s_adder_sa/addinc_add_57_43/g1596/z (u)     in_0->z F     unmapped_nand2         3 15.3     0   165    3245    (-,-) 
  u_crypto_synth_top/u_top/u_rsa/core_inst/montprod_inst/s_adder_sa/addinc_add_57_43/g1595/z (u)     in_1->z R     unmapped_nand2         1  5.5     0   104    3350    (-,-) 
  u_crypto_synth_top/u_top/u_rsa/core_inst/montprod_inst/s_adder_sa/addinc_add_57_43/g1591/z (u)     in_0->z F     unmapped_nand2         3 15.3     0   165    3515    (-,-) 
  u_crypto_synth_top/u_top/u_rsa/core_inst/montprod_inst/s_adder_sa/addinc_add_57_43/g1587/z (u)     in_1->z R     unmapped_nand2         1  5.5     0   104    3619    (-,-) 
  u_crypto_synth_top/u_top/u_rsa/core_inst/montprod_inst/s_adder_sa/addinc_add_57_43/g1586/z (u)     in_0->z F     unmapped_nand2         3 15.3     0   165    3784    (-,-) 
  u_crypto_synth_top/u_top/u_rsa/core_inst/montprod_inst/s_adder_sa/addinc_add_57_43/g1582/z (u)     in_1->z R     unmapped_nand2         1  5.5     0   104    3888    (-,-) 
  u_crypto_synth_top/u_top/u_rsa/core_inst/montprod_inst/s_adder_sa/addinc_add_57_43/g1581/z (u)     in_0->z F     unmapped_nand2         3 15.3     0   165    4054    (-,-) 
  u_crypto_synth_top/u_top/u_rsa/core_inst/montprod_inst/s_adder_sa/addinc_add_57_43/g1580/z (u)     in_1->z R     unmapped_nand2         1  5.5     0   104    4158    (-,-) 
  u_crypto_synth_top/u_top/u_rsa/core_inst/montprod_inst/s_adder_sa/addinc_add_57_43/g1576/z (u)     in_0->z F     unmapped_nand2         3 15.3     0   165    4323    (-,-) 
  u_crypto_synth_top/u_top/u_rsa/core_inst/montprod_inst/s_adder_sa/addinc_add_57_43/g1575/z (u)     in_1->z R     unmapped_nand2         1  5.5     0   104    4427    (-,-) 
  u_crypto_synth_top/u_top/u_rsa/core_inst/montprod_inst/s_adder_sa/addinc_add_57_43/g1571/z (u)     in_0->z F     unmapped_nand2         3 15.3     0   165    4592    (-,-) 
  u_crypto_synth_top/u_top/u_rsa/core_inst/montprod_inst/s_adder_sa/addinc_add_57_43/g1567/z (u)     in_1->z R     unmapped_nand2         1  5.5     0   104    4697    (-,-) 
  u_crypto_synth_top/u_top/u_rsa/core_inst/montprod_inst/s_adder_sa/addinc_add_57_43/g1566/z (u)     in_0->z F     unmapped_nand2         3 15.3     0   165    4862    (-,-) 
  u_crypto_synth_top/u_top/u_rsa/core_inst/montprod_inst/s_adder_sa/addinc_add_57_43/g1565/z (u)     in_1->z R     unmapped_nand2         1  5.5     0   104    4966    (-,-) 
  u_crypto_synth_top/u_top/u_rsa/core_inst/montprod_inst/s_adder_sa/addinc_add_57_43/g1561/z (u)     in_1->z F     unmapped_nand2         3 15.3     0   165    5131    (-,-) 
  u_crypto_synth_top/u_top/u_rsa/core_inst/montprod_inst/s_adder_sa/addinc_add_57_43/g1557/z (u)     in_1->z R     unmapped_nand2         1  5.5     0   104    5235    (-,-) 
  u_crypto_synth_top/u_top/u_rsa/core_inst/montprod_inst/s_adder_sa/addinc_add_57_43/g1556/z (u)     in_0->z F     unmapped_nand2         3 15.3     0   165    5401    (-,-) 
  u_crypto_synth_top/u_top/u_rsa/core_inst/montprod_inst/s_adder_sa/addinc_add_57_43/g1552/z (u)     in_1->z R     unmapped_nand2         1  5.5     0   104    5505    (-,-) 
  u_crypto_synth_top/u_top/u_rsa/core_inst/montprod_inst/s_adder_sa/addinc_add_57_43/g1551/z (u)     in_0->z F     unmapped_nand2         3 15.3     0   165    5670    (-,-) 
  u_crypto_synth_top/u_top/u_rsa/core_inst/montprod_inst/s_adder_sa/addinc_add_57_43/g1547/z (u)     in_1->z R     unmapped_nand2         1  5.5     0   104    5774    (-,-) 
  u_crypto_synth_top/u_top/u_rsa/core_inst/montprod_inst/s_adder_sa/addinc_add_57_43/g1546/z (u)     in_0->z F     unmapped_nand2         3 15.3     0   165    5939    (-,-) 
  u_crypto_synth_top/u_top/u_rsa/core_inst/montprod_inst/s_adder_sa/addinc_add_57_43/g1542/z (u)     in_1->z R     unmapped_nand2         1  5.5     0   104    6044    (-,-) 
  u_crypto_synth_top/u_top/u_rsa/core_inst/montprod_inst/s_adder_sa/addinc_add_57_43/g1541/z (u)     in_1->z F     unmapped_nand2         3 15.3     0   165    6209    (-,-) 
  u_crypto_synth_top/u_top/u_rsa/core_inst/montprod_inst/s_adder_sa/addinc_add_57_43/g1540/z (u)     in_1->z R     unmapped_nand2         1  5.5     0   104    6313    (-,-) 
  u_crypto_synth_top/u_top/u_rsa/core_inst/montprod_inst/s_adder_sa/addinc_add_57_43/g1536/z (u)     in_0->z F     unmapped_nand2         3 15.3     0   165    6478    (-,-) 
  u_crypto_synth_top/u_top/u_rsa/core_inst/montprod_inst/s_adder_sa/addinc_add_57_43/g1535/z (u)     in_1->z R     unmapped_nand2         1  5.5     0   104    6582    (-,-) 
  u_crypto_synth_top/u_top/u_rsa/core_inst/montprod_inst/s_adder_sa/addinc_add_57_43/g1531/z (u)     in_0->z F     unmapped_nand2         3 15.3     0   165    6748    (-,-) 
  u_crypto_synth_top/u_top/u_rsa/core_inst/montprod_inst/s_adder_sa/addinc_add_57_43/g1527/z (u)     in_1->z R     unmapped_nand2         1  5.5     0   104    6852    (-,-) 
  u_crypto_synth_top/u_top/u_rsa/core_inst/montprod_inst/s_adder_sa/addinc_add_57_43/g1526/z (u)     in_0->z F     unmapped_nand2         4 20.4     0   199    7050    (-,-) 
  u_crypto_synth_top/u_top/u_rsa/core_inst/montprod_inst/s_adder_sa/addinc_add_57_43/g1521/z (u)     in_0->z R     unmapped_complex2      1  5.5     0   104    7155    (-,-) 
  u_crypto_synth_top/u_top/u_rsa/core_inst/montprod_inst/s_adder_sa/addinc_add_57_43/g1520/z (u)     in_0->z F     unmapped_complex2      3 15.3     0   165    7320    (-,-) 
  u_crypto_synth_top/u_top/u_rsa/core_inst/montprod_inst/s_adder_sa/addinc_add_57_43/g1512/z (u)     in_1->z R     unmapped_nand2         1  5.5     0   104    7424    (-,-) 
  u_crypto_synth_top/u_top/u_rsa/core_inst/montprod_inst/s_adder_sa/addinc_add_57_43/g1511/z (u)     in_1->z F     unmapped_nand2         3 15.3     0   165    7589    (-,-) 
  u_crypto_synth_top/u_top/u_rsa/core_inst/montprod_inst/s_adder_sa/addinc_add_57_43/g1510/z (u)     in_0->z R     unmapped_nand2         1  5.5     0   104    7694    (-,-) 
  u_crypto_synth_top/u_top/u_rsa/core_inst/montprod_inst/s_adder_sa/addinc_add_57_43/g1506/z (u)     in_0->z F     unmapped_nand2         3 15.3     0   165    7859    (-,-) 
  u_crypto_synth_top/u_top/u_rsa/core_inst/montprod_inst/s_adder_sa/addinc_add_57_43/g1502/z (u)     in_1->z R     unmapped_nand2         1  5.5     0   104    7963    (-,-) 
  u_crypto_synth_top/u_top/u_rsa/core_inst/montprod_inst/s_adder_sa/addinc_add_57_43/g1501/z (u)     in_1->z F     unmapped_nand2         3 15.3     0   165    8128    (-,-) 
  u_crypto_synth_top/u_top/u_rsa/core_inst/montprod_inst/s_adder_sa/addinc_add_57_43/g1500/z (u)     in_1->z R     unmapped_nand2         1  5.5     0   104    8232    (-,-) 
  u_crypto_synth_top/u_top/u_rsa/core_inst/montprod_inst/s_adder_sa/addinc_add_57_43/g1496/z (u)     in_0->z F     unmapped_nand2         3 15.3     0   165    8398    (-,-) 
  u_crypto_synth_top/u_top/u_rsa/core_inst/montprod_inst/s_adder_sa/addinc_add_57_43/g1495/z (u)     in_1->z R     unmapped_nand2         1  5.5     0   104    8502    (-,-) 
  u_crypto_synth_top/u_top/u_rsa/core_inst/montprod_inst/s_adder_sa/addinc_add_57_43/g1491/z (u)     in_0->z F     unmapped_nand2         3 15.3     0   165    8667    (-,-) 
  u_crypto_synth_top/u_top/u_rsa/core_inst/montprod_inst/s_adder_sa/addinc_add_57_43/g1490/z (u)     in_1->z R     unmapped_nand2         1  5.5     0   104    8771    (-,-) 
  u_crypto_synth_top/u_top/u_rsa/core_inst/montprod_inst/s_adder_sa/addinc_add_57_43/g1486/z (u)     in_0->z F     unmapped_nand2         3 15.3     0   165    8936    (-,-) 
  u_crypto_synth_top/u_top/u_rsa/core_inst/montprod_inst/s_adder_sa/addinc_add_57_43/g1482/z (u)     in_1->z R     unmapped_nand2         1  5.5     0   104    9040    (-,-) 
  u_crypto_synth_top/u_top/u_rsa/core_inst/montprod_inst/s_adder_sa/addinc_add_57_43/g1481/z (u)     in_1->z F     unmapped_nand2         3 15.3     0   165    9206    (-,-) 
  u_crypto_synth_top/u_top/u_rsa/core_inst/montprod_inst/s_adder_sa/addinc_add_57_43/g1480/z (u)     in_0->z R     unmapped_nand2         1  5.5     0   104    9310    (-,-) 
  u_crypto_synth_top/u_top/u_rsa/core_inst/montprod_inst/s_adder_sa/addinc_add_57_43/g1476/z (u)     in_1->z F     unmapped_nand2         3 15.3     0   165    9475    (-,-) 
  u_crypto_synth_top/u_top/u_rsa/core_inst/montprod_inst/s_adder_sa/addinc_add_57_43/g1472/z (u)     in_1->z R     unmapped_nand2         1  5.5     0   104    9579    (-,-) 
  u_crypto_synth_top/u_top/u_rsa/core_inst/montprod_inst/s_adder_sa/addinc_add_57_43/g1471/z (u)     in_1->z F     unmapped_nand2         3 15.3     0   165    9744    (-,-) 
  u_crypto_synth_top/u_top/u_rsa/core_inst/montprod_inst/s_adder_sa/addinc_add_57_43/g1470/z (u)     in_0->z R     unmapped_nand2         1  5.5     0   104    9849    (-,-) 
  u_crypto_synth_top/u_top/u_rsa/core_inst/montprod_inst/s_adder_sa/addinc_add_57_43/g1466/z (u)     in_1->z F     unmapped_nand2         3 15.3     0   165   10014    (-,-) 
  u_crypto_synth_top/u_top/u_rsa/core_inst/montprod_inst/s_adder_sa/addinc_add_57_43/g1462/z (u)     in_1->z R     unmapped_nand2         1  5.5     0   104   10118    (-,-) 
  u_crypto_synth_top/u_top/u_rsa/core_inst/montprod_inst/s_adder_sa/addinc_add_57_43/g1461/z (u)     in_1->z F     unmapped_nand2         3 15.3     0   165   10283    (-,-) 
  u_crypto_synth_top/u_top/u_rsa/core_inst/montprod_inst/s_adder_sa/addinc_add_57_43/g1457/z (u)     in_1->z R     unmapped_nand2         1  5.5     0   104   10388    (-,-) 
  u_crypto_synth_top/u_top/u_rsa/core_inst/montprod_inst/s_adder_sa/addinc_add_57_43/g1456/z (u)     in_1->z F     unmapped_nand2         3 15.3     0   165   10553    (-,-) 
  u_crypto_synth_top/u_top/u_rsa/core_inst/montprod_inst/s_adder_sa/addinc_add_57_43/g1452/z (u)     in_1->z R     unmapped_nand2         1  5.5     0   104   10657    (-,-) 
  u_crypto_synth_top/u_top/u_rsa/core_inst/montprod_inst/s_adder_sa/addinc_add_57_43/g1451/z (u)     in_1->z F     unmapped_nand2         3 15.3     0   165   10822    (-,-) 
  u_crypto_synth_top/u_top/u_rsa/core_inst/montprod_inst/s_adder_sa/addinc_add_57_43/g1448/z (u)     in_0->z F     unmapped_or2           1  5.1     0   104   10926    (-,-) 
  u_crypto_synth_top/u_top/u_rsa/core_inst/montprod_inst/s_adder_sa/addinc_add_57_43/g1449/z (u)     in_1->z R     unmapped_nand2         1  5.5     0   104   11030    (-,-) 
  u_crypto_synth_top/u_top/u_rsa/core_inst/montprod_inst/g4462/z                             (u)     in_0->z F     unmapped_complex2      1  5.1     0   114   11145    (-,-) 
  u_crypto_synth_top/u_top/u_rsa/core_inst/montprod_inst/g4246/z                             (u)     in_1->z R     unmapped_complex2     32 33.0     0   363   11508    (-,-) 
  u_crypto_synth_top/u_top/u_rsa/core_inst/montprod_inst/s_mem/mem_reg[3][31]/d              -       -       R     unmapped_d_flop       32    -     -     0   11508    (-,-) 
#-----------------------------------------------------------------------------------------------------------------------------------------------------------------------------

(u) : Net has unmapped pin(s).



Path 45: MET (43364 ps) Setup Check with Pin u_crypto_synth_top/u_top/u_rsa/core_inst/montprod_inst/s_mem/mem_reg[2][31]/clk->d
          Group: R2R
     Startpoint: (R) u_crypto_synth_top/u_top/u_rsa/core_inst/montprod_select_reg_reg[2]/clk
          Clock: (R) MAIN_CLK
       Endpoint: (R) u_crypto_synth_top/u_top/u_rsa/core_inst/montprod_inst/s_mem/mem_reg[2][31]/d
          Clock: (R) MAIN_CLK

                     Capture       Launch     
        Clock Edge:+   58000            0     
       Src Latency:+     150          250     
       Net Latency:+       0 (I)        0 (I) 
           Arrival:=   58150          250     
                                              
             Setup:-     329                  
       Uncertainty:-    1450                  
       Path Adjust:+   -1500                  
     Required Time:=   54871                  
      Launch Clock:-     250                  
         Data Path:-   11258                  
             Slack:=   43364                  

Exceptions/Constraints:
  path_adjust            -1500            PA_C2C 

#-----------------------------------------------------------------------------------------------------------------------------------------------------------------------------
#                                       Timing Point                                         Flags    Arc    Edge       Cell         Fanout Load Trans Delay Arrival Instance 
#                                                                                                                                           (fF)  (ps)  (ps)   (ps)  Location 
#-----------------------------------------------------------------------------------------------------------------------------------------------------------------------------
  u_crypto_synth_top/u_top/u_rsa/core_inst/montprod_select_reg_reg[2]/clk                    -       -       R     (arrival)          19892    -     0     0     250    (-,-) 
  u_crypto_synth_top/u_top/u_rsa/core_inst/montprod_select_reg_reg[2]/q                      (u)     clk->q  R     unmapped_d_flop        7 38.5     0   881    1131    (-,-) 
  u_crypto_synth_top/u_top/u_rsa/core_inst/g4055/z                                           (u)     in_1->z R     unmapped_complex2     34 33.0     0   412    1543    (-,-) 
  u_crypto_synth_top/u_top/u_rsa/core_inst/g4058/z                                           (u)     in_1->z F     unmapped_nand2         1  5.1     0   125    1668    (-,-) 
  u_crypto_synth_top/u_top/u_rsa/core_inst/g4054/z                                           (u)     in_0->z R     unmapped_complex2     32 33.0     0   412    2080    (-,-) 
  u_crypto_synth_top/u_top/u_rsa/core_inst/g3958/z                                           (u)     in_1->z R     unmapped_complex2      1  5.5     0   125    2206    (-,-) 
  u_crypto_synth_top/u_top/u_rsa/core_inst/g3922/z                                           (u)     in_0->z F     unmapped_nand2         1  5.1     0   125    2331    (-,-) 
  u_crypto_synth_top/u_top/u_rsa/core_inst/g3905/z                                           (u)     in_1->z F     unmapped_or2           5 25.5     0   272    2602    (-,-) 
  u_crypto_synth_top/u_top/u_rsa/core_inst/montprod_inst/s_adder_sa/addinc_add_57_43/g1182/z (u)     in_1->z F     unmapped_or2           1  5.1     0   104    2707    (-,-) 
  u_crypto_synth_top/u_top/u_rsa/core_inst/montprod_inst/s_adder_sa/addinc_add_57_43/g1612/z (u)     in_0->z R     unmapped_nand2         1  5.5     0   104    2811    (-,-) 
  u_crypto_synth_top/u_top/u_rsa/core_inst/montprod_inst/s_adder_sa/addinc_add_57_43/g1602/z (u)     in_0->z F     unmapped_nand2         3 15.3     0   165    2976    (-,-) 
  u_crypto_synth_top/u_top/u_rsa/core_inst/montprod_inst/s_adder_sa/addinc_add_57_43/g1597/z (u)     in_1->z R     unmapped_nand2         1  5.5     0   104    3080    (-,-) 
  u_crypto_synth_top/u_top/u_rsa/core_inst/montprod_inst/s_adder_sa/addinc_add_57_43/g1596/z (u)     in_0->z F     unmapped_nand2         3 15.3     0   165    3245    (-,-) 
  u_crypto_synth_top/u_top/u_rsa/core_inst/montprod_inst/s_adder_sa/addinc_add_57_43/g1595/z (u)     in_1->z R     unmapped_nand2         1  5.5     0   104    3350    (-,-) 
  u_crypto_synth_top/u_top/u_rsa/core_inst/montprod_inst/s_adder_sa/addinc_add_57_43/g1591/z (u)     in_0->z F     unmapped_nand2         3 15.3     0   165    3515    (-,-) 
  u_crypto_synth_top/u_top/u_rsa/core_inst/montprod_inst/s_adder_sa/addinc_add_57_43/g1587/z (u)     in_1->z R     unmapped_nand2         1  5.5     0   104    3619    (-,-) 
  u_crypto_synth_top/u_top/u_rsa/core_inst/montprod_inst/s_adder_sa/addinc_add_57_43/g1586/z (u)     in_0->z F     unmapped_nand2         3 15.3     0   165    3784    (-,-) 
  u_crypto_synth_top/u_top/u_rsa/core_inst/montprod_inst/s_adder_sa/addinc_add_57_43/g1582/z (u)     in_1->z R     unmapped_nand2         1  5.5     0   104    3888    (-,-) 
  u_crypto_synth_top/u_top/u_rsa/core_inst/montprod_inst/s_adder_sa/addinc_add_57_43/g1581/z (u)     in_0->z F     unmapped_nand2         3 15.3     0   165    4054    (-,-) 
  u_crypto_synth_top/u_top/u_rsa/core_inst/montprod_inst/s_adder_sa/addinc_add_57_43/g1580/z (u)     in_1->z R     unmapped_nand2         1  5.5     0   104    4158    (-,-) 
  u_crypto_synth_top/u_top/u_rsa/core_inst/montprod_inst/s_adder_sa/addinc_add_57_43/g1576/z (u)     in_0->z F     unmapped_nand2         3 15.3     0   165    4323    (-,-) 
  u_crypto_synth_top/u_top/u_rsa/core_inst/montprod_inst/s_adder_sa/addinc_add_57_43/g1575/z (u)     in_1->z R     unmapped_nand2         1  5.5     0   104    4427    (-,-) 
  u_crypto_synth_top/u_top/u_rsa/core_inst/montprod_inst/s_adder_sa/addinc_add_57_43/g1571/z (u)     in_0->z F     unmapped_nand2         3 15.3     0   165    4592    (-,-) 
  u_crypto_synth_top/u_top/u_rsa/core_inst/montprod_inst/s_adder_sa/addinc_add_57_43/g1567/z (u)     in_1->z R     unmapped_nand2         1  5.5     0   104    4697    (-,-) 
  u_crypto_synth_top/u_top/u_rsa/core_inst/montprod_inst/s_adder_sa/addinc_add_57_43/g1566/z (u)     in_0->z F     unmapped_nand2         3 15.3     0   165    4862    (-,-) 
  u_crypto_synth_top/u_top/u_rsa/core_inst/montprod_inst/s_adder_sa/addinc_add_57_43/g1565/z (u)     in_1->z R     unmapped_nand2         1  5.5     0   104    4966    (-,-) 
  u_crypto_synth_top/u_top/u_rsa/core_inst/montprod_inst/s_adder_sa/addinc_add_57_43/g1561/z (u)     in_1->z F     unmapped_nand2         3 15.3     0   165    5131    (-,-) 
  u_crypto_synth_top/u_top/u_rsa/core_inst/montprod_inst/s_adder_sa/addinc_add_57_43/g1557/z (u)     in_1->z R     unmapped_nand2         1  5.5     0   104    5235    (-,-) 
  u_crypto_synth_top/u_top/u_rsa/core_inst/montprod_inst/s_adder_sa/addinc_add_57_43/g1556/z (u)     in_0->z F     unmapped_nand2         3 15.3     0   165    5401    (-,-) 
  u_crypto_synth_top/u_top/u_rsa/core_inst/montprod_inst/s_adder_sa/addinc_add_57_43/g1552/z (u)     in_1->z R     unmapped_nand2         1  5.5     0   104    5505    (-,-) 
  u_crypto_synth_top/u_top/u_rsa/core_inst/montprod_inst/s_adder_sa/addinc_add_57_43/g1551/z (u)     in_0->z F     unmapped_nand2         3 15.3     0   165    5670    (-,-) 
  u_crypto_synth_top/u_top/u_rsa/core_inst/montprod_inst/s_adder_sa/addinc_add_57_43/g1547/z (u)     in_1->z R     unmapped_nand2         1  5.5     0   104    5774    (-,-) 
  u_crypto_synth_top/u_top/u_rsa/core_inst/montprod_inst/s_adder_sa/addinc_add_57_43/g1546/z (u)     in_0->z F     unmapped_nand2         3 15.3     0   165    5939    (-,-) 
  u_crypto_synth_top/u_top/u_rsa/core_inst/montprod_inst/s_adder_sa/addinc_add_57_43/g1542/z (u)     in_1->z R     unmapped_nand2         1  5.5     0   104    6044    (-,-) 
  u_crypto_synth_top/u_top/u_rsa/core_inst/montprod_inst/s_adder_sa/addinc_add_57_43/g1541/z (u)     in_1->z F     unmapped_nand2         3 15.3     0   165    6209    (-,-) 
  u_crypto_synth_top/u_top/u_rsa/core_inst/montprod_inst/s_adder_sa/addinc_add_57_43/g1540/z (u)     in_1->z R     unmapped_nand2         1  5.5     0   104    6313    (-,-) 
  u_crypto_synth_top/u_top/u_rsa/core_inst/montprod_inst/s_adder_sa/addinc_add_57_43/g1536/z (u)     in_0->z F     unmapped_nand2         3 15.3     0   165    6478    (-,-) 
  u_crypto_synth_top/u_top/u_rsa/core_inst/montprod_inst/s_adder_sa/addinc_add_57_43/g1535/z (u)     in_1->z R     unmapped_nand2         1  5.5     0   104    6582    (-,-) 
  u_crypto_synth_top/u_top/u_rsa/core_inst/montprod_inst/s_adder_sa/addinc_add_57_43/g1531/z (u)     in_0->z F     unmapped_nand2         3 15.3     0   165    6748    (-,-) 
  u_crypto_synth_top/u_top/u_rsa/core_inst/montprod_inst/s_adder_sa/addinc_add_57_43/g1527/z (u)     in_1->z R     unmapped_nand2         1  5.5     0   104    6852    (-,-) 
  u_crypto_synth_top/u_top/u_rsa/core_inst/montprod_inst/s_adder_sa/addinc_add_57_43/g1526/z (u)     in_0->z F     unmapped_nand2         4 20.4     0   199    7050    (-,-) 
  u_crypto_synth_top/u_top/u_rsa/core_inst/montprod_inst/s_adder_sa/addinc_add_57_43/g1521/z (u)     in_0->z R     unmapped_complex2      1  5.5     0   104    7155    (-,-) 
  u_crypto_synth_top/u_top/u_rsa/core_inst/montprod_inst/s_adder_sa/addinc_add_57_43/g1520/z (u)     in_0->z F     unmapped_complex2      3 15.3     0   165    7320    (-,-) 
  u_crypto_synth_top/u_top/u_rsa/core_inst/montprod_inst/s_adder_sa/addinc_add_57_43/g1512/z (u)     in_1->z R     unmapped_nand2         1  5.5     0   104    7424    (-,-) 
  u_crypto_synth_top/u_top/u_rsa/core_inst/montprod_inst/s_adder_sa/addinc_add_57_43/g1511/z (u)     in_1->z F     unmapped_nand2         3 15.3     0   165    7589    (-,-) 
  u_crypto_synth_top/u_top/u_rsa/core_inst/montprod_inst/s_adder_sa/addinc_add_57_43/g1510/z (u)     in_0->z R     unmapped_nand2         1  5.5     0   104    7694    (-,-) 
  u_crypto_synth_top/u_top/u_rsa/core_inst/montprod_inst/s_adder_sa/addinc_add_57_43/g1506/z (u)     in_0->z F     unmapped_nand2         3 15.3     0   165    7859    (-,-) 
  u_crypto_synth_top/u_top/u_rsa/core_inst/montprod_inst/s_adder_sa/addinc_add_57_43/g1502/z (u)     in_1->z R     unmapped_nand2         1  5.5     0   104    7963    (-,-) 
  u_crypto_synth_top/u_top/u_rsa/core_inst/montprod_inst/s_adder_sa/addinc_add_57_43/g1501/z (u)     in_1->z F     unmapped_nand2         3 15.3     0   165    8128    (-,-) 
  u_crypto_synth_top/u_top/u_rsa/core_inst/montprod_inst/s_adder_sa/addinc_add_57_43/g1500/z (u)     in_1->z R     unmapped_nand2         1  5.5     0   104    8232    (-,-) 
  u_crypto_synth_top/u_top/u_rsa/core_inst/montprod_inst/s_adder_sa/addinc_add_57_43/g1496/z (u)     in_0->z F     unmapped_nand2         3 15.3     0   165    8398    (-,-) 
  u_crypto_synth_top/u_top/u_rsa/core_inst/montprod_inst/s_adder_sa/addinc_add_57_43/g1495/z (u)     in_1->z R     unmapped_nand2         1  5.5     0   104    8502    (-,-) 
  u_crypto_synth_top/u_top/u_rsa/core_inst/montprod_inst/s_adder_sa/addinc_add_57_43/g1491/z (u)     in_0->z F     unmapped_nand2         3 15.3     0   165    8667    (-,-) 
  u_crypto_synth_top/u_top/u_rsa/core_inst/montprod_inst/s_adder_sa/addinc_add_57_43/g1490/z (u)     in_1->z R     unmapped_nand2         1  5.5     0   104    8771    (-,-) 
  u_crypto_synth_top/u_top/u_rsa/core_inst/montprod_inst/s_adder_sa/addinc_add_57_43/g1486/z (u)     in_0->z F     unmapped_nand2         3 15.3     0   165    8936    (-,-) 
  u_crypto_synth_top/u_top/u_rsa/core_inst/montprod_inst/s_adder_sa/addinc_add_57_43/g1482/z (u)     in_1->z R     unmapped_nand2         1  5.5     0   104    9040    (-,-) 
  u_crypto_synth_top/u_top/u_rsa/core_inst/montprod_inst/s_adder_sa/addinc_add_57_43/g1481/z (u)     in_1->z F     unmapped_nand2         3 15.3     0   165    9206    (-,-) 
  u_crypto_synth_top/u_top/u_rsa/core_inst/montprod_inst/s_adder_sa/addinc_add_57_43/g1480/z (u)     in_0->z R     unmapped_nand2         1  5.5     0   104    9310    (-,-) 
  u_crypto_synth_top/u_top/u_rsa/core_inst/montprod_inst/s_adder_sa/addinc_add_57_43/g1476/z (u)     in_1->z F     unmapped_nand2         3 15.3     0   165    9475    (-,-) 
  u_crypto_synth_top/u_top/u_rsa/core_inst/montprod_inst/s_adder_sa/addinc_add_57_43/g1472/z (u)     in_1->z R     unmapped_nand2         1  5.5     0   104    9579    (-,-) 
  u_crypto_synth_top/u_top/u_rsa/core_inst/montprod_inst/s_adder_sa/addinc_add_57_43/g1471/z (u)     in_1->z F     unmapped_nand2         3 15.3     0   165    9744    (-,-) 
  u_crypto_synth_top/u_top/u_rsa/core_inst/montprod_inst/s_adder_sa/addinc_add_57_43/g1470/z (u)     in_0->z R     unmapped_nand2         1  5.5     0   104    9849    (-,-) 
  u_crypto_synth_top/u_top/u_rsa/core_inst/montprod_inst/s_adder_sa/addinc_add_57_43/g1466/z (u)     in_1->z F     unmapped_nand2         3 15.3     0   165   10014    (-,-) 
  u_crypto_synth_top/u_top/u_rsa/core_inst/montprod_inst/s_adder_sa/addinc_add_57_43/g1462/z (u)     in_1->z R     unmapped_nand2         1  5.5     0   104   10118    (-,-) 
  u_crypto_synth_top/u_top/u_rsa/core_inst/montprod_inst/s_adder_sa/addinc_add_57_43/g1461/z (u)     in_1->z F     unmapped_nand2         3 15.3     0   165   10283    (-,-) 
  u_crypto_synth_top/u_top/u_rsa/core_inst/montprod_inst/s_adder_sa/addinc_add_57_43/g1457/z (u)     in_1->z R     unmapped_nand2         1  5.5     0   104   10388    (-,-) 
  u_crypto_synth_top/u_top/u_rsa/core_inst/montprod_inst/s_adder_sa/addinc_add_57_43/g1456/z (u)     in_1->z F     unmapped_nand2         3 15.3     0   165   10553    (-,-) 
  u_crypto_synth_top/u_top/u_rsa/core_inst/montprod_inst/s_adder_sa/addinc_add_57_43/g1452/z (u)     in_1->z R     unmapped_nand2         1  5.5     0   104   10657    (-,-) 
  u_crypto_synth_top/u_top/u_rsa/core_inst/montprod_inst/s_adder_sa/addinc_add_57_43/g1451/z (u)     in_1->z F     unmapped_nand2         3 15.3     0   165   10822    (-,-) 
  u_crypto_synth_top/u_top/u_rsa/core_inst/montprod_inst/s_adder_sa/addinc_add_57_43/g1448/z (u)     in_0->z F     unmapped_or2           1  5.1     0   104   10926    (-,-) 
  u_crypto_synth_top/u_top/u_rsa/core_inst/montprod_inst/s_adder_sa/addinc_add_57_43/g1449/z (u)     in_1->z R     unmapped_nand2         1  5.5     0   104   11030    (-,-) 
  u_crypto_synth_top/u_top/u_rsa/core_inst/montprod_inst/g4462/z                             (u)     in_0->z F     unmapped_complex2      1  5.1     0   114   11145    (-,-) 
  u_crypto_synth_top/u_top/u_rsa/core_inst/montprod_inst/g4246/z                             (u)     in_1->z R     unmapped_complex2     32 33.0     0   363   11508    (-,-) 
  u_crypto_synth_top/u_top/u_rsa/core_inst/montprod_inst/s_mem/mem_reg[2][31]/d              -       -       R     unmapped_d_flop       32    -     -     0   11508    (-,-) 
#-----------------------------------------------------------------------------------------------------------------------------------------------------------------------------

(u) : Net has unmapped pin(s).



Path 46: MET (43364 ps) Setup Check with Pin u_crypto_synth_top/u_top/u_rsa/core_inst/montprod_inst/s_mem/mem_reg[1][31]/clk->d
          Group: R2R
     Startpoint: (R) u_crypto_synth_top/u_top/u_rsa/core_inst/montprod_select_reg_reg[2]/clk
          Clock: (R) MAIN_CLK
       Endpoint: (R) u_crypto_synth_top/u_top/u_rsa/core_inst/montprod_inst/s_mem/mem_reg[1][31]/d
          Clock: (R) MAIN_CLK

                     Capture       Launch     
        Clock Edge:+   58000            0     
       Src Latency:+     150          250     
       Net Latency:+       0 (I)        0 (I) 
           Arrival:=   58150          250     
                                              
             Setup:-     329                  
       Uncertainty:-    1450                  
       Path Adjust:+   -1500                  
     Required Time:=   54871                  
      Launch Clock:-     250                  
         Data Path:-   11258                  
             Slack:=   43364                  

Exceptions/Constraints:
  path_adjust            -1500            PA_C2C 

#-----------------------------------------------------------------------------------------------------------------------------------------------------------------------------
#                                       Timing Point                                         Flags    Arc    Edge       Cell         Fanout Load Trans Delay Arrival Instance 
#                                                                                                                                           (fF)  (ps)  (ps)   (ps)  Location 
#-----------------------------------------------------------------------------------------------------------------------------------------------------------------------------
  u_crypto_synth_top/u_top/u_rsa/core_inst/montprod_select_reg_reg[2]/clk                    -       -       R     (arrival)          19892    -     0     0     250    (-,-) 
  u_crypto_synth_top/u_top/u_rsa/core_inst/montprod_select_reg_reg[2]/q                      (u)     clk->q  R     unmapped_d_flop        7 38.5     0   881    1131    (-,-) 
  u_crypto_synth_top/u_top/u_rsa/core_inst/g4055/z                                           (u)     in_1->z R     unmapped_complex2     34 33.0     0   412    1543    (-,-) 
  u_crypto_synth_top/u_top/u_rsa/core_inst/g4058/z                                           (u)     in_1->z F     unmapped_nand2         1  5.1     0   125    1668    (-,-) 
  u_crypto_synth_top/u_top/u_rsa/core_inst/g4054/z                                           (u)     in_0->z R     unmapped_complex2     32 33.0     0   412    2080    (-,-) 
  u_crypto_synth_top/u_top/u_rsa/core_inst/g3958/z                                           (u)     in_1->z R     unmapped_complex2      1  5.5     0   125    2206    (-,-) 
  u_crypto_synth_top/u_top/u_rsa/core_inst/g3922/z                                           (u)     in_0->z F     unmapped_nand2         1  5.1     0   125    2331    (-,-) 
  u_crypto_synth_top/u_top/u_rsa/core_inst/g3905/z                                           (u)     in_1->z F     unmapped_or2           5 25.5     0   272    2602    (-,-) 
  u_crypto_synth_top/u_top/u_rsa/core_inst/montprod_inst/s_adder_sa/addinc_add_57_43/g1182/z (u)     in_1->z F     unmapped_or2           1  5.1     0   104    2707    (-,-) 
  u_crypto_synth_top/u_top/u_rsa/core_inst/montprod_inst/s_adder_sa/addinc_add_57_43/g1612/z (u)     in_0->z R     unmapped_nand2         1  5.5     0   104    2811    (-,-) 
  u_crypto_synth_top/u_top/u_rsa/core_inst/montprod_inst/s_adder_sa/addinc_add_57_43/g1602/z (u)     in_0->z F     unmapped_nand2         3 15.3     0   165    2976    (-,-) 
  u_crypto_synth_top/u_top/u_rsa/core_inst/montprod_inst/s_adder_sa/addinc_add_57_43/g1597/z (u)     in_1->z R     unmapped_nand2         1  5.5     0   104    3080    (-,-) 
  u_crypto_synth_top/u_top/u_rsa/core_inst/montprod_inst/s_adder_sa/addinc_add_57_43/g1596/z (u)     in_0->z F     unmapped_nand2         3 15.3     0   165    3245    (-,-) 
  u_crypto_synth_top/u_top/u_rsa/core_inst/montprod_inst/s_adder_sa/addinc_add_57_43/g1595/z (u)     in_1->z R     unmapped_nand2         1  5.5     0   104    3350    (-,-) 
  u_crypto_synth_top/u_top/u_rsa/core_inst/montprod_inst/s_adder_sa/addinc_add_57_43/g1591/z (u)     in_0->z F     unmapped_nand2         3 15.3     0   165    3515    (-,-) 
  u_crypto_synth_top/u_top/u_rsa/core_inst/montprod_inst/s_adder_sa/addinc_add_57_43/g1587/z (u)     in_1->z R     unmapped_nand2         1  5.5     0   104    3619    (-,-) 
  u_crypto_synth_top/u_top/u_rsa/core_inst/montprod_inst/s_adder_sa/addinc_add_57_43/g1586/z (u)     in_0->z F     unmapped_nand2         3 15.3     0   165    3784    (-,-) 
  u_crypto_synth_top/u_top/u_rsa/core_inst/montprod_inst/s_adder_sa/addinc_add_57_43/g1582/z (u)     in_1->z R     unmapped_nand2         1  5.5     0   104    3888    (-,-) 
  u_crypto_synth_top/u_top/u_rsa/core_inst/montprod_inst/s_adder_sa/addinc_add_57_43/g1581/z (u)     in_0->z F     unmapped_nand2         3 15.3     0   165    4054    (-,-) 
  u_crypto_synth_top/u_top/u_rsa/core_inst/montprod_inst/s_adder_sa/addinc_add_57_43/g1580/z (u)     in_1->z R     unmapped_nand2         1  5.5     0   104    4158    (-,-) 
  u_crypto_synth_top/u_top/u_rsa/core_inst/montprod_inst/s_adder_sa/addinc_add_57_43/g1576/z (u)     in_0->z F     unmapped_nand2         3 15.3     0   165    4323    (-,-) 
  u_crypto_synth_top/u_top/u_rsa/core_inst/montprod_inst/s_adder_sa/addinc_add_57_43/g1575/z (u)     in_1->z R     unmapped_nand2         1  5.5     0   104    4427    (-,-) 
  u_crypto_synth_top/u_top/u_rsa/core_inst/montprod_inst/s_adder_sa/addinc_add_57_43/g1571/z (u)     in_0->z F     unmapped_nand2         3 15.3     0   165    4592    (-,-) 
  u_crypto_synth_top/u_top/u_rsa/core_inst/montprod_inst/s_adder_sa/addinc_add_57_43/g1567/z (u)     in_1->z R     unmapped_nand2         1  5.5     0   104    4697    (-,-) 
  u_crypto_synth_top/u_top/u_rsa/core_inst/montprod_inst/s_adder_sa/addinc_add_57_43/g1566/z (u)     in_0->z F     unmapped_nand2         3 15.3     0   165    4862    (-,-) 
  u_crypto_synth_top/u_top/u_rsa/core_inst/montprod_inst/s_adder_sa/addinc_add_57_43/g1565/z (u)     in_1->z R     unmapped_nand2         1  5.5     0   104    4966    (-,-) 
  u_crypto_synth_top/u_top/u_rsa/core_inst/montprod_inst/s_adder_sa/addinc_add_57_43/g1561/z (u)     in_1->z F     unmapped_nand2         3 15.3     0   165    5131    (-,-) 
  u_crypto_synth_top/u_top/u_rsa/core_inst/montprod_inst/s_adder_sa/addinc_add_57_43/g1557/z (u)     in_1->z R     unmapped_nand2         1  5.5     0   104    5235    (-,-) 
  u_crypto_synth_top/u_top/u_rsa/core_inst/montprod_inst/s_adder_sa/addinc_add_57_43/g1556/z (u)     in_0->z F     unmapped_nand2         3 15.3     0   165    5401    (-,-) 
  u_crypto_synth_top/u_top/u_rsa/core_inst/montprod_inst/s_adder_sa/addinc_add_57_43/g1552/z (u)     in_1->z R     unmapped_nand2         1  5.5     0   104    5505    (-,-) 
  u_crypto_synth_top/u_top/u_rsa/core_inst/montprod_inst/s_adder_sa/addinc_add_57_43/g1551/z (u)     in_0->z F     unmapped_nand2         3 15.3     0   165    5670    (-,-) 
  u_crypto_synth_top/u_top/u_rsa/core_inst/montprod_inst/s_adder_sa/addinc_add_57_43/g1547/z (u)     in_1->z R     unmapped_nand2         1  5.5     0   104    5774    (-,-) 
  u_crypto_synth_top/u_top/u_rsa/core_inst/montprod_inst/s_adder_sa/addinc_add_57_43/g1546/z (u)     in_0->z F     unmapped_nand2         3 15.3     0   165    5939    (-,-) 
  u_crypto_synth_top/u_top/u_rsa/core_inst/montprod_inst/s_adder_sa/addinc_add_57_43/g1542/z (u)     in_1->z R     unmapped_nand2         1  5.5     0   104    6044    (-,-) 
  u_crypto_synth_top/u_top/u_rsa/core_inst/montprod_inst/s_adder_sa/addinc_add_57_43/g1541/z (u)     in_1->z F     unmapped_nand2         3 15.3     0   165    6209    (-,-) 
  u_crypto_synth_top/u_top/u_rsa/core_inst/montprod_inst/s_adder_sa/addinc_add_57_43/g1540/z (u)     in_1->z R     unmapped_nand2         1  5.5     0   104    6313    (-,-) 
  u_crypto_synth_top/u_top/u_rsa/core_inst/montprod_inst/s_adder_sa/addinc_add_57_43/g1536/z (u)     in_0->z F     unmapped_nand2         3 15.3     0   165    6478    (-,-) 
  u_crypto_synth_top/u_top/u_rsa/core_inst/montprod_inst/s_adder_sa/addinc_add_57_43/g1535/z (u)     in_1->z R     unmapped_nand2         1  5.5     0   104    6582    (-,-) 
  u_crypto_synth_top/u_top/u_rsa/core_inst/montprod_inst/s_adder_sa/addinc_add_57_43/g1531/z (u)     in_0->z F     unmapped_nand2         3 15.3     0   165    6748    (-,-) 
  u_crypto_synth_top/u_top/u_rsa/core_inst/montprod_inst/s_adder_sa/addinc_add_57_43/g1527/z (u)     in_1->z R     unmapped_nand2         1  5.5     0   104    6852    (-,-) 
  u_crypto_synth_top/u_top/u_rsa/core_inst/montprod_inst/s_adder_sa/addinc_add_57_43/g1526/z (u)     in_0->z F     unmapped_nand2         4 20.4     0   199    7050    (-,-) 
  u_crypto_synth_top/u_top/u_rsa/core_inst/montprod_inst/s_adder_sa/addinc_add_57_43/g1521/z (u)     in_0->z R     unmapped_complex2      1  5.5     0   104    7155    (-,-) 
  u_crypto_synth_top/u_top/u_rsa/core_inst/montprod_inst/s_adder_sa/addinc_add_57_43/g1520/z (u)     in_0->z F     unmapped_complex2      3 15.3     0   165    7320    (-,-) 
  u_crypto_synth_top/u_top/u_rsa/core_inst/montprod_inst/s_adder_sa/addinc_add_57_43/g1512/z (u)     in_1->z R     unmapped_nand2         1  5.5     0   104    7424    (-,-) 
  u_crypto_synth_top/u_top/u_rsa/core_inst/montprod_inst/s_adder_sa/addinc_add_57_43/g1511/z (u)     in_1->z F     unmapped_nand2         3 15.3     0   165    7589    (-,-) 
  u_crypto_synth_top/u_top/u_rsa/core_inst/montprod_inst/s_adder_sa/addinc_add_57_43/g1510/z (u)     in_0->z R     unmapped_nand2         1  5.5     0   104    7694    (-,-) 
  u_crypto_synth_top/u_top/u_rsa/core_inst/montprod_inst/s_adder_sa/addinc_add_57_43/g1506/z (u)     in_0->z F     unmapped_nand2         3 15.3     0   165    7859    (-,-) 
  u_crypto_synth_top/u_top/u_rsa/core_inst/montprod_inst/s_adder_sa/addinc_add_57_43/g1502/z (u)     in_1->z R     unmapped_nand2         1  5.5     0   104    7963    (-,-) 
  u_crypto_synth_top/u_top/u_rsa/core_inst/montprod_inst/s_adder_sa/addinc_add_57_43/g1501/z (u)     in_1->z F     unmapped_nand2         3 15.3     0   165    8128    (-,-) 
  u_crypto_synth_top/u_top/u_rsa/core_inst/montprod_inst/s_adder_sa/addinc_add_57_43/g1500/z (u)     in_1->z R     unmapped_nand2         1  5.5     0   104    8232    (-,-) 
  u_crypto_synth_top/u_top/u_rsa/core_inst/montprod_inst/s_adder_sa/addinc_add_57_43/g1496/z (u)     in_0->z F     unmapped_nand2         3 15.3     0   165    8398    (-,-) 
  u_crypto_synth_top/u_top/u_rsa/core_inst/montprod_inst/s_adder_sa/addinc_add_57_43/g1495/z (u)     in_1->z R     unmapped_nand2         1  5.5     0   104    8502    (-,-) 
  u_crypto_synth_top/u_top/u_rsa/core_inst/montprod_inst/s_adder_sa/addinc_add_57_43/g1491/z (u)     in_0->z F     unmapped_nand2         3 15.3     0   165    8667    (-,-) 
  u_crypto_synth_top/u_top/u_rsa/core_inst/montprod_inst/s_adder_sa/addinc_add_57_43/g1490/z (u)     in_1->z R     unmapped_nand2         1  5.5     0   104    8771    (-,-) 
  u_crypto_synth_top/u_top/u_rsa/core_inst/montprod_inst/s_adder_sa/addinc_add_57_43/g1486/z (u)     in_0->z F     unmapped_nand2         3 15.3     0   165    8936    (-,-) 
  u_crypto_synth_top/u_top/u_rsa/core_inst/montprod_inst/s_adder_sa/addinc_add_57_43/g1482/z (u)     in_1->z R     unmapped_nand2         1  5.5     0   104    9040    (-,-) 
  u_crypto_synth_top/u_top/u_rsa/core_inst/montprod_inst/s_adder_sa/addinc_add_57_43/g1481/z (u)     in_1->z F     unmapped_nand2         3 15.3     0   165    9206    (-,-) 
  u_crypto_synth_top/u_top/u_rsa/core_inst/montprod_inst/s_adder_sa/addinc_add_57_43/g1480/z (u)     in_0->z R     unmapped_nand2         1  5.5     0   104    9310    (-,-) 
  u_crypto_synth_top/u_top/u_rsa/core_inst/montprod_inst/s_adder_sa/addinc_add_57_43/g1476/z (u)     in_1->z F     unmapped_nand2         3 15.3     0   165    9475    (-,-) 
  u_crypto_synth_top/u_top/u_rsa/core_inst/montprod_inst/s_adder_sa/addinc_add_57_43/g1472/z (u)     in_1->z R     unmapped_nand2         1  5.5     0   104    9579    (-,-) 
  u_crypto_synth_top/u_top/u_rsa/core_inst/montprod_inst/s_adder_sa/addinc_add_57_43/g1471/z (u)     in_1->z F     unmapped_nand2         3 15.3     0   165    9744    (-,-) 
  u_crypto_synth_top/u_top/u_rsa/core_inst/montprod_inst/s_adder_sa/addinc_add_57_43/g1470/z (u)     in_0->z R     unmapped_nand2         1  5.5     0   104    9849    (-,-) 
  u_crypto_synth_top/u_top/u_rsa/core_inst/montprod_inst/s_adder_sa/addinc_add_57_43/g1466/z (u)     in_1->z F     unmapped_nand2         3 15.3     0   165   10014    (-,-) 
  u_crypto_synth_top/u_top/u_rsa/core_inst/montprod_inst/s_adder_sa/addinc_add_57_43/g1462/z (u)     in_1->z R     unmapped_nand2         1  5.5     0   104   10118    (-,-) 
  u_crypto_synth_top/u_top/u_rsa/core_inst/montprod_inst/s_adder_sa/addinc_add_57_43/g1461/z (u)     in_1->z F     unmapped_nand2         3 15.3     0   165   10283    (-,-) 
  u_crypto_synth_top/u_top/u_rsa/core_inst/montprod_inst/s_adder_sa/addinc_add_57_43/g1457/z (u)     in_1->z R     unmapped_nand2         1  5.5     0   104   10388    (-,-) 
  u_crypto_synth_top/u_top/u_rsa/core_inst/montprod_inst/s_adder_sa/addinc_add_57_43/g1456/z (u)     in_1->z F     unmapped_nand2         3 15.3     0   165   10553    (-,-) 
  u_crypto_synth_top/u_top/u_rsa/core_inst/montprod_inst/s_adder_sa/addinc_add_57_43/g1452/z (u)     in_1->z R     unmapped_nand2         1  5.5     0   104   10657    (-,-) 
  u_crypto_synth_top/u_top/u_rsa/core_inst/montprod_inst/s_adder_sa/addinc_add_57_43/g1451/z (u)     in_1->z F     unmapped_nand2         3 15.3     0   165   10822    (-,-) 
  u_crypto_synth_top/u_top/u_rsa/core_inst/montprod_inst/s_adder_sa/addinc_add_57_43/g1448/z (u)     in_0->z F     unmapped_or2           1  5.1     0   104   10926    (-,-) 
  u_crypto_synth_top/u_top/u_rsa/core_inst/montprod_inst/s_adder_sa/addinc_add_57_43/g1449/z (u)     in_1->z R     unmapped_nand2         1  5.5     0   104   11030    (-,-) 
  u_crypto_synth_top/u_top/u_rsa/core_inst/montprod_inst/g4462/z                             (u)     in_0->z F     unmapped_complex2      1  5.1     0   114   11145    (-,-) 
  u_crypto_synth_top/u_top/u_rsa/core_inst/montprod_inst/g4246/z                             (u)     in_1->z R     unmapped_complex2     32 33.0     0   363   11508    (-,-) 
  u_crypto_synth_top/u_top/u_rsa/core_inst/montprod_inst/s_mem/mem_reg[1][31]/d              -       -       R     unmapped_d_flop       32    -     -     0   11508    (-,-) 
#-----------------------------------------------------------------------------------------------------------------------------------------------------------------------------

(u) : Net has unmapped pin(s).



Path 47: MET (43364 ps) Setup Check with Pin u_crypto_synth_top/u_top/u_rsa/core_inst/montprod_inst/s_mem/mem_reg[0][31]/clk->d
          Group: R2R
     Startpoint: (R) u_crypto_synth_top/u_top/u_rsa/core_inst/montprod_select_reg_reg[2]/clk
          Clock: (R) MAIN_CLK
       Endpoint: (R) u_crypto_synth_top/u_top/u_rsa/core_inst/montprod_inst/s_mem/mem_reg[0][31]/d
          Clock: (R) MAIN_CLK

                     Capture       Launch     
        Clock Edge:+   58000            0     
       Src Latency:+     150          250     
       Net Latency:+       0 (I)        0 (I) 
           Arrival:=   58150          250     
                                              
             Setup:-     329                  
       Uncertainty:-    1450                  
       Path Adjust:+   -1500                  
     Required Time:=   54871                  
      Launch Clock:-     250                  
         Data Path:-   11258                  
             Slack:=   43364                  

Exceptions/Constraints:
  path_adjust            -1500            PA_C2C 

#-----------------------------------------------------------------------------------------------------------------------------------------------------------------------------
#                                       Timing Point                                         Flags    Arc    Edge       Cell         Fanout Load Trans Delay Arrival Instance 
#                                                                                                                                           (fF)  (ps)  (ps)   (ps)  Location 
#-----------------------------------------------------------------------------------------------------------------------------------------------------------------------------
  u_crypto_synth_top/u_top/u_rsa/core_inst/montprod_select_reg_reg[2]/clk                    -       -       R     (arrival)          19892    -     0     0     250    (-,-) 
  u_crypto_synth_top/u_top/u_rsa/core_inst/montprod_select_reg_reg[2]/q                      (u)     clk->q  R     unmapped_d_flop        7 38.5     0   881    1131    (-,-) 
  u_crypto_synth_top/u_top/u_rsa/core_inst/g4055/z                                           (u)     in_1->z R     unmapped_complex2     34 33.0     0   412    1543    (-,-) 
  u_crypto_synth_top/u_top/u_rsa/core_inst/g4058/z                                           (u)     in_1->z F     unmapped_nand2         1  5.1     0   125    1668    (-,-) 
  u_crypto_synth_top/u_top/u_rsa/core_inst/g4054/z                                           (u)     in_0->z R     unmapped_complex2     32 33.0     0   412    2080    (-,-) 
  u_crypto_synth_top/u_top/u_rsa/core_inst/g3958/z                                           (u)     in_1->z R     unmapped_complex2      1  5.5     0   125    2206    (-,-) 
  u_crypto_synth_top/u_top/u_rsa/core_inst/g3922/z                                           (u)     in_0->z F     unmapped_nand2         1  5.1     0   125    2331    (-,-) 
  u_crypto_synth_top/u_top/u_rsa/core_inst/g3905/z                                           (u)     in_1->z F     unmapped_or2           5 25.5     0   272    2602    (-,-) 
  u_crypto_synth_top/u_top/u_rsa/core_inst/montprod_inst/s_adder_sa/addinc_add_57_43/g1182/z (u)     in_1->z F     unmapped_or2           1  5.1     0   104    2707    (-,-) 
  u_crypto_synth_top/u_top/u_rsa/core_inst/montprod_inst/s_adder_sa/addinc_add_57_43/g1612/z (u)     in_0->z R     unmapped_nand2         1  5.5     0   104    2811    (-,-) 
  u_crypto_synth_top/u_top/u_rsa/core_inst/montprod_inst/s_adder_sa/addinc_add_57_43/g1602/z (u)     in_0->z F     unmapped_nand2         3 15.3     0   165    2976    (-,-) 
  u_crypto_synth_top/u_top/u_rsa/core_inst/montprod_inst/s_adder_sa/addinc_add_57_43/g1597/z (u)     in_1->z R     unmapped_nand2         1  5.5     0   104    3080    (-,-) 
  u_crypto_synth_top/u_top/u_rsa/core_inst/montprod_inst/s_adder_sa/addinc_add_57_43/g1596/z (u)     in_0->z F     unmapped_nand2         3 15.3     0   165    3245    (-,-) 
  u_crypto_synth_top/u_top/u_rsa/core_inst/montprod_inst/s_adder_sa/addinc_add_57_43/g1595/z (u)     in_1->z R     unmapped_nand2         1  5.5     0   104    3350    (-,-) 
  u_crypto_synth_top/u_top/u_rsa/core_inst/montprod_inst/s_adder_sa/addinc_add_57_43/g1591/z (u)     in_0->z F     unmapped_nand2         3 15.3     0   165    3515    (-,-) 
  u_crypto_synth_top/u_top/u_rsa/core_inst/montprod_inst/s_adder_sa/addinc_add_57_43/g1587/z (u)     in_1->z R     unmapped_nand2         1  5.5     0   104    3619    (-,-) 
  u_crypto_synth_top/u_top/u_rsa/core_inst/montprod_inst/s_adder_sa/addinc_add_57_43/g1586/z (u)     in_0->z F     unmapped_nand2         3 15.3     0   165    3784    (-,-) 
  u_crypto_synth_top/u_top/u_rsa/core_inst/montprod_inst/s_adder_sa/addinc_add_57_43/g1582/z (u)     in_1->z R     unmapped_nand2         1  5.5     0   104    3888    (-,-) 
  u_crypto_synth_top/u_top/u_rsa/core_inst/montprod_inst/s_adder_sa/addinc_add_57_43/g1581/z (u)     in_0->z F     unmapped_nand2         3 15.3     0   165    4054    (-,-) 
  u_crypto_synth_top/u_top/u_rsa/core_inst/montprod_inst/s_adder_sa/addinc_add_57_43/g1580/z (u)     in_1->z R     unmapped_nand2         1  5.5     0   104    4158    (-,-) 
  u_crypto_synth_top/u_top/u_rsa/core_inst/montprod_inst/s_adder_sa/addinc_add_57_43/g1576/z (u)     in_0->z F     unmapped_nand2         3 15.3     0   165    4323    (-,-) 
  u_crypto_synth_top/u_top/u_rsa/core_inst/montprod_inst/s_adder_sa/addinc_add_57_43/g1575/z (u)     in_1->z R     unmapped_nand2         1  5.5     0   104    4427    (-,-) 
  u_crypto_synth_top/u_top/u_rsa/core_inst/montprod_inst/s_adder_sa/addinc_add_57_43/g1571/z (u)     in_0->z F     unmapped_nand2         3 15.3     0   165    4592    (-,-) 
  u_crypto_synth_top/u_top/u_rsa/core_inst/montprod_inst/s_adder_sa/addinc_add_57_43/g1567/z (u)     in_1->z R     unmapped_nand2         1  5.5     0   104    4697    (-,-) 
  u_crypto_synth_top/u_top/u_rsa/core_inst/montprod_inst/s_adder_sa/addinc_add_57_43/g1566/z (u)     in_0->z F     unmapped_nand2         3 15.3     0   165    4862    (-,-) 
  u_crypto_synth_top/u_top/u_rsa/core_inst/montprod_inst/s_adder_sa/addinc_add_57_43/g1565/z (u)     in_1->z R     unmapped_nand2         1  5.5     0   104    4966    (-,-) 
  u_crypto_synth_top/u_top/u_rsa/core_inst/montprod_inst/s_adder_sa/addinc_add_57_43/g1561/z (u)     in_1->z F     unmapped_nand2         3 15.3     0   165    5131    (-,-) 
  u_crypto_synth_top/u_top/u_rsa/core_inst/montprod_inst/s_adder_sa/addinc_add_57_43/g1557/z (u)     in_1->z R     unmapped_nand2         1  5.5     0   104    5235    (-,-) 
  u_crypto_synth_top/u_top/u_rsa/core_inst/montprod_inst/s_adder_sa/addinc_add_57_43/g1556/z (u)     in_0->z F     unmapped_nand2         3 15.3     0   165    5401    (-,-) 
  u_crypto_synth_top/u_top/u_rsa/core_inst/montprod_inst/s_adder_sa/addinc_add_57_43/g1552/z (u)     in_1->z R     unmapped_nand2         1  5.5     0   104    5505    (-,-) 
  u_crypto_synth_top/u_top/u_rsa/core_inst/montprod_inst/s_adder_sa/addinc_add_57_43/g1551/z (u)     in_0->z F     unmapped_nand2         3 15.3     0   165    5670    (-,-) 
  u_crypto_synth_top/u_top/u_rsa/core_inst/montprod_inst/s_adder_sa/addinc_add_57_43/g1547/z (u)     in_1->z R     unmapped_nand2         1  5.5     0   104    5774    (-,-) 
  u_crypto_synth_top/u_top/u_rsa/core_inst/montprod_inst/s_adder_sa/addinc_add_57_43/g1546/z (u)     in_0->z F     unmapped_nand2         3 15.3     0   165    5939    (-,-) 
  u_crypto_synth_top/u_top/u_rsa/core_inst/montprod_inst/s_adder_sa/addinc_add_57_43/g1542/z (u)     in_1->z R     unmapped_nand2         1  5.5     0   104    6044    (-,-) 
  u_crypto_synth_top/u_top/u_rsa/core_inst/montprod_inst/s_adder_sa/addinc_add_57_43/g1541/z (u)     in_1->z F     unmapped_nand2         3 15.3     0   165    6209    (-,-) 
  u_crypto_synth_top/u_top/u_rsa/core_inst/montprod_inst/s_adder_sa/addinc_add_57_43/g1540/z (u)     in_1->z R     unmapped_nand2         1  5.5     0   104    6313    (-,-) 
  u_crypto_synth_top/u_top/u_rsa/core_inst/montprod_inst/s_adder_sa/addinc_add_57_43/g1536/z (u)     in_0->z F     unmapped_nand2         3 15.3     0   165    6478    (-,-) 
  u_crypto_synth_top/u_top/u_rsa/core_inst/montprod_inst/s_adder_sa/addinc_add_57_43/g1535/z (u)     in_1->z R     unmapped_nand2         1  5.5     0   104    6582    (-,-) 
  u_crypto_synth_top/u_top/u_rsa/core_inst/montprod_inst/s_adder_sa/addinc_add_57_43/g1531/z (u)     in_0->z F     unmapped_nand2         3 15.3     0   165    6748    (-,-) 
  u_crypto_synth_top/u_top/u_rsa/core_inst/montprod_inst/s_adder_sa/addinc_add_57_43/g1527/z (u)     in_1->z R     unmapped_nand2         1  5.5     0   104    6852    (-,-) 
  u_crypto_synth_top/u_top/u_rsa/core_inst/montprod_inst/s_adder_sa/addinc_add_57_43/g1526/z (u)     in_0->z F     unmapped_nand2         4 20.4     0   199    7050    (-,-) 
  u_crypto_synth_top/u_top/u_rsa/core_inst/montprod_inst/s_adder_sa/addinc_add_57_43/g1521/z (u)     in_0->z R     unmapped_complex2      1  5.5     0   104    7155    (-,-) 
  u_crypto_synth_top/u_top/u_rsa/core_inst/montprod_inst/s_adder_sa/addinc_add_57_43/g1520/z (u)     in_0->z F     unmapped_complex2      3 15.3     0   165    7320    (-,-) 
  u_crypto_synth_top/u_top/u_rsa/core_inst/montprod_inst/s_adder_sa/addinc_add_57_43/g1512/z (u)     in_1->z R     unmapped_nand2         1  5.5     0   104    7424    (-,-) 
  u_crypto_synth_top/u_top/u_rsa/core_inst/montprod_inst/s_adder_sa/addinc_add_57_43/g1511/z (u)     in_1->z F     unmapped_nand2         3 15.3     0   165    7589    (-,-) 
  u_crypto_synth_top/u_top/u_rsa/core_inst/montprod_inst/s_adder_sa/addinc_add_57_43/g1510/z (u)     in_0->z R     unmapped_nand2         1  5.5     0   104    7694    (-,-) 
  u_crypto_synth_top/u_top/u_rsa/core_inst/montprod_inst/s_adder_sa/addinc_add_57_43/g1506/z (u)     in_0->z F     unmapped_nand2         3 15.3     0   165    7859    (-,-) 
  u_crypto_synth_top/u_top/u_rsa/core_inst/montprod_inst/s_adder_sa/addinc_add_57_43/g1502/z (u)     in_1->z R     unmapped_nand2         1  5.5     0   104    7963    (-,-) 
  u_crypto_synth_top/u_top/u_rsa/core_inst/montprod_inst/s_adder_sa/addinc_add_57_43/g1501/z (u)     in_1->z F     unmapped_nand2         3 15.3     0   165    8128    (-,-) 
  u_crypto_synth_top/u_top/u_rsa/core_inst/montprod_inst/s_adder_sa/addinc_add_57_43/g1500/z (u)     in_1->z R     unmapped_nand2         1  5.5     0   104    8232    (-,-) 
  u_crypto_synth_top/u_top/u_rsa/core_inst/montprod_inst/s_adder_sa/addinc_add_57_43/g1496/z (u)     in_0->z F     unmapped_nand2         3 15.3     0   165    8398    (-,-) 
  u_crypto_synth_top/u_top/u_rsa/core_inst/montprod_inst/s_adder_sa/addinc_add_57_43/g1495/z (u)     in_1->z R     unmapped_nand2         1  5.5     0   104    8502    (-,-) 
  u_crypto_synth_top/u_top/u_rsa/core_inst/montprod_inst/s_adder_sa/addinc_add_57_43/g1491/z (u)     in_0->z F     unmapped_nand2         3 15.3     0   165    8667    (-,-) 
  u_crypto_synth_top/u_top/u_rsa/core_inst/montprod_inst/s_adder_sa/addinc_add_57_43/g1490/z (u)     in_1->z R     unmapped_nand2         1  5.5     0   104    8771    (-,-) 
  u_crypto_synth_top/u_top/u_rsa/core_inst/montprod_inst/s_adder_sa/addinc_add_57_43/g1486/z (u)     in_0->z F     unmapped_nand2         3 15.3     0   165    8936    (-,-) 
  u_crypto_synth_top/u_top/u_rsa/core_inst/montprod_inst/s_adder_sa/addinc_add_57_43/g1482/z (u)     in_1->z R     unmapped_nand2         1  5.5     0   104    9040    (-,-) 
  u_crypto_synth_top/u_top/u_rsa/core_inst/montprod_inst/s_adder_sa/addinc_add_57_43/g1481/z (u)     in_1->z F     unmapped_nand2         3 15.3     0   165    9206    (-,-) 
  u_crypto_synth_top/u_top/u_rsa/core_inst/montprod_inst/s_adder_sa/addinc_add_57_43/g1480/z (u)     in_0->z R     unmapped_nand2         1  5.5     0   104    9310    (-,-) 
  u_crypto_synth_top/u_top/u_rsa/core_inst/montprod_inst/s_adder_sa/addinc_add_57_43/g1476/z (u)     in_1->z F     unmapped_nand2         3 15.3     0   165    9475    (-,-) 
  u_crypto_synth_top/u_top/u_rsa/core_inst/montprod_inst/s_adder_sa/addinc_add_57_43/g1472/z (u)     in_1->z R     unmapped_nand2         1  5.5     0   104    9579    (-,-) 
  u_crypto_synth_top/u_top/u_rsa/core_inst/montprod_inst/s_adder_sa/addinc_add_57_43/g1471/z (u)     in_1->z F     unmapped_nand2         3 15.3     0   165    9744    (-,-) 
  u_crypto_synth_top/u_top/u_rsa/core_inst/montprod_inst/s_adder_sa/addinc_add_57_43/g1470/z (u)     in_0->z R     unmapped_nand2         1  5.5     0   104    9849    (-,-) 
  u_crypto_synth_top/u_top/u_rsa/core_inst/montprod_inst/s_adder_sa/addinc_add_57_43/g1466/z (u)     in_1->z F     unmapped_nand2         3 15.3     0   165   10014    (-,-) 
  u_crypto_synth_top/u_top/u_rsa/core_inst/montprod_inst/s_adder_sa/addinc_add_57_43/g1462/z (u)     in_1->z R     unmapped_nand2         1  5.5     0   104   10118    (-,-) 
  u_crypto_synth_top/u_top/u_rsa/core_inst/montprod_inst/s_adder_sa/addinc_add_57_43/g1461/z (u)     in_1->z F     unmapped_nand2         3 15.3     0   165   10283    (-,-) 
  u_crypto_synth_top/u_top/u_rsa/core_inst/montprod_inst/s_adder_sa/addinc_add_57_43/g1457/z (u)     in_1->z R     unmapped_nand2         1  5.5     0   104   10388    (-,-) 
  u_crypto_synth_top/u_top/u_rsa/core_inst/montprod_inst/s_adder_sa/addinc_add_57_43/g1456/z (u)     in_1->z F     unmapped_nand2         3 15.3     0   165   10553    (-,-) 
  u_crypto_synth_top/u_top/u_rsa/core_inst/montprod_inst/s_adder_sa/addinc_add_57_43/g1452/z (u)     in_1->z R     unmapped_nand2         1  5.5     0   104   10657    (-,-) 
  u_crypto_synth_top/u_top/u_rsa/core_inst/montprod_inst/s_adder_sa/addinc_add_57_43/g1451/z (u)     in_1->z F     unmapped_nand2         3 15.3     0   165   10822    (-,-) 
  u_crypto_synth_top/u_top/u_rsa/core_inst/montprod_inst/s_adder_sa/addinc_add_57_43/g1448/z (u)     in_0->z F     unmapped_or2           1  5.1     0   104   10926    (-,-) 
  u_crypto_synth_top/u_top/u_rsa/core_inst/montprod_inst/s_adder_sa/addinc_add_57_43/g1449/z (u)     in_1->z R     unmapped_nand2         1  5.5     0   104   11030    (-,-) 
  u_crypto_synth_top/u_top/u_rsa/core_inst/montprod_inst/g4462/z                             (u)     in_0->z F     unmapped_complex2      1  5.1     0   114   11145    (-,-) 
  u_crypto_synth_top/u_top/u_rsa/core_inst/montprod_inst/g4246/z                             (u)     in_1->z R     unmapped_complex2     32 33.0     0   363   11508    (-,-) 
  u_crypto_synth_top/u_top/u_rsa/core_inst/montprod_inst/s_mem/mem_reg[0][31]/d              -       -       R     unmapped_d_flop       32    -     -     0   11508    (-,-) 
#-----------------------------------------------------------------------------------------------------------------------------------------------------------------------------

(u) : Net has unmapped pin(s).



Path 48: MET (43424 ps) Setup Check with Pin u_crypto_synth_top/u_top/u_sha256/core/e_reg_reg[24]/clk->d
          Group: R2R
     Startpoint: (R) u_crypto_synth_top/u_top/u_sha256/core/w_mem_inst/w_mem_reg[14][19]/clk
          Clock: (R) MAIN_CLK
       Endpoint: (R) u_crypto_synth_top/u_top/u_sha256/core/e_reg_reg[24]/d
          Clock: (R) MAIN_CLK

                     Capture       Launch     
        Clock Edge:+   58000            0     
       Src Latency:+     150          250     
       Net Latency:+       0 (I)        0 (I) 
           Arrival:=   58150          250     
                                              
             Setup:-     122                  
       Uncertainty:-    1450                  
       Path Adjust:+   -1500                  
     Required Time:=   55078                  
      Launch Clock:-     250                  
         Data Path:-   11404                  
             Slack:=   43424                  

Exceptions/Constraints:
  path_adjust            -1500            PA_C2C 

#-----------------------------------------------------------------------------------------------------------------------------------------------------------------------
#                                    Timing Point                                      Flags    Arc    Edge       Cell         Fanout Load Trans Delay Arrival Instance 
#                                                                                                                                     (fF)  (ps)  (ps)   (ps)  Location 
#-----------------------------------------------------------------------------------------------------------------------------------------------------------------------
  u_crypto_synth_top/u_top/u_sha256/core/w_mem_inst/w_mem_reg[14][19]/clk              -       -       R     (arrival)          19892    -     0     0     250    (-,-) 
  u_crypto_synth_top/u_top/u_sha256/core/w_mem_inst/w_mem_reg[14][19]/q                (u)     clk->q  F     unmapped_d_flop        9 45.9     0   878    1128    (-,-) 
  u_crypto_synth_top/u_top/u_sha256/core/w_mem_inst/g7543/z                            (u)     in_1->z R     unmapped_complex2      1  5.5     0   114    1242    (-,-) 
  u_crypto_synth_top/u_top/u_sha256/core/w_mem_inst/g7544/z                            (u)     in_1->z F     unmapped_nand2         2 10.2     0   150    1393    (-,-) 
  u_crypto_synth_top/u_top/u_sha256/core/w_mem_inst/g7330/z                            (u)     in_0->z F     unmapped_complex2      1  5.1     0   114    1507    (-,-) 
  u_crypto_synth_top/u_top/u_sha256/core/w_mem_inst/g7331/z                            (u)     in_1->z R     unmapped_nand2         4 22.0     0   227    1734    (-,-) 
  u_crypto_synth_top/u_top/u_sha256/core/w_mem_inst/csa_tree_add_193_29_groupi/g1585/z (u)     in_1->z R     unmapped_or2           1  5.5     0   108    1842    (-,-) 
  u_crypto_synth_top/u_top/u_sha256/core/w_mem_inst/csa_tree_add_193_29_groupi/g2744/z (u)     in_0->z F     unmapped_nand2         1  5.1     0   108    1950    (-,-) 
  u_crypto_synth_top/u_top/u_sha256/core/w_mem_inst/csa_tree_add_193_29_groupi/g2630/z (u)     in_0->z R     unmapped_nand2         4 22.0     0   214    2164    (-,-) 
  u_crypto_synth_top/u_top/u_sha256/core/w_mem_inst/csa_tree_add_193_29_groupi/g1561/z (u)     in_0->z R     unmapped_or2           1  5.5     0   108    2272    (-,-) 
  u_crypto_synth_top/u_top/u_sha256/core/w_mem_inst/csa_tree_add_193_29_groupi/g2432/z (u)     in_0->z F     unmapped_nand2         1  5.1     0   108    2380    (-,-) 
  u_crypto_synth_top/u_top/u_sha256/core/w_mem_inst/csa_tree_add_193_29_groupi/g2402/z (u)     in_0->z R     unmapped_nand2         3 16.5     0   173    2553    (-,-) 
  u_crypto_synth_top/u_top/u_sha256/core/w_mem_inst/csa_tree_add_193_29_groupi/g2313/z (u)     in_1->z F     unmapped_nand2         1  5.1     0   108    2661    (-,-) 
  u_crypto_synth_top/u_top/u_sha256/core/w_mem_inst/csa_tree_add_193_29_groupi/g2309/z (u)     in_0->z R     unmapped_nand2         3 16.5     0   173    2834    (-,-) 
  u_crypto_synth_top/u_top/u_sha256/core/w_mem_inst/csa_tree_add_193_29_groupi/g2307/z (u)     in_1->z F     unmapped_nand2         1  5.1     0   108    2942    (-,-) 
  u_crypto_synth_top/u_top/u_sha256/core/w_mem_inst/csa_tree_add_193_29_groupi/g2303/z (u)     in_0->z R     unmapped_nand2         3 16.5     0   173    3115    (-,-) 
  u_crypto_synth_top/u_top/u_sha256/core/w_mem_inst/csa_tree_add_193_29_groupi/g2299/z (u)     in_1->z F     unmapped_nand2         1  5.1     0   108    3223    (-,-) 
  u_crypto_synth_top/u_top/u_sha256/core/w_mem_inst/csa_tree_add_193_29_groupi/g2298/z (u)     in_0->z R     unmapped_nand2         3 16.5     0   173    3395    (-,-) 
  u_crypto_synth_top/u_top/u_sha256/core/w_mem_inst/csa_tree_add_193_29_groupi/g2294/z (u)     in_1->z F     unmapped_nand2         1  5.1     0   108    3504    (-,-) 
  u_crypto_synth_top/u_top/u_sha256/core/w_mem_inst/csa_tree_add_193_29_groupi/g2293/z (u)     in_0->z R     unmapped_nand2         3 16.5     0   173    3676    (-,-) 
  u_crypto_synth_top/u_top/u_sha256/core/w_mem_inst/csa_tree_add_193_29_groupi/g2289/z (u)     in_1->z F     unmapped_nand2         1  5.1     0   108    3784    (-,-) 
  u_crypto_synth_top/u_top/u_sha256/core/w_mem_inst/csa_tree_add_193_29_groupi/g2288/z (u)     in_0->z R     unmapped_nand2         3 16.5     0   173    3957    (-,-) 
  u_crypto_synth_top/u_top/u_sha256/core/w_mem_inst/csa_tree_add_193_29_groupi/g2284/z (u)     in_1->z F     unmapped_nand2         1  5.1     0   108    4065    (-,-) 
  u_crypto_synth_top/u_top/u_sha256/core/w_mem_inst/csa_tree_add_193_29_groupi/g2283/z (u)     in_0->z R     unmapped_nand2         3 16.5     0   173    4238    (-,-) 
  u_crypto_synth_top/u_top/u_sha256/core/w_mem_inst/csa_tree_add_193_29_groupi/g2282/z (u)     in_1->z F     unmapped_nand2         1  5.1     0   108    4346    (-,-) 
  u_crypto_synth_top/u_top/u_sha256/core/w_mem_inst/csa_tree_add_193_29_groupi/g2278/z (u)     in_1->z R     unmapped_nand2         3 16.5     0   173    4519    (-,-) 
  u_crypto_synth_top/u_top/u_sha256/core/w_mem_inst/csa_tree_add_193_29_groupi/g2277/z (u)     in_1->z F     unmapped_nand2         1  5.1     0   108    4627    (-,-) 
  u_crypto_synth_top/u_top/u_sha256/core/w_mem_inst/csa_tree_add_193_29_groupi/g2273/z (u)     in_0->z R     unmapped_nand2         3 16.5     0   173    4799    (-,-) 
  u_crypto_synth_top/u_top/u_sha256/core/w_mem_inst/csa_tree_add_193_29_groupi/g2272/z (u)     in_1->z F     unmapped_nand2         1  5.1     0   108    4908    (-,-) 
  u_crypto_synth_top/u_top/u_sha256/core/w_mem_inst/csa_tree_add_193_29_groupi/g2268/z (u)     in_0->z R     unmapped_nand2         3 16.5     0   173    5080    (-,-) 
  u_crypto_synth_top/u_top/u_sha256/core/w_mem_inst/csa_tree_add_193_29_groupi/g2264/z (u)     in_1->z F     unmapped_nand2         1  5.1     0   108    5188    (-,-) 
  u_crypto_synth_top/u_top/u_sha256/core/w_mem_inst/csa_tree_add_193_29_groupi/g2263/z (u)     in_0->z R     unmapped_nand2         3 16.5     0   173    5361    (-,-) 
  u_crypto_synth_top/u_top/u_sha256/core/w_mem_inst/csa_tree_add_193_29_groupi/g2259/z (u)     in_1->z F     unmapped_nand2         1  5.1     0   108    5469    (-,-) 
  u_crypto_synth_top/u_top/u_sha256/core/w_mem_inst/csa_tree_add_193_29_groupi/g2258/z (u)     in_1->z R     unmapped_nand2         3 16.5     0   173    5642    (-,-) 
  u_crypto_synth_top/u_top/u_sha256/core/w_mem_inst/csa_tree_add_193_29_groupi/g2254/z (u)     in_1->z F     unmapped_nand2         1  5.1     0   108    5750    (-,-) 
  u_crypto_synth_top/u_top/u_sha256/core/w_mem_inst/csa_tree_add_193_29_groupi/g2253/z (u)     in_0->z R     unmapped_nand2         3 16.5     0   173    5923    (-,-) 
  u_crypto_synth_top/u_top/u_sha256/core/w_mem_inst/csa_tree_add_193_29_groupi/g2252/z (u)     in_1->z F     unmapped_nand2         1  5.1     0   108    6031    (-,-) 
  u_crypto_synth_top/u_top/u_sha256/core/w_mem_inst/csa_tree_add_193_29_groupi/g2248/z (u)     in_0->z R     unmapped_nand2         3 16.5     0   173    6203    (-,-) 
  u_crypto_synth_top/u_top/u_sha256/core/w_mem_inst/csa_tree_add_193_29_groupi/g2244/z (u)     in_1->z F     unmapped_nand2         1  5.1     0   108    6312    (-,-) 
  u_crypto_synth_top/u_top/u_sha256/core/w_mem_inst/csa_tree_add_193_29_groupi/g2243/z (u)     in_0->z R     unmapped_nand2         4 22.0     0   214    6525    (-,-) 
  u_crypto_synth_top/u_top/u_sha256/core/w_mem_inst/csa_tree_add_193_29_groupi/g2242/z (u)     in_1->z F     unmapped_nand2         1  5.1     0   108    6634    (-,-) 
  u_crypto_synth_top/u_top/u_sha256/core/w_mem_inst/csa_tree_add_193_29_groupi/g2237/z (u)     in_1->z R     unmapped_nand2         2 11.0     0   142    6776    (-,-) 
  u_crypto_synth_top/u_top/u_sha256/core/w_mem_inst/csa_tree_add_193_29_groupi/g2234/z (u)     in_0->z R     unmapped_or2           1  5.5     0   108    6884    (-,-) 
  u_crypto_synth_top/u_top/u_sha256/core/w_mem_inst/csa_tree_add_193_29_groupi/g2235/z (u)     in_1->z F     unmapped_nand2         2 10.2     0   142    7026    (-,-) 
  u_crypto_synth_top/u_top/u_sha256/core/w_mem_inst/g10384/z                           (u)     in_1->z R     unmapped_nand2         1  5.5     0   114    7140    (-,-) 
  u_crypto_synth_top/u_top/u_sha256/core/w_mem_inst/g9726/z                            (u)     in_0->z F     unmapped_nand2         1  5.1     0   114    7254    (-,-) 
  u_crypto_synth_top/u_top/u_sha256/core/w_mem_inst/g9496/z                            (u)     in_0->z F     unmapped_or2           1  5.1     0   114    7368    (-,-) 
  u_crypto_synth_top/u_top/u_sha256/core/w_mem_inst/g9436/z                            (u)     in_0->z F     unmapped_or2           1  5.1     0   114    7482    (-,-) 
  u_crypto_synth_top/u_top/u_sha256/core/w_mem_inst/g9368/z                            (u)     in_0->z F     unmapped_or2           1  5.1     0   114    7596    (-,-) 
  u_crypto_synth_top/u_top/u_sha256/core/w_mem_inst/g9345/z                            (u)     in_0->z F     unmapped_complex2      4 20.4     0   227    7823    (-,-) 
  u_crypto_synth_top/u_top/u_sha256/core/csa_tree_add_341_39_groupi/g3213/z            (u)     in_1->z R     unmapped_complex2      1  5.5     0   108    7931    (-,-) 
  u_crypto_synth_top/u_top/u_sha256/core/csa_tree_add_341_39_groupi/g3214/z            (u)     in_1->z F     unmapped_nand2         2 10.2     0   142    8073    (-,-) 
  u_crypto_synth_top/u_top/u_sha256/core/csa_tree_add_341_39_groupi/g3090/z            (u)     in_1->z F     unmapped_or2           3 15.3     0   173    8246    (-,-) 
  u_crypto_synth_top/u_top/u_sha256/core/csa_tree_add_341_39_groupi/g3073/z            (u)     in_1->z R     unmapped_complex2      1  5.5     0   108    8354    (-,-) 
  u_crypto_synth_top/u_top/u_sha256/core/csa_tree_add_341_39_groupi/g3070/z            (u)     in_0->z F     unmapped_nand2         1  5.1     0   108    8462    (-,-) 
  u_crypto_synth_top/u_top/u_sha256/core/csa_tree_add_341_39_groupi/g3003/z            (u)     in_1->z F     unmapped_complex2      3 15.3     0   173    8635    (-,-) 
  u_crypto_synth_top/u_top/u_sha256/core/csa_tree_add_341_39_groupi/g2995/z            (u)     in_1->z R     unmapped_nand2         1  5.5     0   108    8743    (-,-) 
  u_crypto_synth_top/u_top/u_sha256/core/csa_tree_add_341_39_groupi/g2994/z            (u)     in_1->z F     unmapped_nand2         3 15.3     0   173    8916    (-,-) 
  u_crypto_synth_top/u_top/u_sha256/core/csa_tree_add_341_39_groupi/g2993/z            (u)     in_0->z R     unmapped_nand2         1  5.5     0   108    9024    (-,-) 
  u_crypto_synth_top/u_top/u_sha256/core/csa_tree_add_341_39_groupi/g2989/z            (u)     in_0->z F     unmapped_nand2         3 15.3     0   173    9196    (-,-) 
  u_crypto_synth_top/u_top/u_sha256/core/csa_tree_add_341_39_groupi/g2985/z            (u)     in_1->z R     unmapped_nand2         1  5.5     0   108    9305    (-,-) 
  u_crypto_synth_top/u_top/u_sha256/core/csa_tree_add_341_39_groupi/g2984/z            (u)     in_1->z F     unmapped_nand2         3 15.3     0   173    9477    (-,-) 
  u_crypto_synth_top/u_top/u_sha256/core/csa_tree_add_341_39_groupi/g2983/z            (u)     in_1->z R     unmapped_nand2         1  5.5     0   108    9585    (-,-) 
  u_crypto_synth_top/u_top/u_sha256/core/csa_tree_add_341_39_groupi/g2979/z            (u)     in_0->z F     unmapped_nand2         3 15.3     0   173    9758    (-,-) 
  u_crypto_synth_top/u_top/u_sha256/core/csa_tree_add_341_39_groupi/g2978/z            (u)     in_1->z R     unmapped_nand2         1  5.5     0   108    9866    (-,-) 
  u_crypto_synth_top/u_top/u_sha256/core/csa_tree_add_341_39_groupi/g2974/z            (u)     in_0->z F     unmapped_nand2         3 15.3     0   173   10039    (-,-) 
  u_crypto_synth_top/u_top/u_sha256/core/csa_tree_add_341_39_groupi/g2970/z            (u)     in_1->z R     unmapped_nand2         1  5.5     0   108   10147    (-,-) 
  u_crypto_synth_top/u_top/u_sha256/core/csa_tree_add_341_39_groupi/g2969/z            (u)     in_0->z F     unmapped_nand2         4 20.4     0   214   10361    (-,-) 
  u_crypto_synth_top/u_top/u_sha256/core/csa_tree_add_341_39_groupi/g2966/z            (u)     in_0->z F     unmapped_or2           1  5.1     0   108   10469    (-,-) 
  u_crypto_synth_top/u_top/u_sha256/core/csa_tree_add_341_39_groupi/g2967/z            (u)     in_1->z R     unmapped_nand2         6 33.0     0   236   10705    (-,-) 
  u_crypto_synth_top/u_top/u_sha256/core/add_430_26/g1175/z                            (u)     in_1->z R     unmapped_or2           2 11.0     0   136   10842    (-,-) 
  u_crypto_synth_top/u_top/u_sha256/core/add_430_26/g1222/z                            (u)     in_1->z F     unmapped_nand2         2 10.2     0   136   10978    (-,-) 
  u_crypto_synth_top/u_top/u_sha256/core/add_430_26/g1432/z                            (u)     in_1->z F     unmapped_or2           1  5.1     0   104   11082    (-,-) 
  u_crypto_synth_top/u_top/u_sha256/core/add_430_26/g1433/z                            (u)     in_1->z R     unmapped_nand2         1  5.5     0   104   11186    (-,-) 
  u_crypto_synth_top/u_top/u_sha256/core/g16728/z                                      (u)     in_0->z F     unmapped_complex2      1  5.1     0   117   11303    (-,-) 
  u_crypto_synth_top/u_top/u_sha256/core/g15192/z                                      (u)     in_1->z R     unmapped_nand2         1  5.5     0   117   11420    (-,-) 
  u_crypto_synth_top/u_top/u_sha256/core/g14869/z                                      (u)     in_0->z R     unmapped_complex2      1  5.5     0   117   11537    (-,-) 
  u_crypto_synth_top/u_top/u_sha256/core/g14747/z                                      (u)     in_1->z R     unmapped_complex2      1  5.5     0   117   11654    (-,-) 
  u_crypto_synth_top/u_top/u_sha256/core/e_reg_reg[24]/d                               -       -       R     unmapped_d_flop        1    -     -     0   11654    (-,-) 
#-----------------------------------------------------------------------------------------------------------------------------------------------------------------------

(u) : Net has unmapped pin(s).



Path 49: MET (43633 ps) Setup Check with Pin u_crypto_synth_top/u_top/u_rsa/core_inst/montprod_inst/s_mem/mem_reg[31][30]/clk->d
          Group: R2R
     Startpoint: (R) u_crypto_synth_top/u_top/u_rsa/core_inst/montprod_select_reg_reg[2]/clk
          Clock: (R) MAIN_CLK
       Endpoint: (R) u_crypto_synth_top/u_top/u_rsa/core_inst/montprod_inst/s_mem/mem_reg[31][30]/d
          Clock: (R) MAIN_CLK

                     Capture       Launch     
        Clock Edge:+   58000            0     
       Src Latency:+     150          250     
       Net Latency:+       0 (I)        0 (I) 
           Arrival:=   58150          250     
                                              
             Setup:-     329                  
       Uncertainty:-    1450                  
       Path Adjust:+   -1500                  
     Required Time:=   54871                  
      Launch Clock:-     250                  
         Data Path:-   10988                  
             Slack:=   43633                  

Exceptions/Constraints:
  path_adjust            -1500            PA_C2C 

#-----------------------------------------------------------------------------------------------------------------------------------------------------------------------------
#                                       Timing Point                                         Flags    Arc    Edge       Cell         Fanout Load Trans Delay Arrival Instance 
#                                                                                                                                           (fF)  (ps)  (ps)   (ps)  Location 
#-----------------------------------------------------------------------------------------------------------------------------------------------------------------------------
  u_crypto_synth_top/u_top/u_rsa/core_inst/montprod_select_reg_reg[2]/clk                    -       -       R     (arrival)          19892    -     0     0     250    (-,-) 
  u_crypto_synth_top/u_top/u_rsa/core_inst/montprod_select_reg_reg[2]/q                      (u)     clk->q  R     unmapped_d_flop        7 38.5     0   881    1131    (-,-) 
  u_crypto_synth_top/u_top/u_rsa/core_inst/g4055/z                                           (u)     in_1->z R     unmapped_complex2     34 33.0     0   412    1543    (-,-) 
  u_crypto_synth_top/u_top/u_rsa/core_inst/g4058/z                                           (u)     in_1->z F     unmapped_nand2         1  5.1     0   125    1668    (-,-) 
  u_crypto_synth_top/u_top/u_rsa/core_inst/g4054/z                                           (u)     in_0->z R     unmapped_complex2     32 33.0     0   412    2080    (-,-) 
  u_crypto_synth_top/u_top/u_rsa/core_inst/g3958/z                                           (u)     in_1->z R     unmapped_complex2      1  5.5     0   125    2206    (-,-) 
  u_crypto_synth_top/u_top/u_rsa/core_inst/g3922/z                                           (u)     in_0->z F     unmapped_nand2         1  5.1     0   125    2331    (-,-) 
  u_crypto_synth_top/u_top/u_rsa/core_inst/g3905/z                                           (u)     in_1->z F     unmapped_or2           5 25.5     0   272    2602    (-,-) 
  u_crypto_synth_top/u_top/u_rsa/core_inst/montprod_inst/s_adder_sa/addinc_add_57_43/g1182/z (u)     in_1->z F     unmapped_or2           1  5.1     0   104    2707    (-,-) 
  u_crypto_synth_top/u_top/u_rsa/core_inst/montprod_inst/s_adder_sa/addinc_add_57_43/g1612/z (u)     in_0->z R     unmapped_nand2         1  5.5     0   104    2811    (-,-) 
  u_crypto_synth_top/u_top/u_rsa/core_inst/montprod_inst/s_adder_sa/addinc_add_57_43/g1602/z (u)     in_0->z F     unmapped_nand2         3 15.3     0   165    2976    (-,-) 
  u_crypto_synth_top/u_top/u_rsa/core_inst/montprod_inst/s_adder_sa/addinc_add_57_43/g1597/z (u)     in_1->z R     unmapped_nand2         1  5.5     0   104    3080    (-,-) 
  u_crypto_synth_top/u_top/u_rsa/core_inst/montprod_inst/s_adder_sa/addinc_add_57_43/g1596/z (u)     in_0->z F     unmapped_nand2         3 15.3     0   165    3245    (-,-) 
  u_crypto_synth_top/u_top/u_rsa/core_inst/montprod_inst/s_adder_sa/addinc_add_57_43/g1595/z (u)     in_1->z R     unmapped_nand2         1  5.5     0   104    3350    (-,-) 
  u_crypto_synth_top/u_top/u_rsa/core_inst/montprod_inst/s_adder_sa/addinc_add_57_43/g1591/z (u)     in_0->z F     unmapped_nand2         3 15.3     0   165    3515    (-,-) 
  u_crypto_synth_top/u_top/u_rsa/core_inst/montprod_inst/s_adder_sa/addinc_add_57_43/g1587/z (u)     in_1->z R     unmapped_nand2         1  5.5     0   104    3619    (-,-) 
  u_crypto_synth_top/u_top/u_rsa/core_inst/montprod_inst/s_adder_sa/addinc_add_57_43/g1586/z (u)     in_0->z F     unmapped_nand2         3 15.3     0   165    3784    (-,-) 
  u_crypto_synth_top/u_top/u_rsa/core_inst/montprod_inst/s_adder_sa/addinc_add_57_43/g1582/z (u)     in_1->z R     unmapped_nand2         1  5.5     0   104    3888    (-,-) 
  u_crypto_synth_top/u_top/u_rsa/core_inst/montprod_inst/s_adder_sa/addinc_add_57_43/g1581/z (u)     in_0->z F     unmapped_nand2         3 15.3     0   165    4054    (-,-) 
  u_crypto_synth_top/u_top/u_rsa/core_inst/montprod_inst/s_adder_sa/addinc_add_57_43/g1580/z (u)     in_1->z R     unmapped_nand2         1  5.5     0   104    4158    (-,-) 
  u_crypto_synth_top/u_top/u_rsa/core_inst/montprod_inst/s_adder_sa/addinc_add_57_43/g1576/z (u)     in_0->z F     unmapped_nand2         3 15.3     0   165    4323    (-,-) 
  u_crypto_synth_top/u_top/u_rsa/core_inst/montprod_inst/s_adder_sa/addinc_add_57_43/g1575/z (u)     in_1->z R     unmapped_nand2         1  5.5     0   104    4427    (-,-) 
  u_crypto_synth_top/u_top/u_rsa/core_inst/montprod_inst/s_adder_sa/addinc_add_57_43/g1571/z (u)     in_0->z F     unmapped_nand2         3 15.3     0   165    4592    (-,-) 
  u_crypto_synth_top/u_top/u_rsa/core_inst/montprod_inst/s_adder_sa/addinc_add_57_43/g1567/z (u)     in_1->z R     unmapped_nand2         1  5.5     0   104    4697    (-,-) 
  u_crypto_synth_top/u_top/u_rsa/core_inst/montprod_inst/s_adder_sa/addinc_add_57_43/g1566/z (u)     in_0->z F     unmapped_nand2         3 15.3     0   165    4862    (-,-) 
  u_crypto_synth_top/u_top/u_rsa/core_inst/montprod_inst/s_adder_sa/addinc_add_57_43/g1565/z (u)     in_1->z R     unmapped_nand2         1  5.5     0   104    4966    (-,-) 
  u_crypto_synth_top/u_top/u_rsa/core_inst/montprod_inst/s_adder_sa/addinc_add_57_43/g1561/z (u)     in_1->z F     unmapped_nand2         3 15.3     0   165    5131    (-,-) 
  u_crypto_synth_top/u_top/u_rsa/core_inst/montprod_inst/s_adder_sa/addinc_add_57_43/g1557/z (u)     in_1->z R     unmapped_nand2         1  5.5     0   104    5235    (-,-) 
  u_crypto_synth_top/u_top/u_rsa/core_inst/montprod_inst/s_adder_sa/addinc_add_57_43/g1556/z (u)     in_0->z F     unmapped_nand2         3 15.3     0   165    5401    (-,-) 
  u_crypto_synth_top/u_top/u_rsa/core_inst/montprod_inst/s_adder_sa/addinc_add_57_43/g1552/z (u)     in_1->z R     unmapped_nand2         1  5.5     0   104    5505    (-,-) 
  u_crypto_synth_top/u_top/u_rsa/core_inst/montprod_inst/s_adder_sa/addinc_add_57_43/g1551/z (u)     in_0->z F     unmapped_nand2         3 15.3     0   165    5670    (-,-) 
  u_crypto_synth_top/u_top/u_rsa/core_inst/montprod_inst/s_adder_sa/addinc_add_57_43/g1547/z (u)     in_1->z R     unmapped_nand2         1  5.5     0   104    5774    (-,-) 
  u_crypto_synth_top/u_top/u_rsa/core_inst/montprod_inst/s_adder_sa/addinc_add_57_43/g1546/z (u)     in_0->z F     unmapped_nand2         3 15.3     0   165    5939    (-,-) 
  u_crypto_synth_top/u_top/u_rsa/core_inst/montprod_inst/s_adder_sa/addinc_add_57_43/g1542/z (u)     in_1->z R     unmapped_nand2         1  5.5     0   104    6044    (-,-) 
  u_crypto_synth_top/u_top/u_rsa/core_inst/montprod_inst/s_adder_sa/addinc_add_57_43/g1541/z (u)     in_1->z F     unmapped_nand2         3 15.3     0   165    6209    (-,-) 
  u_crypto_synth_top/u_top/u_rsa/core_inst/montprod_inst/s_adder_sa/addinc_add_57_43/g1540/z (u)     in_1->z R     unmapped_nand2         1  5.5     0   104    6313    (-,-) 
  u_crypto_synth_top/u_top/u_rsa/core_inst/montprod_inst/s_adder_sa/addinc_add_57_43/g1536/z (u)     in_0->z F     unmapped_nand2         3 15.3     0   165    6478    (-,-) 
  u_crypto_synth_top/u_top/u_rsa/core_inst/montprod_inst/s_adder_sa/addinc_add_57_43/g1535/z (u)     in_1->z R     unmapped_nand2         1  5.5     0   104    6582    (-,-) 
  u_crypto_synth_top/u_top/u_rsa/core_inst/montprod_inst/s_adder_sa/addinc_add_57_43/g1531/z (u)     in_0->z F     unmapped_nand2         3 15.3     0   165    6748    (-,-) 
  u_crypto_synth_top/u_top/u_rsa/core_inst/montprod_inst/s_adder_sa/addinc_add_57_43/g1527/z (u)     in_1->z R     unmapped_nand2         1  5.5     0   104    6852    (-,-) 
  u_crypto_synth_top/u_top/u_rsa/core_inst/montprod_inst/s_adder_sa/addinc_add_57_43/g1526/z (u)     in_0->z F     unmapped_nand2         4 20.4     0   199    7050    (-,-) 
  u_crypto_synth_top/u_top/u_rsa/core_inst/montprod_inst/s_adder_sa/addinc_add_57_43/g1521/z (u)     in_0->z R     unmapped_complex2      1  5.5     0   104    7155    (-,-) 
  u_crypto_synth_top/u_top/u_rsa/core_inst/montprod_inst/s_adder_sa/addinc_add_57_43/g1520/z (u)     in_0->z F     unmapped_complex2      3 15.3     0   165    7320    (-,-) 
  u_crypto_synth_top/u_top/u_rsa/core_inst/montprod_inst/s_adder_sa/addinc_add_57_43/g1512/z (u)     in_1->z R     unmapped_nand2         1  5.5     0   104    7424    (-,-) 
  u_crypto_synth_top/u_top/u_rsa/core_inst/montprod_inst/s_adder_sa/addinc_add_57_43/g1511/z (u)     in_1->z F     unmapped_nand2         3 15.3     0   165    7589    (-,-) 
  u_crypto_synth_top/u_top/u_rsa/core_inst/montprod_inst/s_adder_sa/addinc_add_57_43/g1510/z (u)     in_0->z R     unmapped_nand2         1  5.5     0   104    7694    (-,-) 
  u_crypto_synth_top/u_top/u_rsa/core_inst/montprod_inst/s_adder_sa/addinc_add_57_43/g1506/z (u)     in_0->z F     unmapped_nand2         3 15.3     0   165    7859    (-,-) 
  u_crypto_synth_top/u_top/u_rsa/core_inst/montprod_inst/s_adder_sa/addinc_add_57_43/g1502/z (u)     in_1->z R     unmapped_nand2         1  5.5     0   104    7963    (-,-) 
  u_crypto_synth_top/u_top/u_rsa/core_inst/montprod_inst/s_adder_sa/addinc_add_57_43/g1501/z (u)     in_1->z F     unmapped_nand2         3 15.3     0   165    8128    (-,-) 
  u_crypto_synth_top/u_top/u_rsa/core_inst/montprod_inst/s_adder_sa/addinc_add_57_43/g1500/z (u)     in_1->z R     unmapped_nand2         1  5.5     0   104    8232    (-,-) 
  u_crypto_synth_top/u_top/u_rsa/core_inst/montprod_inst/s_adder_sa/addinc_add_57_43/g1496/z (u)     in_0->z F     unmapped_nand2         3 15.3     0   165    8398    (-,-) 
  u_crypto_synth_top/u_top/u_rsa/core_inst/montprod_inst/s_adder_sa/addinc_add_57_43/g1495/z (u)     in_1->z R     unmapped_nand2         1  5.5     0   104    8502    (-,-) 
  u_crypto_synth_top/u_top/u_rsa/core_inst/montprod_inst/s_adder_sa/addinc_add_57_43/g1491/z (u)     in_0->z F     unmapped_nand2         3 15.3     0   165    8667    (-,-) 
  u_crypto_synth_top/u_top/u_rsa/core_inst/montprod_inst/s_adder_sa/addinc_add_57_43/g1490/z (u)     in_1->z R     unmapped_nand2         1  5.5     0   104    8771    (-,-) 
  u_crypto_synth_top/u_top/u_rsa/core_inst/montprod_inst/s_adder_sa/addinc_add_57_43/g1486/z (u)     in_0->z F     unmapped_nand2         3 15.3     0   165    8936    (-,-) 
  u_crypto_synth_top/u_top/u_rsa/core_inst/montprod_inst/s_adder_sa/addinc_add_57_43/g1482/z (u)     in_1->z R     unmapped_nand2         1  5.5     0   104    9040    (-,-) 
  u_crypto_synth_top/u_top/u_rsa/core_inst/montprod_inst/s_adder_sa/addinc_add_57_43/g1481/z (u)     in_1->z F     unmapped_nand2         3 15.3     0   165    9206    (-,-) 
  u_crypto_synth_top/u_top/u_rsa/core_inst/montprod_inst/s_adder_sa/addinc_add_57_43/g1480/z (u)     in_0->z R     unmapped_nand2         1  5.5     0   104    9310    (-,-) 
  u_crypto_synth_top/u_top/u_rsa/core_inst/montprod_inst/s_adder_sa/addinc_add_57_43/g1476/z (u)     in_1->z F     unmapped_nand2         3 15.3     0   165    9475    (-,-) 
  u_crypto_synth_top/u_top/u_rsa/core_inst/montprod_inst/s_adder_sa/addinc_add_57_43/g1472/z (u)     in_1->z R     unmapped_nand2         1  5.5     0   104    9579    (-,-) 
  u_crypto_synth_top/u_top/u_rsa/core_inst/montprod_inst/s_adder_sa/addinc_add_57_43/g1471/z (u)     in_1->z F     unmapped_nand2         3 15.3     0   165    9744    (-,-) 
  u_crypto_synth_top/u_top/u_rsa/core_inst/montprod_inst/s_adder_sa/addinc_add_57_43/g1470/z (u)     in_0->z R     unmapped_nand2         1  5.5     0   104    9849    (-,-) 
  u_crypto_synth_top/u_top/u_rsa/core_inst/montprod_inst/s_adder_sa/addinc_add_57_43/g1466/z (u)     in_1->z F     unmapped_nand2         3 15.3     0   165   10014    (-,-) 
  u_crypto_synth_top/u_top/u_rsa/core_inst/montprod_inst/s_adder_sa/addinc_add_57_43/g1462/z (u)     in_1->z R     unmapped_nand2         1  5.5     0   104   10118    (-,-) 
  u_crypto_synth_top/u_top/u_rsa/core_inst/montprod_inst/s_adder_sa/addinc_add_57_43/g1461/z (u)     in_1->z F     unmapped_nand2         3 15.3     0   165   10283    (-,-) 
  u_crypto_synth_top/u_top/u_rsa/core_inst/montprod_inst/s_adder_sa/addinc_add_57_43/g1457/z (u)     in_1->z R     unmapped_nand2         1  5.5     0   104   10388    (-,-) 
  u_crypto_synth_top/u_top/u_rsa/core_inst/montprod_inst/s_adder_sa/addinc_add_57_43/g1456/z (u)     in_1->z F     unmapped_nand2         3 15.3     0   165   10553    (-,-) 
  u_crypto_synth_top/u_top/u_rsa/core_inst/montprod_inst/s_adder_sa/addinc_add_57_43/g1454/z (u)     in_0->z F     unmapped_or2           1  5.1     0   104   10657    (-,-) 
  u_crypto_synth_top/u_top/u_rsa/core_inst/montprod_inst/s_adder_sa/addinc_add_57_43/g1455/z (u)     in_1->z R     unmapped_nand2         1  5.5     0   104   10761    (-,-) 
  u_crypto_synth_top/u_top/u_rsa/core_inst/montprod_inst/g4399/z                             (u)     in_0->z F     unmapped_complex2      1  5.1     0   114   10875    (-,-) 
  u_crypto_synth_top/u_top/u_rsa/core_inst/montprod_inst/g4267/z                             (u)     in_1->z R     unmapped_complex2     32 33.0     0   363   11238    (-,-) 
  u_crypto_synth_top/u_top/u_rsa/core_inst/montprod_inst/s_mem/mem_reg[31][30]/d             -       -       R     unmapped_d_flop       32    -     -     0   11238    (-,-) 
#-----------------------------------------------------------------------------------------------------------------------------------------------------------------------------

(u) : Net has unmapped pin(s).



Path 50: MET (43633 ps) Setup Check with Pin u_crypto_synth_top/u_top/u_rsa/core_inst/montprod_inst/s_mem/mem_reg[30][30]/clk->d
          Group: R2R
     Startpoint: (R) u_crypto_synth_top/u_top/u_rsa/core_inst/montprod_select_reg_reg[2]/clk
          Clock: (R) MAIN_CLK
       Endpoint: (R) u_crypto_synth_top/u_top/u_rsa/core_inst/montprod_inst/s_mem/mem_reg[30][30]/d
          Clock: (R) MAIN_CLK

                     Capture       Launch     
        Clock Edge:+   58000            0     
       Src Latency:+     150          250     
       Net Latency:+       0 (I)        0 (I) 
           Arrival:=   58150          250     
                                              
             Setup:-     329                  
       Uncertainty:-    1450                  
       Path Adjust:+   -1500                  
     Required Time:=   54871                  
      Launch Clock:-     250                  
         Data Path:-   10988                  
             Slack:=   43633                  

Exceptions/Constraints:
  path_adjust            -1500            PA_C2C 

#-----------------------------------------------------------------------------------------------------------------------------------------------------------------------------
#                                       Timing Point                                         Flags    Arc    Edge       Cell         Fanout Load Trans Delay Arrival Instance 
#                                                                                                                                           (fF)  (ps)  (ps)   (ps)  Location 
#-----------------------------------------------------------------------------------------------------------------------------------------------------------------------------
  u_crypto_synth_top/u_top/u_rsa/core_inst/montprod_select_reg_reg[2]/clk                    -       -       R     (arrival)          19892    -     0     0     250    (-,-) 
  u_crypto_synth_top/u_top/u_rsa/core_inst/montprod_select_reg_reg[2]/q                      (u)     clk->q  R     unmapped_d_flop        7 38.5     0   881    1131    (-,-) 
  u_crypto_synth_top/u_top/u_rsa/core_inst/g4055/z                                           (u)     in_1->z R     unmapped_complex2     34 33.0     0   412    1543    (-,-) 
  u_crypto_synth_top/u_top/u_rsa/core_inst/g4058/z                                           (u)     in_1->z F     unmapped_nand2         1  5.1     0   125    1668    (-,-) 
  u_crypto_synth_top/u_top/u_rsa/core_inst/g4054/z                                           (u)     in_0->z R     unmapped_complex2     32 33.0     0   412    2080    (-,-) 
  u_crypto_synth_top/u_top/u_rsa/core_inst/g3958/z                                           (u)     in_1->z R     unmapped_complex2      1  5.5     0   125    2206    (-,-) 
  u_crypto_synth_top/u_top/u_rsa/core_inst/g3922/z                                           (u)     in_0->z F     unmapped_nand2         1  5.1     0   125    2331    (-,-) 
  u_crypto_synth_top/u_top/u_rsa/core_inst/g3905/z                                           (u)     in_1->z F     unmapped_or2           5 25.5     0   272    2602    (-,-) 
  u_crypto_synth_top/u_top/u_rsa/core_inst/montprod_inst/s_adder_sa/addinc_add_57_43/g1182/z (u)     in_1->z F     unmapped_or2           1  5.1     0   104    2707    (-,-) 
  u_crypto_synth_top/u_top/u_rsa/core_inst/montprod_inst/s_adder_sa/addinc_add_57_43/g1612/z (u)     in_0->z R     unmapped_nand2         1  5.5     0   104    2811    (-,-) 
  u_crypto_synth_top/u_top/u_rsa/core_inst/montprod_inst/s_adder_sa/addinc_add_57_43/g1602/z (u)     in_0->z F     unmapped_nand2         3 15.3     0   165    2976    (-,-) 
  u_crypto_synth_top/u_top/u_rsa/core_inst/montprod_inst/s_adder_sa/addinc_add_57_43/g1597/z (u)     in_1->z R     unmapped_nand2         1  5.5     0   104    3080    (-,-) 
  u_crypto_synth_top/u_top/u_rsa/core_inst/montprod_inst/s_adder_sa/addinc_add_57_43/g1596/z (u)     in_0->z F     unmapped_nand2         3 15.3     0   165    3245    (-,-) 
  u_crypto_synth_top/u_top/u_rsa/core_inst/montprod_inst/s_adder_sa/addinc_add_57_43/g1595/z (u)     in_1->z R     unmapped_nand2         1  5.5     0   104    3350    (-,-) 
  u_crypto_synth_top/u_top/u_rsa/core_inst/montprod_inst/s_adder_sa/addinc_add_57_43/g1591/z (u)     in_0->z F     unmapped_nand2         3 15.3     0   165    3515    (-,-) 
  u_crypto_synth_top/u_top/u_rsa/core_inst/montprod_inst/s_adder_sa/addinc_add_57_43/g1587/z (u)     in_1->z R     unmapped_nand2         1  5.5     0   104    3619    (-,-) 
  u_crypto_synth_top/u_top/u_rsa/core_inst/montprod_inst/s_adder_sa/addinc_add_57_43/g1586/z (u)     in_0->z F     unmapped_nand2         3 15.3     0   165    3784    (-,-) 
  u_crypto_synth_top/u_top/u_rsa/core_inst/montprod_inst/s_adder_sa/addinc_add_57_43/g1582/z (u)     in_1->z R     unmapped_nand2         1  5.5     0   104    3888    (-,-) 
  u_crypto_synth_top/u_top/u_rsa/core_inst/montprod_inst/s_adder_sa/addinc_add_57_43/g1581/z (u)     in_0->z F     unmapped_nand2         3 15.3     0   165    4054    (-,-) 
  u_crypto_synth_top/u_top/u_rsa/core_inst/montprod_inst/s_adder_sa/addinc_add_57_43/g1580/z (u)     in_1->z R     unmapped_nand2         1  5.5     0   104    4158    (-,-) 
  u_crypto_synth_top/u_top/u_rsa/core_inst/montprod_inst/s_adder_sa/addinc_add_57_43/g1576/z (u)     in_0->z F     unmapped_nand2         3 15.3     0   165    4323    (-,-) 
  u_crypto_synth_top/u_top/u_rsa/core_inst/montprod_inst/s_adder_sa/addinc_add_57_43/g1575/z (u)     in_1->z R     unmapped_nand2         1  5.5     0   104    4427    (-,-) 
  u_crypto_synth_top/u_top/u_rsa/core_inst/montprod_inst/s_adder_sa/addinc_add_57_43/g1571/z (u)     in_0->z F     unmapped_nand2         3 15.3     0   165    4592    (-,-) 
  u_crypto_synth_top/u_top/u_rsa/core_inst/montprod_inst/s_adder_sa/addinc_add_57_43/g1567/z (u)     in_1->z R     unmapped_nand2         1  5.5     0   104    4697    (-,-) 
  u_crypto_synth_top/u_top/u_rsa/core_inst/montprod_inst/s_adder_sa/addinc_add_57_43/g1566/z (u)     in_0->z F     unmapped_nand2         3 15.3     0   165    4862    (-,-) 
  u_crypto_synth_top/u_top/u_rsa/core_inst/montprod_inst/s_adder_sa/addinc_add_57_43/g1565/z (u)     in_1->z R     unmapped_nand2         1  5.5     0   104    4966    (-,-) 
  u_crypto_synth_top/u_top/u_rsa/core_inst/montprod_inst/s_adder_sa/addinc_add_57_43/g1561/z (u)     in_1->z F     unmapped_nand2         3 15.3     0   165    5131    (-,-) 
  u_crypto_synth_top/u_top/u_rsa/core_inst/montprod_inst/s_adder_sa/addinc_add_57_43/g1557/z (u)     in_1->z R     unmapped_nand2         1  5.5     0   104    5235    (-,-) 
  u_crypto_synth_top/u_top/u_rsa/core_inst/montprod_inst/s_adder_sa/addinc_add_57_43/g1556/z (u)     in_0->z F     unmapped_nand2         3 15.3     0   165    5401    (-,-) 
  u_crypto_synth_top/u_top/u_rsa/core_inst/montprod_inst/s_adder_sa/addinc_add_57_43/g1552/z (u)     in_1->z R     unmapped_nand2         1  5.5     0   104    5505    (-,-) 
  u_crypto_synth_top/u_top/u_rsa/core_inst/montprod_inst/s_adder_sa/addinc_add_57_43/g1551/z (u)     in_0->z F     unmapped_nand2         3 15.3     0   165    5670    (-,-) 
  u_crypto_synth_top/u_top/u_rsa/core_inst/montprod_inst/s_adder_sa/addinc_add_57_43/g1547/z (u)     in_1->z R     unmapped_nand2         1  5.5     0   104    5774    (-,-) 
  u_crypto_synth_top/u_top/u_rsa/core_inst/montprod_inst/s_adder_sa/addinc_add_57_43/g1546/z (u)     in_0->z F     unmapped_nand2         3 15.3     0   165    5939    (-,-) 
  u_crypto_synth_top/u_top/u_rsa/core_inst/montprod_inst/s_adder_sa/addinc_add_57_43/g1542/z (u)     in_1->z R     unmapped_nand2         1  5.5     0   104    6044    (-,-) 
  u_crypto_synth_top/u_top/u_rsa/core_inst/montprod_inst/s_adder_sa/addinc_add_57_43/g1541/z (u)     in_1->z F     unmapped_nand2         3 15.3     0   165    6209    (-,-) 
  u_crypto_synth_top/u_top/u_rsa/core_inst/montprod_inst/s_adder_sa/addinc_add_57_43/g1540/z (u)     in_1->z R     unmapped_nand2         1  5.5     0   104    6313    (-,-) 
  u_crypto_synth_top/u_top/u_rsa/core_inst/montprod_inst/s_adder_sa/addinc_add_57_43/g1536/z (u)     in_0->z F     unmapped_nand2         3 15.3     0   165    6478    (-,-) 
  u_crypto_synth_top/u_top/u_rsa/core_inst/montprod_inst/s_adder_sa/addinc_add_57_43/g1535/z (u)     in_1->z R     unmapped_nand2         1  5.5     0   104    6582    (-,-) 
  u_crypto_synth_top/u_top/u_rsa/core_inst/montprod_inst/s_adder_sa/addinc_add_57_43/g1531/z (u)     in_0->z F     unmapped_nand2         3 15.3     0   165    6748    (-,-) 
  u_crypto_synth_top/u_top/u_rsa/core_inst/montprod_inst/s_adder_sa/addinc_add_57_43/g1527/z (u)     in_1->z R     unmapped_nand2         1  5.5     0   104    6852    (-,-) 
  u_crypto_synth_top/u_top/u_rsa/core_inst/montprod_inst/s_adder_sa/addinc_add_57_43/g1526/z (u)     in_0->z F     unmapped_nand2         4 20.4     0   199    7050    (-,-) 
  u_crypto_synth_top/u_top/u_rsa/core_inst/montprod_inst/s_adder_sa/addinc_add_57_43/g1521/z (u)     in_0->z R     unmapped_complex2      1  5.5     0   104    7155    (-,-) 
  u_crypto_synth_top/u_top/u_rsa/core_inst/montprod_inst/s_adder_sa/addinc_add_57_43/g1520/z (u)     in_0->z F     unmapped_complex2      3 15.3     0   165    7320    (-,-) 
  u_crypto_synth_top/u_top/u_rsa/core_inst/montprod_inst/s_adder_sa/addinc_add_57_43/g1512/z (u)     in_1->z R     unmapped_nand2         1  5.5     0   104    7424    (-,-) 
  u_crypto_synth_top/u_top/u_rsa/core_inst/montprod_inst/s_adder_sa/addinc_add_57_43/g1511/z (u)     in_1->z F     unmapped_nand2         3 15.3     0   165    7589    (-,-) 
  u_crypto_synth_top/u_top/u_rsa/core_inst/montprod_inst/s_adder_sa/addinc_add_57_43/g1510/z (u)     in_0->z R     unmapped_nand2         1  5.5     0   104    7694    (-,-) 
  u_crypto_synth_top/u_top/u_rsa/core_inst/montprod_inst/s_adder_sa/addinc_add_57_43/g1506/z (u)     in_0->z F     unmapped_nand2         3 15.3     0   165    7859    (-,-) 
  u_crypto_synth_top/u_top/u_rsa/core_inst/montprod_inst/s_adder_sa/addinc_add_57_43/g1502/z (u)     in_1->z R     unmapped_nand2         1  5.5     0   104    7963    (-,-) 
  u_crypto_synth_top/u_top/u_rsa/core_inst/montprod_inst/s_adder_sa/addinc_add_57_43/g1501/z (u)     in_1->z F     unmapped_nand2         3 15.3     0   165    8128    (-,-) 
  u_crypto_synth_top/u_top/u_rsa/core_inst/montprod_inst/s_adder_sa/addinc_add_57_43/g1500/z (u)     in_1->z R     unmapped_nand2         1  5.5     0   104    8232    (-,-) 
  u_crypto_synth_top/u_top/u_rsa/core_inst/montprod_inst/s_adder_sa/addinc_add_57_43/g1496/z (u)     in_0->z F     unmapped_nand2         3 15.3     0   165    8398    (-,-) 
  u_crypto_synth_top/u_top/u_rsa/core_inst/montprod_inst/s_adder_sa/addinc_add_57_43/g1495/z (u)     in_1->z R     unmapped_nand2         1  5.5     0   104    8502    (-,-) 
  u_crypto_synth_top/u_top/u_rsa/core_inst/montprod_inst/s_adder_sa/addinc_add_57_43/g1491/z (u)     in_0->z F     unmapped_nand2         3 15.3     0   165    8667    (-,-) 
  u_crypto_synth_top/u_top/u_rsa/core_inst/montprod_inst/s_adder_sa/addinc_add_57_43/g1490/z (u)     in_1->z R     unmapped_nand2         1  5.5     0   104    8771    (-,-) 
  u_crypto_synth_top/u_top/u_rsa/core_inst/montprod_inst/s_adder_sa/addinc_add_57_43/g1486/z (u)     in_0->z F     unmapped_nand2         3 15.3     0   165    8936    (-,-) 
  u_crypto_synth_top/u_top/u_rsa/core_inst/montprod_inst/s_adder_sa/addinc_add_57_43/g1482/z (u)     in_1->z R     unmapped_nand2         1  5.5     0   104    9040    (-,-) 
  u_crypto_synth_top/u_top/u_rsa/core_inst/montprod_inst/s_adder_sa/addinc_add_57_43/g1481/z (u)     in_1->z F     unmapped_nand2         3 15.3     0   165    9206    (-,-) 
  u_crypto_synth_top/u_top/u_rsa/core_inst/montprod_inst/s_adder_sa/addinc_add_57_43/g1480/z (u)     in_0->z R     unmapped_nand2         1  5.5     0   104    9310    (-,-) 
  u_crypto_synth_top/u_top/u_rsa/core_inst/montprod_inst/s_adder_sa/addinc_add_57_43/g1476/z (u)     in_1->z F     unmapped_nand2         3 15.3     0   165    9475    (-,-) 
  u_crypto_synth_top/u_top/u_rsa/core_inst/montprod_inst/s_adder_sa/addinc_add_57_43/g1472/z (u)     in_1->z R     unmapped_nand2         1  5.5     0   104    9579    (-,-) 
  u_crypto_synth_top/u_top/u_rsa/core_inst/montprod_inst/s_adder_sa/addinc_add_57_43/g1471/z (u)     in_1->z F     unmapped_nand2         3 15.3     0   165    9744    (-,-) 
  u_crypto_synth_top/u_top/u_rsa/core_inst/montprod_inst/s_adder_sa/addinc_add_57_43/g1470/z (u)     in_0->z R     unmapped_nand2         1  5.5     0   104    9849    (-,-) 
  u_crypto_synth_top/u_top/u_rsa/core_inst/montprod_inst/s_adder_sa/addinc_add_57_43/g1466/z (u)     in_1->z F     unmapped_nand2         3 15.3     0   165   10014    (-,-) 
  u_crypto_synth_top/u_top/u_rsa/core_inst/montprod_inst/s_adder_sa/addinc_add_57_43/g1462/z (u)     in_1->z R     unmapped_nand2         1  5.5     0   104   10118    (-,-) 
  u_crypto_synth_top/u_top/u_rsa/core_inst/montprod_inst/s_adder_sa/addinc_add_57_43/g1461/z (u)     in_1->z F     unmapped_nand2         3 15.3     0   165   10283    (-,-) 
  u_crypto_synth_top/u_top/u_rsa/core_inst/montprod_inst/s_adder_sa/addinc_add_57_43/g1457/z (u)     in_1->z R     unmapped_nand2         1  5.5     0   104   10388    (-,-) 
  u_crypto_synth_top/u_top/u_rsa/core_inst/montprod_inst/s_adder_sa/addinc_add_57_43/g1456/z (u)     in_1->z F     unmapped_nand2         3 15.3     0   165   10553    (-,-) 
  u_crypto_synth_top/u_top/u_rsa/core_inst/montprod_inst/s_adder_sa/addinc_add_57_43/g1454/z (u)     in_0->z F     unmapped_or2           1  5.1     0   104   10657    (-,-) 
  u_crypto_synth_top/u_top/u_rsa/core_inst/montprod_inst/s_adder_sa/addinc_add_57_43/g1455/z (u)     in_1->z R     unmapped_nand2         1  5.5     0   104   10761    (-,-) 
  u_crypto_synth_top/u_top/u_rsa/core_inst/montprod_inst/g4399/z                             (u)     in_0->z F     unmapped_complex2      1  5.1     0   114   10875    (-,-) 
  u_crypto_synth_top/u_top/u_rsa/core_inst/montprod_inst/g4267/z                             (u)     in_1->z R     unmapped_complex2     32 33.0     0   363   11238    (-,-) 
  u_crypto_synth_top/u_top/u_rsa/core_inst/montprod_inst/s_mem/mem_reg[30][30]/d             -       -       R     unmapped_d_flop       32    -     -     0   11238    (-,-) 
#-----------------------------------------------------------------------------------------------------------------------------------------------------------------------------

(u) : Net has unmapped pin(s).

