============================================================
  Generated by:           Genus(TM) Synthesis Solution 20.11-s111_1
  Generated on:           Jul 27 2026  12:11:04 pm
  Module:                 C2S0306
  Operating conditions:   tsl18cio150_max (worst_case_tree)
  Wireload mode:          enclosed
  Area mode:              timing library
============================================================


Path 1: MET (4102 ps) Setup Check with Pin u_crypto_synth_top/u_top/u_rsa/core_inst/result_mem/tmp_read_data0_reg[21]/CP->D
          Group: R2R
     Startpoint: (R) u_crypto_synth_top/u_top/u_rsa/core_inst/montprod_inst/montprod_ctrl_reg_reg[0]/CP
          Clock: (R) MAIN_CLK
       Endpoint: (F) u_crypto_synth_top/u_top/u_rsa/core_inst/result_mem/tmp_read_data0_reg[21]/D
          Clock: (R) MAIN_CLK

                     Capture       Launch     
        Clock Edge:+   58000            0     
       Src Latency:+     150          250     
       Net Latency:+       0 (I)        0 (I) 
           Arrival:=   58150          250     
                                              
             Setup:-     283                  
       Uncertainty:-    1450                  
       Path Adjust:+   -1500                  
     Required Time:=   54917                  
      Launch Clock:-     250                  
         Data Path:-   50565                  
             Slack:=    4102                  

Exceptions/Constraints:
  path_adjust            -1500            PA_C2C 

#--------------------------------------------------------------------------------------------------------------------------------------------------------------
#                                   Timing Point                                     Flags    Arc   Edge   Cell     Fanout  Load  Trans Delay Arrival Instance 
#                                                                                                                           (fF)   (ps)  (ps)   (ps)  Location 
#--------------------------------------------------------------------------------------------------------------------------------------------------------------
  u_crypto_synth_top/u_top/u_rsa/core_inst/montprod_inst/montprod_ctrl_reg_reg[0]/CP -       -      R     (arrival)  19892      -     0     0     250    (-,-) 
  u_crypto_synth_top/u_top/u_rsa/core_inst/montprod_inst/montprod_ctrl_reg_reg[0]/Q  -       CP->Q  R     dfcrq1         6   67.7   740   745     995    (-,-) 
  u_crypto_synth_top/u_top/u_rsa/core_inst/montprod_inst/g4780/ZN                    -       A1->ZN F     nd02d2         5   52.2   400   290    1285    (-,-) 
  u_crypto_synth_top/u_top/u_rsa/core_inst/montprod_inst/g4777/Z                     -       A1->Z  F     or02d1         3   25.2   232   420    1704    (-,-) 
  u_crypto_synth_top/u_top/u_rsa/core_inst/montprod_inst/g4774/ZN                    -       A2->ZN R     nr02d1         4   48.8  1071   539    2243    (-,-) 
  u_crypto_synth_top/u_top/u_rsa/core_inst/montprod_inst/g4773/ZN                    -       I->ZN  F     inv0d2        15  206.9   624   473    2716    (-,-) 
  u_crypto_synth_top/u_top/u_rsa/core_inst/montprod_inst/g4760/Z                     -       B2->Z  F     aor22d4       25  798.5   956  1020    3736    (-,-) 
  u_crypto_synth_top/u_top/u_rsa/core_inst/result_mem/g659590/ZN                     -       I->ZN  R     inv0d4        22  629.8  1866  1692    5428    (-,-) 
  u_crypto_synth_top/u_top/u_rsa/core_inst/result_mem/g658796/ZN                     -       I->ZN  F     invbdk       108 4784.6  1944  1660    7088    (-,-) 
  u_crypto_synth_top/u_top/u_rsa/core_inst/result_mem/g658452/ZN                     -       I->ZN  R     inv0da        64 2608.7  2998 29641   36729    (-,-) 
  u_crypto_synth_top/u_top/u_rsa/core_inst/result_mem/g658420/ZN                     -       I->ZN  F     invbd4        34 1090.1  1972  9638   46367    (-,-) 
  u_crypto_synth_top/u_top/u_rsa/core_inst/result_mem/g658403/ZN                     -       I->ZN  R     inv0d0         2   21.7  1298  2532   48899    (-,-) 
  u_crypto_synth_top/u_top/u_rsa/core_inst/result_mem/g645707/ZN                     -       B2->ZN F     oai22d1        1   10.5   449   232   49132    (-,-) 
  u_crypto_synth_top/u_top/u_rsa/core_inst/result_mem/g640153/ZN                     -       C2->ZN R     aoi222d1       1   10.7   583   396   49528    (-,-) 
  u_crypto_synth_top/u_top/u_rsa/core_inst/result_mem/g639655/ZN                     -       B1->ZN F     oai22d1        1   10.6   390   183   49710    (-,-) 
  u_crypto_synth_top/u_top/u_rsa/core_inst/result_mem/g639513/ZN                     -       B2->ZN R     oai21d1        1   11.0   566   395   50105    (-,-) 
  u_crypto_synth_top/u_top/u_rsa/core_inst/result_mem/g639502/ZN                     -       A->ZN  F     aon211d1       1   10.7   304   230   50335    (-,-) 
  u_crypto_synth_top/u_top/u_rsa/core_inst/result_mem/g639422/ZN                     -       A->ZN  R     aoi221d1       1   10.6   700   241   50576    (-,-) 
  u_crypto_synth_top/u_top/u_rsa/core_inst/result_mem/g639329/ZN                     -       A->ZN  F     oai211d1       1    8.8   370   239   50815    (-,-) 
  u_crypto_synth_top/u_top/u_rsa/core_inst/result_mem/tmp_read_data0_reg[21]/D       -       -      F     dfnrq1         1      -     -     0   50815    (-,-) 
#--------------------------------------------------------------------------------------------------------------------------------------------------------------



Path 2: MET (4204 ps) Setup Check with Pin u_crypto_synth_top/u_top/u_rsa/core_inst/result_mem/tmp_read_data0_reg[10]/CP->D
          Group: R2R
     Startpoint: (R) u_crypto_synth_top/u_top/u_rsa/core_inst/montprod_inst/montprod_ctrl_reg_reg[0]/CP
          Clock: (R) MAIN_CLK
       Endpoint: (F) u_crypto_synth_top/u_top/u_rsa/core_inst/result_mem/tmp_read_data0_reg[10]/D
          Clock: (R) MAIN_CLK

                     Capture       Launch     
        Clock Edge:+   58000            0     
       Src Latency:+     150          250     
       Net Latency:+       0 (I)        0 (I) 
           Arrival:=   58150          250     
                                              
             Setup:-     277                  
       Uncertainty:-    1450                  
       Path Adjust:+   -1500                  
     Required Time:=   54923                  
      Launch Clock:-     250                  
         Data Path:-   50469                  
             Slack:=    4204                  

Exceptions/Constraints:
  path_adjust            -1500            PA_C2C 

#--------------------------------------------------------------------------------------------------------------------------------------------------------------
#                                   Timing Point                                     Flags    Arc   Edge   Cell     Fanout  Load  Trans Delay Arrival Instance 
#                                                                                                                           (fF)   (ps)  (ps)   (ps)  Location 
#--------------------------------------------------------------------------------------------------------------------------------------------------------------
  u_crypto_synth_top/u_top/u_rsa/core_inst/montprod_inst/montprod_ctrl_reg_reg[0]/CP -       -      R     (arrival)  19892      -     0     0     250    (-,-) 
  u_crypto_synth_top/u_top/u_rsa/core_inst/montprod_inst/montprod_ctrl_reg_reg[0]/Q  -       CP->Q  R     dfcrq1         6   67.7   740   745     995    (-,-) 
  u_crypto_synth_top/u_top/u_rsa/core_inst/montprod_inst/g4780/ZN                    -       A1->ZN F     nd02d2         5   52.2   400   290    1285    (-,-) 
  u_crypto_synth_top/u_top/u_rsa/core_inst/montprod_inst/g4777/Z                     -       A1->Z  F     or02d1         3   25.2   232   420    1704    (-,-) 
  u_crypto_synth_top/u_top/u_rsa/core_inst/montprod_inst/g4774/ZN                    -       A2->ZN R     nr02d1         4   48.8  1071   539    2243    (-,-) 
  u_crypto_synth_top/u_top/u_rsa/core_inst/montprod_inst/g4773/ZN                    -       I->ZN  F     inv0d2        15  206.9   624   473    2716    (-,-) 
  u_crypto_synth_top/u_top/u_rsa/core_inst/montprod_inst/g4760/Z                     -       B2->Z  F     aor22d4       25  798.5   956  1020    3736    (-,-) 
  u_crypto_synth_top/u_top/u_rsa/core_inst/result_mem/g659590/ZN                     -       I->ZN  R     inv0d4        22  629.8  1866  1692    5428    (-,-) 
  u_crypto_synth_top/u_top/u_rsa/core_inst/result_mem/g658796/ZN                     -       I->ZN  F     invbdk       108 4784.6  1944  1660    7088    (-,-) 
  u_crypto_synth_top/u_top/u_rsa/core_inst/result_mem/g658452/ZN                     -       I->ZN  R     inv0da        64 2608.7  2998 29641   36729    (-,-) 
  u_crypto_synth_top/u_top/u_rsa/core_inst/result_mem/g658420/ZN                     -       I->ZN  F     invbd4        34 1090.1  1972  9638   46367    (-,-) 
  u_crypto_synth_top/u_top/u_rsa/core_inst/result_mem/g658403/ZN                     -       I->ZN  R     inv0d0         2   21.7  1298  2532   48899    (-,-) 
  u_crypto_synth_top/u_top/u_rsa/core_inst/result_mem/g646546/ZN                     -       B2->ZN F     oai22d1        1   10.5   554   232   49132    (-,-) 
  u_crypto_synth_top/u_top/u_rsa/core_inst/result_mem/g640171/ZN                     -       C2->ZN R     aoi222d1       1   10.7   664   412   49544    (-,-) 
  u_crypto_synth_top/u_top/u_rsa/core_inst/result_mem/g639659/ZN                     -       B1->ZN F     oai22d1        1   10.7   436   190   49734    (-,-) 
  u_crypto_synth_top/u_top/u_rsa/core_inst/result_mem/g639613/ZN                     -       A->ZN  R     aoi221d1       1   10.4   560   267   50000    (-,-) 
  u_crypto_synth_top/u_top/u_rsa/core_inst/result_mem/g639510/ZN                     -       A->ZN  F     oai221d1       1   10.0   495   227   50227    (-,-) 
  u_crypto_synth_top/u_top/u_rsa/core_inst/result_mem/g639440/ZN                     -       B1->ZN R     aoi22d1        1   10.4   553   289   50516    (-,-) 
  u_crypto_synth_top/u_top/u_rsa/core_inst/result_mem/g639359/ZN                     -       A2->ZN F     nd04d1         1    8.8   349   202   50719    (-,-) 
  u_crypto_synth_top/u_top/u_rsa/core_inst/result_mem/tmp_read_data0_reg[10]/D       -       -      F     dfnrq1         1      -     -     0   50719    (-,-) 
#--------------------------------------------------------------------------------------------------------------------------------------------------------------



Path 3: MET (4382 ps) Setup Check with Pin u_crypto_synth_top/u_top/u_rsa/core_inst/result_mem/tmp_read_data0_reg[17]/CP->D
          Group: R2R
     Startpoint: (R) u_crypto_synth_top/u_top/u_rsa/modulus_length_reg_reg[0]/CP
          Clock: (R) MAIN_CLK
       Endpoint: (F) u_crypto_synth_top/u_top/u_rsa/core_inst/result_mem/tmp_read_data0_reg[17]/D
          Clock: (R) MAIN_CLK

                     Capture       Launch     
        Clock Edge:+   58000            0     
       Src Latency:+     150          250     
       Net Latency:+       0 (I)        0 (I) 
           Arrival:=   58150          250     
                                              
             Setup:-     280                  
       Uncertainty:-    1450                  
       Path Adjust:+   -1500                  
     Required Time:=   54920                  
      Launch Clock:-     250                  
         Data Path:-   50288                  
             Slack:=    4382                  

Exceptions/Constraints:
  path_adjust            -1500            PA_C2C 

#--------------------------------------------------------------------------------------------------------------------------------------------------------
#                                Timing Point                                  Flags    Arc   Edge   Cell     Fanout  Load  Trans Delay Arrival Instance 
#                                                                                                                     (fF)   (ps)  (ps)   (ps)  Location 
#--------------------------------------------------------------------------------------------------------------------------------------------------------
  u_crypto_synth_top/u_top/u_rsa/modulus_length_reg_reg[0]/CP                  -       -      R     (arrival)  19892      -     0     0     250    (-,-) 
  u_crypto_synth_top/u_top/u_rsa/modulus_length_reg_reg[0]/Q                   -       CP->Q  F     sdcrq4        25  662.2  1301  1143    1393    (-,-) 
  u_crypto_synth_top/u_top/u_rsa/core_inst/montprod_inst/g4779/ZN              -       A2->ZN R     nr03d0         3   27.9  2586  2006    3399    (-,-) 
  u_crypto_synth_top/u_top/u_rsa/core_inst/montprod_inst/g4767/Z               -       A->Z   R     aor21d1        3   28.3   378   292    3690    (-,-) 
  u_crypto_synth_top/u_top/u_rsa/core_inst/montprod_inst/g4760/Z               -       A1->Z  R     aor22d4       25  832.9  2257  1261    4952    (-,-) 
  u_crypto_synth_top/u_top/u_rsa/core_inst/result_mem/g658365/ZN               -       I->ZN  F     invbdf        70 3129.8  1776  1895    6847    (-,-) 
  u_crypto_synth_top/u_top/u_rsa/core_inst/result_mem/g657573/ZN               -       I->ZN  R     invbdk       108 4770.8  1834 12190   19037    (-,-) 
  u_crypto_synth_top/u_top/u_rsa/core_inst/result_mem/g657445/ZN               -       I->ZN  F     inv0d2        18  347.9  1047 28108   47145    (-,-) 
  u_crypto_synth_top/u_top/u_rsa/core_inst/result_mem/g657433/ZN               -       I->ZN  R     inv0d2        15  268.9  1601  1092   48237    (-,-) 
  u_crypto_synth_top/u_top/u_rsa/core_inst/result_mem/g645377/ZN               -       A2->ZN F     oai22d1        1   10.6   399   329   48566    (-,-) 
  u_crypto_synth_top/u_top/u_rsa/core_inst/result_mem/g642278/Z                -       I1->Z  F     mx02d1         1   10.0   158   370   48936    (-,-) 
  u_crypto_synth_top/u_top/u_rsa/core_inst/result_mem/g640145/ZN               -       A2->ZN R     aoi222d1       1   10.7   571   241   49177    (-,-) 
  u_crypto_synth_top/u_top/u_rsa/core_inst/result_mem/g639662/ZN               -       B1->ZN F     oai22d1        1   10.6   435   182   49358    (-,-) 
  u_crypto_synth_top/u_top/u_rsa/core_inst/result_mem/g639511/ZN               -       B2->ZN R     oai21d1        1   11.0   566   402   49760    (-,-) 
  u_crypto_synth_top/u_top/u_rsa/core_inst/result_mem/g639500/ZN               -       A->ZN  F     aon211d1       1   10.6   432   229   49990    (-,-) 
  u_crypto_synth_top/u_top/u_rsa/core_inst/result_mem/g639428/ZN               -       A->ZN  R     aoi211d1       1   10.4   840   317   50306    (-,-) 
  u_crypto_synth_top/u_top/u_rsa/core_inst/result_mem/g639363/ZN               -       A2->ZN F     nd04d1         1    8.8   360   232   50538    (-,-) 
  u_crypto_synth_top/u_top/u_rsa/core_inst/result_mem/tmp_read_data0_reg[17]/D -       -      F     dfnrq1         1      -     -     0   50538    (-,-) 
#--------------------------------------------------------------------------------------------------------------------------------------------------------



Path 4: MET (4514 ps) Setup Check with Pin u_crypto_synth_top/u_top/u_rsa/core_inst/result_mem/tmp_read_data0_reg[1]/CP->D
          Group: R2R
     Startpoint: (R) u_crypto_synth_top/u_top/u_rsa/modulus_length_reg_reg[0]/CP
          Clock: (R) MAIN_CLK
       Endpoint: (R) u_crypto_synth_top/u_top/u_rsa/core_inst/result_mem/tmp_read_data0_reg[1]/D
          Clock: (R) MAIN_CLK

                     Capture       Launch     
        Clock Edge:+   58000            0     
       Src Latency:+     150          250     
       Net Latency:+       0 (I)        0 (I) 
           Arrival:=   58150          250     
                                              
             Setup:-     196                  
       Uncertainty:-    1450                  
       Path Adjust:+   -1500                  
     Required Time:=   55004                  
      Launch Clock:-     250                  
         Data Path:-   50239                  
             Slack:=    4514                  

Exceptions/Constraints:
  path_adjust            -1500            PA_C2C 

#-------------------------------------------------------------------------------------------------------------------------------------------------------
#                                Timing Point                                 Flags    Arc   Edge   Cell     Fanout  Load  Trans Delay Arrival Instance 
#                                                                                                                    (fF)   (ps)  (ps)   (ps)  Location 
#-------------------------------------------------------------------------------------------------------------------------------------------------------
  u_crypto_synth_top/u_top/u_rsa/modulus_length_reg_reg[0]/CP                 -       -      R     (arrival)  19892      -     0     0     250    (-,-) 
  u_crypto_synth_top/u_top/u_rsa/modulus_length_reg_reg[0]/Q                  -       CP->Q  F     sdcrq4        25  662.2  1301  1143    1393    (-,-) 
  u_crypto_synth_top/u_top/u_rsa/core_inst/montprod_inst/g4779/ZN             -       A2->ZN R     nr03d0         3   27.9  2586  2006    3399    (-,-) 
  u_crypto_synth_top/u_top/u_rsa/core_inst/montprod_inst/g4776/ZN             -       A1->ZN F     nd03d1         3   24.3   762   457    3856    (-,-) 
  u_crypto_synth_top/u_top/u_rsa/core_inst/montprod_inst/g4775/ZN             -       I->ZN  R     inv0d0         1    9.9   607   481    4337    (-,-) 
  u_crypto_synth_top/u_top/u_rsa/core_inst/montprod_inst/g4763/S              -       A->S   F     ah01d1         1    8.6   150   441    4778    (-,-) 
  u_crypto_synth_top/u_top/u_rsa/core_inst/montprod_inst/g4761/ZN             -       I->ZN  R     inv0d1         4   44.3   585   306    5084    (-,-) 
  u_crypto_synth_top/u_top/u_rsa/core_inst/montprod_inst/g4756/Z              -       I0->Z  R     mx02d2        12  330.1  2099  1163    6247    (-,-) 
  u_crypto_synth_top/u_top/u_rsa/core_inst/result_mem/g663228/ZN              -       I->ZN  F     invbdf        72 3334.1  1852  1358    7606    (-,-) 
  u_crypto_synth_top/u_top/u_rsa/core_inst/result_mem/g662433/ZN              -       I->ZN  R     invbdk       104 4600.5  1784 13303   20908    (-,-) 
  u_crypto_synth_top/u_top/u_rsa/core_inst/result_mem/g662370/ZN              -       I->ZN  F     invbd2        22  530.0  1890 26425   47333    (-,-) 
  u_crypto_synth_top/u_top/u_rsa/core_inst/result_mem/g662352/ZN              -       I->ZN  R     inv0d1         5   68.6  1033  1170   48504    (-,-) 
  u_crypto_synth_top/u_top/u_rsa/core_inst/result_mem/g651206/ZN              -       B1->ZN F     aoi22d1        1   10.7   526   269   48773    (-,-) 
  u_crypto_synth_top/u_top/u_rsa/core_inst/result_mem/g645101/Z               -       I0->Z  F     mx02d1         1   10.8   154   358   49131    (-,-) 
  u_crypto_synth_top/u_top/u_rsa/core_inst/result_mem/g641078/ZN              -       B1->ZN R     oai22d1        1   10.7   725   335   49466    (-,-) 
  u_crypto_synth_top/u_top/u_rsa/core_inst/result_mem/g640234/ZN              -       A->ZN  F     aoi221d1       1   10.8   591   143   49609    (-,-) 
  u_crypto_synth_top/u_top/u_rsa/core_inst/result_mem/g639964/ZN              -       B1->ZN R     oai22d1        1   10.5   770   424   50033    (-,-) 
  u_crypto_synth_top/u_top/u_rsa/core_inst/result_mem/g639427/ZN              -       C1->ZN F     aoi211d1       1   10.6   436   224   50257    (-,-) 
  u_crypto_synth_top/u_top/u_rsa/core_inst/result_mem/g639362/ZN              -       B->ZN  R     oai211d1       1    8.7   433   232   50489    (-,-) 
  u_crypto_synth_top/u_top/u_rsa/core_inst/result_mem/tmp_read_data0_reg[1]/D -       -      R     dfnrq1         1      -     -     0   50489    (-,-) 
#-------------------------------------------------------------------------------------------------------------------------------------------------------



Path 5: MET (4584 ps) Setup Check with Pin u_crypto_synth_top/u_top/u_rsa/core_inst/result_mem/tmp_read_data1_reg[9]/CP->D
          Group: R2R
     Startpoint: (R) u_crypto_synth_top/u_top/u_rsa/core_inst/result_mem/ptr_reg_reg[3]/CP
          Clock: (R) MAIN_CLK
       Endpoint: (F) u_crypto_synth_top/u_top/u_rsa/core_inst/result_mem/tmp_read_data1_reg[9]/D
          Clock: (R) MAIN_CLK

                     Capture       Launch     
        Clock Edge:+   58000            0     
       Src Latency:+     150          250     
       Net Latency:+       0 (I)        0 (I) 
           Arrival:=   58150          250     
                                              
             Setup:-     260                  
       Uncertainty:-    1450                  
       Path Adjust:+   -1500                  
     Required Time:=   54940                  
      Launch Clock:-     250                  
         Data Path:-   50106                  
             Slack:=    4584                  

Exceptions/Constraints:
  path_adjust            -1500            PA_C2C 

#-------------------------------------------------------------------------------------------------------------------------------------------------------
#                                Timing Point                                 Flags    Arc   Edge   Cell     Fanout  Load  Trans Delay Arrival Instance 
#                                                                                                                    (fF)   (ps)  (ps)   (ps)  Location 
#-------------------------------------------------------------------------------------------------------------------------------------------------------
  u_crypto_synth_top/u_top/u_rsa/core_inst/result_mem/ptr_reg_reg[3]/CP       -       -      R     (arrival)  19892      -     0     0     250    (-,-) 
  u_crypto_synth_top/u_top/u_rsa/core_inst/result_mem/ptr_reg_reg[3]/Q        -       CP->Q  F     dfcrq2         3   39.4   168   587     837    (-,-) 
  u_crypto_synth_top/u_top/u_rsa/core_inst/result_mem/g439563/ZN              -       I->ZN  R     inv0d2         4   89.5   551   294    1131    (-,-) 
  u_crypto_synth_top/u_top/u_rsa/core_inst/result_mem/g670799/ZN              -       I->ZN  F     inv0d2        13  355.6   894   540    1671    (-,-) 
  u_crypto_synth_top/u_top/u_rsa/core_inst/result_mem/g669386/ZN              -       I->ZN  R     invbdf        85 3786.2  1938  1151    2822    (-,-) 
  u_crypto_synth_top/u_top/u_rsa/core_inst/result_mem/g669146/ZN              -       I->ZN  F     invbdf       100 4346.8  2323 18051   20874    (-,-) 
  u_crypto_synth_top/u_top/u_rsa/core_inst/result_mem/g669145/ZN              -       I->ZN  R     inv0d4        24  634.8  1945 24642   45515    (-,-) 
  u_crypto_synth_top/u_top/u_rsa/core_inst/result_mem/g669125/ZN              -       I->ZN  F     invbd2        22  517.9  1867  1719   47234    (-,-) 
  u_crypto_synth_top/u_top/u_rsa/core_inst/result_mem/g647716/ZN              -       B1->ZN R     aoi22d1        1   10.7   520   774   48008    (-,-) 
  u_crypto_synth_top/u_top/u_rsa/core_inst/result_mem/g643496/ZN              -       B1->ZN F     oai22d1        1   10.2   508   175   48183    (-,-) 
  u_crypto_synth_top/u_top/u_rsa/core_inst/result_mem/g640244/ZN              -       C2->ZN R     aoi221d1       1   10.7   631   431   48614    (-,-) 
  u_crypto_synth_top/u_top/u_rsa/core_inst/result_mem/g639880/ZN              -       B1->ZN F     oai22d1        1   11.1   472   189   48804    (-,-) 
  u_crypto_synth_top/u_top/u_rsa/core_inst/result_mem/g639590/ZN              -       B1->ZN F     aoim31d1       1   10.7   445   395   49198    (-,-) 
  u_crypto_synth_top/u_top/u_rsa/core_inst/result_mem/g639556/ZN              -       A->ZN  R     oan211d1       1   11.0   828   273   49471    (-,-) 
  u_crypto_synth_top/u_top/u_rsa/core_inst/result_mem/g639463/ZN              -       A->ZN  F     aon211d1       1   10.3   432   263   49734    (-,-) 
  u_crypto_synth_top/u_top/u_rsa/core_inst/result_mem/g639394/ZN              -       A4->ZN R     nr04d1         1   10.2   850   434   50168    (-,-) 
  u_crypto_synth_top/u_top/u_rsa/core_inst/result_mem/g639341/ZN              -       A1->ZN F     nd02d1         1    8.8   282   188   50356    (-,-) 
  u_crypto_synth_top/u_top/u_rsa/core_inst/result_mem/tmp_read_data1_reg[9]/D -       -      F     dfnrq1         1      -     -     0   50356    (-,-) 
#-------------------------------------------------------------------------------------------------------------------------------------------------------



Path 6: MET (4584 ps) Setup Check with Pin u_crypto_synth_top/u_top/u_rsa/core_inst/result_mem/tmp_read_data1_reg[18]/CP->D
          Group: R2R
     Startpoint: (R) u_crypto_synth_top/u_top/u_rsa/core_inst/result_mem/ptr_reg_reg[3]/CP
          Clock: (R) MAIN_CLK
       Endpoint: (F) u_crypto_synth_top/u_top/u_rsa/core_inst/result_mem/tmp_read_data1_reg[18]/D
          Clock: (R) MAIN_CLK

                     Capture       Launch     
        Clock Edge:+   58000            0     
       Src Latency:+     150          250     
       Net Latency:+       0 (I)        0 (I) 
           Arrival:=   58150          250     
                                              
             Setup:-     260                  
       Uncertainty:-    1450                  
       Path Adjust:+   -1500                  
     Required Time:=   54940                  
      Launch Clock:-     250                  
         Data Path:-   50106                  
             Slack:=    4584                  

Exceptions/Constraints:
  path_adjust            -1500            PA_C2C 

#--------------------------------------------------------------------------------------------------------------------------------------------------------
#                                Timing Point                                  Flags    Arc   Edge   Cell     Fanout  Load  Trans Delay Arrival Instance 
#                                                                                                                     (fF)   (ps)  (ps)   (ps)  Location 
#--------------------------------------------------------------------------------------------------------------------------------------------------------
  u_crypto_synth_top/u_top/u_rsa/core_inst/result_mem/ptr_reg_reg[3]/CP        -       -      R     (arrival)  19892      -     0     0     250    (-,-) 
  u_crypto_synth_top/u_top/u_rsa/core_inst/result_mem/ptr_reg_reg[3]/Q         -       CP->Q  F     dfcrq2         3   39.4   168   587     837    (-,-) 
  u_crypto_synth_top/u_top/u_rsa/core_inst/result_mem/g439563/ZN               -       I->ZN  R     inv0d2         4   89.5   551   294    1131    (-,-) 
  u_crypto_synth_top/u_top/u_rsa/core_inst/result_mem/g670799/ZN               -       I->ZN  F     inv0d2        13  355.6   894   540    1671    (-,-) 
  u_crypto_synth_top/u_top/u_rsa/core_inst/result_mem/g669386/ZN               -       I->ZN  R     invbdf        85 3786.2  1938  1151    2822    (-,-) 
  u_crypto_synth_top/u_top/u_rsa/core_inst/result_mem/g669146/ZN               -       I->ZN  F     invbdf       100 4346.8  2323 18051   20874    (-,-) 
  u_crypto_synth_top/u_top/u_rsa/core_inst/result_mem/g669145/ZN               -       I->ZN  R     inv0d4        24  634.8  1945 24642   45515    (-,-) 
  u_crypto_synth_top/u_top/u_rsa/core_inst/result_mem/g669125/ZN               -       I->ZN  F     invbd2        22  517.9  1867  1719   47234    (-,-) 
  u_crypto_synth_top/u_top/u_rsa/core_inst/result_mem/g648834/ZN               -       B1->ZN R     aoi22d1        1   10.7   520   774   48008    (-,-) 
  u_crypto_synth_top/u_top/u_rsa/core_inst/result_mem/g644007/ZN               -       B1->ZN F     oai22d1        1   10.2   508   175   48183    (-,-) 
  u_crypto_synth_top/u_top/u_rsa/core_inst/result_mem/g640294/ZN               -       C2->ZN R     aoi221d1       1   10.7   631   431   48614    (-,-) 
  u_crypto_synth_top/u_top/u_rsa/core_inst/result_mem/g639894/ZN               -       B1->ZN F     oai22d1        1   11.1   472   189   48804    (-,-) 
  u_crypto_synth_top/u_top/u_rsa/core_inst/result_mem/g639597/ZN               -       B1->ZN F     aoim31d1       1   10.7   445   395   49198    (-,-) 
  u_crypto_synth_top/u_top/u_rsa/core_inst/result_mem/g639561/ZN               -       A->ZN  R     oan211d1       1   11.0   828   273   49471    (-,-) 
  u_crypto_synth_top/u_top/u_rsa/core_inst/result_mem/g639467/ZN               -       A->ZN  F     aon211d1       1   10.3   432   263   49734    (-,-) 
  u_crypto_synth_top/u_top/u_rsa/core_inst/result_mem/g639399/ZN               -       A4->ZN R     nr04d1         1   10.2   850   434   50168    (-,-) 
  u_crypto_synth_top/u_top/u_rsa/core_inst/result_mem/g639350/ZN               -       A1->ZN F     nd02d1         1    8.8   282   188   50356    (-,-) 
  u_crypto_synth_top/u_top/u_rsa/core_inst/result_mem/tmp_read_data1_reg[18]/D -       -      F     dfnrq1         1      -     -     0   50356    (-,-) 
#--------------------------------------------------------------------------------------------------------------------------------------------------------



Path 7: MET (4591 ps) Setup Check with Pin u_crypto_synth_top/u_top/u_rsa/core_inst/result_mem/tmp_read_data1_reg[23]/CP->D
          Group: R2R
     Startpoint: (R) u_crypto_synth_top/u_top/u_rsa/core_inst/result_mem/ptr_reg_reg[3]/CP
          Clock: (R) MAIN_CLK
       Endpoint: (F) u_crypto_synth_top/u_top/u_rsa/core_inst/result_mem/tmp_read_data1_reg[23]/D
          Clock: (R) MAIN_CLK

                     Capture       Launch     
        Clock Edge:+   58000            0     
       Src Latency:+     150          250     
       Net Latency:+       0 (I)        0 (I) 
           Arrival:=   58150          250     
                                              
             Setup:-     260                  
       Uncertainty:-    1450                  
       Path Adjust:+   -1500                  
     Required Time:=   54940                  
      Launch Clock:-     250                  
         Data Path:-   50099                  
             Slack:=    4591                  

Exceptions/Constraints:
  path_adjust            -1500            PA_C2C 

#--------------------------------------------------------------------------------------------------------------------------------------------------------
#                                Timing Point                                  Flags    Arc   Edge   Cell     Fanout  Load  Trans Delay Arrival Instance 
#                                                                                                                     (fF)   (ps)  (ps)   (ps)  Location 
#--------------------------------------------------------------------------------------------------------------------------------------------------------
  u_crypto_synth_top/u_top/u_rsa/core_inst/result_mem/ptr_reg_reg[3]/CP        -       -      R     (arrival)  19892      -     0     0     250    (-,-) 
  u_crypto_synth_top/u_top/u_rsa/core_inst/result_mem/ptr_reg_reg[3]/Q         -       CP->Q  F     dfcrq2         3   39.4   168   587     837    (-,-) 
  u_crypto_synth_top/u_top/u_rsa/core_inst/result_mem/g439563/ZN               -       I->ZN  R     inv0d2         4   89.5   551   294    1131    (-,-) 
  u_crypto_synth_top/u_top/u_rsa/core_inst/result_mem/g670799/ZN               -       I->ZN  F     inv0d2        13  355.6   894   540    1671    (-,-) 
  u_crypto_synth_top/u_top/u_rsa/core_inst/result_mem/g669386/ZN               -       I->ZN  R     invbdf        85 3786.2  1938  1151    2822    (-,-) 
  u_crypto_synth_top/u_top/u_rsa/core_inst/result_mem/g669146/ZN               -       I->ZN  F     invbdf       100 4346.8  2323 18051   20874    (-,-) 
  u_crypto_synth_top/u_top/u_rsa/core_inst/result_mem/g669145/ZN               -       I->ZN  R     inv0d4        24  634.8  1945 24642   45515    (-,-) 
  u_crypto_synth_top/u_top/u_rsa/core_inst/result_mem/g669125/ZN               -       I->ZN  F     invbd2        22  517.9  1867  1719   47234    (-,-) 
  u_crypto_synth_top/u_top/u_rsa/core_inst/result_mem/g649357/ZN               -       B1->ZN R     aoi22d1        1   10.7   520   774   48008    (-,-) 
  u_crypto_synth_top/u_top/u_rsa/core_inst/result_mem/g644278/ZN               -       B1->ZN F     oai22d1        1   10.2   454   175   48183    (-,-) 
  u_crypto_synth_top/u_top/u_rsa/core_inst/result_mem/g640329/ZN               -       C2->ZN R     aoi221d1       1   10.7   631   424   48606    (-,-) 
  u_crypto_synth_top/u_top/u_rsa/core_inst/result_mem/g639899/ZN               -       B1->ZN F     oai22d1        1   11.1   472   189   48796    (-,-) 
  u_crypto_synth_top/u_top/u_rsa/core_inst/result_mem/g639600/ZN               -       B1->ZN F     aoim31d1       1   10.7   445   395   49190    (-,-) 
  u_crypto_synth_top/u_top/u_rsa/core_inst/result_mem/g639563/ZN               -       A->ZN  R     oan211d1       1   11.0   828   273   49463    (-,-) 
  u_crypto_synth_top/u_top/u_rsa/core_inst/result_mem/g639470/ZN               -       A->ZN  F     aon211d1       1   10.3   432   263   49726    (-,-) 
  u_crypto_synth_top/u_top/u_rsa/core_inst/result_mem/g639400/ZN               -       A4->ZN R     nr04d1         1   10.2   850   434   50160    (-,-) 
  u_crypto_synth_top/u_top/u_rsa/core_inst/result_mem/g639352/ZN               -       A1->ZN F     nd02d1         1    8.8   282   188   50348    (-,-) 
  u_crypto_synth_top/u_top/u_rsa/core_inst/result_mem/tmp_read_data1_reg[23]/D -       -      F     dfnrq1         1      -     -     0   50349    (-,-) 
#--------------------------------------------------------------------------------------------------------------------------------------------------------



Path 8: MET (4628 ps) Setup Check with Pin u_crypto_synth_top/u_top/u_rsa/core_inst/result_mem/tmp_read_data0_reg[14]/CP->D
          Group: R2R
     Startpoint: (R) u_crypto_synth_top/u_top/u_rsa/modulus_length_reg_reg[0]/CP
          Clock: (R) MAIN_CLK
       Endpoint: (F) u_crypto_synth_top/u_top/u_rsa/core_inst/result_mem/tmp_read_data0_reg[14]/D
          Clock: (R) MAIN_CLK

                     Capture       Launch     
        Clock Edge:+   58000            0     
       Src Latency:+     150          250     
       Net Latency:+       0 (I)        0 (I) 
           Arrival:=   58150          250     
                                              
             Setup:-     312                  
       Uncertainty:-    1450                  
       Path Adjust:+   -1500                  
     Required Time:=   54888                  
      Launch Clock:-     250                  
         Data Path:-   50010                  
             Slack:=    4628                  

Exceptions/Constraints:
  path_adjust            -1500            PA_C2C 

#--------------------------------------------------------------------------------------------------------------------------------------------------------
#                                Timing Point                                  Flags    Arc   Edge   Cell     Fanout  Load  Trans Delay Arrival Instance 
#                                                                                                                     (fF)   (ps)  (ps)   (ps)  Location 
#--------------------------------------------------------------------------------------------------------------------------------------------------------
  u_crypto_synth_top/u_top/u_rsa/modulus_length_reg_reg[0]/CP                  -       -      R     (arrival)  19892      -     0     0     250    (-,-) 
  u_crypto_synth_top/u_top/u_rsa/modulus_length_reg_reg[0]/Q                   -       CP->Q  F     sdcrq4        25  662.2  1301  1143    1393    (-,-) 
  u_crypto_synth_top/u_top/u_rsa/core_inst/montprod_inst/g4779/ZN              -       A2->ZN R     nr03d0         3   27.9  2586  2006    3399    (-,-) 
  u_crypto_synth_top/u_top/u_rsa/core_inst/montprod_inst/g4767/Z               -       A->Z   R     aor21d1        3   28.3   378   292    3690    (-,-) 
  u_crypto_synth_top/u_top/u_rsa/core_inst/montprod_inst/g4760/Z               -       A1->Z  R     aor22d4       25  832.9  2257  1261    4952    (-,-) 
  u_crypto_synth_top/u_top/u_rsa/core_inst/result_mem/g659590/ZN               -       I->ZN  F     inv0d4        22  614.0  1069  1441    6393    (-,-) 
  u_crypto_synth_top/u_top/u_rsa/core_inst/result_mem/g659589/ZN               -       I->ZN  R     inv0d4        29 1009.1  2969  1942    8335    (-,-) 
  u_crypto_synth_top/u_top/u_rsa/core_inst/result_mem/g659099/ZN               -       I->ZN  F     invbdk       108 4843.8  2063  2553   10888    (-,-) 
  u_crypto_synth_top/u_top/u_rsa/core_inst/result_mem/g659022/ZN               -       I->ZN  R     inv0da        58 2301.0  2663 29649   40537    (-,-) 
  u_crypto_synth_top/u_top/u_rsa/core_inst/result_mem/g658984/ZN               -       I->ZN  F     inv0d2        15  274.0  1116  7105   47642    (-,-) 
  u_crypto_synth_top/u_top/u_rsa/core_inst/result_mem/g659013/ZN               -       I->ZN  R     inv0d2        17  302.5  1794  1145   48787    (-,-) 
  u_crypto_synth_top/u_top/u_rsa/core_inst/result_mem/g645083/ZN               -       A2->ZN F     oai22d1        1   10.0   416   346   49133    (-,-) 
  u_crypto_synth_top/u_top/u_rsa/core_inst/result_mem/g641493/ZN               -       B1->ZN R     aoi22d1        1   11.2   613   283   49416    (-,-) 
  u_crypto_synth_top/u_top/u_rsa/core_inst/result_mem/g639992/ZN               -       C2->ZN F     aon211d1       1   11.0   408   245   49661    (-,-) 
  u_crypto_synth_top/u_top/u_rsa/core_inst/result_mem/g639430/ZN               -       B->ZN  R     aoi211d1       1   10.8   778   357   50019    (-,-) 
  u_crypto_synth_top/u_top/u_rsa/core_inst/result_mem/g639322/ZN               -       B->ZN  F     oai211d1       1    8.8   484   242   50260    (-,-) 
  u_crypto_synth_top/u_top/u_rsa/core_inst/result_mem/tmp_read_data0_reg[14]/D -       -      F     dfnrq1         1      -     -     0   50260    (-,-) 
#--------------------------------------------------------------------------------------------------------------------------------------------------------



Path 9: MET (4639 ps) Setup Check with Pin u_crypto_synth_top/u_top/u_rsa/core_inst/result_mem/tmp_read_data1_reg[3]/CP->D
          Group: R2R
     Startpoint: (R) u_crypto_synth_top/u_top/u_rsa/core_inst/result_mem/ptr_reg_reg[3]/CP
          Clock: (R) MAIN_CLK
       Endpoint: (F) u_crypto_synth_top/u_top/u_rsa/core_inst/result_mem/tmp_read_data1_reg[3]/D
          Clock: (R) MAIN_CLK

                     Capture       Launch     
        Clock Edge:+   58000            0     
       Src Latency:+     150          250     
       Net Latency:+       0 (I)        0 (I) 
           Arrival:=   58150          250     
                                              
             Setup:-     260                  
       Uncertainty:-    1450                  
       Path Adjust:+   -1500                  
     Required Time:=   54940                  
      Launch Clock:-     250                  
         Data Path:-   50051                  
             Slack:=    4639                  

Exceptions/Constraints:
  path_adjust            -1500            PA_C2C 

#-------------------------------------------------------------------------------------------------------------------------------------------------------
#                                Timing Point                                 Flags    Arc   Edge   Cell     Fanout  Load  Trans Delay Arrival Instance 
#                                                                                                                    (fF)   (ps)  (ps)   (ps)  Location 
#-------------------------------------------------------------------------------------------------------------------------------------------------------
  u_crypto_synth_top/u_top/u_rsa/core_inst/result_mem/ptr_reg_reg[3]/CP       -       -      R     (arrival)  19892      -     0     0     250    (-,-) 
  u_crypto_synth_top/u_top/u_rsa/core_inst/result_mem/ptr_reg_reg[3]/Q        -       CP->Q  F     dfcrq2         3   39.4   168   587     837    (-,-) 
  u_crypto_synth_top/u_top/u_rsa/core_inst/result_mem/g439563/ZN              -       I->ZN  R     inv0d2         4   89.5   551   294    1131    (-,-) 
  u_crypto_synth_top/u_top/u_rsa/core_inst/result_mem/g670799/ZN              -       I->ZN  F     inv0d2        13  355.6   894   540    1671    (-,-) 
  u_crypto_synth_top/u_top/u_rsa/core_inst/result_mem/g669386/ZN              -       I->ZN  R     invbdf        85 3786.2  1938  1151    2822    (-,-) 
  u_crypto_synth_top/u_top/u_rsa/core_inst/result_mem/g669146/ZN              -       I->ZN  F     invbdf       100 4346.8  2323 18051   20874    (-,-) 
  u_crypto_synth_top/u_top/u_rsa/core_inst/result_mem/g669145/ZN              -       I->ZN  R     inv0d4        24  634.8  1945 24642   45515    (-,-) 
  u_crypto_synth_top/u_top/u_rsa/core_inst/result_mem/g669125/ZN              -       I->ZN  F     invbd2        22  517.9  1867  1719   47234    (-,-) 
  u_crypto_synth_top/u_top/u_rsa/core_inst/result_mem/g646901/ZN              -       B1->ZN R     aoi22d1        1   10.7   520   774   48008    (-,-) 
  u_crypto_synth_top/u_top/u_rsa/core_inst/result_mem/g643168/ZN              -       B1->ZN F     oai22d1        1   10.2   480   175   48183    (-,-) 
  u_crypto_synth_top/u_top/u_rsa/core_inst/result_mem/g640201/ZN              -       C2->ZN R     aoi221d1       1   10.7   631   427   48610    (-,-) 
  u_crypto_synth_top/u_top/u_rsa/core_inst/result_mem/g639871/ZN              -       B1->ZN F     oai22d1        1   11.1   472   189   48800    (-,-) 
  u_crypto_synth_top/u_top/u_rsa/core_inst/result_mem/g639587/ZN              -       B1->ZN F     aoim31d1       1   10.7   300   395   49194    (-,-) 
  u_crypto_synth_top/u_top/u_rsa/core_inst/result_mem/g639549/ZN              -       A->ZN  R     oan211d1       1   11.0   828   240   49434    (-,-) 
  u_crypto_synth_top/u_top/u_rsa/core_inst/result_mem/g639472/ZN              -       A->ZN  F     aon211d1       1   10.3   340   263   49697    (-,-) 
  u_crypto_synth_top/u_top/u_rsa/core_inst/result_mem/g639384/ZN              -       A4->ZN R     nr04d1         1   10.2   849   416   50113    (-,-) 
  u_crypto_synth_top/u_top/u_rsa/core_inst/result_mem/g639337/ZN              -       A1->ZN F     nd02d1         1    8.8   282   188   50301    (-,-) 
  u_crypto_synth_top/u_top/u_rsa/core_inst/result_mem/tmp_read_data1_reg[3]/D -       -      F     dfnrq1         1      -     -     0   50301    (-,-) 
#-------------------------------------------------------------------------------------------------------------------------------------------------------



Path 10: MET (4644 ps) Setup Check with Pin u_crypto_synth_top/u_top/u_rsa/core_inst/result_mem/tmp_read_data0_reg[25]/CP->D
          Group: R2R
     Startpoint: (R) u_crypto_synth_top/u_top/u_rsa/modulus_length_reg_reg[0]/CP
          Clock: (R) MAIN_CLK
       Endpoint: (F) u_crypto_synth_top/u_top/u_rsa/core_inst/result_mem/tmp_read_data0_reg[25]/D
          Clock: (R) MAIN_CLK

                     Capture       Launch     
        Clock Edge:+   58000            0     
       Src Latency:+     150          250     
       Net Latency:+       0 (I)        0 (I) 
           Arrival:=   58150          250     
                                              
             Setup:-     291                  
       Uncertainty:-    1450                  
       Path Adjust:+   -1500                  
     Required Time:=   54909                  
      Launch Clock:-     250                  
         Data Path:-   50016                  
             Slack:=    4644                  

Exceptions/Constraints:
  path_adjust            -1500            PA_C2C 

#--------------------------------------------------------------------------------------------------------------------------------------------------------
#                                Timing Point                                  Flags    Arc   Edge   Cell     Fanout  Load  Trans Delay Arrival Instance 
#                                                                                                                     (fF)   (ps)  (ps)   (ps)  Location 
#--------------------------------------------------------------------------------------------------------------------------------------------------------
  u_crypto_synth_top/u_top/u_rsa/modulus_length_reg_reg[0]/CP                  -       -      R     (arrival)  19892      -     0     0     250    (-,-) 
  u_crypto_synth_top/u_top/u_rsa/modulus_length_reg_reg[0]/Q                   -       CP->Q  F     sdcrq4        25  662.2  1301  1143    1393    (-,-) 
  u_crypto_synth_top/u_top/u_rsa/core_inst/montprod_inst/g4779/ZN              -       A2->ZN R     nr03d0         3   27.9  2586  2006    3399    (-,-) 
  u_crypto_synth_top/u_top/u_rsa/core_inst/montprod_inst/g4767/Z               -       A->Z   R     aor21d1        3   28.3   378   292    3690    (-,-) 
  u_crypto_synth_top/u_top/u_rsa/core_inst/montprod_inst/g4760/Z               -       A1->Z  R     aor22d4       25  832.9  2257  1261    4952    (-,-) 
  u_crypto_synth_top/u_top/u_rsa/core_inst/result_mem/g659590/ZN               -       I->ZN  F     inv0d4        22  614.0  1069  1441    6393    (-,-) 
  u_crypto_synth_top/u_top/u_rsa/core_inst/result_mem/g659589/ZN               -       I->ZN  R     inv0d4        29 1009.1  2969  1942    8335    (-,-) 
  u_crypto_synth_top/u_top/u_rsa/core_inst/result_mem/g659099/ZN               -       I->ZN  F     invbdk       108 4843.8  2063  2553   10888    (-,-) 
  u_crypto_synth_top/u_top/u_rsa/core_inst/result_mem/g659022/ZN               -       I->ZN  R     inv0da        58 2301.0  2663 29649   40537    (-,-) 
  u_crypto_synth_top/u_top/u_rsa/core_inst/result_mem/g658984/ZN               -       I->ZN  F     inv0d2        15  274.0  1116  7105   47642    (-,-) 
  u_crypto_synth_top/u_top/u_rsa/core_inst/result_mem/g659013/ZN               -       I->ZN  R     inv0d2        17  302.5  1794  1145   48787    (-,-) 
  u_crypto_synth_top/u_top/u_rsa/core_inst/result_mem/g645979/ZN               -       A2->ZN F     oai22d1        1   10.0   416   346   49133    (-,-) 
  u_crypto_synth_top/u_top/u_rsa/core_inst/result_mem/g642011/ZN               -       B1->ZN R     aoi22d1        1   11.2   613   283   49416    (-,-) 
  u_crypto_synth_top/u_top/u_rsa/core_inst/result_mem/g639994/ZN               -       C2->ZN F     aon211d1       1   11.0   408   245   49661    (-,-) 
  u_crypto_synth_top/u_top/u_rsa/core_inst/result_mem/g639436/ZN               -       B->ZN  R     aoi211d1       1   10.8   854   357   50019    (-,-) 
  u_crypto_synth_top/u_top/u_rsa/core_inst/result_mem/g639309/ZN               -       B->ZN  F     oai211d1       1    8.8   402   247   50266    (-,-) 
  u_crypto_synth_top/u_top/u_rsa/core_inst/result_mem/tmp_read_data0_reg[25]/D -       -      F     dfnrq1         1      -     -     0   50266    (-,-) 
#--------------------------------------------------------------------------------------------------------------------------------------------------------



Path 11: MET (4646 ps) Setup Check with Pin u_crypto_synth_top/u_top/u_rsa/core_inst/result_mem/tmp_read_data1_reg[2]/CP->D
          Group: R2R
     Startpoint: (R) u_crypto_synth_top/u_top/u_rsa/core_inst/result_mem/ptr_reg_reg[3]/CP
          Clock: (R) MAIN_CLK
       Endpoint: (F) u_crypto_synth_top/u_top/u_rsa/core_inst/result_mem/tmp_read_data1_reg[2]/D
          Clock: (R) MAIN_CLK

                     Capture       Launch     
        Clock Edge:+   58000            0     
       Src Latency:+     150          250     
       Net Latency:+       0 (I)        0 (I) 
           Arrival:=   58150          250     
                                              
             Setup:-     295                  
       Uncertainty:-    1450                  
       Path Adjust:+   -1500                  
     Required Time:=   54905                  
      Launch Clock:-     250                  
         Data Path:-   50008                  
             Slack:=    4646                  

Exceptions/Constraints:
  path_adjust            -1500            PA_C2C 

#-------------------------------------------------------------------------------------------------------------------------------------------------------
#                                Timing Point                                 Flags    Arc   Edge   Cell     Fanout  Load  Trans Delay Arrival Instance 
#                                                                                                                    (fF)   (ps)  (ps)   (ps)  Location 
#-------------------------------------------------------------------------------------------------------------------------------------------------------
  u_crypto_synth_top/u_top/u_rsa/core_inst/result_mem/ptr_reg_reg[3]/CP       -       -      R     (arrival)  19892      -     0     0     250    (-,-) 
  u_crypto_synth_top/u_top/u_rsa/core_inst/result_mem/ptr_reg_reg[3]/Q        -       CP->Q  F     dfcrq2         3   39.4   168   587     837    (-,-) 
  u_crypto_synth_top/u_top/u_rsa/core_inst/result_mem/g439563/ZN              -       I->ZN  R     inv0d2         4   89.5   551   294    1131    (-,-) 
  u_crypto_synth_top/u_top/u_rsa/core_inst/result_mem/g670799/ZN              -       I->ZN  F     inv0d2        13  355.6   894   540    1671    (-,-) 
  u_crypto_synth_top/u_top/u_rsa/core_inst/result_mem/g669386/ZN              -       I->ZN  R     invbdf        85 3786.2  1938  1151    2822    (-,-) 
  u_crypto_synth_top/u_top/u_rsa/core_inst/result_mem/g669146/ZN              -       I->ZN  F     invbdf       100 4346.8  2323 18051   20874    (-,-) 
  u_crypto_synth_top/u_top/u_rsa/core_inst/result_mem/g669042/ZN              -       I->ZN  R     inv0d4        31  974.6  2894 25071   45945    (-,-) 
  u_crypto_synth_top/u_top/u_rsa/core_inst/result_mem/g669040/ZN              -       I->ZN  F     inv0d1         6   78.0   962  1746   47690    (-,-) 
  u_crypto_synth_top/u_top/u_rsa/core_inst/result_mem/g646765/ZN              -       B1->ZN R     aoi22d1        1   10.9   472   369   48060    (-,-) 
  u_crypto_synth_top/u_top/u_rsa/core_inst/result_mem/g643112/Z               -       I0->Z  R     mx02d1         1   10.7   234   275   48335    (-,-) 
  u_crypto_synth_top/u_top/u_rsa/core_inst/result_mem/g641352/ZN              -       B1->ZN F     oai22d1        1   10.7   510   144   48479    (-,-) 
  u_crypto_synth_top/u_top/u_rsa/core_inst/result_mem/g640198/ZN              -       A->ZN  R     aoi221d1       1   10.7   688   286   48764    (-,-) 
  u_crypto_synth_top/u_top/u_rsa/core_inst/result_mem/g639870/ZN              -       B1->ZN F     oai22d1        1   10.6   466   192   48956    (-,-) 
  u_crypto_synth_top/u_top/u_rsa/core_inst/result_mem/g639665/ZN              -       A->ZN  R     aoi211d1       1   10.5   771   325   49281    (-,-) 
  u_crypto_synth_top/u_top/u_rsa/core_inst/result_mem/g639492/ZN              -       A1->ZN F     oai222d1       1   10.3   499   269   49550    (-,-) 
  u_crypto_synth_top/u_top/u_rsa/core_inst/result_mem/g639368/ZN              -       A4->ZN R     nr04d1         1   10.4   860   453   50003    (-,-) 
  u_crypto_synth_top/u_top/u_rsa/core_inst/result_mem/g639313/ZN              -       A->ZN  F     oai221d1       1    8.8   418   256   50258    (-,-) 
  u_crypto_synth_top/u_top/u_rsa/core_inst/result_mem/tmp_read_data1_reg[2]/D -       -      F     dfnrq1         1      -     -     0   50258    (-,-) 
#-------------------------------------------------------------------------------------------------------------------------------------------------------



Path 12: MET (4649 ps) Setup Check with Pin u_crypto_synth_top/u_top/u_rsa/core_inst/result_mem/tmp_read_data0_reg[5]/CP->D
          Group: R2R
     Startpoint: (R) u_crypto_synth_top/u_top/u_rsa/modulus_length_reg_reg[0]/CP
          Clock: (R) MAIN_CLK
       Endpoint: (F) u_crypto_synth_top/u_top/u_rsa/core_inst/result_mem/tmp_read_data0_reg[5]/D
          Clock: (R) MAIN_CLK

                     Capture       Launch     
        Clock Edge:+   58000            0     
       Src Latency:+     150          250     
       Net Latency:+       0 (I)        0 (I) 
           Arrival:=   58150          250     
                                              
             Setup:-     291                  
       Uncertainty:-    1450                  
       Path Adjust:+   -1500                  
     Required Time:=   54909                  
      Launch Clock:-     250                  
         Data Path:-   50010                  
             Slack:=    4649                  

Exceptions/Constraints:
  path_adjust            -1500            PA_C2C 

#-------------------------------------------------------------------------------------------------------------------------------------------------------
#                                Timing Point                                 Flags    Arc   Edge   Cell     Fanout  Load  Trans Delay Arrival Instance 
#                                                                                                                    (fF)   (ps)  (ps)   (ps)  Location 
#-------------------------------------------------------------------------------------------------------------------------------------------------------
  u_crypto_synth_top/u_top/u_rsa/modulus_length_reg_reg[0]/CP                 -       -      R     (arrival)  19892      -     0     0     250    (-,-) 
  u_crypto_synth_top/u_top/u_rsa/modulus_length_reg_reg[0]/Q                  -       CP->Q  F     sdcrq4        25  662.2  1301  1143    1393    (-,-) 
  u_crypto_synth_top/u_top/u_rsa/core_inst/montprod_inst/g4779/ZN             -       A2->ZN R     nr03d0         3   27.9  2586  2006    3399    (-,-) 
  u_crypto_synth_top/u_top/u_rsa/core_inst/montprod_inst/g4767/Z              -       A->Z   R     aor21d1        3   28.3   378   292    3690    (-,-) 
  u_crypto_synth_top/u_top/u_rsa/core_inst/montprod_inst/g4760/Z              -       A1->Z  R     aor22d4       25  832.9  2257  1261    4952    (-,-) 
  u_crypto_synth_top/u_top/u_rsa/core_inst/result_mem/g659590/ZN              -       I->ZN  F     inv0d4        22  614.0  1069  1441    6393    (-,-) 
  u_crypto_synth_top/u_top/u_rsa/core_inst/result_mem/g659589/ZN              -       I->ZN  R     inv0d4        29 1009.1  2969  1942    8335    (-,-) 
  u_crypto_synth_top/u_top/u_rsa/core_inst/result_mem/g659099/ZN              -       I->ZN  F     invbdk       108 4843.8  2063  2553   10888    (-,-) 
  u_crypto_synth_top/u_top/u_rsa/core_inst/result_mem/g659022/ZN              -       I->ZN  R     inv0da        58 2301.0  2663 29649   40537    (-,-) 
  u_crypto_synth_top/u_top/u_rsa/core_inst/result_mem/g658984/ZN              -       I->ZN  F     inv0d2        15  274.0  1116  7105   47642    (-,-) 
  u_crypto_synth_top/u_top/u_rsa/core_inst/result_mem/g659013/ZN              -       I->ZN  R     inv0d2        17  302.5  1794  1145   48787    (-,-) 
  u_crypto_synth_top/u_top/u_rsa/core_inst/result_mem/g645734/ZN              -       A2->ZN F     oai22d1        1   10.0   416   346   49133    (-,-) 
  u_crypto_synth_top/u_top/u_rsa/core_inst/result_mem/g641855/ZN              -       B1->ZN R     aoi22d1        1   11.2   613   283   49416    (-,-) 
  u_crypto_synth_top/u_top/u_rsa/core_inst/result_mem/g639993/ZN              -       C2->ZN F     aon211d1       1   11.0   408   245   49661    (-,-) 
  u_crypto_synth_top/u_top/u_rsa/core_inst/result_mem/g639431/ZN              -       B->ZN  R     aoi211d1       1   10.8   778   357   50019    (-,-) 
  u_crypto_synth_top/u_top/u_rsa/core_inst/result_mem/g639321/ZN              -       B->ZN  F     oai211d1       1    8.8   402   242   50260    (-,-) 
  u_crypto_synth_top/u_top/u_rsa/core_inst/result_mem/tmp_read_data0_reg[5]/D -       -      F     dfnrq1         1      -     -     0   50260    (-,-) 
#-------------------------------------------------------------------------------------------------------------------------------------------------------



Path 13: MET (4656 ps) Setup Check with Pin u_crypto_synth_top/u_top/u_rsa/core_inst/result_mem/tmp_read_data1_reg[5]/CP->D
          Group: R2R
     Startpoint: (R) u_crypto_synth_top/u_top/u_rsa/core_inst/result_mem/ptr_reg_reg[3]/CP
          Clock: (R) MAIN_CLK
       Endpoint: (F) u_crypto_synth_top/u_top/u_rsa/core_inst/result_mem/tmp_read_data1_reg[5]/D
          Clock: (R) MAIN_CLK

                     Capture       Launch     
        Clock Edge:+   58000            0     
       Src Latency:+     150          250     
       Net Latency:+       0 (I)        0 (I) 
           Arrival:=   58150          250     
                                              
             Setup:-     291                  
       Uncertainty:-    1450                  
       Path Adjust:+   -1500                  
     Required Time:=   54909                  
      Launch Clock:-     250                  
         Data Path:-   50003                  
             Slack:=    4656                  

Exceptions/Constraints:
  path_adjust            -1500            PA_C2C 

#-------------------------------------------------------------------------------------------------------------------------------------------------------
#                                Timing Point                                 Flags    Arc   Edge   Cell     Fanout  Load  Trans Delay Arrival Instance 
#                                                                                                                    (fF)   (ps)  (ps)   (ps)  Location 
#-------------------------------------------------------------------------------------------------------------------------------------------------------
  u_crypto_synth_top/u_top/u_rsa/core_inst/result_mem/ptr_reg_reg[3]/CP       -       -      R     (arrival)  19892      -     0     0     250    (-,-) 
  u_crypto_synth_top/u_top/u_rsa/core_inst/result_mem/ptr_reg_reg[3]/Q        -       CP->Q  F     dfcrq2         3   39.4   168   587     837    (-,-) 
  u_crypto_synth_top/u_top/u_rsa/core_inst/result_mem/g439563/ZN              -       I->ZN  R     inv0d2         4   89.5   551   294    1131    (-,-) 
  u_crypto_synth_top/u_top/u_rsa/core_inst/result_mem/g670799/ZN              -       I->ZN  F     inv0d2        13  355.6   894   540    1671    (-,-) 
  u_crypto_synth_top/u_top/u_rsa/core_inst/result_mem/g669386/ZN              -       I->ZN  R     invbdf        85 3786.2  1938  1151    2822    (-,-) 
  u_crypto_synth_top/u_top/u_rsa/core_inst/result_mem/g669146/ZN              -       I->ZN  F     invbdf       100 4346.8  2323 18051   20874    (-,-) 
  u_crypto_synth_top/u_top/u_rsa/core_inst/result_mem/g669042/ZN              -       I->ZN  R     inv0d4        31  974.6  2894 25071   45945    (-,-) 
  u_crypto_synth_top/u_top/u_rsa/core_inst/result_mem/g669040/ZN              -       I->ZN  F     inv0d1         6   78.0   962  1746   47690    (-,-) 
  u_crypto_synth_top/u_top/u_rsa/core_inst/result_mem/g647178/ZN              -       B1->ZN R     aoi22d1        1   10.9   472   369   48060    (-,-) 
  u_crypto_synth_top/u_top/u_rsa/core_inst/result_mem/g643278/Z               -       I0->Z  R     mx02d1         1   10.7   234   275   48335    (-,-) 
  u_crypto_synth_top/u_top/u_rsa/core_inst/result_mem/g641271/ZN              -       B1->ZN F     oai22d1        1   10.7   510   144   48479    (-,-) 
  u_crypto_synth_top/u_top/u_rsa/core_inst/result_mem/g640215/ZN              -       A->ZN  R     aoi221d1       1   10.7   623   286   48764    (-,-) 
  u_crypto_synth_top/u_top/u_rsa/core_inst/result_mem/g639874/ZN              -       B1->ZN F     oai22d1        1   10.6   466   186   48950    (-,-) 
  u_crypto_synth_top/u_top/u_rsa/core_inst/result_mem/g639675/ZN              -       A->ZN  R     aoi211d1       1   10.5   771   325   49276    (-,-) 
  u_crypto_synth_top/u_top/u_rsa/core_inst/result_mem/g639479/ZN              -       A1->ZN F     oai222d1       1   10.3   499   269   49545    (-,-) 
  u_crypto_synth_top/u_top/u_rsa/core_inst/result_mem/g639369/ZN              -       A4->ZN R     nr04d1         1   10.4   859   453   49997    (-,-) 
  u_crypto_synth_top/u_top/u_rsa/core_inst/result_mem/g639314/ZN              -       A->ZN  F     oai221d1       1    8.8   404   255   50253    (-,-) 
  u_crypto_synth_top/u_top/u_rsa/core_inst/result_mem/tmp_read_data1_reg[5]/D -       -      F     dfnrq1         1      -     -     0   50253    (-,-) 
#-------------------------------------------------------------------------------------------------------------------------------------------------------



Path 14: MET (4660 ps) Setup Check with Pin u_crypto_synth_top/u_top/u_rsa/core_inst/result_mem/tmp_read_data0_reg[28]/CP->D
          Group: R2R
     Startpoint: (R) u_crypto_synth_top/u_top/u_rsa/modulus_length_reg_reg[0]/CP
          Clock: (R) MAIN_CLK
       Endpoint: (F) u_crypto_synth_top/u_top/u_rsa/core_inst/result_mem/tmp_read_data0_reg[28]/D
          Clock: (R) MAIN_CLK

                     Capture       Launch     
        Clock Edge:+   58000            0     
       Src Latency:+     150          250     
       Net Latency:+       0 (I)        0 (I) 
           Arrival:=   58150          250     
                                              
             Setup:-     270                  
       Uncertainty:-    1450                  
       Path Adjust:+   -1500                  
     Required Time:=   54930                  
      Launch Clock:-     250                  
         Data Path:-   50019                  
             Slack:=    4660                  

Exceptions/Constraints:
  path_adjust            -1500            PA_C2C 

#--------------------------------------------------------------------------------------------------------------------------------------------------------
#                                Timing Point                                  Flags    Arc   Edge   Cell     Fanout  Load  Trans Delay Arrival Instance 
#                                                                                                                     (fF)   (ps)  (ps)   (ps)  Location 
#--------------------------------------------------------------------------------------------------------------------------------------------------------
  u_crypto_synth_top/u_top/u_rsa/modulus_length_reg_reg[0]/CP                  -       -      R     (arrival)  19892      -     0     0     250    (-,-) 
  u_crypto_synth_top/u_top/u_rsa/modulus_length_reg_reg[0]/Q                   -       CP->Q  F     sdcrq4        25  662.2  1301  1143    1393    (-,-) 
  u_crypto_synth_top/u_top/u_rsa/core_inst/montprod_inst/g4779/ZN              -       A2->ZN R     nr03d0         3   27.9  2586  2006    3399    (-,-) 
  u_crypto_synth_top/u_top/u_rsa/core_inst/montprod_inst/g4767/Z               -       A->Z   R     aor21d1        3   28.3   378   292    3690    (-,-) 
  u_crypto_synth_top/u_top/u_rsa/core_inst/montprod_inst/g4760/Z               -       A1->Z  R     aor22d4       25  832.9  2257  1261    4952    (-,-) 
  u_crypto_synth_top/u_top/u_rsa/core_inst/result_mem/g659590/ZN               -       I->ZN  F     inv0d4        22  614.0  1069  1441    6393    (-,-) 
  u_crypto_synth_top/u_top/u_rsa/core_inst/result_mem/g659589/ZN               -       I->ZN  R     inv0d4        29 1009.1  2969  1942    8335    (-,-) 
  u_crypto_synth_top/u_top/u_rsa/core_inst/result_mem/g659099/ZN               -       I->ZN  F     invbdk       108 4843.8  2063  2553   10888    (-,-) 
  u_crypto_synth_top/u_top/u_rsa/core_inst/result_mem/g659022/ZN               -       I->ZN  R     inv0da        58 2301.0  2663 29649   40537    (-,-) 
  u_crypto_synth_top/u_top/u_rsa/core_inst/result_mem/g658984/ZN               -       I->ZN  F     inv0d2        15  274.0  1116  7105   47642    (-,-) 
  u_crypto_synth_top/u_top/u_rsa/core_inst/result_mem/g659013/ZN               -       I->ZN  R     inv0d2        17  302.5  1794  1145   48787    (-,-) 
  u_crypto_synth_top/u_top/u_rsa/core_inst/result_mem/g646222/ZN               -       A2->ZN F     oai22d1        1   11.3   430   358   49146    (-,-) 
  u_crypto_synth_top/u_top/u_rsa/core_inst/result_mem/g640170/ZN               -       B2->ZN R     aoi222d1       1   10.2   597   367   49512    (-,-) 
  u_crypto_synth_top/u_top/u_rsa/core_inst/result_mem/g639645/ZN               -       A1->ZN F     oai22d1        1   11.0   472   175   49687    (-,-) 
  u_crypto_synth_top/u_top/u_rsa/core_inst/result_mem/g639525/ZN               -       B->ZN  R     aoi211d1       1   12.0   816   383   50070    (-,-) 
  u_crypto_synth_top/u_top/u_rsa/core_inst/result_mem/g639326/ZN               -       C1->ZN F     oai211d1       1    8.8   323   199   50269    (-,-) 
  u_crypto_synth_top/u_top/u_rsa/core_inst/result_mem/tmp_read_data0_reg[28]/D -       -      F     dfnrq1         1      -     -     0   50269    (-,-) 
#--------------------------------------------------------------------------------------------------------------------------------------------------------



Path 15: MET (4660 ps) Setup Check with Pin u_crypto_synth_top/u_top/u_rsa/core_inst/result_mem/tmp_read_data0_reg[27]/CP->D
          Group: R2R
     Startpoint: (R) u_crypto_synth_top/u_top/u_rsa/modulus_length_reg_reg[0]/CP
          Clock: (R) MAIN_CLK
       Endpoint: (F) u_crypto_synth_top/u_top/u_rsa/core_inst/result_mem/tmp_read_data0_reg[27]/D
          Clock: (R) MAIN_CLK

                     Capture       Launch     
        Clock Edge:+   58000            0     
       Src Latency:+     150          250     
       Net Latency:+       0 (I)        0 (I) 
           Arrival:=   58150          250     
                                              
             Setup:-     270                  
       Uncertainty:-    1450                  
       Path Adjust:+   -1500                  
     Required Time:=   54930                  
      Launch Clock:-     250                  
         Data Path:-   50019                  
             Slack:=    4660                  

Exceptions/Constraints:
  path_adjust            -1500            PA_C2C 

#--------------------------------------------------------------------------------------------------------------------------------------------------------
#                                Timing Point                                  Flags    Arc   Edge   Cell     Fanout  Load  Trans Delay Arrival Instance 
#                                                                                                                     (fF)   (ps)  (ps)   (ps)  Location 
#--------------------------------------------------------------------------------------------------------------------------------------------------------
  u_crypto_synth_top/u_top/u_rsa/modulus_length_reg_reg[0]/CP                  -       -      R     (arrival)  19892      -     0     0     250    (-,-) 
  u_crypto_synth_top/u_top/u_rsa/modulus_length_reg_reg[0]/Q                   -       CP->Q  F     sdcrq4        25  662.2  1301  1143    1393    (-,-) 
  u_crypto_synth_top/u_top/u_rsa/core_inst/montprod_inst/g4779/ZN              -       A2->ZN R     nr03d0         3   27.9  2586  2006    3399    (-,-) 
  u_crypto_synth_top/u_top/u_rsa/core_inst/montprod_inst/g4767/Z               -       A->Z   R     aor21d1        3   28.3   378   292    3690    (-,-) 
  u_crypto_synth_top/u_top/u_rsa/core_inst/montprod_inst/g4760/Z               -       A1->Z  R     aor22d4       25  832.9  2257  1261    4952    (-,-) 
  u_crypto_synth_top/u_top/u_rsa/core_inst/result_mem/g659590/ZN               -       I->ZN  F     inv0d4        22  614.0  1069  1441    6393    (-,-) 
  u_crypto_synth_top/u_top/u_rsa/core_inst/result_mem/g659589/ZN               -       I->ZN  R     inv0d4        29 1009.1  2969  1942    8335    (-,-) 
  u_crypto_synth_top/u_top/u_rsa/core_inst/result_mem/g659099/ZN               -       I->ZN  F     invbdk       108 4843.8  2063  2553   10888    (-,-) 
  u_crypto_synth_top/u_top/u_rsa/core_inst/result_mem/g659022/ZN               -       I->ZN  R     inv0da        58 2301.0  2663 29649   40537    (-,-) 
  u_crypto_synth_top/u_top/u_rsa/core_inst/result_mem/g658984/ZN               -       I->ZN  F     inv0d2        15  274.0  1116  7105   47642    (-,-) 
  u_crypto_synth_top/u_top/u_rsa/core_inst/result_mem/g659013/ZN               -       I->ZN  R     inv0d2        17  302.5  1794  1145   48787    (-,-) 
  u_crypto_synth_top/u_top/u_rsa/core_inst/result_mem/g646138/ZN               -       A2->ZN F     oai22d1        1   11.3   430   358   49146    (-,-) 
  u_crypto_synth_top/u_top/u_rsa/core_inst/result_mem/g640167/ZN               -       B2->ZN R     aoi222d1       1   10.2   597   367   49512    (-,-) 
  u_crypto_synth_top/u_top/u_rsa/core_inst/result_mem/g639644/ZN               -       A1->ZN F     oai22d1        1   11.0   472   175   49687    (-,-) 
  u_crypto_synth_top/u_top/u_rsa/core_inst/result_mem/g639524/ZN               -       B->ZN  R     aoi211d1       1   12.0   816   383   50070    (-,-) 
  u_crypto_synth_top/u_top/u_rsa/core_inst/result_mem/g639325/ZN               -       C1->ZN F     oai211d1       1    8.8   323   199   50269    (-,-) 
  u_crypto_synth_top/u_top/u_rsa/core_inst/result_mem/tmp_read_data0_reg[27]/D -       -      F     dfnrq1         1      -     -     0   50269    (-,-) 
#--------------------------------------------------------------------------------------------------------------------------------------------------------



Path 16: MET (4682 ps) Setup Check with Pin u_crypto_synth_top/u_top/u_rsa/core_inst/result_mem/tmp_read_data1_reg[17]/CP->D
          Group: R2R
     Startpoint: (R) u_crypto_synth_top/u_top/u_rsa/core_inst/result_mem/ptr_reg_reg[3]/CP
          Clock: (R) MAIN_CLK
       Endpoint: (R) u_crypto_synth_top/u_top/u_rsa/core_inst/result_mem/tmp_read_data1_reg[17]/D
          Clock: (R) MAIN_CLK

                     Capture       Launch     
        Clock Edge:+   58000            0     
       Src Latency:+     150          250     
       Net Latency:+       0 (I)        0 (I) 
           Arrival:=   58150          250     
                                              
             Setup:-     160                  
       Uncertainty:-    1450                  
       Path Adjust:+   -1500                  
     Required Time:=   55040                  
      Launch Clock:-     250                  
         Data Path:-   50108                  
             Slack:=    4682                  

Exceptions/Constraints:
  path_adjust            -1500            PA_C2C 

#--------------------------------------------------------------------------------------------------------------------------------------------------------
#                                Timing Point                                  Flags    Arc   Edge   Cell     Fanout  Load  Trans Delay Arrival Instance 
#                                                                                                                     (fF)   (ps)  (ps)   (ps)  Location 
#--------------------------------------------------------------------------------------------------------------------------------------------------------
  u_crypto_synth_top/u_top/u_rsa/core_inst/result_mem/ptr_reg_reg[3]/CP        -       -      R     (arrival)  19892      -     0     0     250    (-,-) 
  u_crypto_synth_top/u_top/u_rsa/core_inst/result_mem/ptr_reg_reg[3]/Q         -       CP->Q  F     dfcrq2         3   39.4   168   587     837    (-,-) 
  u_crypto_synth_top/u_top/u_rsa/core_inst/result_mem/g439563/ZN               -       I->ZN  R     inv0d2         4   89.5   551   294    1131    (-,-) 
  u_crypto_synth_top/u_top/u_rsa/core_inst/result_mem/g670799/ZN               -       I->ZN  F     inv0d2        13  355.6   894   540    1671    (-,-) 
  u_crypto_synth_top/u_top/u_rsa/core_inst/result_mem/g669386/ZN               -       I->ZN  R     invbdf        85 3786.2  1938  1151    2822    (-,-) 
  u_crypto_synth_top/u_top/u_rsa/core_inst/result_mem/g669146/ZN               -       I->ZN  F     invbdf       100 4346.8  2323 18051   20874    (-,-) 
  u_crypto_synth_top/u_top/u_rsa/core_inst/result_mem/g669145/ZN               -       I->ZN  R     inv0d4        24  634.8  1945 24642   45515    (-,-) 
  u_crypto_synth_top/u_top/u_rsa/core_inst/result_mem/g669125/ZN               -       I->ZN  F     invbd2        22  517.9  1867  1719   47234    (-,-) 
  u_crypto_synth_top/u_top/u_rsa/core_inst/result_mem/g669122/ZN               -       I->ZN  R     inv0d2        16  281.2  1714  1513   48747    (-,-) 
  u_crypto_synth_top/u_top/u_rsa/core_inst/result_mem/g648679/ZN               -       A1->ZN F     aoi22d1        1   10.8   546   303   49050    (-,-) 
  u_crypto_synth_top/u_top/u_rsa/core_inst/result_mem/g643931/ZN               -       B1->ZN R     oai22d1        1   10.8   732   418   49468    (-,-) 
  u_crypto_synth_top/u_top/u_rsa/core_inst/result_mem/g641724/ZN               -       A1->ZN F     aoi22d1        1   10.8   393   182   49650    (-,-) 
  u_crypto_synth_top/u_top/u_rsa/core_inst/result_mem/g640656/ZN               -       B2->ZN R     aoi21d1        1    9.5   618   387   50036    (-,-) 
  u_crypto_synth_top/u_top/u_rsa/core_inst/result_mem/g639389/ZN               -       A3->ZN F     nr04d1         1   10.0   270   164   50200    (-,-) 
  u_crypto_synth_top/u_top/u_rsa/core_inst/result_mem/g639349/ZN               -       A1->ZN R     nd02d1         1    8.7   202   158   50358    (-,-) 
  u_crypto_synth_top/u_top/u_rsa/core_inst/result_mem/tmp_read_data1_reg[17]/D -       -      R     dfnrq1         1      -     -     0   50358    (-,-) 
#--------------------------------------------------------------------------------------------------------------------------------------------------------



Path 17: MET (4686 ps) Setup Check with Pin u_crypto_synth_top/u_top/u_rsa/core_inst/result_mem/tmp_read_data1_reg[16]/CP->D
          Group: R2R
     Startpoint: (R) u_crypto_synth_top/u_top/u_rsa/core_inst/result_mem/ptr_reg_reg[3]/CP
          Clock: (R) MAIN_CLK
       Endpoint: (R) u_crypto_synth_top/u_top/u_rsa/core_inst/result_mem/tmp_read_data1_reg[16]/D
          Clock: (R) MAIN_CLK

                     Capture       Launch     
        Clock Edge:+   58000            0     
       Src Latency:+     150          250     
       Net Latency:+       0 (I)        0 (I) 
           Arrival:=   58150          250     
                                              
             Setup:-     160                  
       Uncertainty:-    1450                  
       Path Adjust:+   -1500                  
     Required Time:=   55040                  
      Launch Clock:-     250                  
         Data Path:-   50104                  
             Slack:=    4686                  

Exceptions/Constraints:
  path_adjust            -1500            PA_C2C 

#--------------------------------------------------------------------------------------------------------------------------------------------------------
#                                Timing Point                                  Flags    Arc   Edge   Cell     Fanout  Load  Trans Delay Arrival Instance 
#                                                                                                                     (fF)   (ps)  (ps)   (ps)  Location 
#--------------------------------------------------------------------------------------------------------------------------------------------------------
  u_crypto_synth_top/u_top/u_rsa/core_inst/result_mem/ptr_reg_reg[3]/CP        -       -      R     (arrival)  19892      -     0     0     250    (-,-) 
  u_crypto_synth_top/u_top/u_rsa/core_inst/result_mem/ptr_reg_reg[3]/Q         -       CP->Q  F     dfcrq2         3   39.4   168   587     837    (-,-) 
  u_crypto_synth_top/u_top/u_rsa/core_inst/result_mem/g439563/ZN               -       I->ZN  R     inv0d2         4   89.5   551   294    1131    (-,-) 
  u_crypto_synth_top/u_top/u_rsa/core_inst/result_mem/g670799/ZN               -       I->ZN  F     inv0d2        13  355.6   894   540    1671    (-,-) 
  u_crypto_synth_top/u_top/u_rsa/core_inst/result_mem/g669386/ZN               -       I->ZN  R     invbdf        85 3786.2  1938  1151    2822    (-,-) 
  u_crypto_synth_top/u_top/u_rsa/core_inst/result_mem/g669146/ZN               -       I->ZN  F     invbdf       100 4346.8  2323 18051   20874    (-,-) 
  u_crypto_synth_top/u_top/u_rsa/core_inst/result_mem/g669145/ZN               -       I->ZN  R     inv0d4        24  634.8  1945 24642   45515    (-,-) 
  u_crypto_synth_top/u_top/u_rsa/core_inst/result_mem/g669125/ZN               -       I->ZN  F     invbd2        22  517.9  1867  1719   47234    (-,-) 
  u_crypto_synth_top/u_top/u_rsa/core_inst/result_mem/g669122/ZN               -       I->ZN  R     inv0d2        16  281.2  1714  1513   48747    (-,-) 
  u_crypto_synth_top/u_top/u_rsa/core_inst/result_mem/g647289/ZN               -       A1->ZN F     aoi22d1        1   10.8   566   303   49050    (-,-) 
  u_crypto_synth_top/u_top/u_rsa/core_inst/result_mem/g643880/ZN               -       B1->ZN R     oai22d1        1   11.0   699   425   49475    (-,-) 
  u_crypto_synth_top/u_top/u_rsa/core_inst/result_mem/g641705/ZN               -       B1->ZN F     aoi22d1        1   10.9   482   232   49707    (-,-) 
  u_crypto_synth_top/u_top/u_rsa/core_inst/result_mem/g639466/ZN               -       C2->ZN R     aon211d1       1   10.4   470   370   50077    (-,-) 
  u_crypto_synth_top/u_top/u_rsa/core_inst/result_mem/g639386/ZN               -       A4->ZN F     nr04d1         1   10.0   210   133   50210    (-,-) 
  u_crypto_synth_top/u_top/u_rsa/core_inst/result_mem/g639348/ZN               -       A1->ZN R     nd02d1         1    8.7   202   144   50354    (-,-) 
  u_crypto_synth_top/u_top/u_rsa/core_inst/result_mem/tmp_read_data1_reg[16]/D -       -      R     dfnrq1         1      -     -     0   50354    (-,-) 
#--------------------------------------------------------------------------------------------------------------------------------------------------------



Path 18: MET (4689 ps) Setup Check with Pin u_crypto_synth_top/u_top/u_rsa/core_inst/result_mem/tmp_read_data0_reg[20]/CP->D
          Group: R2R
     Startpoint: (R) u_crypto_synth_top/u_top/u_rsa/modulus_length_reg_reg[0]/CP
          Clock: (R) MAIN_CLK
       Endpoint: (F) u_crypto_synth_top/u_top/u_rsa/core_inst/result_mem/tmp_read_data0_reg[20]/D
          Clock: (R) MAIN_CLK

                     Capture       Launch     
        Clock Edge:+   58000            0     
       Src Latency:+     150          250     
       Net Latency:+       0 (I)        0 (I) 
           Arrival:=   58150          250     
                                              
             Setup:-     312                  
       Uncertainty:-    1450                  
       Path Adjust:+   -1500                  
     Required Time:=   54888                  
      Launch Clock:-     250                  
         Data Path:-   49949                  
             Slack:=    4689                  

Exceptions/Constraints:
  path_adjust            -1500            PA_C2C 

#--------------------------------------------------------------------------------------------------------------------------------------------------------
#                                Timing Point                                  Flags    Arc   Edge   Cell     Fanout  Load  Trans Delay Arrival Instance 
#                                                                                                                     (fF)   (ps)  (ps)   (ps)  Location 
#--------------------------------------------------------------------------------------------------------------------------------------------------------
  u_crypto_synth_top/u_top/u_rsa/modulus_length_reg_reg[0]/CP                  -       -      R     (arrival)  19892      -     0     0     250    (-,-) 
  u_crypto_synth_top/u_top/u_rsa/modulus_length_reg_reg[0]/Q                   -       CP->Q  F     sdcrq4        25  662.2  1301  1143    1393    (-,-) 
  u_crypto_synth_top/u_top/u_rsa/core_inst/montprod_inst/g4779/ZN              -       A2->ZN R     nr03d0         3   27.9  2586  2006    3399    (-,-) 
  u_crypto_synth_top/u_top/u_rsa/core_inst/montprod_inst/g4767/Z               -       A->Z   R     aor21d1        3   28.3   378   292    3690    (-,-) 
  u_crypto_synth_top/u_top/u_rsa/core_inst/montprod_inst/g4760/Z               -       A1->Z  R     aor22d4       25  832.9  2257  1261    4952    (-,-) 
  u_crypto_synth_top/u_top/u_rsa/core_inst/result_mem/g658365/ZN               -       I->ZN  F     invbdf        70 3129.8  1776  1895    6847    (-,-) 
  u_crypto_synth_top/u_top/u_rsa/core_inst/result_mem/g657573/ZN               -       I->ZN  R     invbdk       108 4770.8  1834 12190   19037    (-,-) 
  u_crypto_synth_top/u_top/u_rsa/core_inst/result_mem/g657445/ZN               -       I->ZN  F     inv0d2        18  347.9  1047 28108   47145    (-,-) 
  u_crypto_synth_top/u_top/u_rsa/core_inst/result_mem/g657433/ZN               -       I->ZN  R     inv0d2        15  268.9  1601  1092   48237    (-,-) 
  u_crypto_synth_top/u_top/u_rsa/core_inst/result_mem/g645569/ZN               -       A2->ZN F     oai22d1        1   10.8   401   331   48568    (-,-) 
  u_crypto_synth_top/u_top/u_rsa/core_inst/result_mem/g642308/ZN               -       A1->ZN R     aoi22d1        1   10.2   568   238   48806    (-,-) 
  u_crypto_synth_top/u_top/u_rsa/core_inst/result_mem/g640926/ZN               -       A1->ZN F     oai22d1        1   10.9   486   171   48978    (-,-) 
  u_crypto_synth_top/u_top/u_rsa/core_inst/result_mem/g639851/ZN               -       B->ZN  R     aon211d1       1   10.4   520   274   49252    (-,-) 
  u_crypto_synth_top/u_top/u_rsa/core_inst/result_mem/g639581/ZN               -       A2->ZN F     nd04d1         1   10.4   327   212   49464    (-,-) 
  u_crypto_synth_top/u_top/u_rsa/core_inst/result_mem/g639488/ZN               -       C1->ZN R     aoi211d1       1   10.8   778   493   49957    (-,-) 
  u_crypto_synth_top/u_top/u_rsa/core_inst/result_mem/g639307/ZN               -       B->ZN  F     oai211d1       1    8.8   484   242   50199    (-,-) 
  u_crypto_synth_top/u_top/u_rsa/core_inst/result_mem/tmp_read_data0_reg[20]/D -       -      F     dfnrq1         1      -     -     0   50199    (-,-) 
#--------------------------------------------------------------------------------------------------------------------------------------------------------



Path 19: MET (4690 ps) Setup Check with Pin u_crypto_synth_top/u_top/u_rsa/core_inst/result_mem/tmp_read_data1_reg[0]/CP->D
          Group: R2R
     Startpoint: (R) u_crypto_synth_top/u_top/u_rsa/core_inst/result_mem/ptr_reg_reg[3]/CP
          Clock: (R) MAIN_CLK
       Endpoint: (R) u_crypto_synth_top/u_top/u_rsa/core_inst/result_mem/tmp_read_data1_reg[0]/D
          Clock: (R) MAIN_CLK

                     Capture       Launch     
        Clock Edge:+   58000            0     
       Src Latency:+     150          250     
       Net Latency:+       0 (I)        0 (I) 
           Arrival:=   58150          250     
                                              
             Setup:-     160                  
       Uncertainty:-    1450                  
       Path Adjust:+   -1500                  
     Required Time:=   55040                  
      Launch Clock:-     250                  
         Data Path:-   50100                  
             Slack:=    4690                  

Exceptions/Constraints:
  path_adjust            -1500            PA_C2C 

#-------------------------------------------------------------------------------------------------------------------------------------------------------
#                                Timing Point                                 Flags    Arc   Edge   Cell     Fanout  Load  Trans Delay Arrival Instance 
#                                                                                                                    (fF)   (ps)  (ps)   (ps)  Location 
#-------------------------------------------------------------------------------------------------------------------------------------------------------
  u_crypto_synth_top/u_top/u_rsa/core_inst/result_mem/ptr_reg_reg[3]/CP       -       -      R     (arrival)  19892      -     0     0     250    (-,-) 
  u_crypto_synth_top/u_top/u_rsa/core_inst/result_mem/ptr_reg_reg[3]/Q        -       CP->Q  F     dfcrq2         3   39.4   168   587     837    (-,-) 
  u_crypto_synth_top/u_top/u_rsa/core_inst/result_mem/g439563/ZN              -       I->ZN  R     inv0d2         4   89.5   551   294    1131    (-,-) 
  u_crypto_synth_top/u_top/u_rsa/core_inst/result_mem/g670799/ZN              -       I->ZN  F     inv0d2        13  355.6   894   540    1671    (-,-) 
  u_crypto_synth_top/u_top/u_rsa/core_inst/result_mem/g669386/ZN              -       I->ZN  R     invbdf        85 3786.2  1938  1151    2822    (-,-) 
  u_crypto_synth_top/u_top/u_rsa/core_inst/result_mem/g669146/ZN              -       I->ZN  F     invbdf       100 4346.8  2323 18051   20874    (-,-) 
  u_crypto_synth_top/u_top/u_rsa/core_inst/result_mem/g669145/ZN              -       I->ZN  R     inv0d4        24  634.8  1945 24642   45515    (-,-) 
  u_crypto_synth_top/u_top/u_rsa/core_inst/result_mem/g669125/ZN              -       I->ZN  F     invbd2        22  517.9  1867  1719   47234    (-,-) 
  u_crypto_synth_top/u_top/u_rsa/core_inst/result_mem/g669122/ZN              -       I->ZN  R     inv0d2        16  281.2  1714  1513   48747    (-,-) 
  u_crypto_synth_top/u_top/u_rsa/core_inst/result_mem/g650266/ZN              -       A1->ZN F     aoi22d1        1   10.8   522   303   49050    (-,-) 
  u_crypto_synth_top/u_top/u_rsa/core_inst/result_mem/g644748/ZN              -       B1->ZN R     oai22d1        1   11.0   737   415   49465    (-,-) 
  u_crypto_synth_top/u_top/u_rsa/core_inst/result_mem/g642171/ZN              -       B1->ZN F     aoi22d1        1   10.9   482   238   49703    (-,-) 
  u_crypto_synth_top/u_top/u_rsa/core_inst/result_mem/g639485/ZN              -       C2->ZN R     aon211d1       1   10.4   470   370   50073    (-,-) 
  u_crypto_synth_top/u_top/u_rsa/core_inst/result_mem/g639403/ZN              -       A4->ZN F     nr04d1         1   10.0   210   133   50206    (-,-) 
  u_crypto_synth_top/u_top/u_rsa/core_inst/result_mem/g639360/ZN              -       A1->ZN R     nd02d1         1    8.7   202   144   50350    (-,-) 
  u_crypto_synth_top/u_top/u_rsa/core_inst/result_mem/tmp_read_data1_reg[0]/D -       -      R     dfnrq1         1      -     -     0   50350    (-,-) 
#-------------------------------------------------------------------------------------------------------------------------------------------------------



Path 20: MET (4698 ps) Setup Check with Pin u_crypto_synth_top/u_top/u_rsa/core_inst/result_mem/tmp_read_data1_reg[27]/CP->D
          Group: R2R
     Startpoint: (R) u_crypto_synth_top/u_top/u_rsa/core_inst/result_mem/ptr_reg_reg[3]/CP
          Clock: (R) MAIN_CLK
       Endpoint: (R) u_crypto_synth_top/u_top/u_rsa/core_inst/result_mem/tmp_read_data1_reg[27]/D
          Clock: (R) MAIN_CLK

                     Capture       Launch     
        Clock Edge:+   58000            0     
       Src Latency:+     150          250     
       Net Latency:+       0 (I)        0 (I) 
           Arrival:=   58150          250     
                                              
             Setup:-     160                  
       Uncertainty:-    1450                  
       Path Adjust:+   -1500                  
     Required Time:=   55040                  
      Launch Clock:-     250                  
         Data Path:-   50091                  
             Slack:=    4698                  

Exceptions/Constraints:
  path_adjust            -1500            PA_C2C 

#--------------------------------------------------------------------------------------------------------------------------------------------------------
#                                Timing Point                                  Flags    Arc   Edge   Cell     Fanout  Load  Trans Delay Arrival Instance 
#                                                                                                                     (fF)   (ps)  (ps)   (ps)  Location 
#--------------------------------------------------------------------------------------------------------------------------------------------------------
  u_crypto_synth_top/u_top/u_rsa/core_inst/result_mem/ptr_reg_reg[3]/CP        -       -      R     (arrival)  19892      -     0     0     250    (-,-) 
  u_crypto_synth_top/u_top/u_rsa/core_inst/result_mem/ptr_reg_reg[3]/Q         -       CP->Q  R     dfcrq2         3   39.7   261   551     801    (-,-) 
  u_crypto_synth_top/u_top/u_rsa/core_inst/result_mem/g439563/ZN               -       I->ZN  F     inv0d2         4   86.6   233   169     969    (-,-) 
  u_crypto_synth_top/u_top/u_rsa/core_inst/result_mem/g670799/ZN               -       I->ZN  R     inv0d2        13  381.9  2254  1061    2031    (-,-) 
  u_crypto_synth_top/u_top/u_rsa/core_inst/result_mem/g669386/ZN               -       I->ZN  F     invbdf        85 3765.4  2066  1508    3538    (-,-) 
  u_crypto_synth_top/u_top/u_rsa/core_inst/result_mem/g669146/ZN               -       I->ZN  R     invbdf       100 4432.5  2286 18045   21584    (-,-) 
  u_crypto_synth_top/u_top/u_rsa/core_inst/result_mem/g669093/ZN               -       I->ZN  F     inv0d2        17  313.9  1095 24056   45640    (-,-) 
  u_crypto_synth_top/u_top/u_rsa/core_inst/result_mem/g669092/ZN               -       I->ZN  R     inv0d4        30  927.6  2732  1574   47214    (-,-) 
  u_crypto_synth_top/u_top/u_rsa/core_inst/result_mem/g649735/ZN               -       B1->ZN F     aoi22d1        1    9.7   550  1324   48538    (-,-) 
  u_crypto_synth_top/u_top/u_rsa/core_inst/result_mem/g644491/ZN               -       A1->ZN R     oai22d1        1   10.8   761   342   48880    (-,-) 
  u_crypto_synth_top/u_top/u_rsa/core_inst/result_mem/g641940/ZN               -       A1->ZN F     aoi22d1        1   10.8   447   184   49064    (-,-) 
  u_crypto_synth_top/u_top/u_rsa/core_inst/result_mem/g639990/ZN               -       B2->ZN R     aoi21d1        1   11.0   647   418   49482    (-,-) 
  u_crypto_synth_top/u_top/u_rsa/core_inst/result_mem/g639668/ZN               -       B->ZN  F     aoi211d1       1    9.9   390   140   49623    (-,-) 
  u_crypto_synth_top/u_top/u_rsa/core_inst/result_mem/g639461/ZN               -       B1->ZN R     oai222d1       1   10.4  1007   395   50018    (-,-) 
  u_crypto_synth_top/u_top/u_rsa/core_inst/result_mem/g639409/ZN               -       A4->ZN F     nr04d1         1   10.0   273   165   50183    (-,-) 
  u_crypto_synth_top/u_top/u_rsa/core_inst/result_mem/g639354/ZN               -       A1->ZN R     nd02d1         1    8.7   204   159   50341    (-,-) 
  u_crypto_synth_top/u_top/u_rsa/core_inst/result_mem/tmp_read_data1_reg[27]/D -       -      R     dfnrq1         1      -     -     0   50341    (-,-) 
#--------------------------------------------------------------------------------------------------------------------------------------------------------



Path 21: MET (4700 ps) Setup Check with Pin u_crypto_synth_top/u_top/u_rsa/core_inst/result_mem/tmp_read_data1_reg[14]/CP->D
          Group: R2R
     Startpoint: (R) u_crypto_synth_top/u_top/u_rsa/core_inst/result_mem/ptr_reg_reg[3]/CP
          Clock: (R) MAIN_CLK
       Endpoint: (R) u_crypto_synth_top/u_top/u_rsa/core_inst/result_mem/tmp_read_data1_reg[14]/D
          Clock: (R) MAIN_CLK

                     Capture       Launch     
        Clock Edge:+   58000            0     
       Src Latency:+     150          250     
       Net Latency:+       0 (I)        0 (I) 
           Arrival:=   58150          250     
                                              
             Setup:-     160                  
       Uncertainty:-    1450                  
       Path Adjust:+   -1500                  
     Required Time:=   55040                  
      Launch Clock:-     250                  
         Data Path:-   50090                  
             Slack:=    4700                  

Exceptions/Constraints:
  path_adjust            -1500            PA_C2C 

#--------------------------------------------------------------------------------------------------------------------------------------------------------
#                                Timing Point                                  Flags    Arc   Edge   Cell     Fanout  Load  Trans Delay Arrival Instance 
#                                                                                                                     (fF)   (ps)  (ps)   (ps)  Location 
#--------------------------------------------------------------------------------------------------------------------------------------------------------
  u_crypto_synth_top/u_top/u_rsa/core_inst/result_mem/ptr_reg_reg[3]/CP        -       -      R     (arrival)  19892      -     0     0     250    (-,-) 
  u_crypto_synth_top/u_top/u_rsa/core_inst/result_mem/ptr_reg_reg[3]/Q         -       CP->Q  F     dfcrq2         3   39.4   168   587     837    (-,-) 
  u_crypto_synth_top/u_top/u_rsa/core_inst/result_mem/g439563/ZN               -       I->ZN  R     inv0d2         4   89.5   551   294    1131    (-,-) 
  u_crypto_synth_top/u_top/u_rsa/core_inst/result_mem/g670799/ZN               -       I->ZN  F     inv0d2        13  355.6   894   540    1671    (-,-) 
  u_crypto_synth_top/u_top/u_rsa/core_inst/result_mem/g669386/ZN               -       I->ZN  R     invbdf        85 3786.2  1938  1151    2822    (-,-) 
  u_crypto_synth_top/u_top/u_rsa/core_inst/result_mem/g669146/ZN               -       I->ZN  F     invbdf       100 4346.8  2323 18051   20874    (-,-) 
  u_crypto_synth_top/u_top/u_rsa/core_inst/result_mem/g669145/ZN               -       I->ZN  R     inv0d4        24  634.8  1945 24642   45515    (-,-) 
  u_crypto_synth_top/u_top/u_rsa/core_inst/result_mem/g669125/ZN               -       I->ZN  F     invbd2        22  517.9  1867  1719   47234    (-,-) 
  u_crypto_synth_top/u_top/u_rsa/core_inst/result_mem/g669122/ZN               -       I->ZN  R     inv0d2        16  281.2  1714  1513   48747    (-,-) 
  u_crypto_synth_top/u_top/u_rsa/core_inst/result_mem/g648318/ZN               -       A1->ZN F     aoi22d1        1   10.8   566   303   49050    (-,-) 
  u_crypto_synth_top/u_top/u_rsa/core_inst/result_mem/g643760/ZN               -       B1->ZN R     oai22d1        1   10.8   724   422   49472    (-,-) 
  u_crypto_synth_top/u_top/u_rsa/core_inst/result_mem/g641651/ZN               -       A1->ZN F     aoi22d1        1   10.8   393   181   49653    (-,-) 
  u_crypto_synth_top/u_top/u_rsa/core_inst/result_mem/g640532/ZN               -       B2->ZN R     aoi21d1        1    9.5   538   387   50040    (-,-) 
  u_crypto_synth_top/u_top/u_rsa/core_inst/result_mem/g639407/ZN               -       A3->ZN F     nr04d1         1   10.0   210   156   50196    (-,-) 
  u_crypto_synth_top/u_top/u_rsa/core_inst/result_mem/g639346/ZN               -       A1->ZN R     nd02d1         1    8.7   202   144   50340    (-,-) 
  u_crypto_synth_top/u_top/u_rsa/core_inst/result_mem/tmp_read_data1_reg[14]/D -       -      R     dfnrq1         1      -     -     0   50340    (-,-) 
#--------------------------------------------------------------------------------------------------------------------------------------------------------



Path 22: MET (4701 ps) Setup Check with Pin u_crypto_synth_top/u_top/u_rsa/core_inst/result_mem/tmp_read_data1_reg[15]/CP->D
          Group: R2R
     Startpoint: (R) u_crypto_synth_top/u_top/u_rsa/core_inst/result_mem/ptr_reg_reg[3]/CP
          Clock: (R) MAIN_CLK
       Endpoint: (R) u_crypto_synth_top/u_top/u_rsa/core_inst/result_mem/tmp_read_data1_reg[15]/D
          Clock: (R) MAIN_CLK

                     Capture       Launch     
        Clock Edge:+   58000            0     
       Src Latency:+     150          250     
       Net Latency:+       0 (I)        0 (I) 
           Arrival:=   58150          250     
                                              
             Setup:-     160                  
       Uncertainty:-    1450                  
       Path Adjust:+   -1500                  
     Required Time:=   55040                  
      Launch Clock:-     250                  
         Data Path:-   50089                  
             Slack:=    4701                  

Exceptions/Constraints:
  path_adjust            -1500            PA_C2C 

#--------------------------------------------------------------------------------------------------------------------------------------------------------
#                                Timing Point                                  Flags    Arc   Edge   Cell     Fanout  Load  Trans Delay Arrival Instance 
#                                                                                                                     (fF)   (ps)  (ps)   (ps)  Location 
#--------------------------------------------------------------------------------------------------------------------------------------------------------
  u_crypto_synth_top/u_top/u_rsa/core_inst/result_mem/ptr_reg_reg[3]/CP        -       -      R     (arrival)  19892      -     0     0     250    (-,-) 
  u_crypto_synth_top/u_top/u_rsa/core_inst/result_mem/ptr_reg_reg[3]/Q         -       CP->Q  F     dfcrq2         3   39.4   168   587     837    (-,-) 
  u_crypto_synth_top/u_top/u_rsa/core_inst/result_mem/g439563/ZN               -       I->ZN  R     inv0d2         4   89.5   551   294    1131    (-,-) 
  u_crypto_synth_top/u_top/u_rsa/core_inst/result_mem/g670799/ZN               -       I->ZN  F     inv0d2        13  355.6   894   540    1671    (-,-) 
  u_crypto_synth_top/u_top/u_rsa/core_inst/result_mem/g669386/ZN               -       I->ZN  R     invbdf        85 3786.2  1938  1151    2822    (-,-) 
  u_crypto_synth_top/u_top/u_rsa/core_inst/result_mem/g669146/ZN               -       I->ZN  F     invbdf       100 4346.8  2323 18051   20874    (-,-) 
  u_crypto_synth_top/u_top/u_rsa/core_inst/result_mem/g669145/ZN               -       I->ZN  R     inv0d4        24  634.8  1945 24642   45515    (-,-) 
  u_crypto_synth_top/u_top/u_rsa/core_inst/result_mem/g669125/ZN               -       I->ZN  F     invbd2        22  517.9  1867  1719   47234    (-,-) 
  u_crypto_synth_top/u_top/u_rsa/core_inst/result_mem/g669122/ZN               -       I->ZN  R     inv0d2        16  281.2  1714  1513   48747    (-,-) 
  u_crypto_synth_top/u_top/u_rsa/core_inst/result_mem/g648451/ZN               -       A1->ZN F     aoi22d1        1   10.8   566   303   49050    (-,-) 
  u_crypto_synth_top/u_top/u_rsa/core_inst/result_mem/g643819/ZN               -       B1->ZN R     oai22d1        1   10.8   724   422   49472    (-,-) 
  u_crypto_synth_top/u_top/u_rsa/core_inst/result_mem/g641677/ZN               -       A1->ZN F     aoi22d1        1   10.8   393   181   49653    (-,-) 
  u_crypto_synth_top/u_top/u_rsa/core_inst/result_mem/g640647/ZN               -       B2->ZN R     aoi21d1        1    9.5   525   387   50040    (-,-) 
  u_crypto_synth_top/u_top/u_rsa/core_inst/result_mem/g639398/ZN               -       A3->ZN F     nr04d1         1   10.0   210   155   50195    (-,-) 
  u_crypto_synth_top/u_top/u_rsa/core_inst/result_mem/g639347/ZN               -       A1->ZN R     nd02d1         1    8.7   204   144   50339    (-,-) 
  u_crypto_synth_top/u_top/u_rsa/core_inst/result_mem/tmp_read_data1_reg[15]/D -       -      R     dfnrq1         1      -     -     0   50339    (-,-) 
#--------------------------------------------------------------------------------------------------------------------------------------------------------



Path 23: MET (4702 ps) Setup Check with Pin u_crypto_synth_top/u_top/u_rsa/core_inst/result_mem/tmp_read_data1_reg[6]/CP->D
          Group: R2R
     Startpoint: (R) u_crypto_synth_top/u_top/u_rsa/core_inst/result_mem/ptr_reg_reg[3]/CP
          Clock: (R) MAIN_CLK
       Endpoint: (R) u_crypto_synth_top/u_top/u_rsa/core_inst/result_mem/tmp_read_data1_reg[6]/D
          Clock: (R) MAIN_CLK

                     Capture       Launch     
        Clock Edge:+   58000            0     
       Src Latency:+     150          250     
       Net Latency:+       0 (I)        0 (I) 
           Arrival:=   58150          250     
                                              
             Setup:-     160                  
       Uncertainty:-    1450                  
       Path Adjust:+   -1500                  
     Required Time:=   55040                  
      Launch Clock:-     250                  
         Data Path:-   50087                  
             Slack:=    4702                  

Exceptions/Constraints:
  path_adjust            -1500            PA_C2C 

#-------------------------------------------------------------------------------------------------------------------------------------------------------
#                                Timing Point                                 Flags    Arc   Edge   Cell     Fanout  Load  Trans Delay Arrival Instance 
#                                                                                                                    (fF)   (ps)  (ps)   (ps)  Location 
#-------------------------------------------------------------------------------------------------------------------------------------------------------
  u_crypto_synth_top/u_top/u_rsa/core_inst/result_mem/ptr_reg_reg[3]/CP       -       -      R     (arrival)  19892      -     0     0     250    (-,-) 
  u_crypto_synth_top/u_top/u_rsa/core_inst/result_mem/ptr_reg_reg[3]/Q        -       CP->Q  F     dfcrq2         3   39.4   168   587     837    (-,-) 
  u_crypto_synth_top/u_top/u_rsa/core_inst/result_mem/g439563/ZN              -       I->ZN  R     inv0d2         4   89.5   551   294    1131    (-,-) 
  u_crypto_synth_top/u_top/u_rsa/core_inst/result_mem/g670799/ZN              -       I->ZN  F     inv0d2        13  355.6   894   540    1671    (-,-) 
  u_crypto_synth_top/u_top/u_rsa/core_inst/result_mem/g669386/ZN              -       I->ZN  R     invbdf        85 3786.2  1938  1151    2822    (-,-) 
  u_crypto_synth_top/u_top/u_rsa/core_inst/result_mem/g669146/ZN              -       I->ZN  F     invbdf       100 4346.8  2323 18051   20874    (-,-) 
  u_crypto_synth_top/u_top/u_rsa/core_inst/result_mem/g669145/ZN              -       I->ZN  R     inv0d4        24  634.8  1945 24642   45515    (-,-) 
  u_crypto_synth_top/u_top/u_rsa/core_inst/result_mem/g669125/ZN              -       I->ZN  F     invbd2        22  517.9  1867  1719   47234    (-,-) 
  u_crypto_synth_top/u_top/u_rsa/core_inst/result_mem/g669122/ZN              -       I->ZN  R     inv0d2        16  281.2  1714  1513   48747    (-,-) 
  u_crypto_synth_top/u_top/u_rsa/core_inst/result_mem/g647273/ZN              -       A1->ZN F     aoi22d1        1   10.8   566   303   49050    (-,-) 
  u_crypto_synth_top/u_top/u_rsa/core_inst/result_mem/g643318/ZN              -       B1->ZN R     oai22d1        1   11.0   702   425   49475    (-,-) 
  u_crypto_synth_top/u_top/u_rsa/core_inst/result_mem/g641469/ZN              -       B1->ZN F     aoi22d1        1   10.9   366   233   49708    (-,-) 
  u_crypto_synth_top/u_top/u_rsa/core_inst/result_mem/g639480/ZN              -       C2->ZN R     aon211d1       1   10.4   466   353   50060    (-,-) 
  u_crypto_synth_top/u_top/u_rsa/core_inst/result_mem/g639392/ZN              -       A4->ZN F     nr04d1         1   10.0   210   133   50193    (-,-) 
  u_crypto_synth_top/u_top/u_rsa/core_inst/result_mem/g639339/ZN              -       A1->ZN R     nd02d1         1    8.7   204   144   50337    (-,-) 
  u_crypto_synth_top/u_top/u_rsa/core_inst/result_mem/tmp_read_data1_reg[6]/D -       -      R     dfnrq1         1      -     -     0   50337    (-,-) 
#-------------------------------------------------------------------------------------------------------------------------------------------------------



Path 24: MET (4704 ps) Setup Check with Pin u_crypto_synth_top/u_top/u_rsa/core_inst/result_mem/tmp_read_data0_reg[2]/CP->D
          Group: R2R
     Startpoint: (R) u_crypto_synth_top/u_top/u_rsa/modulus_length_reg_reg[0]/CP
          Clock: (R) MAIN_CLK
       Endpoint: (F) u_crypto_synth_top/u_top/u_rsa/core_inst/result_mem/tmp_read_data0_reg[2]/D
          Clock: (R) MAIN_CLK

                     Capture       Launch     
        Clock Edge:+   58000            0     
       Src Latency:+     150          250     
       Net Latency:+       0 (I)        0 (I) 
           Arrival:=   58150          250     
                                              
             Setup:-     320                  
       Uncertainty:-    1450                  
       Path Adjust:+   -1500                  
     Required Time:=   54880                  
      Launch Clock:-     250                  
         Data Path:-   49926                  
             Slack:=    4704                  

Exceptions/Constraints:
  path_adjust            -1500            PA_C2C 

#-------------------------------------------------------------------------------------------------------------------------------------------------------
#                                Timing Point                                 Flags    Arc   Edge   Cell     Fanout  Load  Trans Delay Arrival Instance 
#                                                                                                                    (fF)   (ps)  (ps)   (ps)  Location 
#-------------------------------------------------------------------------------------------------------------------------------------------------------
  u_crypto_synth_top/u_top/u_rsa/modulus_length_reg_reg[0]/CP                 -       -      R     (arrival)  19892      -     0     0     250    (-,-) 
  u_crypto_synth_top/u_top/u_rsa/modulus_length_reg_reg[0]/Q                  -       CP->Q  F     sdcrq4        25  662.2  1301  1143    1393    (-,-) 
  u_crypto_synth_top/u_top/u_rsa/core_inst/montprod_inst/g4779/ZN             -       A2->ZN R     nr03d0         3   27.9  2586  2006    3399    (-,-) 
  u_crypto_synth_top/u_top/u_rsa/core_inst/montprod_inst/g4767/Z              -       A->Z   R     aor21d1        3   28.3   378   292    3690    (-,-) 
  u_crypto_synth_top/u_top/u_rsa/core_inst/montprod_inst/g4760/Z              -       A1->Z  R     aor22d4       25  832.9  2257  1261    4952    (-,-) 
  u_crypto_synth_top/u_top/u_rsa/core_inst/result_mem/g659590/ZN              -       I->ZN  F     inv0d4        22  614.0  1069  1441    6393    (-,-) 
  u_crypto_synth_top/u_top/u_rsa/core_inst/result_mem/g659589/ZN              -       I->ZN  R     inv0d4        29 1009.1  2969  1942    8335    (-,-) 
  u_crypto_synth_top/u_top/u_rsa/core_inst/result_mem/g659099/ZN              -       I->ZN  F     invbdk       108 4843.8  2063  2553   10888    (-,-) 
  u_crypto_synth_top/u_top/u_rsa/core_inst/result_mem/g659022/ZN              -       I->ZN  R     inv0da        58 2301.0  2663 29649   40537    (-,-) 
  u_crypto_synth_top/u_top/u_rsa/core_inst/result_mem/g658984/ZN              -       I->ZN  F     inv0d2        15  274.0  1116  7105   47642    (-,-) 
  u_crypto_synth_top/u_top/u_rsa/core_inst/result_mem/g659013/ZN              -       I->ZN  R     inv0d2        17  302.5  1794  1145   48787    (-,-) 
  u_crypto_synth_top/u_top/u_rsa/core_inst/result_mem/g645330/ZN              -       A2->ZN F     oai22d1        1   10.2   418   348   49135    (-,-) 
  u_crypto_synth_top/u_top/u_rsa/core_inst/result_mem/g642469/ZN              -       A2->ZN R     nd02d1         1   10.4   289   216   49351    (-,-) 
  u_crypto_synth_top/u_top/u_rsa/core_inst/result_mem/g639517/ZN              -       A4->ZN F     nd04d1         1    9.7   326   211   49562    (-,-) 
  u_crypto_synth_top/u_top/u_rsa/core_inst/result_mem/g639405/ZN              -       B1->ZN R     aoi221d1       1   10.6   700   374   49936    (-,-) 
  u_crypto_synth_top/u_top/u_rsa/core_inst/result_mem/g639331/ZN              -       A->ZN  F     oai211d1       1    8.8   516   239   50176    (-,-) 
  u_crypto_synth_top/u_top/u_rsa/core_inst/result_mem/tmp_read_data0_reg[2]/D -       -      F     dfnrq1         1      -     -     0   50176    (-,-) 
#-------------------------------------------------------------------------------------------------------------------------------------------------------



Path 25: MET (4705 ps) Setup Check with Pin u_crypto_synth_top/u_top/u_rsa/core_inst/result_mem/tmp_read_data1_reg[28]/CP->D
          Group: R2R
     Startpoint: (R) u_crypto_synth_top/u_top/u_rsa/core_inst/result_mem/ptr_reg_reg[3]/CP
          Clock: (R) MAIN_CLK
       Endpoint: (R) u_crypto_synth_top/u_top/u_rsa/core_inst/result_mem/tmp_read_data1_reg[28]/D
          Clock: (R) MAIN_CLK

                     Capture       Launch     
        Clock Edge:+   58000            0     
       Src Latency:+     150          250     
       Net Latency:+       0 (I)        0 (I) 
           Arrival:=   58150          250     
                                              
             Setup:-     160                  
       Uncertainty:-    1450                  
       Path Adjust:+   -1500                  
     Required Time:=   55040                  
      Launch Clock:-     250                  
         Data Path:-   50085                  
             Slack:=    4705                  

Exceptions/Constraints:
  path_adjust            -1500            PA_C2C 

#--------------------------------------------------------------------------------------------------------------------------------------------------------
#                                Timing Point                                  Flags    Arc   Edge   Cell     Fanout  Load  Trans Delay Arrival Instance 
#                                                                                                                     (fF)   (ps)  (ps)   (ps)  Location 
#--------------------------------------------------------------------------------------------------------------------------------------------------------
  u_crypto_synth_top/u_top/u_rsa/core_inst/result_mem/ptr_reg_reg[3]/CP        -       -      R     (arrival)  19892      -     0     0     250    (-,-) 
  u_crypto_synth_top/u_top/u_rsa/core_inst/result_mem/ptr_reg_reg[3]/Q         -       CP->Q  F     dfcrq2         3   39.4   168   587     837    (-,-) 
  u_crypto_synth_top/u_top/u_rsa/core_inst/result_mem/g439563/ZN               -       I->ZN  R     inv0d2         4   89.5   551   294    1131    (-,-) 
  u_crypto_synth_top/u_top/u_rsa/core_inst/result_mem/g670799/ZN               -       I->ZN  F     inv0d2        13  355.6   894   540    1671    (-,-) 
  u_crypto_synth_top/u_top/u_rsa/core_inst/result_mem/g669386/ZN               -       I->ZN  R     invbdf        85 3786.2  1938  1151    2822    (-,-) 
  u_crypto_synth_top/u_top/u_rsa/core_inst/result_mem/g669146/ZN               -       I->ZN  F     invbdf       100 4346.8  2323 18051   20874    (-,-) 
  u_crypto_synth_top/u_top/u_rsa/core_inst/result_mem/g669145/ZN               -       I->ZN  R     inv0d4        24  634.8  1945 24642   45515    (-,-) 
  u_crypto_synth_top/u_top/u_rsa/core_inst/result_mem/g669125/ZN               -       I->ZN  F     invbd2        22  517.9  1867  1719   47234    (-,-) 
  u_crypto_synth_top/u_top/u_rsa/core_inst/result_mem/g669122/ZN               -       I->ZN  R     inv0d2        16  281.2  1714  1513   48747    (-,-) 
  u_crypto_synth_top/u_top/u_rsa/core_inst/result_mem/g648515/ZN               -       A1->ZN F     aoi22d1        1   10.8   546   303   49050    (-,-) 
  u_crypto_synth_top/u_top/u_rsa/core_inst/result_mem/g644531/ZN               -       B1->ZN R     oai22d1        1   10.8   724   418   49468    (-,-) 
  u_crypto_synth_top/u_top/u_rsa/core_inst/result_mem/g641964/ZN               -       A1->ZN F     aoi22d1        1   10.8   393   181   49649    (-,-) 
  u_crypto_synth_top/u_top/u_rsa/core_inst/result_mem/g640709/ZN               -       B2->ZN R     aoi21d1        1    9.5   525   387   50036    (-,-) 
  u_crypto_synth_top/u_top/u_rsa/core_inst/result_mem/g639387/ZN               -       A3->ZN F     nr04d1         1   10.0   210   155   50190    (-,-) 
  u_crypto_synth_top/u_top/u_rsa/core_inst/result_mem/g639355/ZN               -       A1->ZN R     nd02d1         1    8.7   204   144   50334    (-,-) 
  u_crypto_synth_top/u_top/u_rsa/core_inst/result_mem/tmp_read_data1_reg[28]/D -       -      R     dfnrq1         1      -     -     0   50335    (-,-) 
#--------------------------------------------------------------------------------------------------------------------------------------------------------



Path 26: MET (4709 ps) Setup Check with Pin u_crypto_synth_top/u_top/u_rsa/core_inst/result_mem/tmp_read_data1_reg[13]/CP->D
          Group: R2R
     Startpoint: (R) u_crypto_synth_top/u_top/u_rsa/core_inst/result_mem/ptr_reg_reg[3]/CP
          Clock: (R) MAIN_CLK
       Endpoint: (R) u_crypto_synth_top/u_top/u_rsa/core_inst/result_mem/tmp_read_data1_reg[13]/D
          Clock: (R) MAIN_CLK

                     Capture       Launch     
        Clock Edge:+   58000            0     
       Src Latency:+     150          250     
       Net Latency:+       0 (I)        0 (I) 
           Arrival:=   58150          250     
                                              
             Setup:-     160                  
       Uncertainty:-    1450                  
       Path Adjust:+   -1500                  
     Required Time:=   55040                  
      Launch Clock:-     250                  
         Data Path:-   50081                  
             Slack:=    4709                  

Exceptions/Constraints:
  path_adjust            -1500            PA_C2C 

#--------------------------------------------------------------------------------------------------------------------------------------------------------
#                                Timing Point                                  Flags    Arc   Edge   Cell     Fanout  Load  Trans Delay Arrival Instance 
#                                                                                                                     (fF)   (ps)  (ps)   (ps)  Location 
#--------------------------------------------------------------------------------------------------------------------------------------------------------
  u_crypto_synth_top/u_top/u_rsa/core_inst/result_mem/ptr_reg_reg[3]/CP        -       -      R     (arrival)  19892      -     0     0     250    (-,-) 
  u_crypto_synth_top/u_top/u_rsa/core_inst/result_mem/ptr_reg_reg[3]/Q         -       CP->Q  F     dfcrq2         3   39.4   168   587     837    (-,-) 
  u_crypto_synth_top/u_top/u_rsa/core_inst/result_mem/g439563/ZN               -       I->ZN  R     inv0d2         4   89.5   551   294    1131    (-,-) 
  u_crypto_synth_top/u_top/u_rsa/core_inst/result_mem/g670799/ZN               -       I->ZN  F     inv0d2        13  355.6   894   540    1671    (-,-) 
  u_crypto_synth_top/u_top/u_rsa/core_inst/result_mem/g669386/ZN               -       I->ZN  R     invbdf        85 3786.2  1938  1151    2822    (-,-) 
  u_crypto_synth_top/u_top/u_rsa/core_inst/result_mem/g669146/ZN               -       I->ZN  F     invbdf       100 4346.8  2323 18051   20874    (-,-) 
  u_crypto_synth_top/u_top/u_rsa/core_inst/result_mem/g669145/ZN               -       I->ZN  R     inv0d4        24  634.8  1945 24642   45515    (-,-) 
  u_crypto_synth_top/u_top/u_rsa/core_inst/result_mem/g669125/ZN               -       I->ZN  F     invbd2        22  517.9  1867  1719   47234    (-,-) 
  u_crypto_synth_top/u_top/u_rsa/core_inst/result_mem/g669122/ZN               -       I->ZN  R     inv0d2        16  281.2  1714  1513   48747    (-,-) 
  u_crypto_synth_top/u_top/u_rsa/core_inst/result_mem/g648187/ZN               -       A1->ZN F     aoi22d1        1   10.8   496   303   49050    (-,-) 
  u_crypto_synth_top/u_top/u_rsa/core_inst/result_mem/g643702/ZN               -       B1->ZN R     oai22d1        1   10.8   819   406   49456    (-,-) 
  u_crypto_synth_top/u_top/u_rsa/core_inst/result_mem/g641631/ZN               -       A1->ZN F     aoi22d1        1   10.8   393   189   49645    (-,-) 
  u_crypto_synth_top/u_top/u_rsa/core_inst/result_mem/g640632/ZN               -       B2->ZN R     aoi21d1        1    9.5   525   387   50032    (-,-) 
  u_crypto_synth_top/u_top/u_rsa/core_inst/result_mem/g639385/ZN               -       A3->ZN F     nr04d1         1   10.0   210   155   50187    (-,-) 
  u_crypto_synth_top/u_top/u_rsa/core_inst/result_mem/g639345/ZN               -       A1->ZN R     nd02d1         1    8.7   204   144   50331    (-,-) 
  u_crypto_synth_top/u_top/u_rsa/core_inst/result_mem/tmp_read_data1_reg[13]/D -       -      R     dfnrq1         1      -     -     0   50331    (-,-) 
#--------------------------------------------------------------------------------------------------------------------------------------------------------



Path 27: MET (4709 ps) Setup Check with Pin u_crypto_synth_top/u_top/u_rsa/core_inst/result_mem/tmp_read_data1_reg[12]/CP->D
          Group: R2R
     Startpoint: (R) u_crypto_synth_top/u_top/u_rsa/core_inst/result_mem/ptr_reg_reg[3]/CP
          Clock: (R) MAIN_CLK
       Endpoint: (R) u_crypto_synth_top/u_top/u_rsa/core_inst/result_mem/tmp_read_data1_reg[12]/D
          Clock: (R) MAIN_CLK

                     Capture       Launch     
        Clock Edge:+   58000            0     
       Src Latency:+     150          250     
       Net Latency:+       0 (I)        0 (I) 
           Arrival:=   58150          250     
                                              
             Setup:-     160                  
       Uncertainty:-    1450                  
       Path Adjust:+   -1500                  
     Required Time:=   55040                  
      Launch Clock:-     250                  
         Data Path:-   50081                  
             Slack:=    4709                  

Exceptions/Constraints:
  path_adjust            -1500            PA_C2C 

#--------------------------------------------------------------------------------------------------------------------------------------------------------
#                                Timing Point                                  Flags    Arc   Edge   Cell     Fanout  Load  Trans Delay Arrival Instance 
#                                                                                                                     (fF)   (ps)  (ps)   (ps)  Location 
#--------------------------------------------------------------------------------------------------------------------------------------------------------
  u_crypto_synth_top/u_top/u_rsa/core_inst/result_mem/ptr_reg_reg[3]/CP        -       -      R     (arrival)  19892      -     0     0     250    (-,-) 
  u_crypto_synth_top/u_top/u_rsa/core_inst/result_mem/ptr_reg_reg[3]/Q         -       CP->Q  F     dfcrq2         3   39.4   168   587     837    (-,-) 
  u_crypto_synth_top/u_top/u_rsa/core_inst/result_mem/g439563/ZN               -       I->ZN  R     inv0d2         4   89.5   551   294    1131    (-,-) 
  u_crypto_synth_top/u_top/u_rsa/core_inst/result_mem/g670799/ZN               -       I->ZN  F     inv0d2        13  355.6   894   540    1671    (-,-) 
  u_crypto_synth_top/u_top/u_rsa/core_inst/result_mem/g669386/ZN               -       I->ZN  R     invbdf        85 3786.2  1938  1151    2822    (-,-) 
  u_crypto_synth_top/u_top/u_rsa/core_inst/result_mem/g669146/ZN               -       I->ZN  F     invbdf       100 4346.8  2323 18051   20874    (-,-) 
  u_crypto_synth_top/u_top/u_rsa/core_inst/result_mem/g669145/ZN               -       I->ZN  R     inv0d4        24  634.8  1945 24642   45515    (-,-) 
  u_crypto_synth_top/u_top/u_rsa/core_inst/result_mem/g669125/ZN               -       I->ZN  F     invbd2        22  517.9  1867  1719   47234    (-,-) 
  u_crypto_synth_top/u_top/u_rsa/core_inst/result_mem/g669122/ZN               -       I->ZN  R     inv0d2        16  281.2  1714  1513   48747    (-,-) 
  u_crypto_synth_top/u_top/u_rsa/core_inst/result_mem/g648063/ZN               -       A1->ZN F     aoi22d1        1   10.8   496   303   49050    (-,-) 
  u_crypto_synth_top/u_top/u_rsa/core_inst/result_mem/g643646/ZN               -       B1->ZN R     oai22d1        1   10.8   819   406   49456    (-,-) 
  u_crypto_synth_top/u_top/u_rsa/core_inst/result_mem/g641612/ZN               -       A1->ZN F     aoi22d1        1   10.8   393   189   49645    (-,-) 
  u_crypto_synth_top/u_top/u_rsa/core_inst/result_mem/g640625/ZN               -       B2->ZN R     aoi21d1        1    9.5   525   387   50032    (-,-) 
  u_crypto_synth_top/u_top/u_rsa/core_inst/result_mem/g639397/ZN               -       A3->ZN F     nr04d1         1   10.0   210   155   50187    (-,-) 
  u_crypto_synth_top/u_top/u_rsa/core_inst/result_mem/g639344/ZN               -       A1->ZN R     nd02d1         1    8.7   204   144   50331    (-,-) 
  u_crypto_synth_top/u_top/u_rsa/core_inst/result_mem/tmp_read_data1_reg[12]/D -       -      R     dfnrq1         1      -     -     0   50331    (-,-) 
#--------------------------------------------------------------------------------------------------------------------------------------------------------



Path 28: MET (4725 ps) Setup Check with Pin u_crypto_synth_top/u_top/u_rsa/core_inst/result_mem/tmp_read_data0_reg[30]/CP->D
          Group: R2R
     Startpoint: (R) u_crypto_synth_top/u_top/u_rsa/modulus_length_reg_reg[0]/CP
          Clock: (R) MAIN_CLK
       Endpoint: (F) u_crypto_synth_top/u_top/u_rsa/core_inst/result_mem/tmp_read_data0_reg[30]/D
          Clock: (R) MAIN_CLK

                     Capture       Launch     
        Clock Edge:+   58000            0     
       Src Latency:+     150          250     
       Net Latency:+       0 (I)        0 (I) 
           Arrival:=   58150          250     
                                              
             Setup:-     274                  
       Uncertainty:-    1450                  
       Path Adjust:+   -1500                  
     Required Time:=   54926                  
      Launch Clock:-     250                  
         Data Path:-   49951                  
             Slack:=    4725                  

Exceptions/Constraints:
  path_adjust            -1500            PA_C2C 

#--------------------------------------------------------------------------------------------------------------------------------------------------------
#                                Timing Point                                  Flags    Arc   Edge   Cell     Fanout  Load  Trans Delay Arrival Instance 
#                                                                                                                     (fF)   (ps)  (ps)   (ps)  Location 
#--------------------------------------------------------------------------------------------------------------------------------------------------------
  u_crypto_synth_top/u_top/u_rsa/modulus_length_reg_reg[0]/CP                  -       -      R     (arrival)  19892      -     0     0     250    (-,-) 
  u_crypto_synth_top/u_top/u_rsa/modulus_length_reg_reg[0]/Q                   -       CP->Q  F     sdcrq4        25  662.2  1301  1143    1393    (-,-) 
  u_crypto_synth_top/u_top/u_rsa/core_inst/montprod_inst/g4779/ZN              -       A2->ZN R     nr03d0         3   27.9  2586  2006    3399    (-,-) 
  u_crypto_synth_top/u_top/u_rsa/core_inst/montprod_inst/g4767/Z               -       A->Z   R     aor21d1        3   28.3   378   292    3690    (-,-) 
  u_crypto_synth_top/u_top/u_rsa/core_inst/montprod_inst/g4760/Z               -       A1->Z  R     aor22d4       25  832.9  2257  1261    4952    (-,-) 
  u_crypto_synth_top/u_top/u_rsa/core_inst/result_mem/g659590/ZN               -       I->ZN  F     inv0d4        22  614.0  1069  1441    6393    (-,-) 
  u_crypto_synth_top/u_top/u_rsa/core_inst/result_mem/g659589/ZN               -       I->ZN  R     inv0d4        29 1009.1  2969  1942    8335    (-,-) 
  u_crypto_synth_top/u_top/u_rsa/core_inst/result_mem/g659099/ZN               -       I->ZN  F     invbdk       108 4843.8  2063  2553   10888    (-,-) 
  u_crypto_synth_top/u_top/u_rsa/core_inst/result_mem/g659022/ZN               -       I->ZN  R     inv0da        58 2301.0  2663 29649   40537    (-,-) 
  u_crypto_synth_top/u_top/u_rsa/core_inst/result_mem/g658984/ZN               -       I->ZN  F     inv0d2        15  274.0  1116  7105   47642    (-,-) 
  u_crypto_synth_top/u_top/u_rsa/core_inst/result_mem/g659013/ZN               -       I->ZN  R     inv0d2        17  302.5  1794  1145   48787    (-,-) 
  u_crypto_synth_top/u_top/u_rsa/core_inst/result_mem/g646369/ZN               -       A2->ZN F     oai22d1        1   10.0   505   346   49133    (-,-) 
  u_crypto_synth_top/u_top/u_rsa/core_inst/result_mem/g642423/ZN               -       B1->ZN R     aoi22d1        1   10.2   568   289   49422    (-,-) 
  u_crypto_synth_top/u_top/u_rsa/core_inst/result_mem/g640821/ZN               -       A1->ZN F     oai22d1        1    9.7   472   165   49587    (-,-) 
  u_crypto_synth_top/u_top/u_rsa/core_inst/result_mem/g639546/ZN               -       B1->ZN R     aoi221d1       1   12.0   732   418   50006    (-,-) 
  u_crypto_synth_top/u_top/u_rsa/core_inst/result_mem/g639364/ZN               -       C1->ZN F     oai211d1       1    8.8   338   195   50201    (-,-) 
  u_crypto_synth_top/u_top/u_rsa/core_inst/result_mem/tmp_read_data0_reg[30]/D -       -      F     dfnrq1         1      -     -     0   50201    (-,-) 
#--------------------------------------------------------------------------------------------------------------------------------------------------------



Path 29: MET (4740 ps) Setup Check with Pin u_crypto_synth_top/u_top/u_rsa/core_inst/result_mem/tmp_read_data0_reg[24]/CP->D
          Group: R2R
     Startpoint: (R) u_crypto_synth_top/u_top/u_rsa/modulus_length_reg_reg[0]/CP
          Clock: (R) MAIN_CLK
       Endpoint: (F) u_crypto_synth_top/u_top/u_rsa/core_inst/result_mem/tmp_read_data0_reg[24]/D
          Clock: (R) MAIN_CLK

                     Capture       Launch     
        Clock Edge:+   58000            0     
       Src Latency:+     150          250     
       Net Latency:+       0 (I)        0 (I) 
           Arrival:=   58150          250     
                                              
             Setup:-     282                  
       Uncertainty:-    1450                  
       Path Adjust:+   -1500                  
     Required Time:=   54918                  
      Launch Clock:-     250                  
         Data Path:-   49927                  
             Slack:=    4740                  

Exceptions/Constraints:
  path_adjust            -1500            PA_C2C 

#--------------------------------------------------------------------------------------------------------------------------------------------------------
#                                Timing Point                                  Flags    Arc   Edge   Cell     Fanout  Load  Trans Delay Arrival Instance 
#                                                                                                                     (fF)   (ps)  (ps)   (ps)  Location 
#--------------------------------------------------------------------------------------------------------------------------------------------------------
  u_crypto_synth_top/u_top/u_rsa/modulus_length_reg_reg[0]/CP                  -       -      R     (arrival)  19892      -     0     0     250    (-,-) 
  u_crypto_synth_top/u_top/u_rsa/modulus_length_reg_reg[0]/Q                   -       CP->Q  F     sdcrq4        25  662.2  1301  1143    1393    (-,-) 
  u_crypto_synth_top/u_top/u_rsa/core_inst/montprod_inst/g4779/ZN              -       A2->ZN R     nr03d0         3   27.9  2586  2006    3399    (-,-) 
  u_crypto_synth_top/u_top/u_rsa/core_inst/montprod_inst/g4767/Z               -       A->Z   R     aor21d1        3   28.3   378   292    3690    (-,-) 
  u_crypto_synth_top/u_top/u_rsa/core_inst/montprod_inst/g4760/Z               -       A1->Z  R     aor22d4       25  832.9  2257  1261    4952    (-,-) 
  u_crypto_synth_top/u_top/u_rsa/core_inst/result_mem/g659590/ZN               -       I->ZN  F     inv0d4        22  614.0  1069  1441    6393    (-,-) 
  u_crypto_synth_top/u_top/u_rsa/core_inst/result_mem/g659589/ZN               -       I->ZN  R     inv0d4        29 1009.1  2969  1942    8335    (-,-) 
  u_crypto_synth_top/u_top/u_rsa/core_inst/result_mem/g659099/ZN               -       I->ZN  F     invbdk       108 4843.8  2063  2553   10888    (-,-) 
  u_crypto_synth_top/u_top/u_rsa/core_inst/result_mem/g659022/ZN               -       I->ZN  R     inv0da        58 2301.0  2663 29649   40537    (-,-) 
  u_crypto_synth_top/u_top/u_rsa/core_inst/result_mem/g658984/ZN               -       I->ZN  F     inv0d2        15  274.0  1116  7105   47642    (-,-) 
  u_crypto_synth_top/u_top/u_rsa/core_inst/result_mem/g659013/ZN               -       I->ZN  R     inv0d2        17  302.5  1794  1145   48787    (-,-) 
  u_crypto_synth_top/u_top/u_rsa/core_inst/result_mem/g645918/ZN               -       A2->ZN F     oai22d1        1   10.2   418   348   49135    (-,-) 
  u_crypto_synth_top/u_top/u_rsa/core_inst/result_mem/g642453/ZN               -       A2->ZN R     nd02d1         1   10.4   309   216   49351    (-,-) 
  u_crypto_synth_top/u_top/u_rsa/core_inst/result_mem/g639520/ZN               -       A4->ZN F     nd04d1         1    9.7   325   213   49564    (-,-) 
  u_crypto_synth_top/u_top/u_rsa/core_inst/result_mem/g639410/ZN               -       B1->ZN R     aoi221d1       1   10.6   700   374   49938    (-,-) 
  u_crypto_synth_top/u_top/u_rsa/core_inst/result_mem/g639312/ZN               -       A->ZN  F     oai211d1       1    8.8   370   239   50177    (-,-) 
  u_crypto_synth_top/u_top/u_rsa/core_inst/result_mem/tmp_read_data0_reg[24]/D -       -      F     dfnrq1         1      -     -     0   50177    (-,-) 
#--------------------------------------------------------------------------------------------------------------------------------------------------------



Path 30: MET (4740 ps) Setup Check with Pin u_crypto_synth_top/u_top/u_rsa/core_inst/result_mem/tmp_read_data0_reg[15]/CP->D
          Group: R2R
     Startpoint: (R) u_crypto_synth_top/u_top/u_rsa/modulus_length_reg_reg[0]/CP
          Clock: (R) MAIN_CLK
       Endpoint: (F) u_crypto_synth_top/u_top/u_rsa/core_inst/result_mem/tmp_read_data0_reg[15]/D
          Clock: (R) MAIN_CLK

                     Capture       Launch     
        Clock Edge:+   58000            0     
       Src Latency:+     150          250     
       Net Latency:+       0 (I)        0 (I) 
           Arrival:=   58150          250     
                                              
             Setup:-     272                  
       Uncertainty:-    1450                  
       Path Adjust:+   -1500                  
     Required Time:=   54928                  
      Launch Clock:-     250                  
         Data Path:-   49938                  
             Slack:=    4740                  

Exceptions/Constraints:
  path_adjust            -1500            PA_C2C 

#--------------------------------------------------------------------------------------------------------------------------------------------------------
#                                Timing Point                                  Flags    Arc   Edge   Cell     Fanout  Load  Trans Delay Arrival Instance 
#                                                                                                                     (fF)   (ps)  (ps)   (ps)  Location 
#--------------------------------------------------------------------------------------------------------------------------------------------------------
  u_crypto_synth_top/u_top/u_rsa/modulus_length_reg_reg[0]/CP                  -       -      R     (arrival)  19892      -     0     0     250    (-,-) 
  u_crypto_synth_top/u_top/u_rsa/modulus_length_reg_reg[0]/Q                   -       CP->Q  F     sdcrq4        25  662.2  1301  1143    1393    (-,-) 
  u_crypto_synth_top/u_top/u_rsa/core_inst/montprod_inst/g4779/ZN              -       A2->ZN R     nr03d0         3   27.9  2586  2006    3399    (-,-) 
  u_crypto_synth_top/u_top/u_rsa/core_inst/montprod_inst/g4767/Z               -       A->Z   R     aor21d1        3   28.3   378   292    3690    (-,-) 
  u_crypto_synth_top/u_top/u_rsa/core_inst/montprod_inst/g4760/Z               -       A1->Z  R     aor22d4       25  832.9  2257  1261    4952    (-,-) 
  u_crypto_synth_top/u_top/u_rsa/core_inst/result_mem/g659590/ZN               -       I->ZN  F     inv0d4        22  614.0  1069  1441    6393    (-,-) 
  u_crypto_synth_top/u_top/u_rsa/core_inst/result_mem/g659589/ZN               -       I->ZN  R     inv0d4        29 1009.1  2969  1942    8335    (-,-) 
  u_crypto_synth_top/u_top/u_rsa/core_inst/result_mem/g659099/ZN               -       I->ZN  F     invbdk       108 4843.8  2063  2553   10888    (-,-) 
  u_crypto_synth_top/u_top/u_rsa/core_inst/result_mem/g659022/ZN               -       I->ZN  R     inv0da        58 2301.0  2663 29649   40537    (-,-) 
  u_crypto_synth_top/u_top/u_rsa/core_inst/result_mem/g658984/ZN               -       I->ZN  F     inv0d2        15  274.0  1116  7105   47642    (-,-) 
  u_crypto_synth_top/u_top/u_rsa/core_inst/result_mem/g659013/ZN               -       I->ZN  R     inv0d2        17  302.5  1794  1145   48787    (-,-) 
  u_crypto_synth_top/u_top/u_rsa/core_inst/result_mem/g645184/ZN               -       A2->ZN F     oai22d1        1   10.0   416   346   49133    (-,-) 
  u_crypto_synth_top/u_top/u_rsa/core_inst/result_mem/g642255/ZN               -       B1->ZN R     aoi22d1        1   10.2   568   275   49408    (-,-) 
  u_crypto_synth_top/u_top/u_rsa/core_inst/result_mem/g640844/ZN               -       A1->ZN F     oai22d1        1    9.7   471   165   49573    (-,-) 
  u_crypto_synth_top/u_top/u_rsa/core_inst/result_mem/g639529/ZN               -       B1->ZN R     aoi221d1       1   12.0   755   418   49991    (-,-) 
  u_crypto_synth_top/u_top/u_rsa/core_inst/result_mem/g639382/ZN               -       C1->ZN F     oai211d1       1    8.8   329   196   50187    (-,-) 
  u_crypto_synth_top/u_top/u_rsa/core_inst/result_mem/tmp_read_data0_reg[15]/D -       -      F     dfnrq1         1      -     -     0   50188    (-,-) 
#--------------------------------------------------------------------------------------------------------------------------------------------------------



Path 31: MET (4742 ps) Setup Check with Pin u_crypto_synth_top/u_top/u_rsa/core_inst/result_mem/tmp_read_data1_reg[10]/CP->D
          Group: R2R
     Startpoint: (R) u_crypto_synth_top/u_top/u_rsa/core_inst/result_mem/ptr_reg_reg[3]/CP
          Clock: (R) MAIN_CLK
       Endpoint: (R) u_crypto_synth_top/u_top/u_rsa/core_inst/result_mem/tmp_read_data1_reg[10]/D
          Clock: (R) MAIN_CLK

                     Capture       Launch     
        Clock Edge:+   58000            0     
       Src Latency:+     150          250     
       Net Latency:+       0 (I)        0 (I) 
           Arrival:=   58150          250     
                                              
             Setup:-     160                  
       Uncertainty:-    1450                  
       Path Adjust:+   -1500                  
     Required Time:=   55040                  
      Launch Clock:-     250                  
         Data Path:-   50048                  
             Slack:=    4742                  

Exceptions/Constraints:
  path_adjust            -1500            PA_C2C 

#--------------------------------------------------------------------------------------------------------------------------------------------------------
#                                Timing Point                                  Flags    Arc   Edge   Cell     Fanout  Load  Trans Delay Arrival Instance 
#                                                                                                                     (fF)   (ps)  (ps)   (ps)  Location 
#--------------------------------------------------------------------------------------------------------------------------------------------------------
  u_crypto_synth_top/u_top/u_rsa/core_inst/result_mem/ptr_reg_reg[3]/CP        -       -      R     (arrival)  19892      -     0     0     250    (-,-) 
  u_crypto_synth_top/u_top/u_rsa/core_inst/result_mem/ptr_reg_reg[3]/Q         -       CP->Q  F     dfcrq2         3   39.4   168   587     837    (-,-) 
  u_crypto_synth_top/u_top/u_rsa/core_inst/result_mem/g439563/ZN               -       I->ZN  R     inv0d2         4   89.5   551   294    1131    (-,-) 
  u_crypto_synth_top/u_top/u_rsa/core_inst/result_mem/g670799/ZN               -       I->ZN  F     inv0d2        13  355.6   894   540    1671    (-,-) 
  u_crypto_synth_top/u_top/u_rsa/core_inst/result_mem/g669386/ZN               -       I->ZN  R     invbdf        85 3786.2  1938  1151    2822    (-,-) 
  u_crypto_synth_top/u_top/u_rsa/core_inst/result_mem/g669146/ZN               -       I->ZN  F     invbdf       100 4346.8  2323 18051   20874    (-,-) 
  u_crypto_synth_top/u_top/u_rsa/core_inst/result_mem/g669145/ZN               -       I->ZN  R     inv0d4        24  634.8  1945 24642   45515    (-,-) 
  u_crypto_synth_top/u_top/u_rsa/core_inst/result_mem/g669125/ZN               -       I->ZN  F     invbd2        22  517.9  1867  1719   47234    (-,-) 
  u_crypto_synth_top/u_top/u_rsa/core_inst/result_mem/g669124/ZN               -       I->ZN  R     inv0d1         8  133.9  1734  1531   48765    (-,-) 
  u_crypto_synth_top/u_top/u_rsa/core_inst/result_mem/g647789/ZN               -       A1->ZN F     aoi22d1        1    9.7   467   227   48992    (-,-) 
  u_crypto_synth_top/u_top/u_rsa/core_inst/result_mem/g643524/ZN               -       A1->ZN R     oai22d1        1   11.0   845   326   49318    (-,-) 
  u_crypto_synth_top/u_top/u_rsa/core_inst/result_mem/g641550/ZN               -       B1->ZN F     aoi22d1        1   10.8   484   250   49568    (-,-) 
  u_crypto_synth_top/u_top/u_rsa/core_inst/result_mem/g640610/ZN               -       B2->ZN R     aoi21d1        1   11.0   577   423   49991    (-,-) 
  u_crypto_synth_top/u_top/u_rsa/core_inst/result_mem/g639395/ZN               -       A1->ZN F     nr04d1         1   10.0   210   163   50154    (-,-) 
  u_crypto_synth_top/u_top/u_rsa/core_inst/result_mem/g639342/ZN               -       A1->ZN R     nd02d1         1    8.7   202   144   50298    (-,-) 
  u_crypto_synth_top/u_top/u_rsa/core_inst/result_mem/tmp_read_data1_reg[10]/D -       -      R     dfnrq1         1      -     -     0   50298    (-,-) 
#--------------------------------------------------------------------------------------------------------------------------------------------------------



Path 32: MET (4749 ps) Setup Check with Pin u_crypto_synth_top/u_top/u_rsa/core_inst/result_mem/tmp_read_data1_reg[29]/CP->D
          Group: R2R
     Startpoint: (R) u_crypto_synth_top/u_top/u_rsa/core_inst/result_mem/ptr_reg_reg[3]/CP
          Clock: (R) MAIN_CLK
       Endpoint: (R) u_crypto_synth_top/u_top/u_rsa/core_inst/result_mem/tmp_read_data1_reg[29]/D
          Clock: (R) MAIN_CLK

                     Capture       Launch     
        Clock Edge:+   58000            0     
       Src Latency:+     150          250     
       Net Latency:+       0 (I)        0 (I) 
           Arrival:=   58150          250     
                                              
             Setup:-     160                  
       Uncertainty:-    1450                  
       Path Adjust:+   -1500                  
     Required Time:=   55040                  
      Launch Clock:-     250                  
         Data Path:-   50041                  
             Slack:=    4749                  

Exceptions/Constraints:
  path_adjust            -1500            PA_C2C 

#--------------------------------------------------------------------------------------------------------------------------------------------------------
#                                Timing Point                                  Flags    Arc   Edge   Cell     Fanout  Load  Trans Delay Arrival Instance 
#                                                                                                                     (fF)   (ps)  (ps)   (ps)  Location 
#--------------------------------------------------------------------------------------------------------------------------------------------------------
  u_crypto_synth_top/u_top/u_rsa/core_inst/result_mem/ptr_reg_reg[3]/CP        -       -      R     (arrival)  19892      -     0     0     250    (-,-) 
  u_crypto_synth_top/u_top/u_rsa/core_inst/result_mem/ptr_reg_reg[3]/Q         -       CP->Q  F     dfcrq2         3   39.4   168   587     837    (-,-) 
  u_crypto_synth_top/u_top/u_rsa/core_inst/result_mem/g439563/ZN               -       I->ZN  R     inv0d2         4   89.5   551   294    1131    (-,-) 
  u_crypto_synth_top/u_top/u_rsa/core_inst/result_mem/g670799/ZN               -       I->ZN  F     inv0d2        13  355.6   894   540    1671    (-,-) 
  u_crypto_synth_top/u_top/u_rsa/core_inst/result_mem/g669386/ZN               -       I->ZN  R     invbdf        85 3786.2  1938  1151    2822    (-,-) 
  u_crypto_synth_top/u_top/u_rsa/core_inst/result_mem/g669146/ZN               -       I->ZN  F     invbdf       100 4346.8  2323 18051   20874    (-,-) 
  u_crypto_synth_top/u_top/u_rsa/core_inst/result_mem/g669145/ZN               -       I->ZN  R     inv0d4        24  634.8  1945 24642   45515    (-,-) 
  u_crypto_synth_top/u_top/u_rsa/core_inst/result_mem/g669125/ZN               -       I->ZN  F     invbd2        22  517.9  1867  1719   47234    (-,-) 
  u_crypto_synth_top/u_top/u_rsa/core_inst/result_mem/g669124/ZN               -       I->ZN  R     inv0d1         8  133.9  1734  1531   48765    (-,-) 
  u_crypto_synth_top/u_top/u_rsa/core_inst/result_mem/g648385/ZN               -       A1->ZN F     aoi22d1        1    9.7   452   227   48992    (-,-) 
  u_crypto_synth_top/u_top/u_rsa/core_inst/result_mem/g643940/ZN               -       A1->ZN R     oai22d1        1   11.0   845   322   49314    (-,-) 
  u_crypto_synth_top/u_top/u_rsa/core_inst/result_mem/g641793/ZN               -       B1->ZN F     aoi22d1        1   10.8   460   250   49564    (-,-) 
  u_crypto_synth_top/u_top/u_rsa/core_inst/result_mem/g640716/ZN               -       B2->ZN R     aoi21d1        1   11.0   577   420   49984    (-,-) 
  u_crypto_synth_top/u_top/u_rsa/core_inst/result_mem/g639381/ZN               -       A1->ZN F     nr04d1         1   10.0   210   163   50147    (-,-) 
  u_crypto_synth_top/u_top/u_rsa/core_inst/result_mem/g639334/ZN               -       A1->ZN R     nd02d1         1    8.7   202   144   50291    (-,-) 
  u_crypto_synth_top/u_top/u_rsa/core_inst/result_mem/tmp_read_data1_reg[29]/D -       -      R     dfnrq1         1      -     -     0   50291    (-,-) 
#--------------------------------------------------------------------------------------------------------------------------------------------------------



Path 33: MET (4789 ps) Setup Check with Pin u_crypto_synth_top/u_top/u_rsa/core_inst/result_mem/tmp_read_data0_reg[6]/CP->D
          Group: R2R
     Startpoint: (R) u_crypto_synth_top/u_top/u_rsa/modulus_length_reg_reg[0]/CP
          Clock: (R) MAIN_CLK
       Endpoint: (F) u_crypto_synth_top/u_top/u_rsa/core_inst/result_mem/tmp_read_data0_reg[6]/D
          Clock: (R) MAIN_CLK

                     Capture       Launch     
        Clock Edge:+   58000            0     
       Src Latency:+     150          250     
       Net Latency:+       0 (I)        0 (I) 
           Arrival:=   58150          250     
                                              
             Setup:-     317                  
       Uncertainty:-    1450                  
       Path Adjust:+   -1500                  
     Required Time:=   54883                  
      Launch Clock:-     250                  
         Data Path:-   49844                  
             Slack:=    4789                  

Exceptions/Constraints:
  path_adjust            -1500            PA_C2C 

#-------------------------------------------------------------------------------------------------------------------------------------------------------
#                                Timing Point                                 Flags    Arc   Edge   Cell     Fanout  Load  Trans Delay Arrival Instance 
#                                                                                                                    (fF)   (ps)  (ps)   (ps)  Location 
#-------------------------------------------------------------------------------------------------------------------------------------------------------
  u_crypto_synth_top/u_top/u_rsa/modulus_length_reg_reg[0]/CP                 -       -      R     (arrival)  19892      -     0     0     250    (-,-) 
  u_crypto_synth_top/u_top/u_rsa/modulus_length_reg_reg[0]/Q                  -       CP->Q  F     sdcrq4        25  662.2  1301  1143    1393    (-,-) 
  u_crypto_synth_top/u_top/u_rsa/core_inst/montprod_inst/g4779/ZN             -       A2->ZN R     nr03d0         3   27.9  2586  2006    3399    (-,-) 
  u_crypto_synth_top/u_top/u_rsa/core_inst/montprod_inst/g4776/ZN             -       A1->ZN F     nd03d1         3   24.3   762   457    3856    (-,-) 
  u_crypto_synth_top/u_top/u_rsa/core_inst/montprod_inst/g4775/ZN             -       I->ZN  R     inv0d0         1    9.9   607   481    4337    (-,-) 
  u_crypto_synth_top/u_top/u_rsa/core_inst/montprod_inst/g4763/S              -       A->S   F     ah01d1         1    8.6   150   441    4778    (-,-) 
  u_crypto_synth_top/u_top/u_rsa/core_inst/montprod_inst/g4761/ZN             -       I->ZN  R     inv0d1         4   44.3   585   306    5084    (-,-) 
  u_crypto_synth_top/u_top/u_rsa/core_inst/montprod_inst/g4756/Z              -       I0->Z  R     mx02d2        12  330.1  2099  1163    6247    (-,-) 
  u_crypto_synth_top/u_top/u_rsa/core_inst/result_mem/g663228/ZN              -       I->ZN  F     invbdf        72 3334.1  1852  1358    7606    (-,-) 
  u_crypto_synth_top/u_top/u_rsa/core_inst/result_mem/g662433/ZN              -       I->ZN  R     invbdk       104 4600.5  1784 13303   20908    (-,-) 
  u_crypto_synth_top/u_top/u_rsa/core_inst/result_mem/g662330/ZN              -       I->ZN  F     invbd2        22  530.2  1890 26425   47334    (-,-) 
  u_crypto_synth_top/u_top/u_rsa/core_inst/result_mem/g652838/ZN              -       A1->ZN R     aoi22d1        1   10.2   542   801   48134    (-,-) 
  u_crypto_synth_top/u_top/u_rsa/core_inst/result_mem/g645724/ZN              -       A1->ZN F     oai22d1        1   10.8   524   168   48302    (-,-) 
  u_crypto_synth_top/u_top/u_rsa/core_inst/result_mem/g639615/ZN              -       B2->ZN R     aoi221d1       1   10.4   560   408   48710    (-,-) 
  u_crypto_synth_top/u_top/u_rsa/core_inst/result_mem/g639508/ZN              -       A->ZN  F     oai221d1       1   10.8   471   232   48942    (-,-) 
  u_crypto_synth_top/u_top/u_rsa/core_inst/result_mem/g639429/ZN              -       A1->ZN R     aoi22d1        1   11.0   405   260   49202    (-,-) 
  u_crypto_synth_top/u_top/u_rsa/core_inst/result_mem/g639421/ZN              -       A->ZN  F     aon211d1       1   10.3   401   204   49406    (-,-) 
  u_crypto_synth_top/u_top/u_rsa/core_inst/result_mem/g639376/ZN              -       A4->ZN R     nr04d1         1   10.4   859   432   49838    (-,-) 
  u_crypto_synth_top/u_top/u_rsa/core_inst/result_mem/g639323/ZN              -       A->ZN  F     oai221d1       1    8.8   505   255   50094    (-,-) 
  u_crypto_synth_top/u_top/u_rsa/core_inst/result_mem/tmp_read_data0_reg[6]/D -       -      F     dfnrq1         1      -     -     0   50094    (-,-) 
#-------------------------------------------------------------------------------------------------------------------------------------------------------



Path 34: MET (4807 ps) Setup Check with Pin u_crypto_synth_top/u_top/u_rsa/core_inst/result_mem/tmp_read_data0_reg[23]/CP->D
          Group: R2R
     Startpoint: (R) u_crypto_synth_top/u_top/u_rsa/modulus_length_reg_reg[0]/CP
          Clock: (R) MAIN_CLK
       Endpoint: (F) u_crypto_synth_top/u_top/u_rsa/core_inst/result_mem/tmp_read_data0_reg[23]/D
          Clock: (R) MAIN_CLK

                     Capture       Launch     
        Clock Edge:+   58000            0     
       Src Latency:+     150          250     
       Net Latency:+       0 (I)        0 (I) 
           Arrival:=   58150          250     
                                              
             Setup:-     277                  
       Uncertainty:-    1450                  
       Path Adjust:+   -1500                  
     Required Time:=   54923                  
      Launch Clock:-     250                  
         Data Path:-   49865                  
             Slack:=    4807                  

Exceptions/Constraints:
  path_adjust            -1500            PA_C2C 

#--------------------------------------------------------------------------------------------------------------------------------------------------------
#                                Timing Point                                  Flags    Arc   Edge   Cell     Fanout  Load  Trans Delay Arrival Instance 
#                                                                                                                     (fF)   (ps)  (ps)   (ps)  Location 
#--------------------------------------------------------------------------------------------------------------------------------------------------------
  u_crypto_synth_top/u_top/u_rsa/modulus_length_reg_reg[0]/CP                  -       -      R     (arrival)  19892      -     0     0     250    (-,-) 
  u_crypto_synth_top/u_top/u_rsa/modulus_length_reg_reg[0]/Q                   -       CP->Q  F     sdcrq4        25  662.2  1301  1143    1393    (-,-) 
  u_crypto_synth_top/u_top/u_rsa/core_inst/montprod_inst/g4779/ZN              -       A2->ZN R     nr03d0         3   27.9  2586  2006    3399    (-,-) 
  u_crypto_synth_top/u_top/u_rsa/core_inst/montprod_inst/g4767/Z               -       A->Z   R     aor21d1        3   28.3   378   292    3690    (-,-) 
  u_crypto_synth_top/u_top/u_rsa/core_inst/montprod_inst/g4760/Z               -       A1->Z  R     aor22d4       25  832.9  2257  1261    4952    (-,-) 
  u_crypto_synth_top/u_top/u_rsa/core_inst/result_mem/g659590/ZN               -       I->ZN  F     inv0d4        22  614.0  1069  1441    6393    (-,-) 
  u_crypto_synth_top/u_top/u_rsa/core_inst/result_mem/g659589/ZN               -       I->ZN  R     inv0d4        29 1009.1  2969  1942    8335    (-,-) 
  u_crypto_synth_top/u_top/u_rsa/core_inst/result_mem/g659099/ZN               -       I->ZN  F     invbdk       108 4843.8  2063  2553   10888    (-,-) 
  u_crypto_synth_top/u_top/u_rsa/core_inst/result_mem/g659022/ZN               -       I->ZN  R     inv0da        58 2301.0  2663 29649   40537    (-,-) 
  u_crypto_synth_top/u_top/u_rsa/core_inst/result_mem/g658984/ZN               -       I->ZN  F     inv0d2        15  274.0  1116  7105   47642    (-,-) 
  u_crypto_synth_top/u_top/u_rsa/core_inst/result_mem/g659013/ZN               -       I->ZN  R     inv0d2        17  302.5  1794  1145   48787    (-,-) 
  u_crypto_synth_top/u_top/u_rsa/core_inst/result_mem/g645818/ZN               -       A2->ZN F     oai22d1        1   10.0   416   346   49133    (-,-) 
  u_crypto_synth_top/u_top/u_rsa/core_inst/result_mem/g641900/ZN               -       B1->ZN R     aoi22d1        1   10.8   573   280   49413    (-,-) 
  u_crypto_synth_top/u_top/u_rsa/core_inst/result_mem/g640692/ZN               -       B2->ZN F     aoi21d1        1   10.6   372   158   49571    (-,-) 
  u_crypto_synth_top/u_top/u_rsa/core_inst/result_mem/g639434/ZN               -       A->ZN  R     aoi211d1       1   10.5   863   306   49877    (-,-) 
  u_crypto_synth_top/u_top/u_rsa/core_inst/result_mem/g639310/ZN               -       A3->ZN F     nd04d1         1    8.8   349   238   50115    (-,-) 
  u_crypto_synth_top/u_top/u_rsa/core_inst/result_mem/tmp_read_data0_reg[23]/D -       -      F     dfnrq1         1      -     -     0   50115    (-,-) 
#--------------------------------------------------------------------------------------------------------------------------------------------------------



Path 35: MET (4811 ps) Setup Check with Pin u_crypto_synth_top/u_top/u_rsa/core_inst/result_mem/tmp_read_data1_reg[11]/CP->D
          Group: R2R
     Startpoint: (R) u_crypto_synth_top/u_top/u_rsa/core_inst/result_mem/ptr_reg_reg[3]/CP
          Clock: (R) MAIN_CLK
       Endpoint: (F) u_crypto_synth_top/u_top/u_rsa/core_inst/result_mem/tmp_read_data1_reg[11]/D
          Clock: (R) MAIN_CLK

                     Capture       Launch     
        Clock Edge:+   58000            0     
       Src Latency:+     150          250     
       Net Latency:+       0 (I)        0 (I) 
           Arrival:=   58150          250     
                                              
             Setup:-     260                  
       Uncertainty:-    1450                  
       Path Adjust:+   -1500                  
     Required Time:=   54940                  
      Launch Clock:-     250                  
         Data Path:-   49879                  
             Slack:=    4811                  

Exceptions/Constraints:
  path_adjust            -1500            PA_C2C 

#--------------------------------------------------------------------------------------------------------------------------------------------------------
#                                Timing Point                                  Flags    Arc   Edge   Cell     Fanout  Load  Trans Delay Arrival Instance 
#                                                                                                                     (fF)   (ps)  (ps)   (ps)  Location 
#--------------------------------------------------------------------------------------------------------------------------------------------------------
  u_crypto_synth_top/u_top/u_rsa/core_inst/result_mem/ptr_reg_reg[3]/CP        -       -      R     (arrival)  19892      -     0     0     250    (-,-) 
  u_crypto_synth_top/u_top/u_rsa/core_inst/result_mem/ptr_reg_reg[3]/Q         -       CP->Q  F     dfcrq2         3   39.4   168   587     837    (-,-) 
  u_crypto_synth_top/u_top/u_rsa/core_inst/result_mem/g439563/ZN               -       I->ZN  R     inv0d2         4   89.5   551   294    1131    (-,-) 
  u_crypto_synth_top/u_top/u_rsa/core_inst/result_mem/g670799/ZN               -       I->ZN  F     inv0d2        13  355.6   894   540    1671    (-,-) 
  u_crypto_synth_top/u_top/u_rsa/core_inst/result_mem/g669386/ZN               -       I->ZN  R     invbdf        85 3786.2  1938  1151    2822    (-,-) 
  u_crypto_synth_top/u_top/u_rsa/core_inst/result_mem/g669146/ZN               -       I->ZN  F     invbdf       100 4346.8  2323 18051   20874    (-,-) 
  u_crypto_synth_top/u_top/u_rsa/core_inst/result_mem/g669042/ZN               -       I->ZN  R     inv0d4        31  974.6  2894 25071   45945    (-,-) 
  u_crypto_synth_top/u_top/u_rsa/core_inst/result_mem/g669040/ZN               -       I->ZN  F     inv0d1         6   78.0   962  1746   47690    (-,-) 
  u_crypto_synth_top/u_top/u_rsa/core_inst/result_mem/g648006/ZN               -       B1->ZN R     aoi22d1        1   10.7   404   367   48058    (-,-) 
  u_crypto_synth_top/u_top/u_rsa/core_inst/result_mem/g643620/ZN               -       B1->ZN F     oai22d1        1   10.0   550   165   48222    (-,-) 
  u_crypto_synth_top/u_top/u_rsa/core_inst/result_mem/g642457/ZN               -       A1->ZN R     nd02d1         1   10.8   473   232   48455    (-,-) 
  u_crypto_synth_top/u_top/u_rsa/core_inst/result_mem/g640255/ZN               -       B->ZN  F     oai211d1       1   10.4   491   220   48675    (-,-) 
  u_crypto_synth_top/u_top/u_rsa/core_inst/result_mem/g639669/ZN               -       C1->ZN R     aoi211d1       1   10.5   771   515   49191    (-,-) 
  u_crypto_synth_top/u_top/u_rsa/core_inst/result_mem/g639458/ZN               -       A1->ZN F     oai222d1       1   10.3   654   269   49460    (-,-) 
  u_crypto_synth_top/u_top/u_rsa/core_inst/result_mem/g639396/ZN               -       A4->ZN R     nr04d1         1   10.2   850   481   49940    (-,-) 
  u_crypto_synth_top/u_top/u_rsa/core_inst/result_mem/g639343/ZN               -       A1->ZN F     nd02d1         1    8.8   282   188   50129    (-,-) 
  u_crypto_synth_top/u_top/u_rsa/core_inst/result_mem/tmp_read_data1_reg[11]/D -       -      F     dfnrq1         1      -     -     0   50129    (-,-) 
#--------------------------------------------------------------------------------------------------------------------------------------------------------



Path 36: MET (4818 ps) Setup Check with Pin u_crypto_synth_top/u_top/u_rsa/core_inst/result_mem/tmp_read_data0_reg[12]/CP->D
          Group: R2R
     Startpoint: (R) u_crypto_synth_top/u_top/u_rsa/modulus_length_reg_reg[0]/CP
          Clock: (R) MAIN_CLK
       Endpoint: (F) u_crypto_synth_top/u_top/u_rsa/core_inst/result_mem/tmp_read_data0_reg[12]/D
          Clock: (R) MAIN_CLK

                     Capture       Launch     
        Clock Edge:+   58000            0     
       Src Latency:+     150          250     
       Net Latency:+       0 (I)        0 (I) 
           Arrival:=   58150          250     
                                              
             Setup:-     274                  
       Uncertainty:-    1450                  
       Path Adjust:+   -1500                  
     Required Time:=   54926                  
      Launch Clock:-     250                  
         Data Path:-   49859                  
             Slack:=    4818                  

Exceptions/Constraints:
  path_adjust            -1500            PA_C2C 

#--------------------------------------------------------------------------------------------------------------------------------------------------------
#                                Timing Point                                  Flags    Arc   Edge   Cell     Fanout  Load  Trans Delay Arrival Instance 
#                                                                                                                     (fF)   (ps)  (ps)   (ps)  Location 
#--------------------------------------------------------------------------------------------------------------------------------------------------------
  u_crypto_synth_top/u_top/u_rsa/modulus_length_reg_reg[0]/CP                  -       -      R     (arrival)  19892      -     0     0     250    (-,-) 
  u_crypto_synth_top/u_top/u_rsa/modulus_length_reg_reg[0]/Q                   -       CP->Q  F     sdcrq4        25  662.2  1301  1143    1393    (-,-) 
  u_crypto_synth_top/u_top/u_rsa/core_inst/montprod_inst/g4779/ZN              -       A2->ZN R     nr03d0         3   27.9  2586  2006    3399    (-,-) 
  u_crypto_synth_top/u_top/u_rsa/core_inst/montprod_inst/g4767/Z               -       A->Z   R     aor21d1        3   28.3   378   292    3690    (-,-) 
  u_crypto_synth_top/u_top/u_rsa/core_inst/montprod_inst/g4760/Z               -       A1->Z  R     aor22d4       25  832.9  2257  1261    4952    (-,-) 
  u_crypto_synth_top/u_top/u_rsa/core_inst/result_mem/g659590/ZN               -       I->ZN  F     inv0d4        22  614.0  1069  1441    6393    (-,-) 
  u_crypto_synth_top/u_top/u_rsa/core_inst/result_mem/g659589/ZN               -       I->ZN  R     inv0d4        29 1009.1  2969  1942    8335    (-,-) 
  u_crypto_synth_top/u_top/u_rsa/core_inst/result_mem/g659099/ZN               -       I->ZN  F     invbdk       108 4843.8  2063  2553   10888    (-,-) 
  u_crypto_synth_top/u_top/u_rsa/core_inst/result_mem/g659022/ZN               -       I->ZN  R     inv0da        58 2301.0  2663 29649   40537    (-,-) 
  u_crypto_synth_top/u_top/u_rsa/core_inst/result_mem/g658984/ZN               -       I->ZN  F     inv0d2        15  274.0  1116  7105   47642    (-,-) 
  u_crypto_synth_top/u_top/u_rsa/core_inst/result_mem/g659013/ZN               -       I->ZN  R     inv0d2        17  302.5  1794  1145   48787    (-,-) 
  u_crypto_synth_top/u_top/u_rsa/core_inst/result_mem/g644903/ZN               -       A2->ZN F     oai22d1        1   10.0   416   346   49133    (-,-) 
  u_crypto_synth_top/u_top/u_rsa/core_inst/result_mem/g641403/ZN               -       B1->ZN R     aoi22d1        1   10.8   573   280   49413    (-,-) 
  u_crypto_synth_top/u_top/u_rsa/core_inst/result_mem/g640575/ZN               -       B2->ZN F     aoi21d1        1   10.6   372   158   49571    (-,-) 
  u_crypto_synth_top/u_top/u_rsa/core_inst/result_mem/g639433/ZN               -       A->ZN  R     aoi211d1       1   10.5   762   306   49877    (-,-) 
  u_crypto_synth_top/u_top/u_rsa/core_inst/result_mem/g639311/ZN               -       A3->ZN F     nd04d1         1    8.8   334   232   50109    (-,-) 
  u_crypto_synth_top/u_top/u_rsa/core_inst/result_mem/tmp_read_data0_reg[12]/D -       -      F     dfnrq1         1      -     -     0   50109    (-,-) 
#--------------------------------------------------------------------------------------------------------------------------------------------------------



Path 37: MET (4819 ps) Setup Check with Pin u_crypto_synth_top/u_top/u_rsa/core_inst/result_mem/tmp_read_data1_reg[26]/CP->D
          Group: R2R
     Startpoint: (R) u_crypto_synth_top/u_top/u_rsa/core_inst/result_mem/ptr_reg_reg[3]/CP
          Clock: (R) MAIN_CLK
       Endpoint: (R) u_crypto_synth_top/u_top/u_rsa/core_inst/result_mem/tmp_read_data1_reg[26]/D
          Clock: (R) MAIN_CLK

                     Capture       Launch     
        Clock Edge:+   58000            0     
       Src Latency:+     150          250     
       Net Latency:+       0 (I)        0 (I) 
           Arrival:=   58150          250     
                                              
             Setup:-     160                  
       Uncertainty:-    1450                  
       Path Adjust:+   -1500                  
     Required Time:=   55040                  
      Launch Clock:-     250                  
         Data Path:-   49971                  
             Slack:=    4819                  

Exceptions/Constraints:
  path_adjust            -1500            PA_C2C 

#--------------------------------------------------------------------------------------------------------------------------------------------------------
#                                Timing Point                                  Flags    Arc   Edge   Cell     Fanout  Load  Trans Delay Arrival Instance 
#                                                                                                                     (fF)   (ps)  (ps)   (ps)  Location 
#--------------------------------------------------------------------------------------------------------------------------------------------------------
  u_crypto_synth_top/u_top/u_rsa/core_inst/result_mem/ptr_reg_reg[3]/CP        -       -      R     (arrival)  19892      -     0     0     250    (-,-) 
  u_crypto_synth_top/u_top/u_rsa/core_inst/result_mem/ptr_reg_reg[3]/Q         -       CP->Q  R     dfcrq2         3   39.7   261   551     801    (-,-) 
  u_crypto_synth_top/u_top/u_rsa/core_inst/result_mem/g439563/ZN               -       I->ZN  F     inv0d2         4   86.6   233   169     969    (-,-) 
  u_crypto_synth_top/u_top/u_rsa/core_inst/result_mem/g670799/ZN               -       I->ZN  R     inv0d2        13  381.9  2254  1061    2031    (-,-) 
  u_crypto_synth_top/u_top/u_rsa/core_inst/result_mem/g669386/ZN               -       I->ZN  F     invbdf        85 3765.4  2066  1508    3538    (-,-) 
  u_crypto_synth_top/u_top/u_rsa/core_inst/result_mem/g669146/ZN               -       I->ZN  R     invbdf       100 4432.5  2286 18045   21584    (-,-) 
  u_crypto_synth_top/u_top/u_rsa/core_inst/result_mem/g669018/ZN               -       I->ZN  F     invbd2        23  586.9  2100 24688   46271    (-,-) 
  u_crypto_synth_top/u_top/u_rsa/core_inst/result_mem/g669015/ZN               -       I->ZN  R     inv0d2        16  284.4  1753  1650   47921    (-,-) 
  u_crypto_synth_top/u_top/u_rsa/core_inst/result_mem/g649655/ZN               -       B1->ZN F     aoi22d1        1   10.7   483   394   48315    (-,-) 
  u_crypto_synth_top/u_top/u_rsa/core_inst/result_mem/g644445/Z                -       I0->Z  F     mx02d1         1   10.8   141   352   48667    (-,-) 
  u_crypto_synth_top/u_top/u_rsa/core_inst/result_mem/g641133/ZN               -       B1->ZN R     oai22d1        1   10.7   741   332   49000    (-,-) 
  u_crypto_synth_top/u_top/u_rsa/core_inst/result_mem/g640491/ZN               -       A->ZN  F     aoi221d1       1    9.7   504   138   49138    (-,-) 
  u_crypto_synth_top/u_top/u_rsa/core_inst/result_mem/g639920/ZN               -       A1->ZN R     oai22d1        1   10.5   828   328   49465    (-,-) 
  u_crypto_synth_top/u_top/u_rsa/core_inst/result_mem/g639667/ZN               -       A->ZN  F     aoi211d1       1    9.9   390   143   49609    (-,-) 
  u_crypto_synth_top/u_top/u_rsa/core_inst/result_mem/g639460/ZN               -       A1->ZN R     oai222d1       1   10.4   890   296   49905    (-,-) 
  u_crypto_synth_top/u_top/u_rsa/core_inst/result_mem/g639408/ZN               -       A4->ZN F     nr04d1         1   10.0   254   162   50066    (-,-) 
  u_crypto_synth_top/u_top/u_rsa/core_inst/result_mem/g639353/ZN               -       A1->ZN R     nd02d1         1    8.7   204   154   50221    (-,-) 
  u_crypto_synth_top/u_top/u_rsa/core_inst/result_mem/tmp_read_data1_reg[26]/D -       -      R     dfnrq1         1      -     -     0   50221    (-,-) 
#--------------------------------------------------------------------------------------------------------------------------------------------------------



Path 38: MET (4829 ps) Setup Check with Pin u_crypto_synth_top/u_top/u_rsa/core_inst/result_mem/tmp_read_data0_reg[11]/CP->D
          Group: R2R
     Startpoint: (R) u_crypto_synth_top/u_top/u_rsa/modulus_length_reg_reg[0]/CP
          Clock: (R) MAIN_CLK
       Endpoint: (F) u_crypto_synth_top/u_top/u_rsa/core_inst/result_mem/tmp_read_data0_reg[11]/D
          Clock: (R) MAIN_CLK

                     Capture       Launch     
        Clock Edge:+   58000            0     
       Src Latency:+     150          250     
       Net Latency:+       0 (I)        0 (I) 
           Arrival:=   58150          250     
                                              
             Setup:-     316                  
       Uncertainty:-    1450                  
       Path Adjust:+   -1500                  
     Required Time:=   54884                  
      Launch Clock:-     250                  
         Data Path:-   49806                  
             Slack:=    4829                  

Exceptions/Constraints:
  path_adjust            -1500            PA_C2C 

#--------------------------------------------------------------------------------------------------------------------------------------------------------
#                                Timing Point                                  Flags    Arc   Edge   Cell     Fanout  Load  Trans Delay Arrival Instance 
#                                                                                                                     (fF)   (ps)  (ps)   (ps)  Location 
#--------------------------------------------------------------------------------------------------------------------------------------------------------
  u_crypto_synth_top/u_top/u_rsa/modulus_length_reg_reg[0]/CP                  -       -      R     (arrival)  19892      -     0     0     250    (-,-) 
  u_crypto_synth_top/u_top/u_rsa/modulus_length_reg_reg[0]/Q                   -       CP->Q  F     sdcrq4        25  662.2  1301  1143    1393    (-,-) 
  u_crypto_synth_top/u_top/u_rsa/core_inst/montprod_inst/g4779/ZN              -       A2->ZN R     nr03d0         3   27.9  2586  2006    3399    (-,-) 
  u_crypto_synth_top/u_top/u_rsa/core_inst/montprod_inst/g4767/Z               -       A->Z   R     aor21d1        3   28.3   378   292    3690    (-,-) 
  u_crypto_synth_top/u_top/u_rsa/core_inst/montprod_inst/g4760/Z               -       A1->Z  R     aor22d4       25  832.9  2257  1261    4952    (-,-) 
  u_crypto_synth_top/u_top/u_rsa/core_inst/result_mem/g659590/ZN               -       I->ZN  F     inv0d4        22  614.0  1069  1441    6393    (-,-) 
  u_crypto_synth_top/u_top/u_rsa/core_inst/result_mem/g659589/ZN               -       I->ZN  R     inv0d4        29 1009.1  2969  1942    8335    (-,-) 
  u_crypto_synth_top/u_top/u_rsa/core_inst/result_mem/g659099/ZN               -       I->ZN  F     invbdk       108 4843.8  2063  2553   10888    (-,-) 
  u_crypto_synth_top/u_top/u_rsa/core_inst/result_mem/g659022/ZN               -       I->ZN  R     inv0da        58 2301.0  2663 29649   40537    (-,-) 
  u_crypto_synth_top/u_top/u_rsa/core_inst/result_mem/g658984/ZN               -       I->ZN  F     inv0d2        15  274.0  1116  7105   47642    (-,-) 
  u_crypto_synth_top/u_top/u_rsa/core_inst/result_mem/g659013/ZN               -       I->ZN  R     inv0d2        17  302.5  1794  1145   48787    (-,-) 
  u_crypto_synth_top/u_top/u_rsa/core_inst/result_mem/g646568/ZN               -       A2->ZN F     oai22d1        1   10.0   416   346   49133    (-,-) 
  u_crypto_synth_top/u_top/u_rsa/core_inst/result_mem/g642179/ZN               -       B1->ZN R     aoi22d1        1   10.8   606   280   49413    (-,-) 
  u_crypto_synth_top/u_top/u_rsa/core_inst/result_mem/g640759/ZN               -       B2->ZN F     aoi21d1        1   10.7   346   161   49574    (-,-) 
  u_crypto_synth_top/u_top/u_rsa/core_inst/result_mem/g639441/ZN               -       A->ZN  R     aoi221d1       1   10.8   667   252   49826    (-,-) 
  u_crypto_synth_top/u_top/u_rsa/core_inst/result_mem/g639377/ZN               -       B->ZN  F     oai211d1       1    8.8   498   230   50056    (-,-) 
  u_crypto_synth_top/u_top/u_rsa/core_inst/result_mem/tmp_read_data0_reg[11]/D -       -      F     dfnrq1         1      -     -     0   50056    (-,-) 
#--------------------------------------------------------------------------------------------------------------------------------------------------------



Path 39: MET (4873 ps) Setup Check with Pin u_crypto_synth_top/u_top/u_rsa/core_inst/result_mem/tmp_read_data0_reg[7]/CP->D
          Group: R2R
     Startpoint: (R) u_crypto_synth_top/u_top/u_rsa/modulus_length_reg_reg[0]/CP
          Clock: (R) MAIN_CLK
       Endpoint: (F) u_crypto_synth_top/u_top/u_rsa/core_inst/result_mem/tmp_read_data0_reg[7]/D
          Clock: (R) MAIN_CLK

                     Capture       Launch     
        Clock Edge:+   58000            0     
       Src Latency:+     150          250     
       Net Latency:+       0 (I)        0 (I) 
           Arrival:=   58150          250     
                                              
             Setup:-     229                  
       Uncertainty:-    1450                  
       Path Adjust:+   -1500                  
     Required Time:=   54971                  
      Launch Clock:-     250                  
         Data Path:-   49848                  
             Slack:=    4873                  

Exceptions/Constraints:
  path_adjust            -1500            PA_C2C 

#-------------------------------------------------------------------------------------------------------------------------------------------------------
#                                Timing Point                                 Flags    Arc   Edge   Cell     Fanout  Load  Trans Delay Arrival Instance 
#                                                                                                                    (fF)   (ps)  (ps)   (ps)  Location 
#-------------------------------------------------------------------------------------------------------------------------------------------------------
  u_crypto_synth_top/u_top/u_rsa/modulus_length_reg_reg[0]/CP                 -       -      R     (arrival)  19892      -     0     0     250    (-,-) 
  u_crypto_synth_top/u_top/u_rsa/modulus_length_reg_reg[0]/Q                  -       CP->Q  F     sdcrq4        25  662.2  1301  1143    1393    (-,-) 
  u_crypto_synth_top/u_top/u_rsa/core_inst/montprod_inst/g4779/ZN             -       A2->ZN R     nr03d0         3   27.9  2586  2006    3399    (-,-) 
  u_crypto_synth_top/u_top/u_rsa/core_inst/montprod_inst/g4776/ZN             -       A1->ZN F     nd03d1         3   24.3   762   457    3856    (-,-) 
  u_crypto_synth_top/u_top/u_rsa/core_inst/montprod_inst/g4775/ZN             -       I->ZN  R     inv0d0         1    9.9   607   481    4337    (-,-) 
  u_crypto_synth_top/u_top/u_rsa/core_inst/montprod_inst/g4763/S              -       A->S   F     ah01d1         1    8.6   150   441    4778    (-,-) 
  u_crypto_synth_top/u_top/u_rsa/core_inst/montprod_inst/g4761/ZN             -       I->ZN  R     inv0d1         4   44.3   585   306    5084    (-,-) 
  u_crypto_synth_top/u_top/u_rsa/core_inst/montprod_inst/g4756/Z              -       I0->Z  R     mx02d2        12  330.1  2099  1163    6247    (-,-) 
  u_crypto_synth_top/u_top/u_rsa/core_inst/result_mem/g663228/ZN              -       I->ZN  F     invbdf        72 3334.1  1852  1358    7606    (-,-) 
  u_crypto_synth_top/u_top/u_rsa/core_inst/result_mem/g662433/ZN              -       I->ZN  R     invbdk       104 4600.5  1784 13303   20908    (-,-) 
  u_crypto_synth_top/u_top/u_rsa/core_inst/result_mem/g662330/ZN              -       I->ZN  F     invbd2        22  530.2  1890 26425   47334    (-,-) 
  u_crypto_synth_top/u_top/u_rsa/core_inst/result_mem/g653164/ZN              -       A1->ZN R     aoi22d1        1   10.7   552   808   48141    (-,-) 
  u_crypto_synth_top/u_top/u_rsa/core_inst/result_mem/g646148/ZN              -       B1->ZN F     oai22d1        1   10.2   447   178   48319    (-,-) 
  u_crypto_synth_top/u_top/u_rsa/core_inst/result_mem/g640395/ZN              -       C2->ZN R     aoi221d1       1   10.7   612   422   48742    (-,-) 
  u_crypto_synth_top/u_top/u_rsa/core_inst/result_mem/g639963/ZN              -       B1->ZN F     oai22d1        1   10.8   469   186   48928    (-,-) 
  u_crypto_synth_top/u_top/u_rsa/core_inst/result_mem/g639565/ZN              -       C2->ZN R     oan211d1       1   11.0   828   605   49533    (-,-) 
  u_crypto_synth_top/u_top/u_rsa/core_inst/result_mem/g639473/ZN              -       A->ZN  F     aon211d1       1   11.1   362   270   49803    (-,-) 
  u_crypto_synth_top/u_top/u_rsa/core_inst/result_mem/g639401/Z               -       A->Z   F     aor211d1       1    8.8   160   295   50098    (-,-) 
  u_crypto_synth_top/u_top/u_rsa/core_inst/result_mem/tmp_read_data0_reg[7]/D -       -      F     dfnrq1         1      -     -     0   50098    (-,-) 
#-------------------------------------------------------------------------------------------------------------------------------------------------------



Path 40: MET (4931 ps) Setup Check with Pin u_crypto_synth_top/u_top/u_rsa/core_inst/result_mem/tmp_read_data1_reg[30]/CP->D
          Group: R2R
     Startpoint: (R) u_crypto_synth_top/u_top/u_rsa/core_inst/result_mem/ptr_reg_reg[3]/CP
          Clock: (R) MAIN_CLK
       Endpoint: (R) u_crypto_synth_top/u_top/u_rsa/core_inst/result_mem/tmp_read_data1_reg[30]/D
          Clock: (R) MAIN_CLK

                     Capture       Launch     
        Clock Edge:+   58000            0     
       Src Latency:+     150          250     
       Net Latency:+       0 (I)        0 (I) 
           Arrival:=   58150          250     
                                              
             Setup:-     160                  
       Uncertainty:-    1450                  
       Path Adjust:+   -1500                  
     Required Time:=   55040                  
      Launch Clock:-     250                  
         Data Path:-   49859                  
             Slack:=    4931                  

Exceptions/Constraints:
  path_adjust            -1500            PA_C2C 

#--------------------------------------------------------------------------------------------------------------------------------------------------------
#                                Timing Point                                  Flags    Arc   Edge   Cell     Fanout  Load  Trans Delay Arrival Instance 
#                                                                                                                     (fF)   (ps)  (ps)   (ps)  Location 
#--------------------------------------------------------------------------------------------------------------------------------------------------------
  u_crypto_synth_top/u_top/u_rsa/core_inst/result_mem/ptr_reg_reg[3]/CP        -       -      R     (arrival)  19892      -     0     0     250    (-,-) 
  u_crypto_synth_top/u_top/u_rsa/core_inst/result_mem/ptr_reg_reg[3]/Q         -       CP->Q  R     dfcrq2         3   39.7   261   551     801    (-,-) 
  u_crypto_synth_top/u_top/u_rsa/core_inst/result_mem/g439563/ZN               -       I->ZN  F     inv0d2         4   86.6   233   169     969    (-,-) 
  u_crypto_synth_top/u_top/u_rsa/core_inst/result_mem/g670799/ZN               -       I->ZN  R     inv0d2        13  381.9  2254  1061    2031    (-,-) 
  u_crypto_synth_top/u_top/u_rsa/core_inst/result_mem/g669386/ZN               -       I->ZN  F     invbdf        85 3765.4  2066  1508    3538    (-,-) 
  u_crypto_synth_top/u_top/u_rsa/core_inst/result_mem/g669146/ZN               -       I->ZN  R     invbdf       100 4432.5  2286 18045   21584    (-,-) 
  u_crypto_synth_top/u_top/u_rsa/core_inst/result_mem/g669018/ZN               -       I->ZN  F     invbd2        23  586.9  2100 24688   46271    (-,-) 
  u_crypto_synth_top/u_top/u_rsa/core_inst/result_mem/g669017/ZN               -       I->ZN  R     inv0d2        17  305.9  1863  1707   47978    (-,-) 
  u_crypto_synth_top/u_top/u_rsa/core_inst/result_mem/g650025/ZN               -       B1->ZN F     aoi22d1        1    9.7   469   402   48380    (-,-) 
  u_crypto_synth_top/u_top/u_rsa/core_inst/result_mem/g644657/ZN               -       A1->ZN R     oai22d1        1   11.0   773   326   48706    (-,-) 
  u_crypto_synth_top/u_top/u_rsa/core_inst/result_mem/g641333/Z                -       A1->Z  F     aoim22d1       1   10.5   390   139   48846    (-,-) 
  u_crypto_synth_top/u_top/u_rsa/core_inst/result_mem/g640046/ZN               -       B1->ZN R     aoi21d1        1   10.8   627   362   49208    (-,-) 
  u_crypto_synth_top/u_top/u_rsa/core_inst/result_mem/g639607/ZN               -       B2->ZN R     aoim31d1       1   10.5   500   345   49554    (-,-) 
  u_crypto_synth_top/u_top/u_rsa/core_inst/result_mem/g639571/ZN               -       A->ZN  F     oan211d1       1   10.0   390   107   49661    (-,-) 
  u_crypto_synth_top/u_top/u_rsa/core_inst/result_mem/g639471/ZN               -       A->ZN  R     aon211d1       1   10.4   470   171   49832    (-,-) 
  u_crypto_synth_top/u_top/u_rsa/core_inst/result_mem/g639388/ZN               -       A4->ZN F     nr04d1         1   10.0   210   133   49965    (-,-) 
  u_crypto_synth_top/u_top/u_rsa/core_inst/result_mem/g639357/ZN               -       A1->ZN R     nd02d1         1    8.7   202   144   50109    (-,-) 
  u_crypto_synth_top/u_top/u_rsa/core_inst/result_mem/tmp_read_data1_reg[30]/D -       -      R     dfnrq1         1      -     -     0   50109    (-,-) 
#--------------------------------------------------------------------------------------------------------------------------------------------------------



Path 41: MET (4985 ps) Setup Check with Pin u_crypto_synth_top/u_top/u_rsa/core_inst/result_mem/tmp_read_data0_reg[13]/CP->D
          Group: R2R
     Startpoint: (R) u_crypto_synth_top/u_top/u_rsa/modulus_length_reg_reg[0]/CP
          Clock: (R) MAIN_CLK
       Endpoint: (F) u_crypto_synth_top/u_top/u_rsa/core_inst/result_mem/tmp_read_data0_reg[13]/D
          Clock: (R) MAIN_CLK

                     Capture       Launch     
        Clock Edge:+   58000            0     
       Src Latency:+     150          250     
       Net Latency:+       0 (I)        0 (I) 
           Arrival:=   58150          250     
                                              
             Setup:-     302                  
       Uncertainty:-    1450                  
       Path Adjust:+   -1500                  
     Required Time:=   54898                  
      Launch Clock:-     250                  
         Data Path:-   49664                  
             Slack:=    4985                  

Exceptions/Constraints:
  path_adjust            -1500            PA_C2C 

#--------------------------------------------------------------------------------------------------------------------------------------------------------
#                                Timing Point                                  Flags    Arc   Edge   Cell     Fanout  Load  Trans Delay Arrival Instance 
#                                                                                                                     (fF)   (ps)  (ps)   (ps)  Location 
#--------------------------------------------------------------------------------------------------------------------------------------------------------
  u_crypto_synth_top/u_top/u_rsa/modulus_length_reg_reg[0]/CP                  -       -      R     (arrival)  19892      -     0     0     250    (-,-) 
  u_crypto_synth_top/u_top/u_rsa/modulus_length_reg_reg[0]/Q                   -       CP->Q  F     sdcrq4        25  662.2  1301  1143    1393    (-,-) 
  u_crypto_synth_top/u_top/u_rsa/core_inst/montprod_inst/g4779/ZN              -       A2->ZN R     nr03d0         3   27.9  2586  2006    3399    (-,-) 
  u_crypto_synth_top/u_top/u_rsa/core_inst/montprod_inst/g4767/Z               -       A->Z   R     aor21d1        3   28.3   378   292    3690    (-,-) 
  u_crypto_synth_top/u_top/u_rsa/core_inst/montprod_inst/g4760/Z               -       A1->Z  R     aor22d4       25  832.9  2257  1261    4952    (-,-) 
  u_crypto_synth_top/u_top/u_rsa/core_inst/result_mem/g658365/ZN               -       I->ZN  F     invbdf        70 3129.8  1776  1895    6847    (-,-) 
  u_crypto_synth_top/u_top/u_rsa/core_inst/result_mem/g657573/ZN               -       I->ZN  R     invbdk       108 4770.8  1834 12190   19037    (-,-) 
  u_crypto_synth_top/u_top/u_rsa/core_inst/result_mem/g657445/ZN               -       I->ZN  F     inv0d2        18  347.9  1047 28108   47145    (-,-) 
  u_crypto_synth_top/u_top/u_rsa/core_inst/result_mem/g657433/ZN               -       I->ZN  R     inv0d2        15  268.9  1601  1092   48237    (-,-) 
  u_crypto_synth_top/u_top/u_rsa/core_inst/result_mem/g645019/ZN               -       A2->ZN F     oai22d1        1   10.0   424   324   48561    (-,-) 
  u_crypto_synth_top/u_top/u_rsa/core_inst/result_mem/g642466/ZN               -       A1->ZN R     nd02d1         1   10.8   440   207   48768    (-,-) 
  u_crypto_synth_top/u_top/u_rsa/core_inst/result_mem/g640218/ZN               -       B->ZN  F     oai211d1       1    9.8   506   213   48981    (-,-) 
  u_crypto_synth_top/u_top/u_rsa/core_inst/result_mem/g639648/Z                -       C1->Z  F     aor211d1       1   10.7   168   480   49461    (-,-) 
  u_crypto_synth_top/u_top/u_rsa/core_inst/result_mem/g639439/ZN               -       A->ZN  R     oan211d1       1   10.8   820   208   49668    (-,-) 
  u_crypto_synth_top/u_top/u_rsa/core_inst/result_mem/g639324/ZN               -       B->ZN  F     oai211d1       1    8.8   444   245   49913    (-,-) 
  u_crypto_synth_top/u_top/u_rsa/core_inst/result_mem/tmp_read_data0_reg[13]/D -       -      F     dfnrq1         1      -     -     0   49914    (-,-) 
#--------------------------------------------------------------------------------------------------------------------------------------------------------



Path 42: MET (5041 ps) Setup Check with Pin u_crypto_synth_top/u_top/u_rsa/core_inst/result_mem/tmp_read_data1_reg[19]/CP->D
          Group: R2R
     Startpoint: (R) u_crypto_synth_top/u_top/u_rsa/core_inst/result_mem/ptr_reg_reg[3]/CP
          Clock: (R) MAIN_CLK
       Endpoint: (F) u_crypto_synth_top/u_top/u_rsa/core_inst/result_mem/tmp_read_data1_reg[19]/D
          Clock: (R) MAIN_CLK

                     Capture       Launch     
        Clock Edge:+   58000            0     
       Src Latency:+     150          250     
       Net Latency:+       0 (I)        0 (I) 
           Arrival:=   58150          250     
                                              
             Setup:-     330                  
       Uncertainty:-    1450                  
       Path Adjust:+   -1500                  
     Required Time:=   54870                  
      Launch Clock:-     250                  
         Data Path:-   49579                  
             Slack:=    5041                  

Exceptions/Constraints:
  path_adjust            -1500            PA_C2C 

#--------------------------------------------------------------------------------------------------------------------------------------------------------
#                                Timing Point                                  Flags    Arc   Edge   Cell     Fanout  Load  Trans Delay Arrival Instance 
#                                                                                                                     (fF)   (ps)  (ps)   (ps)  Location 
#--------------------------------------------------------------------------------------------------------------------------------------------------------
  u_crypto_synth_top/u_top/u_rsa/core_inst/result_mem/ptr_reg_reg[3]/CP        -       -      R     (arrival)  19892      -     0     0     250    (-,-) 
  u_crypto_synth_top/u_top/u_rsa/core_inst/result_mem/ptr_reg_reg[3]/Q         -       CP->Q  R     dfcrq2         3   39.7   261   551     801    (-,-) 
  u_crypto_synth_top/u_top/u_rsa/core_inst/result_mem/g439563/ZN               -       I->ZN  F     inv0d2         4   86.6   233   169     969    (-,-) 
  u_crypto_synth_top/u_top/u_rsa/core_inst/result_mem/g670799/ZN               -       I->ZN  R     inv0d2        13  381.9  2254  1061    2031    (-,-) 
  u_crypto_synth_top/u_top/u_rsa/core_inst/result_mem/g669386/ZN               -       I->ZN  F     invbdf        85 3765.4  2066  1508    3538    (-,-) 
  u_crypto_synth_top/u_top/u_rsa/core_inst/result_mem/g669146/ZN               -       I->ZN  R     invbdf       100 4432.5  2286 18045   21584    (-,-) 
  u_crypto_synth_top/u_top/u_rsa/core_inst/result_mem/g669042/ZN               -       I->ZN  F     inv0d4        31  974.3  1411 24282   45866    (-,-) 
  u_crypto_synth_top/u_top/u_rsa/core_inst/result_mem/g648971/ZN               -       A1->ZN R     aoi22d1        1   10.9   573  1538   47404    (-,-) 
  u_crypto_synth_top/u_top/u_rsa/core_inst/result_mem/g644072/Z                -       I0->Z  R     mx02d1         1   10.7   226   283   47687    (-,-) 
  u_crypto_synth_top/u_top/u_rsa/core_inst/result_mem/g641308/ZN               -       B1->ZN F     oai22d1        1   10.7   414   143   47830    (-,-) 
  u_crypto_synth_top/u_top/u_rsa/core_inst/result_mem/g640303/ZN               -       A->ZN  R     aoi221d1       1   10.2   613   260   48090    (-,-) 
  u_crypto_synth_top/u_top/u_rsa/core_inst/result_mem/g639950/ZN               -       A1->ZN F     oai22d1        1   10.8   483   175   48265    (-,-) 
  u_crypto_synth_top/u_top/u_rsa/core_inst/result_mem/g639566/ZN               -       C2->ZN R     oan211d1       1   11.0   828   607   48872    (-,-) 
  u_crypto_synth_top/u_top/u_rsa/core_inst/result_mem/g639457/ZN               -       A->ZN  F     aon211d1       1   10.3   432   263   49135    (-,-) 
  u_crypto_synth_top/u_top/u_rsa/core_inst/result_mem/g639371/ZN               -       A4->ZN R     nr04d1         1   10.4   862   439   49574    (-,-) 
  u_crypto_synth_top/u_top/u_rsa/core_inst/result_mem/g639316/ZN               -       A->ZN  F     oai221d1       1    8.8   554   256   49829    (-,-) 
  u_crypto_synth_top/u_top/u_rsa/core_inst/result_mem/tmp_read_data1_reg[19]/D -       -      F     dfnrq1         1      -     -     0   49829    (-,-) 
#--------------------------------------------------------------------------------------------------------------------------------------------------------



Path 43: MET (5048 ps) Setup Check with Pin u_crypto_synth_top/u_top/u_rsa/core_inst/result_mem/tmp_read_data1_reg[1]/CP->D
          Group: R2R
     Startpoint: (R) u_crypto_synth_top/u_top/u_rsa/core_inst/result_mem/ptr_reg_reg[3]/CP
          Clock: (R) MAIN_CLK
       Endpoint: (F) u_crypto_synth_top/u_top/u_rsa/core_inst/result_mem/tmp_read_data1_reg[1]/D
          Clock: (R) MAIN_CLK

                     Capture       Launch     
        Clock Edge:+   58000            0     
       Src Latency:+     150          250     
       Net Latency:+       0 (I)        0 (I) 
           Arrival:=   58150          250     
                                              
             Setup:-     309                  
       Uncertainty:-    1450                  
       Path Adjust:+   -1500                  
     Required Time:=   54891                  
      Launch Clock:-     250                  
         Data Path:-   49593                  
             Slack:=    5048                  

Exceptions/Constraints:
  path_adjust            -1500            PA_C2C 

#-------------------------------------------------------------------------------------------------------------------------------------------------------
#                                Timing Point                                 Flags    Arc   Edge   Cell     Fanout  Load  Trans Delay Arrival Instance 
#                                                                                                                    (fF)   (ps)  (ps)   (ps)  Location 
#-------------------------------------------------------------------------------------------------------------------------------------------------------
  u_crypto_synth_top/u_top/u_rsa/core_inst/result_mem/ptr_reg_reg[3]/CP       -       -      R     (arrival)  19892      -     0     0     250    (-,-) 
  u_crypto_synth_top/u_top/u_rsa/core_inst/result_mem/ptr_reg_reg[3]/Q        -       CP->Q  F     dfcrq2         3   39.4   168   587     837    (-,-) 
  u_crypto_synth_top/u_top/u_rsa/core_inst/result_mem/g439563/ZN              -       I->ZN  R     inv0d2         4   89.5   551   294    1131    (-,-) 
  u_crypto_synth_top/u_top/u_rsa/core_inst/result_mem/g670799/ZN              -       I->ZN  F     inv0d2        13  355.6   894   540    1671    (-,-) 
  u_crypto_synth_top/u_top/u_rsa/core_inst/result_mem/g669386/ZN              -       I->ZN  R     invbdf        85 3786.2  1938  1151    2822    (-,-) 
  u_crypto_synth_top/u_top/u_rsa/core_inst/result_mem/g669146/ZN              -       I->ZN  F     invbdf       100 4346.8  2323 18051   20874    (-,-) 
  u_crypto_synth_top/u_top/u_rsa/core_inst/result_mem/g669145/ZN              -       I->ZN  R     inv0d4        24  634.8  1945 24642   45515    (-,-) 
  u_crypto_synth_top/u_top/u_rsa/core_inst/result_mem/g669125/ZN              -       I->ZN  F     invbd2        22  517.9  1867  1719   47234    (-,-) 
  u_crypto_synth_top/u_top/u_rsa/core_inst/result_mem/g646619/ZN              -       B1->ZN R     aoi22d1        1   10.7   520   774   48008    (-,-) 
  u_crypto_synth_top/u_top/u_rsa/core_inst/result_mem/g644812/ZN              -       B1->ZN F     oai22d1        1   10.0   459   174   48182    (-,-) 
  u_crypto_synth_top/u_top/u_rsa/core_inst/result_mem/g642181/ZN              -       B1->ZN R     aoi22d1        1   10.7   476   286   48468    (-,-) 
  u_crypto_synth_top/u_top/u_rsa/core_inst/result_mem/g640758/ZN              -       B1->ZN F     aoi21d1        1   10.7   418   162   48630    (-,-) 
  u_crypto_synth_top/u_top/u_rsa/core_inst/result_mem/g639541/ZN              -       A->ZN  R     oan211d1       1   11.0   828   267   48897    (-,-) 
  u_crypto_synth_top/u_top/u_rsa/core_inst/result_mem/g639490/ZN              -       A->ZN  F     aon211d1       1   10.3   340   263   49160    (-,-) 
  u_crypto_synth_top/u_top/u_rsa/core_inst/result_mem/g639378/ZN              -       A4->ZN R     nr04d1         1   10.6   869   425   49585    (-,-) 
  u_crypto_synth_top/u_top/u_rsa/core_inst/result_mem/g639306/ZN              -       A->ZN  F     oai211d1       1    8.8   472   258   49843    (-,-) 
  u_crypto_synth_top/u_top/u_rsa/core_inst/result_mem/tmp_read_data1_reg[1]/D -       -      F     dfnrq1         1      -     -     0   49843    (-,-) 
#-------------------------------------------------------------------------------------------------------------------------------------------------------



Path 44: MET (5058 ps) Setup Check with Pin u_crypto_synth_top/u_top/u_rsa/core_inst/result_mem/tmp_read_data0_reg[26]/CP->D
          Group: R2R
     Startpoint: (R) u_crypto_synth_top/u_top/u_rsa/modulus_length_reg_reg[0]/CP
          Clock: (R) MAIN_CLK
       Endpoint: (R) u_crypto_synth_top/u_top/u_rsa/core_inst/result_mem/tmp_read_data0_reg[26]/D
          Clock: (R) MAIN_CLK

                     Capture       Launch     
        Clock Edge:+   58000            0     
       Src Latency:+     150          250     
       Net Latency:+       0 (I)        0 (I) 
           Arrival:=   58150          250     
                                              
             Setup:-     187                  
       Uncertainty:-    1450                  
       Path Adjust:+   -1500                  
     Required Time:=   55013                  
      Launch Clock:-     250                  
         Data Path:-   49705                  
             Slack:=    5058                  

Exceptions/Constraints:
  path_adjust            -1500            PA_C2C 

#--------------------------------------------------------------------------------------------------------------------------------------------------------
#                                Timing Point                                  Flags    Arc   Edge   Cell     Fanout  Load  Trans Delay Arrival Instance 
#                                                                                                                     (fF)   (ps)  (ps)   (ps)  Location 
#--------------------------------------------------------------------------------------------------------------------------------------------------------
  u_crypto_synth_top/u_top/u_rsa/modulus_length_reg_reg[0]/CP                  -       -      R     (arrival)  19892      -     0     0     250    (-,-) 
  u_crypto_synth_top/u_top/u_rsa/modulus_length_reg_reg[0]/Q                   -       CP->Q  F     sdcrq4        25  662.2  1301  1143    1393    (-,-) 
  u_crypto_synth_top/u_top/u_rsa/core_inst/montprod_inst/g4779/ZN              -       A2->ZN R     nr03d0         3   27.9  2586  2006    3399    (-,-) 
  u_crypto_synth_top/u_top/u_rsa/core_inst/montprod_inst/g4776/ZN              -       A1->ZN F     nd03d1         3   24.3   762   457    3856    (-,-) 
  u_crypto_synth_top/u_top/u_rsa/core_inst/montprod_inst/g4775/ZN              -       I->ZN  R     inv0d0         1    9.9   607   481    4337    (-,-) 
  u_crypto_synth_top/u_top/u_rsa/core_inst/montprod_inst/g4763/S               -       A->S   F     ah01d1         1    8.6   150   441    4778    (-,-) 
  u_crypto_synth_top/u_top/u_rsa/core_inst/montprod_inst/g4761/ZN              -       I->ZN  R     inv0d1         4   44.3   585   306    5084    (-,-) 
  u_crypto_synth_top/u_top/u_rsa/core_inst/montprod_inst/g4756/Z               -       I0->Z  R     mx02d2        12  330.1  2099  1163    6247    (-,-) 
  u_crypto_synth_top/u_top/u_rsa/core_inst/result_mem/g663228/ZN               -       I->ZN  F     invbdf        72 3334.1  1852  1358    7606    (-,-) 
  u_crypto_synth_top/u_top/u_rsa/core_inst/result_mem/g662433/ZN               -       I->ZN  R     invbdk       104 4600.5  1784 13303   20908    (-,-) 
  u_crypto_synth_top/u_top/u_rsa/core_inst/result_mem/g662426/ZN               -       I->ZN  F     inv0d2        14  253.6   861 25828   46737    (-,-) 
  u_crypto_synth_top/u_top/u_rsa/core_inst/result_mem/g662415/ZN               -       I->ZN  R     inv0d1         9  142.7  1797  1081   47818    (-,-) 
  u_crypto_synth_top/u_top/u_rsa/core_inst/result_mem/g653028/ZN               -       B1->ZN F     aoi22d1        1   10.8   450   335   48154    (-,-) 
  u_crypto_synth_top/u_top/u_rsa/core_inst/result_mem/g646088/ZN               -       B1->ZN R     oai22d1        1   11.0   741   399   48552    (-,-) 
  u_crypto_synth_top/u_top/u_rsa/core_inst/result_mem/g642383/ZN               -       B1->ZN F     aoi22d1        1    9.9   404   232   48785    (-,-) 
  u_crypto_synth_top/u_top/u_rsa/core_inst/result_mem/g640184/ZN               -       A1->ZN R     oai222d1       1   10.8   912   304   49089    (-,-) 
  u_crypto_synth_top/u_top/u_rsa/core_inst/result_mem/g639636/ZN               -       A1->ZN F     aoi22d1        1    9.6   417   183   49272    (-,-) 
  u_crypto_synth_top/u_top/u_rsa/core_inst/result_mem/g639521/ZN               -       A2->ZN R     nd04d1         1   11.0   420   258   49529    (-,-) 
  u_crypto_synth_top/u_top/u_rsa/core_inst/result_mem/g639455/ZN               -       B1->ZN F     aoi22d1        1    9.6   414   186   49716    (-,-) 
  u_crypto_synth_top/u_top/u_rsa/core_inst/result_mem/g639365/ZN               -       A2->ZN R     nd04d1         1    8.7   376   239   49955    (-,-) 
  u_crypto_synth_top/u_top/u_rsa/core_inst/result_mem/tmp_read_data0_reg[26]/D -       -      R     dfnrq1         1      -     -     0   49955    (-,-) 
#--------------------------------------------------------------------------------------------------------------------------------------------------------



Path 45: MET (5060 ps) Setup Check with Pin u_crypto_synth_top/u_top/u_rsa/core_inst/result_mem/tmp_read_data1_reg[25]/CP->D
          Group: R2R
     Startpoint: (R) u_crypto_synth_top/u_top/u_rsa/core_inst/result_mem/ptr_reg_reg[3]/CP
          Clock: (R) MAIN_CLK
       Endpoint: (F) u_crypto_synth_top/u_top/u_rsa/core_inst/result_mem/tmp_read_data1_reg[25]/D
          Clock: (R) MAIN_CLK

                     Capture       Launch     
        Clock Edge:+   58000            0     
       Src Latency:+     150          250     
       Net Latency:+       0 (I)        0 (I) 
           Arrival:=   58150          250     
                                              
             Setup:-     303                  
       Uncertainty:-    1450                  
       Path Adjust:+   -1500                  
     Required Time:=   54897                  
      Launch Clock:-     250                  
         Data Path:-   49587                  
             Slack:=    5060                  

Exceptions/Constraints:
  path_adjust            -1500            PA_C2C 

#--------------------------------------------------------------------------------------------------------------------------------------------------------
#                                Timing Point                                  Flags    Arc   Edge   Cell     Fanout  Load  Trans Delay Arrival Instance 
#                                                                                                                     (fF)   (ps)  (ps)   (ps)  Location 
#--------------------------------------------------------------------------------------------------------------------------------------------------------
  u_crypto_synth_top/u_top/u_rsa/core_inst/result_mem/ptr_reg_reg[3]/CP        -       -      R     (arrival)  19892      -     0     0     250    (-,-) 
  u_crypto_synth_top/u_top/u_rsa/core_inst/result_mem/ptr_reg_reg[3]/Q         -       CP->Q  R     dfcrq2         3   39.7   261   551     801    (-,-) 
  u_crypto_synth_top/u_top/u_rsa/core_inst/result_mem/g439563/ZN               -       I->ZN  F     inv0d2         4   86.6   233   169     969    (-,-) 
  u_crypto_synth_top/u_top/u_rsa/core_inst/result_mem/g670799/ZN               -       I->ZN  R     inv0d2        13  381.9  2254  1061    2031    (-,-) 
  u_crypto_synth_top/u_top/u_rsa/core_inst/result_mem/g669386/ZN               -       I->ZN  F     invbdf        85 3765.4  2066  1508    3538    (-,-) 
  u_crypto_synth_top/u_top/u_rsa/core_inst/result_mem/g669146/ZN               -       I->ZN  R     invbdf       100 4432.5  2286 18045   21584    (-,-) 
  u_crypto_synth_top/u_top/u_rsa/core_inst/result_mem/g669042/ZN               -       I->ZN  F     inv0d4        31  974.3  1411 24282   45866    (-,-) 
  u_crypto_synth_top/u_top/u_rsa/core_inst/result_mem/g649551/ZN               -       A1->ZN R     aoi22d1        1   10.9   573  1538   47404    (-,-) 
  u_crypto_synth_top/u_top/u_rsa/core_inst/result_mem/g644383/Z                -       I0->Z  R     mx02d1         1   10.7   226   283   47687    (-,-) 
  u_crypto_synth_top/u_top/u_rsa/core_inst/result_mem/g641217/ZN               -       B1->ZN F     oai22d1        1   10.7   452   143   47830    (-,-) 
  u_crypto_synth_top/u_top/u_rsa/core_inst/result_mem/g640348/ZN               -       A->ZN  R     aoi221d1       1   10.2   613   268   48098    (-,-) 
  u_crypto_synth_top/u_top/u_rsa/core_inst/result_mem/g639954/ZN               -       A1->ZN F     oai22d1        1   10.8   483   175   48273    (-,-) 
  u_crypto_synth_top/u_top/u_rsa/core_inst/result_mem/g639564/ZN               -       C2->ZN R     oan211d1       1   11.0   828   607   48880    (-,-) 
  u_crypto_synth_top/u_top/u_rsa/core_inst/result_mem/g639469/ZN               -       A->ZN  F     aon211d1       1   10.3   432   263   49143    (-,-) 
  u_crypto_synth_top/u_top/u_rsa/core_inst/result_mem/g639375/ZN               -       A4->ZN R     nr04d1         1   10.4   860   439   49582    (-,-) 
  u_crypto_synth_top/u_top/u_rsa/core_inst/result_mem/g639320/ZN               -       A->ZN  F     oai221d1       1    8.8   450   255   49837    (-,-) 
  u_crypto_synth_top/u_top/u_rsa/core_inst/result_mem/tmp_read_data1_reg[25]/D -       -      F     dfnrq1         1      -     -     0   49837    (-,-) 
#--------------------------------------------------------------------------------------------------------------------------------------------------------



Path 46: MET (5062 ps) Setup Check with Pin u_crypto_synth_top/u_top/u_rsa/core_inst/result_mem/tmp_read_data1_reg[31]/CP->D
          Group: R2R
     Startpoint: (R) u_crypto_synth_top/u_top/u_rsa/core_inst/result_mem/ptr_reg_reg[3]/CP
          Clock: (R) MAIN_CLK
       Endpoint: (R) u_crypto_synth_top/u_top/u_rsa/core_inst/result_mem/tmp_read_data1_reg[31]/D
          Clock: (R) MAIN_CLK

                     Capture       Launch     
        Clock Edge:+   58000            0     
       Src Latency:+     150          250     
       Net Latency:+       0 (I)        0 (I) 
           Arrival:=   58150          250     
                                              
             Setup:-     160                  
       Uncertainty:-    1450                  
       Path Adjust:+   -1500                  
     Required Time:=   55040                  
      Launch Clock:-     250                  
         Data Path:-   49728                  
             Slack:=    5062                  

Exceptions/Constraints:
  path_adjust            -1500            PA_C2C 

#--------------------------------------------------------------------------------------------------------------------------------------------------------
#                                Timing Point                                  Flags    Arc   Edge   Cell     Fanout  Load  Trans Delay Arrival Instance 
#                                                                                                                     (fF)   (ps)  (ps)   (ps)  Location 
#--------------------------------------------------------------------------------------------------------------------------------------------------------
  u_crypto_synth_top/u_top/u_rsa/core_inst/result_mem/ptr_reg_reg[3]/CP        -       -      R     (arrival)  19892      -     0     0     250    (-,-) 
  u_crypto_synth_top/u_top/u_rsa/core_inst/result_mem/ptr_reg_reg[3]/Q         -       CP->Q  R     dfcrq2         3   39.7   261   551     801    (-,-) 
  u_crypto_synth_top/u_top/u_rsa/core_inst/result_mem/g439563/ZN               -       I->ZN  F     inv0d2         4   86.6   233   169     969    (-,-) 
  u_crypto_synth_top/u_top/u_rsa/core_inst/result_mem/g670799/ZN               -       I->ZN  R     inv0d2        13  381.9  2254  1061    2031    (-,-) 
  u_crypto_synth_top/u_top/u_rsa/core_inst/result_mem/g669386/ZN               -       I->ZN  F     invbdf        85 3765.4  2066  1508    3538    (-,-) 
  u_crypto_synth_top/u_top/u_rsa/core_inst/result_mem/g669146/ZN               -       I->ZN  R     invbdf       100 4432.5  2286 18045   21584    (-,-) 
  u_crypto_synth_top/u_top/u_rsa/core_inst/result_mem/g669018/ZN               -       I->ZN  F     invbd2        23  586.9  2100 24688   46271    (-,-) 
  u_crypto_synth_top/u_top/u_rsa/core_inst/result_mem/g669017/ZN               -       I->ZN  R     inv0d2        17  305.9  1863  1707   47978    (-,-) 
  u_crypto_synth_top/u_top/u_rsa/core_inst/result_mem/g646709/ZN               -       B1->ZN F     aoi22d1        1    9.7   477   402   48380    (-,-) 
  u_crypto_synth_top/u_top/u_rsa/core_inst/result_mem/g644608/ZN               -       A1->ZN R     oai22d1        1   10.4   830   321   48701    (-,-) 
  u_crypto_synth_top/u_top/u_rsa/core_inst/result_mem/g640387/ZN               -       B1->ZN F     aoi221d1       1   10.8   520   233   48934    (-,-) 
  u_crypto_synth_top/u_top/u_rsa/core_inst/result_mem/g639911/ZN               -       B1->ZN R     oai22d1        1   10.7   833   410   49344    (-,-) 
  u_crypto_synth_top/u_top/u_rsa/core_inst/result_mem/g639552/ZN               -       C1->ZN F     oan211d1       1   10.0   352   194   49538    (-,-) 
  u_crypto_synth_top/u_top/u_rsa/core_inst/result_mem/g639476/ZN               -       A->ZN  R     aon211d1       1   10.4   470   163   49701    (-,-) 
  u_crypto_synth_top/u_top/u_rsa/core_inst/result_mem/g639413/ZN               -       A4->ZN F     nr04d1         1   10.0   210   133   49834    (-,-) 
  u_crypto_synth_top/u_top/u_rsa/core_inst/result_mem/g639358/ZN               -       A1->ZN R     nd02d1         1    8.7   202   144   49978    (-,-) 
  u_crypto_synth_top/u_top/u_rsa/core_inst/result_mem/tmp_read_data1_reg[31]/D -       -      R     dfnrq1         1      -     -     0   49978    (-,-) 
#--------------------------------------------------------------------------------------------------------------------------------------------------------



Path 47: MET (5064 ps) Setup Check with Pin u_crypto_synth_top/u_top/u_rsa/core_inst/result_mem/tmp_read_data1_reg[20]/CP->D
          Group: R2R
     Startpoint: (R) u_crypto_synth_top/u_top/u_rsa/core_inst/result_mem/ptr_reg_reg[3]/CP
          Clock: (R) MAIN_CLK
       Endpoint: (F) u_crypto_synth_top/u_top/u_rsa/core_inst/result_mem/tmp_read_data1_reg[20]/D
          Clock: (R) MAIN_CLK

                     Capture       Launch     
        Clock Edge:+   58000            0     
       Src Latency:+     150          250     
       Net Latency:+       0 (I)        0 (I) 
           Arrival:=   58150          250     
                                              
             Setup:-     292                  
       Uncertainty:-    1450                  
       Path Adjust:+   -1500                  
     Required Time:=   54908                  
      Launch Clock:-     250                  
         Data Path:-   49595                  
             Slack:=    5064                  

Exceptions/Constraints:
  path_adjust            -1500            PA_C2C 

#--------------------------------------------------------------------------------------------------------------------------------------------------------
#                                Timing Point                                  Flags    Arc   Edge   Cell     Fanout  Load  Trans Delay Arrival Instance 
#                                                                                                                     (fF)   (ps)  (ps)   (ps)  Location 
#--------------------------------------------------------------------------------------------------------------------------------------------------------
  u_crypto_synth_top/u_top/u_rsa/core_inst/result_mem/ptr_reg_reg[3]/CP        -       -      R     (arrival)  19892      -     0     0     250    (-,-) 
  u_crypto_synth_top/u_top/u_rsa/core_inst/result_mem/ptr_reg_reg[3]/Q         -       CP->Q  R     dfcrq2         3   39.7   261   551     801    (-,-) 
  u_crypto_synth_top/u_top/u_rsa/core_inst/result_mem/g439563/ZN               -       I->ZN  F     inv0d2         4   86.6   233   169     969    (-,-) 
  u_crypto_synth_top/u_top/u_rsa/core_inst/result_mem/g670799/ZN               -       I->ZN  R     inv0d2        13  381.9  2254  1061    2031    (-,-) 
  u_crypto_synth_top/u_top/u_rsa/core_inst/result_mem/g669386/ZN               -       I->ZN  F     invbdf        85 3765.4  2066  1508    3538    (-,-) 
  u_crypto_synth_top/u_top/u_rsa/core_inst/result_mem/g669146/ZN               -       I->ZN  R     invbdf       100 4432.5  2286 18045   21584    (-,-) 
  u_crypto_synth_top/u_top/u_rsa/core_inst/result_mem/g669042/ZN               -       I->ZN  F     inv0d4        31  974.3  1411 24282   45866    (-,-) 
  u_crypto_synth_top/u_top/u_rsa/core_inst/result_mem/g649078/ZN               -       A1->ZN R     aoi22d1        1   10.9   573  1538   47404    (-,-) 
  u_crypto_synth_top/u_top/u_rsa/core_inst/result_mem/g644125/Z                -       I0->Z  R     mx02d1         1   10.7   226   283   47687    (-,-) 
  u_crypto_synth_top/u_top/u_rsa/core_inst/result_mem/g641198/ZN               -       B1->ZN F     oai22d1        1   10.7   452   143   47830    (-,-) 
  u_crypto_synth_top/u_top/u_rsa/core_inst/result_mem/g640308/ZN               -       A->ZN  R     aoi221d1       1   10.2   613   268   48098    (-,-) 
  u_crypto_synth_top/u_top/u_rsa/core_inst/result_mem/g639962/ZN               -       A1->ZN F     oai22d1        1   10.8   483   175   48273    (-,-) 
  u_crypto_synth_top/u_top/u_rsa/core_inst/result_mem/g639568/ZN               -       C2->ZN R     oan211d1       1   11.0   828   607   48880    (-,-) 
  u_crypto_synth_top/u_top/u_rsa/core_inst/result_mem/g639477/ZN               -       A->ZN  F     aon211d1       1   10.3   467   263   49143    (-,-) 
  u_crypto_synth_top/u_top/u_rsa/core_inst/result_mem/g639372/ZN               -       A4->ZN R     nr04d1         1   10.4   859   446   49589    (-,-) 
  u_crypto_synth_top/u_top/u_rsa/core_inst/result_mem/g639317/ZN               -       A->ZN  F     oai221d1       1    8.8   405   255   49844    (-,-) 
  u_crypto_synth_top/u_top/u_rsa/core_inst/result_mem/tmp_read_data1_reg[20]/D -       -      F     dfnrq1         1      -     -     0   49845    (-,-) 
#--------------------------------------------------------------------------------------------------------------------------------------------------------



Path 48: MET (5064 ps) Setup Check with Pin u_crypto_synth_top/u_top/u_rsa/core_inst/result_mem/tmp_read_data1_reg[24]/CP->D
          Group: R2R
     Startpoint: (R) u_crypto_synth_top/u_top/u_rsa/core_inst/result_mem/ptr_reg_reg[3]/CP
          Clock: (R) MAIN_CLK
       Endpoint: (F) u_crypto_synth_top/u_top/u_rsa/core_inst/result_mem/tmp_read_data1_reg[24]/D
          Clock: (R) MAIN_CLK

                     Capture       Launch     
        Clock Edge:+   58000            0     
       Src Latency:+     150          250     
       Net Latency:+       0 (I)        0 (I) 
           Arrival:=   58150          250     
                                              
             Setup:-     291                  
       Uncertainty:-    1450                  
       Path Adjust:+   -1500                  
     Required Time:=   54909                  
      Launch Clock:-     250                  
         Data Path:-   49594                  
             Slack:=    5064                  

Exceptions/Constraints:
  path_adjust            -1500            PA_C2C 

#--------------------------------------------------------------------------------------------------------------------------------------------------------
#                                Timing Point                                  Flags    Arc   Edge   Cell     Fanout  Load  Trans Delay Arrival Instance 
#                                                                                                                     (fF)   (ps)  (ps)   (ps)  Location 
#--------------------------------------------------------------------------------------------------------------------------------------------------------
  u_crypto_synth_top/u_top/u_rsa/core_inst/result_mem/ptr_reg_reg[3]/CP        -       -      R     (arrival)  19892      -     0     0     250    (-,-) 
  u_crypto_synth_top/u_top/u_rsa/core_inst/result_mem/ptr_reg_reg[3]/Q         -       CP->Q  R     dfcrq2         3   39.7   261   551     801    (-,-) 
  u_crypto_synth_top/u_top/u_rsa/core_inst/result_mem/g439563/ZN               -       I->ZN  F     inv0d2         4   86.6   233   169     969    (-,-) 
  u_crypto_synth_top/u_top/u_rsa/core_inst/result_mem/g670799/ZN               -       I->ZN  R     inv0d2        13  381.9  2254  1061    2031    (-,-) 
  u_crypto_synth_top/u_top/u_rsa/core_inst/result_mem/g669386/ZN               -       I->ZN  F     invbdf        85 3765.4  2066  1508    3538    (-,-) 
  u_crypto_synth_top/u_top/u_rsa/core_inst/result_mem/g669146/ZN               -       I->ZN  R     invbdf       100 4432.5  2286 18045   21584    (-,-) 
  u_crypto_synth_top/u_top/u_rsa/core_inst/result_mem/g669042/ZN               -       I->ZN  F     inv0d4        31  974.3  1411 24282   45866    (-,-) 
  u_crypto_synth_top/u_top/u_rsa/core_inst/result_mem/g649478/ZN               -       A1->ZN R     aoi22d1        1   10.9   573  1538   47404    (-,-) 
  u_crypto_synth_top/u_top/u_rsa/core_inst/result_mem/g644343/Z                -       I0->Z  R     mx02d1         1   10.7   226   283   47687    (-,-) 
  u_crypto_synth_top/u_top/u_rsa/core_inst/result_mem/g641319/ZN               -       B1->ZN F     oai22d1        1   10.7   452   143   47830    (-,-) 
  u_crypto_synth_top/u_top/u_rsa/core_inst/result_mem/g640339/ZN               -       A->ZN  R     aoi221d1       1   10.2   613   268   48098    (-,-) 
  u_crypto_synth_top/u_top/u_rsa/core_inst/result_mem/g639953/ZN               -       A1->ZN F     oai22d1        1   10.8   483   175   48273    (-,-) 
  u_crypto_synth_top/u_top/u_rsa/core_inst/result_mem/g639574/ZN               -       C2->ZN R     oan211d1       1   11.0   828   607   48880    (-,-) 
  u_crypto_synth_top/u_top/u_rsa/core_inst/result_mem/g639487/ZN               -       A->ZN  F     aon211d1       1   10.3   465   263   49143    (-,-) 
  u_crypto_synth_top/u_top/u_rsa/core_inst/result_mem/g639374/ZN               -       A4->ZN R     nr04d1         1   10.4   859   446   49589    (-,-) 
  u_crypto_synth_top/u_top/u_rsa/core_inst/result_mem/g639319/ZN               -       A->ZN  F     oai221d1       1    8.8   404   255   49844    (-,-) 
  u_crypto_synth_top/u_top/u_rsa/core_inst/result_mem/tmp_read_data1_reg[24]/D -       -      F     dfnrq1         1      -     -     0   49844    (-,-) 
#--------------------------------------------------------------------------------------------------------------------------------------------------------



Path 49: MET (5065 ps) Setup Check with Pin u_crypto_synth_top/u_top/u_rsa/core_inst/result_mem/tmp_read_data1_reg[22]/CP->D
          Group: R2R
     Startpoint: (R) u_crypto_synth_top/u_top/u_rsa/core_inst/result_mem/ptr_reg_reg[3]/CP
          Clock: (R) MAIN_CLK
       Endpoint: (F) u_crypto_synth_top/u_top/u_rsa/core_inst/result_mem/tmp_read_data1_reg[22]/D
          Clock: (R) MAIN_CLK

                     Capture       Launch     
        Clock Edge:+   58000            0     
       Src Latency:+     150          250     
       Net Latency:+       0 (I)        0 (I) 
           Arrival:=   58150          250     
                                              
             Setup:-     311                  
       Uncertainty:-    1450                  
       Path Adjust:+   -1500                  
     Required Time:=   54889                  
      Launch Clock:-     250                  
         Data Path:-   49575                  
             Slack:=    5065                  

Exceptions/Constraints:
  path_adjust            -1500            PA_C2C 

#--------------------------------------------------------------------------------------------------------------------------------------------------------
#                                Timing Point                                  Flags    Arc   Edge   Cell     Fanout  Load  Trans Delay Arrival Instance 
#                                                                                                                     (fF)   (ps)  (ps)   (ps)  Location 
#--------------------------------------------------------------------------------------------------------------------------------------------------------
  u_crypto_synth_top/u_top/u_rsa/core_inst/result_mem/ptr_reg_reg[3]/CP        -       -      R     (arrival)  19892      -     0     0     250    (-,-) 
  u_crypto_synth_top/u_top/u_rsa/core_inst/result_mem/ptr_reg_reg[3]/Q         -       CP->Q  R     dfcrq2         3   39.7   261   551     801    (-,-) 
  u_crypto_synth_top/u_top/u_rsa/core_inst/result_mem/g439563/ZN               -       I->ZN  F     inv0d2         4   86.6   233   169     969    (-,-) 
  u_crypto_synth_top/u_top/u_rsa/core_inst/result_mem/g670799/ZN               -       I->ZN  R     inv0d2        13  381.9  2254  1061    2031    (-,-) 
  u_crypto_synth_top/u_top/u_rsa/core_inst/result_mem/g669386/ZN               -       I->ZN  F     invbdf        85 3765.4  2066  1508    3538    (-,-) 
  u_crypto_synth_top/u_top/u_rsa/core_inst/result_mem/g669146/ZN               -       I->ZN  R     invbdf       100 4432.5  2286 18045   21584    (-,-) 
  u_crypto_synth_top/u_top/u_rsa/core_inst/result_mem/g669042/ZN               -       I->ZN  F     inv0d4        31  974.3  1411 24282   45866    (-,-) 
  u_crypto_synth_top/u_top/u_rsa/core_inst/result_mem/g649250/ZN               -       A1->ZN R     aoi22d1        1   10.9   573  1538   47404    (-,-) 
  u_crypto_synth_top/u_top/u_rsa/core_inst/result_mem/g644221/Z                -       I0->Z  R     mx02d1         1   10.7   226   283   47687    (-,-) 
  u_crypto_synth_top/u_top/u_rsa/core_inst/result_mem/g641209/ZN               -       B1->ZN F     oai22d1        1   10.7   452   143   47830    (-,-) 
  u_crypto_synth_top/u_top/u_rsa/core_inst/result_mem/g640323/ZN               -       A->ZN  R     aoi221d1       1   10.2   613   268   48098    (-,-) 
  u_crypto_synth_top/u_top/u_rsa/core_inst/result_mem/g639952/ZN               -       A1->ZN F     oai22d1        1   10.8   483   175   48273    (-,-) 
  u_crypto_synth_top/u_top/u_rsa/core_inst/result_mem/g639567/ZN               -       C2->ZN R     oan211d1       1   11.0   828   607   48880    (-,-) 
  u_crypto_synth_top/u_top/u_rsa/core_inst/result_mem/g639468/ZN               -       A->ZN  F     aon211d1       1   10.3   368   263   49143    (-,-) 
  u_crypto_synth_top/u_top/u_rsa/core_inst/result_mem/g639373/ZN               -       A4->ZN R     nr04d1         1   10.4   862   426   49569    (-,-) 
  u_crypto_synth_top/u_top/u_rsa/core_inst/result_mem/g639318/ZN               -       A->ZN  F     oai221d1       1    8.8   479   256   49824    (-,-) 
  u_crypto_synth_top/u_top/u_rsa/core_inst/result_mem/tmp_read_data1_reg[22]/D -       -      F     dfnrq1         1      -     -     0   49825    (-,-) 
#--------------------------------------------------------------------------------------------------------------------------------------------------------



Path 50: MET (5065 ps) Setup Check with Pin u_crypto_synth_top/u_top/u_rsa/core_inst/result_mem/tmp_read_data0_reg[3]/CP->D
          Group: R2R
     Startpoint: (R) u_crypto_synth_top/u_top/u_rsa/modulus_length_reg_reg[0]/CP
          Clock: (R) MAIN_CLK
       Endpoint: (R) u_crypto_synth_top/u_top/u_rsa/core_inst/result_mem/tmp_read_data0_reg[3]/D
          Clock: (R) MAIN_CLK

                     Capture       Launch     
        Clock Edge:+   58000            0     
       Src Latency:+     150          250     
       Net Latency:+       0 (I)        0 (I) 
           Arrival:=   58150          250     
                                              
             Setup:-     192                  
       Uncertainty:-    1450                  
       Path Adjust:+   -1500                  
     Required Time:=   55008                  
      Launch Clock:-     250                  
         Data Path:-   49692                  
             Slack:=    5065                  

Exceptions/Constraints:
  path_adjust            -1500            PA_C2C 

#-------------------------------------------------------------------------------------------------------------------------------------------------------
#                                Timing Point                                 Flags    Arc   Edge   Cell     Fanout  Load  Trans Delay Arrival Instance 
#                                                                                                                    (fF)   (ps)  (ps)   (ps)  Location 
#-------------------------------------------------------------------------------------------------------------------------------------------------------
  u_crypto_synth_top/u_top/u_rsa/modulus_length_reg_reg[0]/CP                 -       -      R     (arrival)  19892      -     0     0     250    (-,-) 
  u_crypto_synth_top/u_top/u_rsa/modulus_length_reg_reg[0]/Q                  -       CP->Q  F     sdcrq4        25  662.2  1301  1143    1393    (-,-) 
  u_crypto_synth_top/u_top/u_rsa/core_inst/montprod_inst/g4779/ZN             -       A2->ZN R     nr03d0         3   27.9  2586  2006    3399    (-,-) 
  u_crypto_synth_top/u_top/u_rsa/core_inst/montprod_inst/g4767/Z              -       A->Z   R     aor21d1        3   28.3   378   292    3690    (-,-) 
  u_crypto_synth_top/u_top/u_rsa/core_inst/montprod_inst/g4760/Z              -       A1->Z  R     aor22d4       25  832.9  2257  1261    4952    (-,-) 
  u_crypto_synth_top/u_top/u_rsa/core_inst/result_mem/g658365/ZN              -       I->ZN  F     invbdf        70 3129.8  1776  1895    6847    (-,-) 
  u_crypto_synth_top/u_top/u_rsa/core_inst/result_mem/g657573/ZN              -       I->ZN  R     invbdk       108 4770.8  1834 12190   19037    (-,-) 
  u_crypto_synth_top/u_top/u_rsa/core_inst/result_mem/g657497/ZN              -       I->ZN  F     inv0d4        25  680.0  1028 28099   47136    (-,-) 
  u_crypto_synth_top/u_top/u_rsa/core_inst/result_mem/g645503/ZN              -       B2->ZN R     oai22d1        1   11.0   710  1034   48170    (-,-) 
  u_crypto_synth_top/u_top/u_rsa/core_inst/result_mem/g642297/ZN              -       B1->ZN F     aoi22d1        1    9.7   419   227   48397    (-,-) 
  u_crypto_synth_top/u_top/u_rsa/core_inst/result_mem/g640862/ZN              -       A1->ZN R     oai22d1        1   10.9   858   314   48711    (-,-) 
  u_crypto_synth_top/u_top/u_rsa/core_inst/result_mem/g639752/ZN              -       B->ZN  F     aon211d1       1   10.8   518   172   48882    (-,-) 
  u_crypto_synth_top/u_top/u_rsa/core_inst/result_mem/g639629/ZN              -       B->ZN  R     oaim211d1      1   10.7   348   282   49164    (-,-) 
  u_crypto_synth_top/u_top/u_rsa/core_inst/result_mem/g639518/ZN              -       A->ZN  F     aoi221d1       1    9.7   442   108   49273    (-,-) 
  u_crypto_synth_top/u_top/u_rsa/core_inst/result_mem/g639444/ZN              -       A1->ZN R     oai22d1        1   10.5   852   314   49587    (-,-) 
  u_crypto_synth_top/u_top/u_rsa/core_inst/result_mem/g639404/ZN              -       A->ZN  F     aoi211d1       1    9.8   435   143   49730    (-,-) 
  u_crypto_synth_top/u_top/u_rsa/core_inst/result_mem/g639305/ZN              -       A->ZN  R     oai211d1       1    8.7   407   212   49942    (-,-) 
  u_crypto_synth_top/u_top/u_rsa/core_inst/result_mem/tmp_read_data0_reg[3]/D -       -      R     dfnrq1         1      -     -     0   49942    (-,-) 
#-------------------------------------------------------------------------------------------------------------------------------------------------------

