============================================================
  Generated by:           Genus(TM) Synthesis Solution 20.11-s111_1
  Generated on:           Jul 27 2026  12:13:28 pm
  Module:                 C2S0306
  Operating conditions:   tsl18cio150_max (worst_case_tree)
  Wireload mode:          enclosed
  Area mode:              timing library
============================================================


Path 1: MET (1467 ps) Setup Check with Pin u_crypto_synth_top/u_top/u_rsa/core_inst/result_mem/tmp_read_data1_reg[9]/CP->D
          Group: R2R
     Startpoint: (R) u_crypto_synth_top/u_top/u_rsa/core_inst/result_mem/ptr_reg_reg[3]/CP
          Clock: (R) MAIN_CLK
       Endpoint: (F) u_crypto_synth_top/u_top/u_rsa/core_inst/result_mem/tmp_read_data1_reg[9]/D
          Clock: (R) MAIN_CLK

                     Capture       Launch     
        Clock Edge:+   58000            0     
       Src Latency:+     150          250     
       Net Latency:+       0 (I)        0 (I) 
           Arrival:=   58150          250     
                                              
             Setup:-     260                  
       Uncertainty:-    1450                  
       Path Adjust:+   -1500                  
     Required Time:=   54940                  
      Launch Clock:-     250                  
         Data Path:-   53223                  
             Slack:=    1467                  

Exceptions/Constraints:
  path_adjust            -1500            PA_C2C 

#-------------------------------------------------------------------------------------------------------------------------------------------------------
#                                Timing Point                                 Flags    Arc   Edge   Cell     Fanout  Load  Trans Delay Arrival Instance 
#                                                                                                                    (fF)   (ps)  (ps)   (ps)  Location 
#-------------------------------------------------------------------------------------------------------------------------------------------------------
  u_crypto_synth_top/u_top/u_rsa/core_inst/result_mem/ptr_reg_reg[3]/CP       -       -      R     (arrival)  19892      -     0     0     250    (-,-) 
  u_crypto_synth_top/u_top/u_rsa/core_inst/result_mem/ptr_reg_reg[3]/Q        -       CP->Q  F     dfcrq2        16  401.2  1192  1082    1332    (-,-) 
  u_crypto_synth_top/u_top/u_rsa/core_inst/result_mem/g669386/ZN              -       I->ZN  R     invbdf        92 4128.8  2113  1324    2656    (-,-) 
  u_crypto_synth_top/u_top/u_rsa/core_inst/result_mem/g669146/ZN              -       I->ZN  F     invbdf       100 4346.8  2328 21333   23989    (-,-) 
  u_crypto_synth_top/u_top/u_rsa/core_inst/result_mem/g669145/ZN              -       I->ZN  R     inv0d4        24  634.8  1945 24643   48632    (-,-) 
  u_crypto_synth_top/u_top/u_rsa/core_inst/result_mem/g669125/ZN              -       I->ZN  F     invbd2        22  517.9  1867  1719   50350    (-,-) 
  u_crypto_synth_top/u_top/u_rsa/core_inst/result_mem/g647716/ZN              -       B1->ZN R     aoi22d1        1   10.7   520   774   51124    (-,-) 
  u_crypto_synth_top/u_top/u_rsa/core_inst/result_mem/g643496/ZN              -       B1->ZN F     oai22d1        1   10.2   508   175   51299    (-,-) 
  u_crypto_synth_top/u_top/u_rsa/core_inst/result_mem/g640244/ZN              -       C2->ZN R     aoi221d1       1   10.7   631   431   51730    (-,-) 
  u_crypto_synth_top/u_top/u_rsa/core_inst/result_mem/g639880/ZN              -       B1->ZN F     oai22d1        1   11.1   472   189   51920    (-,-) 
  u_crypto_synth_top/u_top/u_rsa/core_inst/result_mem/g639590/ZN              -       B1->ZN F     aoim31d1       1   10.7   445   395   52314    (-,-) 
  u_crypto_synth_top/u_top/u_rsa/core_inst/result_mem/g639556/ZN              -       A->ZN  R     oan211d1       1   11.0   828   273   52587    (-,-) 
  u_crypto_synth_top/u_top/u_rsa/core_inst/result_mem/g639463/ZN              -       A->ZN  F     aon211d1       1   10.3   432   263   52850    (-,-) 
  u_crypto_synth_top/u_top/u_rsa/core_inst/result_mem/g639394/ZN              -       A4->ZN R     nr04d1         1   10.2   850   434   53284    (-,-) 
  u_crypto_synth_top/u_top/u_rsa/core_inst/result_mem/g639341/ZN              -       A1->ZN F     nd02d1         1    8.8   282   188   53473    (-,-) 
  u_crypto_synth_top/u_top/u_rsa/core_inst/result_mem/tmp_read_data1_reg[9]/D -       -      F     dfnrq1         1      -     -     0   53473    (-,-) 
#-------------------------------------------------------------------------------------------------------------------------------------------------------



Path 2: MET (1467 ps) Setup Check with Pin u_crypto_synth_top/u_top/u_rsa/core_inst/result_mem/tmp_read_data1_reg[18]/CP->D
          Group: R2R
     Startpoint: (R) u_crypto_synth_top/u_top/u_rsa/core_inst/result_mem/ptr_reg_reg[3]/CP
          Clock: (R) MAIN_CLK
       Endpoint: (F) u_crypto_synth_top/u_top/u_rsa/core_inst/result_mem/tmp_read_data1_reg[18]/D
          Clock: (R) MAIN_CLK

                     Capture       Launch     
        Clock Edge:+   58000            0     
       Src Latency:+     150          250     
       Net Latency:+       0 (I)        0 (I) 
           Arrival:=   58150          250     
                                              
             Setup:-     260                  
       Uncertainty:-    1450                  
       Path Adjust:+   -1500                  
     Required Time:=   54940                  
      Launch Clock:-     250                  
         Data Path:-   53223                  
             Slack:=    1467                  

Exceptions/Constraints:
  path_adjust            -1500            PA_C2C 

#--------------------------------------------------------------------------------------------------------------------------------------------------------
#                                Timing Point                                  Flags    Arc   Edge   Cell     Fanout  Load  Trans Delay Arrival Instance 
#                                                                                                                     (fF)   (ps)  (ps)   (ps)  Location 
#--------------------------------------------------------------------------------------------------------------------------------------------------------
  u_crypto_synth_top/u_top/u_rsa/core_inst/result_mem/ptr_reg_reg[3]/CP        -       -      R     (arrival)  19892      -     0     0     250    (-,-) 
  u_crypto_synth_top/u_top/u_rsa/core_inst/result_mem/ptr_reg_reg[3]/Q         -       CP->Q  F     dfcrq2        16  401.2  1192  1082    1332    (-,-) 
  u_crypto_synth_top/u_top/u_rsa/core_inst/result_mem/g669386/ZN               -       I->ZN  R     invbdf        92 4128.8  2113  1324    2656    (-,-) 
  u_crypto_synth_top/u_top/u_rsa/core_inst/result_mem/g669146/ZN               -       I->ZN  F     invbdf       100 4346.8  2328 21333   23989    (-,-) 
  u_crypto_synth_top/u_top/u_rsa/core_inst/result_mem/g669145/ZN               -       I->ZN  R     inv0d4        24  634.8  1945 24643   48632    (-,-) 
  u_crypto_synth_top/u_top/u_rsa/core_inst/result_mem/g669125/ZN               -       I->ZN  F     invbd2        22  517.9  1867  1719   50350    (-,-) 
  u_crypto_synth_top/u_top/u_rsa/core_inst/result_mem/g648834/ZN               -       B1->ZN R     aoi22d1        1   10.7   520   774   51124    (-,-) 
  u_crypto_synth_top/u_top/u_rsa/core_inst/result_mem/g644007/ZN               -       B1->ZN F     oai22d1        1   10.2   508   175   51299    (-,-) 
  u_crypto_synth_top/u_top/u_rsa/core_inst/result_mem/g640294/ZN               -       C2->ZN R     aoi221d1       1   10.7   631   431   51730    (-,-) 
  u_crypto_synth_top/u_top/u_rsa/core_inst/result_mem/g639894/ZN               -       B1->ZN F     oai22d1        1   11.1   472   189   51920    (-,-) 
  u_crypto_synth_top/u_top/u_rsa/core_inst/result_mem/g639597/ZN               -       B1->ZN F     aoim31d1       1   10.7   445   395   52314    (-,-) 
  u_crypto_synth_top/u_top/u_rsa/core_inst/result_mem/g639561/ZN               -       A->ZN  R     oan211d1       1   11.0   828   273   52587    (-,-) 
  u_crypto_synth_top/u_top/u_rsa/core_inst/result_mem/g639467/ZN               -       A->ZN  F     aon211d1       1   10.3   432   263   52850    (-,-) 
  u_crypto_synth_top/u_top/u_rsa/core_inst/result_mem/g639399/ZN               -       A4->ZN R     nr04d1         1   10.2   850   434   53284    (-,-) 
  u_crypto_synth_top/u_top/u_rsa/core_inst/result_mem/g639350/ZN               -       A1->ZN F     nd02d1         1    8.8   282   188   53472    (-,-) 
  u_crypto_synth_top/u_top/u_rsa/core_inst/result_mem/tmp_read_data1_reg[18]/D -       -      F     dfnrq1         1      -     -     0   53473    (-,-) 
#--------------------------------------------------------------------------------------------------------------------------------------------------------



Path 3: MET (1475 ps) Setup Check with Pin u_crypto_synth_top/u_top/u_rsa/core_inst/result_mem/tmp_read_data1_reg[23]/CP->D
          Group: R2R
     Startpoint: (R) u_crypto_synth_top/u_top/u_rsa/core_inst/result_mem/ptr_reg_reg[3]/CP
          Clock: (R) MAIN_CLK
       Endpoint: (F) u_crypto_synth_top/u_top/u_rsa/core_inst/result_mem/tmp_read_data1_reg[23]/D
          Clock: (R) MAIN_CLK

                     Capture       Launch     
        Clock Edge:+   58000            0     
       Src Latency:+     150          250     
       Net Latency:+       0 (I)        0 (I) 
           Arrival:=   58150          250     
                                              
             Setup:-     260                  
       Uncertainty:-    1450                  
       Path Adjust:+   -1500                  
     Required Time:=   54940                  
      Launch Clock:-     250                  
         Data Path:-   53215                  
             Slack:=    1475                  

Exceptions/Constraints:
  path_adjust            -1500            PA_C2C 

#--------------------------------------------------------------------------------------------------------------------------------------------------------
#                                Timing Point                                  Flags    Arc   Edge   Cell     Fanout  Load  Trans Delay Arrival Instance 
#                                                                                                                     (fF)   (ps)  (ps)   (ps)  Location 
#--------------------------------------------------------------------------------------------------------------------------------------------------------
  u_crypto_synth_top/u_top/u_rsa/core_inst/result_mem/ptr_reg_reg[3]/CP        -       -      R     (arrival)  19892      -     0     0     250    (-,-) 
  u_crypto_synth_top/u_top/u_rsa/core_inst/result_mem/ptr_reg_reg[3]/Q         -       CP->Q  F     dfcrq2        16  401.2  1192  1082    1332    (-,-) 
  u_crypto_synth_top/u_top/u_rsa/core_inst/result_mem/g669386/ZN               -       I->ZN  R     invbdf        92 4128.8  2113  1324    2656    (-,-) 
  u_crypto_synth_top/u_top/u_rsa/core_inst/result_mem/g669146/ZN               -       I->ZN  F     invbdf       100 4346.8  2328 21333   23989    (-,-) 
  u_crypto_synth_top/u_top/u_rsa/core_inst/result_mem/g669145/ZN               -       I->ZN  R     inv0d4        24  634.8  1945 24643   48632    (-,-) 
  u_crypto_synth_top/u_top/u_rsa/core_inst/result_mem/g669125/ZN               -       I->ZN  F     invbd2        22  517.9  1867  1719   50350    (-,-) 
  u_crypto_synth_top/u_top/u_rsa/core_inst/result_mem/g649357/ZN               -       B1->ZN R     aoi22d1        1   10.7   520   774   51124    (-,-) 
  u_crypto_synth_top/u_top/u_rsa/core_inst/result_mem/g644278/ZN               -       B1->ZN F     oai22d1        1   10.2   454   175   51299    (-,-) 
  u_crypto_synth_top/u_top/u_rsa/core_inst/result_mem/g640329/ZN               -       C2->ZN R     aoi221d1       1   10.7   631   424   51723    (-,-) 
  u_crypto_synth_top/u_top/u_rsa/core_inst/result_mem/g639899/ZN               -       B1->ZN F     oai22d1        1   11.1   472   189   51912    (-,-) 
  u_crypto_synth_top/u_top/u_rsa/core_inst/result_mem/g639600/ZN               -       B1->ZN F     aoim31d1       1   10.7   445   395   52307    (-,-) 
  u_crypto_synth_top/u_top/u_rsa/core_inst/result_mem/g639563/ZN               -       A->ZN  R     oan211d1       1   11.0   828   273   52580    (-,-) 
  u_crypto_synth_top/u_top/u_rsa/core_inst/result_mem/g639470/ZN               -       A->ZN  F     aon211d1       1   10.3   432   263   52843    (-,-) 
  u_crypto_synth_top/u_top/u_rsa/core_inst/result_mem/g639400/ZN               -       A4->ZN R     nr04d1         1   10.2   850   434   53277    (-,-) 
  u_crypto_synth_top/u_top/u_rsa/core_inst/result_mem/g639352/ZN               -       A1->ZN F     nd02d1         1    8.8   282   188   53465    (-,-) 
  u_crypto_synth_top/u_top/u_rsa/core_inst/result_mem/tmp_read_data1_reg[23]/D -       -      F     dfnrq1         1      -     -     0   53465    (-,-) 
#--------------------------------------------------------------------------------------------------------------------------------------------------------



Path 4: MET (1523 ps) Setup Check with Pin u_crypto_synth_top/u_top/u_rsa/core_inst/result_mem/tmp_read_data1_reg[3]/CP->D
          Group: R2R
     Startpoint: (R) u_crypto_synth_top/u_top/u_rsa/core_inst/result_mem/ptr_reg_reg[3]/CP
          Clock: (R) MAIN_CLK
       Endpoint: (F) u_crypto_synth_top/u_top/u_rsa/core_inst/result_mem/tmp_read_data1_reg[3]/D
          Clock: (R) MAIN_CLK

                     Capture       Launch     
        Clock Edge:+   58000            0     
       Src Latency:+     150          250     
       Net Latency:+       0 (I)        0 (I) 
           Arrival:=   58150          250     
                                              
             Setup:-     260                  
       Uncertainty:-    1450                  
       Path Adjust:+   -1500                  
     Required Time:=   54940                  
      Launch Clock:-     250                  
         Data Path:-   53167                  
             Slack:=    1523                  

Exceptions/Constraints:
  path_adjust            -1500            PA_C2C 

#-------------------------------------------------------------------------------------------------------------------------------------------------------
#                                Timing Point                                 Flags    Arc   Edge   Cell     Fanout  Load  Trans Delay Arrival Instance 
#                                                                                                                    (fF)   (ps)  (ps)   (ps)  Location 
#-------------------------------------------------------------------------------------------------------------------------------------------------------
  u_crypto_synth_top/u_top/u_rsa/core_inst/result_mem/ptr_reg_reg[3]/CP       -       -      R     (arrival)  19892      -     0     0     250    (-,-) 
  u_crypto_synth_top/u_top/u_rsa/core_inst/result_mem/ptr_reg_reg[3]/Q        -       CP->Q  F     dfcrq2        16  401.2  1192  1082    1332    (-,-) 
  u_crypto_synth_top/u_top/u_rsa/core_inst/result_mem/g669386/ZN              -       I->ZN  R     invbdf        92 4128.8  2113  1324    2656    (-,-) 
  u_crypto_synth_top/u_top/u_rsa/core_inst/result_mem/g669146/ZN              -       I->ZN  F     invbdf       100 4346.8  2328 21333   23989    (-,-) 
  u_crypto_synth_top/u_top/u_rsa/core_inst/result_mem/g669145/ZN              -       I->ZN  R     inv0d4        24  634.8  1945 24643   48632    (-,-) 
  u_crypto_synth_top/u_top/u_rsa/core_inst/result_mem/g669125/ZN              -       I->ZN  F     invbd2        22  517.9  1867  1719   50350    (-,-) 
  u_crypto_synth_top/u_top/u_rsa/core_inst/result_mem/g646901/ZN              -       B1->ZN R     aoi22d1        1   10.7   520   774   51124    (-,-) 
  u_crypto_synth_top/u_top/u_rsa/core_inst/result_mem/g643168/ZN              -       B1->ZN F     oai22d1        1   10.2   480   175   51299    (-,-) 
  u_crypto_synth_top/u_top/u_rsa/core_inst/result_mem/g640201/ZN              -       C2->ZN R     aoi221d1       1   10.7   631   427   51726    (-,-) 
  u_crypto_synth_top/u_top/u_rsa/core_inst/result_mem/g639871/ZN              -       B1->ZN F     oai22d1        1   11.1   472   189   51916    (-,-) 
  u_crypto_synth_top/u_top/u_rsa/core_inst/result_mem/g639587/ZN              -       B1->ZN F     aoim31d1       1   10.7   300   395   52310    (-,-) 
  u_crypto_synth_top/u_top/u_rsa/core_inst/result_mem/g639549/ZN              -       A->ZN  R     oan211d1       1   11.0   828   240   52550    (-,-) 
  u_crypto_synth_top/u_top/u_rsa/core_inst/result_mem/g639472/ZN              -       A->ZN  F     aon211d1       1   10.3   340   263   52813    (-,-) 
  u_crypto_synth_top/u_top/u_rsa/core_inst/result_mem/g639384/ZN              -       A4->ZN R     nr04d1         1   10.2   849   416   53229    (-,-) 
  u_crypto_synth_top/u_top/u_rsa/core_inst/result_mem/g639337/ZN              -       A1->ZN F     nd02d1         1    8.8   282   188   53417    (-,-) 
  u_crypto_synth_top/u_top/u_rsa/core_inst/result_mem/tmp_read_data1_reg[3]/D -       -      F     dfnrq1         1      -     -     0   53417    (-,-) 
#-------------------------------------------------------------------------------------------------------------------------------------------------------



Path 5: MET (1530 ps) Setup Check with Pin u_crypto_synth_top/u_top/u_rsa/core_inst/result_mem/tmp_read_data1_reg[2]/CP->D
          Group: R2R
     Startpoint: (R) u_crypto_synth_top/u_top/u_rsa/core_inst/result_mem/ptr_reg_reg[3]/CP
          Clock: (R) MAIN_CLK
       Endpoint: (F) u_crypto_synth_top/u_top/u_rsa/core_inst/result_mem/tmp_read_data1_reg[2]/D
          Clock: (R) MAIN_CLK

                     Capture       Launch     
        Clock Edge:+   58000            0     
       Src Latency:+     150          250     
       Net Latency:+       0 (I)        0 (I) 
           Arrival:=   58150          250     
                                              
             Setup:-     295                  
       Uncertainty:-    1450                  
       Path Adjust:+   -1500                  
     Required Time:=   54905                  
      Launch Clock:-     250                  
         Data Path:-   53125                  
             Slack:=    1530                  

Exceptions/Constraints:
  path_adjust            -1500            PA_C2C 

#-------------------------------------------------------------------------------------------------------------------------------------------------------
#                                Timing Point                                 Flags    Arc   Edge   Cell     Fanout  Load  Trans Delay Arrival Instance 
#                                                                                                                    (fF)   (ps)  (ps)   (ps)  Location 
#-------------------------------------------------------------------------------------------------------------------------------------------------------
  u_crypto_synth_top/u_top/u_rsa/core_inst/result_mem/ptr_reg_reg[3]/CP       -       -      R     (arrival)  19892      -     0     0     250    (-,-) 
  u_crypto_synth_top/u_top/u_rsa/core_inst/result_mem/ptr_reg_reg[3]/Q        -       CP->Q  F     dfcrq2        16  401.2  1192  1082    1332    (-,-) 
  u_crypto_synth_top/u_top/u_rsa/core_inst/result_mem/g669386/ZN              -       I->ZN  R     invbdf        92 4128.8  2113  1324    2656    (-,-) 
  u_crypto_synth_top/u_top/u_rsa/core_inst/result_mem/g669146/ZN              -       I->ZN  F     invbdf       100 4346.8  2328 21333   23989    (-,-) 
  u_crypto_synth_top/u_top/u_rsa/core_inst/result_mem/g669042/ZN              -       I->ZN  R     inv0d4        31  974.6  2894 25072   49061    (-,-) 
  u_crypto_synth_top/u_top/u_rsa/core_inst/result_mem/g669040/ZN              -       I->ZN  F     inv0d1         6   78.0   962  1746   50807    (-,-) 
  u_crypto_synth_top/u_top/u_rsa/core_inst/result_mem/g646765/ZN              -       B1->ZN R     aoi22d1        1   10.9   472   369   51176    (-,-) 
  u_crypto_synth_top/u_top/u_rsa/core_inst/result_mem/g643112/Z               -       I0->Z  R     mx02d1         1   10.7   234   275   51451    (-,-) 
  u_crypto_synth_top/u_top/u_rsa/core_inst/result_mem/g641352/ZN              -       B1->ZN F     oai22d1        1   10.7   510   144   51595    (-,-) 
  u_crypto_synth_top/u_top/u_rsa/core_inst/result_mem/g640198/ZN              -       A->ZN  R     aoi221d1       1   10.7   688   286   51881    (-,-) 
  u_crypto_synth_top/u_top/u_rsa/core_inst/result_mem/g639870/ZN              -       B1->ZN F     oai22d1        1   10.6   466   192   52072    (-,-) 
  u_crypto_synth_top/u_top/u_rsa/core_inst/result_mem/g639665/ZN              -       A->ZN  R     aoi211d1       1   10.5   771   325   52398    (-,-) 
  u_crypto_synth_top/u_top/u_rsa/core_inst/result_mem/g639492/ZN              -       A1->ZN F     oai222d1       1   10.3   499   269   52666    (-,-) 
  u_crypto_synth_top/u_top/u_rsa/core_inst/result_mem/g639368/ZN              -       A4->ZN R     nr04d1         1   10.4   860   453   53119    (-,-) 
  u_crypto_synth_top/u_top/u_rsa/core_inst/result_mem/g639313/ZN              -       A->ZN  F     oai221d1       1    8.8   418   256   53375    (-,-) 
  u_crypto_synth_top/u_top/u_rsa/core_inst/result_mem/tmp_read_data1_reg[2]/D -       -      F     dfnrq1         1      -     -     0   53375    (-,-) 
#-------------------------------------------------------------------------------------------------------------------------------------------------------



Path 6: MET (1539 ps) Setup Check with Pin u_crypto_synth_top/u_top/u_rsa/core_inst/result_mem/tmp_read_data1_reg[5]/CP->D
          Group: R2R
     Startpoint: (R) u_crypto_synth_top/u_top/u_rsa/core_inst/result_mem/ptr_reg_reg[3]/CP
          Clock: (R) MAIN_CLK
       Endpoint: (F) u_crypto_synth_top/u_top/u_rsa/core_inst/result_mem/tmp_read_data1_reg[5]/D
          Clock: (R) MAIN_CLK

                     Capture       Launch     
        Clock Edge:+   58000            0     
       Src Latency:+     150          250     
       Net Latency:+       0 (I)        0 (I) 
           Arrival:=   58150          250     
                                              
             Setup:-     291                  
       Uncertainty:-    1450                  
       Path Adjust:+   -1500                  
     Required Time:=   54909                  
      Launch Clock:-     250                  
         Data Path:-   53119                  
             Slack:=    1539                  

Exceptions/Constraints:
  path_adjust            -1500            PA_C2C 

#-------------------------------------------------------------------------------------------------------------------------------------------------------
#                                Timing Point                                 Flags    Arc   Edge   Cell     Fanout  Load  Trans Delay Arrival Instance 
#                                                                                                                    (fF)   (ps)  (ps)   (ps)  Location 
#-------------------------------------------------------------------------------------------------------------------------------------------------------
  u_crypto_synth_top/u_top/u_rsa/core_inst/result_mem/ptr_reg_reg[3]/CP       -       -      R     (arrival)  19892      -     0     0     250    (-,-) 
  u_crypto_synth_top/u_top/u_rsa/core_inst/result_mem/ptr_reg_reg[3]/Q        -       CP->Q  F     dfcrq2        16  401.2  1192  1082    1332    (-,-) 
  u_crypto_synth_top/u_top/u_rsa/core_inst/result_mem/g669386/ZN              -       I->ZN  R     invbdf        92 4128.8  2113  1324    2656    (-,-) 
  u_crypto_synth_top/u_top/u_rsa/core_inst/result_mem/g669146/ZN              -       I->ZN  F     invbdf       100 4346.8  2328 21333   23989    (-,-) 
  u_crypto_synth_top/u_top/u_rsa/core_inst/result_mem/g669042/ZN              -       I->ZN  R     inv0d4        31  974.6  2894 25072   49061    (-,-) 
  u_crypto_synth_top/u_top/u_rsa/core_inst/result_mem/g669040/ZN              -       I->ZN  F     inv0d1         6   78.0   962  1746   50807    (-,-) 
  u_crypto_synth_top/u_top/u_rsa/core_inst/result_mem/g647178/ZN              -       B1->ZN R     aoi22d1        1   10.9   472   369   51176    (-,-) 
  u_crypto_synth_top/u_top/u_rsa/core_inst/result_mem/g643278/Z               -       I0->Z  R     mx02d1         1   10.7   234   275   51451    (-,-) 
  u_crypto_synth_top/u_top/u_rsa/core_inst/result_mem/g641271/ZN              -       B1->ZN F     oai22d1        1   10.7   510   144   51595    (-,-) 
  u_crypto_synth_top/u_top/u_rsa/core_inst/result_mem/g640215/ZN              -       A->ZN  R     aoi221d1       1   10.7   623   286   51881    (-,-) 
  u_crypto_synth_top/u_top/u_rsa/core_inst/result_mem/g639874/ZN              -       B1->ZN F     oai22d1        1   10.6   466   186   52067    (-,-) 
  u_crypto_synth_top/u_top/u_rsa/core_inst/result_mem/g639675/ZN              -       A->ZN  R     aoi211d1       1   10.5   771   325   52392    (-,-) 
  u_crypto_synth_top/u_top/u_rsa/core_inst/result_mem/g639479/ZN              -       A1->ZN F     oai222d1       1   10.3   499   269   52661    (-,-) 
  u_crypto_synth_top/u_top/u_rsa/core_inst/result_mem/g639369/ZN              -       A4->ZN R     nr04d1         1   10.4   859   453   53114    (-,-) 
  u_crypto_synth_top/u_top/u_rsa/core_inst/result_mem/g639314/ZN              -       A->ZN  F     oai221d1       1    8.8   404   255   53369    (-,-) 
  u_crypto_synth_top/u_top/u_rsa/core_inst/result_mem/tmp_read_data1_reg[5]/D -       -      F     dfnrq1         1      -     -     0   53369    (-,-) 
#-------------------------------------------------------------------------------------------------------------------------------------------------------



Path 7: MET (1565 ps) Setup Check with Pin u_crypto_synth_top/u_top/u_rsa/core_inst/result_mem/tmp_read_data1_reg[17]/CP->D
          Group: R2R
     Startpoint: (R) u_crypto_synth_top/u_top/u_rsa/core_inst/result_mem/ptr_reg_reg[3]/CP
          Clock: (R) MAIN_CLK
       Endpoint: (R) u_crypto_synth_top/u_top/u_rsa/core_inst/result_mem/tmp_read_data1_reg[17]/D
          Clock: (R) MAIN_CLK

                     Capture       Launch     
        Clock Edge:+   58000            0     
       Src Latency:+     150          250     
       Net Latency:+       0 (I)        0 (I) 
           Arrival:=   58150          250     
                                              
             Setup:-     160                  
       Uncertainty:-    1450                  
       Path Adjust:+   -1500                  
     Required Time:=   55040                  
      Launch Clock:-     250                  
         Data Path:-   53225                  
             Slack:=    1565                  

Exceptions/Constraints:
  path_adjust            -1500            PA_C2C 

#--------------------------------------------------------------------------------------------------------------------------------------------------------
#                                Timing Point                                  Flags    Arc   Edge   Cell     Fanout  Load  Trans Delay Arrival Instance 
#                                                                                                                     (fF)   (ps)  (ps)   (ps)  Location 
#--------------------------------------------------------------------------------------------------------------------------------------------------------
  u_crypto_synth_top/u_top/u_rsa/core_inst/result_mem/ptr_reg_reg[3]/CP        -       -      R     (arrival)  19892      -     0     0     250    (-,-) 
  u_crypto_synth_top/u_top/u_rsa/core_inst/result_mem/ptr_reg_reg[3]/Q         -       CP->Q  F     dfcrq2        16  401.2  1192  1082    1332    (-,-) 
  u_crypto_synth_top/u_top/u_rsa/core_inst/result_mem/g669386/ZN               -       I->ZN  R     invbdf        92 4128.8  2113  1324    2656    (-,-) 
  u_crypto_synth_top/u_top/u_rsa/core_inst/result_mem/g669146/ZN               -       I->ZN  F     invbdf       100 4346.8  2328 21333   23989    (-,-) 
  u_crypto_synth_top/u_top/u_rsa/core_inst/result_mem/g669145/ZN               -       I->ZN  R     inv0d4        24  634.8  1945 24643   48632    (-,-) 
  u_crypto_synth_top/u_top/u_rsa/core_inst/result_mem/g669125/ZN               -       I->ZN  F     invbd2        22  517.9  1867  1719   50350    (-,-) 
  u_crypto_synth_top/u_top/u_rsa/core_inst/result_mem/g669122/ZN               -       I->ZN  R     inv0d2        16  281.2  1714  1513   51864    (-,-) 
  u_crypto_synth_top/u_top/u_rsa/core_inst/result_mem/g648679/ZN               -       A1->ZN F     aoi22d1        1   10.8   546   303   52166    (-,-) 
  u_crypto_synth_top/u_top/u_rsa/core_inst/result_mem/g643931/ZN               -       B1->ZN R     oai22d1        1   10.8   732   418   52584    (-,-) 
  u_crypto_synth_top/u_top/u_rsa/core_inst/result_mem/g641724/ZN               -       A1->ZN F     aoi22d1        1   10.8   393   182   52766    (-,-) 
  u_crypto_synth_top/u_top/u_rsa/core_inst/result_mem/g640656/ZN               -       B2->ZN R     aoi21d1        1    9.5   618   387   53153    (-,-) 
  u_crypto_synth_top/u_top/u_rsa/core_inst/result_mem/g639389/ZN               -       A3->ZN F     nr04d1         1   10.0   270   164   53317    (-,-) 
  u_crypto_synth_top/u_top/u_rsa/core_inst/result_mem/g639349/ZN               -       A1->ZN R     nd02d1         1    8.7   202   158   53475    (-,-) 
  u_crypto_synth_top/u_top/u_rsa/core_inst/result_mem/tmp_read_data1_reg[17]/D -       -      R     dfnrq1         1      -     -     0   53475    (-,-) 
#--------------------------------------------------------------------------------------------------------------------------------------------------------



Path 8: MET (1567 ps) Setup Check with Pin u_crypto_synth_top/u_top/u_rsa/core_inst/result_mem/tmp_read_data1_reg[27]/CP->D
          Group: R2R
     Startpoint: (R) u_crypto_synth_top/u_top/u_rsa/core_inst/result_mem/ptr_reg_reg[3]/CP
          Clock: (R) MAIN_CLK
       Endpoint: (R) u_crypto_synth_top/u_top/u_rsa/core_inst/result_mem/tmp_read_data1_reg[27]/D
          Clock: (R) MAIN_CLK

                     Capture       Launch     
        Clock Edge:+   58000            0     
       Src Latency:+     150          250     
       Net Latency:+       0 (I)        0 (I) 
           Arrival:=   58150          250     
                                              
             Setup:-     160                  
       Uncertainty:-    1450                  
       Path Adjust:+   -1500                  
     Required Time:=   55040                  
      Launch Clock:-     250                  
         Data Path:-   53223                  
             Slack:=    1567                  

Exceptions/Constraints:
  path_adjust            -1500            PA_C2C 

#--------------------------------------------------------------------------------------------------------------------------------------------------------
#                                Timing Point                                  Flags    Arc   Edge   Cell     Fanout  Load  Trans Delay Arrival Instance 
#                                                                                                                     (fF)   (ps)  (ps)   (ps)  Location 
#--------------------------------------------------------------------------------------------------------------------------------------------------------
  u_crypto_synth_top/u_top/u_rsa/core_inst/result_mem/ptr_reg_reg[3]/CP        -       -      R     (arrival)  19892      -     0     0     250    (-,-) 
  u_crypto_synth_top/u_top/u_rsa/core_inst/result_mem/ptr_reg_reg[3]/Q         -       CP->Q  R     dfcrq2        16  427.8  2373  1496    1746    (-,-) 
  u_crypto_synth_top/u_top/u_rsa/core_inst/result_mem/g669386/ZN               -       I->ZN  F     invbdf        92 4108.0  2228  1643    3389    (-,-) 
  u_crypto_synth_top/u_top/u_rsa/core_inst/result_mem/g669146/ZN               -       I->ZN  R     invbdf       100 4432.5  2292 21325   24714    (-,-) 
  u_crypto_synth_top/u_top/u_rsa/core_inst/result_mem/g669093/ZN               -       I->ZN  F     inv0d2        17  313.9  1097 24057   48771    (-,-) 
  u_crypto_synth_top/u_top/u_rsa/core_inst/result_mem/g669092/ZN               -       I->ZN  R     inv0d4        30  927.6  2732  1574   50345    (-,-) 
  u_crypto_synth_top/u_top/u_rsa/core_inst/result_mem/g649735/ZN               -       B1->ZN F     aoi22d1        1    9.7   550  1324   51670    (-,-) 
  u_crypto_synth_top/u_top/u_rsa/core_inst/result_mem/g644491/ZN               -       A1->ZN R     oai22d1        1   10.8   759   342   52011    (-,-) 
  u_crypto_synth_top/u_top/u_rsa/core_inst/result_mem/g641940/ZN               -       A1->ZN F     aoi22d1        1   10.8   447   184   52196    (-,-) 
  u_crypto_synth_top/u_top/u_rsa/core_inst/result_mem/g639990/ZN               -       B2->ZN R     aoi21d1        1   11.0   647   418   52614    (-,-) 
  u_crypto_synth_top/u_top/u_rsa/core_inst/result_mem/g639668/ZN               -       B->ZN  F     aoi211d1       1    9.9   390   140   52754    (-,-) 
  u_crypto_synth_top/u_top/u_rsa/core_inst/result_mem/g639461/ZN               -       B1->ZN R     oai222d1       1   10.4  1007   395   53149    (-,-) 
  u_crypto_synth_top/u_top/u_rsa/core_inst/result_mem/g639409/ZN               -       A4->ZN F     nr04d1         1   10.0   273   165   53314    (-,-) 
  u_crypto_synth_top/u_top/u_rsa/core_inst/result_mem/g639354/ZN               -       A1->ZN R     nd02d1         1    8.7   204   159   53473    (-,-) 
  u_crypto_synth_top/u_top/u_rsa/core_inst/result_mem/tmp_read_data1_reg[27]/D -       -      R     dfnrq1         1      -     -     0   53473    (-,-) 
#--------------------------------------------------------------------------------------------------------------------------------------------------------



Path 9: MET (1569 ps) Setup Check with Pin u_crypto_synth_top/u_top/u_rsa/core_inst/result_mem/tmp_read_data1_reg[16]/CP->D
          Group: R2R
     Startpoint: (R) u_crypto_synth_top/u_top/u_rsa/core_inst/result_mem/ptr_reg_reg[3]/CP
          Clock: (R) MAIN_CLK
       Endpoint: (R) u_crypto_synth_top/u_top/u_rsa/core_inst/result_mem/tmp_read_data1_reg[16]/D
          Clock: (R) MAIN_CLK

                     Capture       Launch     
        Clock Edge:+   58000            0     
       Src Latency:+     150          250     
       Net Latency:+       0 (I)        0 (I) 
           Arrival:=   58150          250     
                                              
             Setup:-     160                  
       Uncertainty:-    1450                  
       Path Adjust:+   -1500                  
     Required Time:=   55040                  
      Launch Clock:-     250                  
         Data Path:-   53221                  
             Slack:=    1569                  

Exceptions/Constraints:
  path_adjust            -1500            PA_C2C 

#--------------------------------------------------------------------------------------------------------------------------------------------------------
#                                Timing Point                                  Flags    Arc   Edge   Cell     Fanout  Load  Trans Delay Arrival Instance 
#                                                                                                                     (fF)   (ps)  (ps)   (ps)  Location 
#--------------------------------------------------------------------------------------------------------------------------------------------------------
  u_crypto_synth_top/u_top/u_rsa/core_inst/result_mem/ptr_reg_reg[3]/CP        -       -      R     (arrival)  19892      -     0     0     250    (-,-) 
  u_crypto_synth_top/u_top/u_rsa/core_inst/result_mem/ptr_reg_reg[3]/Q         -       CP->Q  F     dfcrq2        16  401.2  1192  1082    1332    (-,-) 
  u_crypto_synth_top/u_top/u_rsa/core_inst/result_mem/g669386/ZN               -       I->ZN  R     invbdf        92 4128.8  2113  1324    2656    (-,-) 
  u_crypto_synth_top/u_top/u_rsa/core_inst/result_mem/g669146/ZN               -       I->ZN  F     invbdf       100 4346.8  2328 21333   23989    (-,-) 
  u_crypto_synth_top/u_top/u_rsa/core_inst/result_mem/g669145/ZN               -       I->ZN  R     inv0d4        24  634.8  1945 24643   48632    (-,-) 
  u_crypto_synth_top/u_top/u_rsa/core_inst/result_mem/g669125/ZN               -       I->ZN  F     invbd2        22  517.9  1867  1719   50350    (-,-) 
  u_crypto_synth_top/u_top/u_rsa/core_inst/result_mem/g669122/ZN               -       I->ZN  R     inv0d2        16  281.2  1714  1513   51864    (-,-) 
  u_crypto_synth_top/u_top/u_rsa/core_inst/result_mem/g647289/ZN               -       A1->ZN F     aoi22d1        1   10.8   566   303   52166    (-,-) 
  u_crypto_synth_top/u_top/u_rsa/core_inst/result_mem/g643880/ZN               -       B1->ZN R     oai22d1        1   11.0   699   425   52591    (-,-) 
  u_crypto_synth_top/u_top/u_rsa/core_inst/result_mem/g641705/ZN               -       B1->ZN F     aoi22d1        1   10.9   482   232   52824    (-,-) 
  u_crypto_synth_top/u_top/u_rsa/core_inst/result_mem/g639466/ZN               -       C2->ZN R     aon211d1       1   10.4   470   370   53194    (-,-) 
  u_crypto_synth_top/u_top/u_rsa/core_inst/result_mem/g639386/ZN               -       A4->ZN F     nr04d1         1   10.0   210   133   53327    (-,-) 
  u_crypto_synth_top/u_top/u_rsa/core_inst/result_mem/g639348/ZN               -       A1->ZN R     nd02d1         1    8.7   202   144   53471    (-,-) 
  u_crypto_synth_top/u_top/u_rsa/core_inst/result_mem/tmp_read_data1_reg[16]/D -       -      R     dfnrq1         1      -     -     0   53471    (-,-) 
#--------------------------------------------------------------------------------------------------------------------------------------------------------



Path 10: MET (1574 ps) Setup Check with Pin u_crypto_synth_top/u_top/u_rsa/core_inst/result_mem/tmp_read_data1_reg[0]/CP->D
          Group: R2R
     Startpoint: (R) u_crypto_synth_top/u_top/u_rsa/core_inst/result_mem/ptr_reg_reg[3]/CP
          Clock: (R) MAIN_CLK
       Endpoint: (R) u_crypto_synth_top/u_top/u_rsa/core_inst/result_mem/tmp_read_data1_reg[0]/D
          Clock: (R) MAIN_CLK

                     Capture       Launch     
        Clock Edge:+   58000            0     
       Src Latency:+     150          250     
       Net Latency:+       0 (I)        0 (I) 
           Arrival:=   58150          250     
                                              
             Setup:-     160                  
       Uncertainty:-    1450                  
       Path Adjust:+   -1500                  
     Required Time:=   55040                  
      Launch Clock:-     250                  
         Data Path:-   53216                  
             Slack:=    1574                  

Exceptions/Constraints:
  path_adjust            -1500            PA_C2C 

#-------------------------------------------------------------------------------------------------------------------------------------------------------
#                                Timing Point                                 Flags    Arc   Edge   Cell     Fanout  Load  Trans Delay Arrival Instance 
#                                                                                                                    (fF)   (ps)  (ps)   (ps)  Location 
#-------------------------------------------------------------------------------------------------------------------------------------------------------
  u_crypto_synth_top/u_top/u_rsa/core_inst/result_mem/ptr_reg_reg[3]/CP       -       -      R     (arrival)  19892      -     0     0     250    (-,-) 
  u_crypto_synth_top/u_top/u_rsa/core_inst/result_mem/ptr_reg_reg[3]/Q        -       CP->Q  F     dfcrq2        16  401.2  1192  1082    1332    (-,-) 
  u_crypto_synth_top/u_top/u_rsa/core_inst/result_mem/g669386/ZN              -       I->ZN  R     invbdf        92 4128.8  2113  1324    2656    (-,-) 
  u_crypto_synth_top/u_top/u_rsa/core_inst/result_mem/g669146/ZN              -       I->ZN  F     invbdf       100 4346.8  2328 21333   23989    (-,-) 
  u_crypto_synth_top/u_top/u_rsa/core_inst/result_mem/g669145/ZN              -       I->ZN  R     inv0d4        24  634.8  1945 24643   48632    (-,-) 
  u_crypto_synth_top/u_top/u_rsa/core_inst/result_mem/g669125/ZN              -       I->ZN  F     invbd2        22  517.9  1867  1719   50350    (-,-) 
  u_crypto_synth_top/u_top/u_rsa/core_inst/result_mem/g669122/ZN              -       I->ZN  R     inv0d2        16  281.2  1714  1513   51864    (-,-) 
  u_crypto_synth_top/u_top/u_rsa/core_inst/result_mem/g650266/ZN              -       A1->ZN F     aoi22d1        1   10.8   522   303   52166    (-,-) 
  u_crypto_synth_top/u_top/u_rsa/core_inst/result_mem/g644748/ZN              -       B1->ZN R     oai22d1        1   11.0   737   415   52581    (-,-) 
  u_crypto_synth_top/u_top/u_rsa/core_inst/result_mem/g642171/ZN              -       B1->ZN F     aoi22d1        1   10.9   482   238   52819    (-,-) 
  u_crypto_synth_top/u_top/u_rsa/core_inst/result_mem/g639485/ZN              -       C2->ZN R     aon211d1       1   10.4   470   370   53189    (-,-) 
  u_crypto_synth_top/u_top/u_rsa/core_inst/result_mem/g639403/ZN              -       A4->ZN F     nr04d1         1   10.0   210   133   53322    (-,-) 
  u_crypto_synth_top/u_top/u_rsa/core_inst/result_mem/g639360/ZN              -       A1->ZN R     nd02d1         1    8.7   202   144   53466    (-,-) 
  u_crypto_synth_top/u_top/u_rsa/core_inst/result_mem/tmp_read_data1_reg[0]/D -       -      R     dfnrq1         1      -     -     0   53466    (-,-) 
#-------------------------------------------------------------------------------------------------------------------------------------------------------



Path 11: MET (1583 ps) Setup Check with Pin u_crypto_synth_top/u_top/u_rsa/core_inst/result_mem/tmp_read_data1_reg[14]/CP->D
          Group: R2R
     Startpoint: (R) u_crypto_synth_top/u_top/u_rsa/core_inst/result_mem/ptr_reg_reg[3]/CP
          Clock: (R) MAIN_CLK
       Endpoint: (R) u_crypto_synth_top/u_top/u_rsa/core_inst/result_mem/tmp_read_data1_reg[14]/D
          Clock: (R) MAIN_CLK

                     Capture       Launch     
        Clock Edge:+   58000            0     
       Src Latency:+     150          250     
       Net Latency:+       0 (I)        0 (I) 
           Arrival:=   58150          250     
                                              
             Setup:-     160                  
       Uncertainty:-    1450                  
       Path Adjust:+   -1500                  
     Required Time:=   55040                  
      Launch Clock:-     250                  
         Data Path:-   53207                  
             Slack:=    1583                  

Exceptions/Constraints:
  path_adjust            -1500            PA_C2C 

#--------------------------------------------------------------------------------------------------------------------------------------------------------
#                                Timing Point                                  Flags    Arc   Edge   Cell     Fanout  Load  Trans Delay Arrival Instance 
#                                                                                                                     (fF)   (ps)  (ps)   (ps)  Location 
#--------------------------------------------------------------------------------------------------------------------------------------------------------
  u_crypto_synth_top/u_top/u_rsa/core_inst/result_mem/ptr_reg_reg[3]/CP        -       -      R     (arrival)  19892      -     0     0     250    (-,-) 
  u_crypto_synth_top/u_top/u_rsa/core_inst/result_mem/ptr_reg_reg[3]/Q         -       CP->Q  F     dfcrq2        16  401.2  1192  1082    1332    (-,-) 
  u_crypto_synth_top/u_top/u_rsa/core_inst/result_mem/g669386/ZN               -       I->ZN  R     invbdf        92 4128.8  2113  1324    2656    (-,-) 
  u_crypto_synth_top/u_top/u_rsa/core_inst/result_mem/g669146/ZN               -       I->ZN  F     invbdf       100 4346.8  2328 21333   23989    (-,-) 
  u_crypto_synth_top/u_top/u_rsa/core_inst/result_mem/g669145/ZN               -       I->ZN  R     inv0d4        24  634.8  1945 24643   48632    (-,-) 
  u_crypto_synth_top/u_top/u_rsa/core_inst/result_mem/g669125/ZN               -       I->ZN  F     invbd2        22  517.9  1867  1719   50350    (-,-) 
  u_crypto_synth_top/u_top/u_rsa/core_inst/result_mem/g669122/ZN               -       I->ZN  R     inv0d2        16  281.2  1714  1513   51864    (-,-) 
  u_crypto_synth_top/u_top/u_rsa/core_inst/result_mem/g648318/ZN               -       A1->ZN F     aoi22d1        1   10.8   566   303   52166    (-,-) 
  u_crypto_synth_top/u_top/u_rsa/core_inst/result_mem/g643760/ZN               -       B1->ZN R     oai22d1        1   10.8   724   422   52588    (-,-) 
  u_crypto_synth_top/u_top/u_rsa/core_inst/result_mem/g641651/ZN               -       A1->ZN F     aoi22d1        1   10.8   393   181   52770    (-,-) 
  u_crypto_synth_top/u_top/u_rsa/core_inst/result_mem/g640532/ZN               -       B2->ZN R     aoi21d1        1    9.5   538   387   53157    (-,-) 
  u_crypto_synth_top/u_top/u_rsa/core_inst/result_mem/g639407/ZN               -       A3->ZN F     nr04d1         1   10.0   210   156   53313    (-,-) 
  u_crypto_synth_top/u_top/u_rsa/core_inst/result_mem/g639346/ZN               -       A1->ZN R     nd02d1         1    8.7   202   144   53457    (-,-) 
  u_crypto_synth_top/u_top/u_rsa/core_inst/result_mem/tmp_read_data1_reg[14]/D -       -      R     dfnrq1         1      -     -     0   53457    (-,-) 
#--------------------------------------------------------------------------------------------------------------------------------------------------------



Path 12: MET (1584 ps) Setup Check with Pin u_crypto_synth_top/u_top/u_rsa/core_inst/result_mem/tmp_read_data1_reg[15]/CP->D
          Group: R2R
     Startpoint: (R) u_crypto_synth_top/u_top/u_rsa/core_inst/result_mem/ptr_reg_reg[3]/CP
          Clock: (R) MAIN_CLK
       Endpoint: (R) u_crypto_synth_top/u_top/u_rsa/core_inst/result_mem/tmp_read_data1_reg[15]/D
          Clock: (R) MAIN_CLK

                     Capture       Launch     
        Clock Edge:+   58000            0     
       Src Latency:+     150          250     
       Net Latency:+       0 (I)        0 (I) 
           Arrival:=   58150          250     
                                              
             Setup:-     160                  
       Uncertainty:-    1450                  
       Path Adjust:+   -1500                  
     Required Time:=   55040                  
      Launch Clock:-     250                  
         Data Path:-   53206                  
             Slack:=    1584                  

Exceptions/Constraints:
  path_adjust            -1500            PA_C2C 

#--------------------------------------------------------------------------------------------------------------------------------------------------------
#                                Timing Point                                  Flags    Arc   Edge   Cell     Fanout  Load  Trans Delay Arrival Instance 
#                                                                                                                     (fF)   (ps)  (ps)   (ps)  Location 
#--------------------------------------------------------------------------------------------------------------------------------------------------------
  u_crypto_synth_top/u_top/u_rsa/core_inst/result_mem/ptr_reg_reg[3]/CP        -       -      R     (arrival)  19892      -     0     0     250    (-,-) 
  u_crypto_synth_top/u_top/u_rsa/core_inst/result_mem/ptr_reg_reg[3]/Q         -       CP->Q  F     dfcrq2        16  401.2  1192  1082    1332    (-,-) 
  u_crypto_synth_top/u_top/u_rsa/core_inst/result_mem/g669386/ZN               -       I->ZN  R     invbdf        92 4128.8  2113  1324    2656    (-,-) 
  u_crypto_synth_top/u_top/u_rsa/core_inst/result_mem/g669146/ZN               -       I->ZN  F     invbdf       100 4346.8  2328 21333   23989    (-,-) 
  u_crypto_synth_top/u_top/u_rsa/core_inst/result_mem/g669145/ZN               -       I->ZN  R     inv0d4        24  634.8  1945 24643   48632    (-,-) 
  u_crypto_synth_top/u_top/u_rsa/core_inst/result_mem/g669125/ZN               -       I->ZN  F     invbd2        22  517.9  1867  1719   50350    (-,-) 
  u_crypto_synth_top/u_top/u_rsa/core_inst/result_mem/g669122/ZN               -       I->ZN  R     inv0d2        16  281.2  1714  1513   51864    (-,-) 
  u_crypto_synth_top/u_top/u_rsa/core_inst/result_mem/g648451/ZN               -       A1->ZN F     aoi22d1        1   10.8   566   303   52166    (-,-) 
  u_crypto_synth_top/u_top/u_rsa/core_inst/result_mem/g643819/ZN               -       B1->ZN R     oai22d1        1   10.8   724   422   52588    (-,-) 
  u_crypto_synth_top/u_top/u_rsa/core_inst/result_mem/g641677/ZN               -       A1->ZN F     aoi22d1        1   10.8   393   181   52770    (-,-) 
  u_crypto_synth_top/u_top/u_rsa/core_inst/result_mem/g640647/ZN               -       B2->ZN R     aoi21d1        1    9.5   525   387   53157    (-,-) 
  u_crypto_synth_top/u_top/u_rsa/core_inst/result_mem/g639398/ZN               -       A3->ZN F     nr04d1         1   10.0   210   155   53311    (-,-) 
  u_crypto_synth_top/u_top/u_rsa/core_inst/result_mem/g639347/ZN               -       A1->ZN R     nd02d1         1    8.7   204   144   53455    (-,-) 
  u_crypto_synth_top/u_top/u_rsa/core_inst/result_mem/tmp_read_data1_reg[15]/D -       -      R     dfnrq1         1      -     -     0   53456    (-,-) 
#--------------------------------------------------------------------------------------------------------------------------------------------------------



Path 13: MET (1586 ps) Setup Check with Pin u_crypto_synth_top/u_top/u_rsa/core_inst/result_mem/tmp_read_data1_reg[6]/CP->D
          Group: R2R
     Startpoint: (R) u_crypto_synth_top/u_top/u_rsa/core_inst/result_mem/ptr_reg_reg[3]/CP
          Clock: (R) MAIN_CLK
       Endpoint: (R) u_crypto_synth_top/u_top/u_rsa/core_inst/result_mem/tmp_read_data1_reg[6]/D
          Clock: (R) MAIN_CLK

                     Capture       Launch     
        Clock Edge:+   58000            0     
       Src Latency:+     150          250     
       Net Latency:+       0 (I)        0 (I) 
           Arrival:=   58150          250     
                                              
             Setup:-     160                  
       Uncertainty:-    1450                  
       Path Adjust:+   -1500                  
     Required Time:=   55040                  
      Launch Clock:-     250                  
         Data Path:-   53204                  
             Slack:=    1586                  

Exceptions/Constraints:
  path_adjust            -1500            PA_C2C 

#-------------------------------------------------------------------------------------------------------------------------------------------------------
#                                Timing Point                                 Flags    Arc   Edge   Cell     Fanout  Load  Trans Delay Arrival Instance 
#                                                                                                                    (fF)   (ps)  (ps)   (ps)  Location 
#-------------------------------------------------------------------------------------------------------------------------------------------------------
  u_crypto_synth_top/u_top/u_rsa/core_inst/result_mem/ptr_reg_reg[3]/CP       -       -      R     (arrival)  19892      -     0     0     250    (-,-) 
  u_crypto_synth_top/u_top/u_rsa/core_inst/result_mem/ptr_reg_reg[3]/Q        -       CP->Q  F     dfcrq2        16  401.2  1192  1082    1332    (-,-) 
  u_crypto_synth_top/u_top/u_rsa/core_inst/result_mem/g669386/ZN              -       I->ZN  R     invbdf        92 4128.8  2113  1324    2656    (-,-) 
  u_crypto_synth_top/u_top/u_rsa/core_inst/result_mem/g669146/ZN              -       I->ZN  F     invbdf       100 4346.8  2328 21333   23989    (-,-) 
  u_crypto_synth_top/u_top/u_rsa/core_inst/result_mem/g669145/ZN              -       I->ZN  R     inv0d4        24  634.8  1945 24643   48632    (-,-) 
  u_crypto_synth_top/u_top/u_rsa/core_inst/result_mem/g669125/ZN              -       I->ZN  F     invbd2        22  517.9  1867  1719   50350    (-,-) 
  u_crypto_synth_top/u_top/u_rsa/core_inst/result_mem/g669122/ZN              -       I->ZN  R     inv0d2        16  281.2  1714  1513   51864    (-,-) 
  u_crypto_synth_top/u_top/u_rsa/core_inst/result_mem/g647273/ZN              -       A1->ZN F     aoi22d1        1   10.8   566   303   52166    (-,-) 
  u_crypto_synth_top/u_top/u_rsa/core_inst/result_mem/g643318/ZN              -       B1->ZN R     oai22d1        1   11.0   702   425   52591    (-,-) 
  u_crypto_synth_top/u_top/u_rsa/core_inst/result_mem/g641469/ZN              -       B1->ZN F     aoi22d1        1   10.9   366   233   52824    (-,-) 
  u_crypto_synth_top/u_top/u_rsa/core_inst/result_mem/g639480/ZN              -       C2->ZN R     aon211d1       1   10.4   466   353   53177    (-,-) 
  u_crypto_synth_top/u_top/u_rsa/core_inst/result_mem/g639392/ZN              -       A4->ZN F     nr04d1         1   10.0   210   133   53310    (-,-) 
  u_crypto_synth_top/u_top/u_rsa/core_inst/result_mem/g639339/ZN              -       A1->ZN R     nd02d1         1    8.7   204   144   53454    (-,-) 
  u_crypto_synth_top/u_top/u_rsa/core_inst/result_mem/tmp_read_data1_reg[6]/D -       -      R     dfnrq1         1      -     -     0   53454    (-,-) 
#-------------------------------------------------------------------------------------------------------------------------------------------------------



Path 14: MET (1589 ps) Setup Check with Pin u_crypto_synth_top/u_top/u_rsa/core_inst/result_mem/tmp_read_data1_reg[28]/CP->D
          Group: R2R
     Startpoint: (R) u_crypto_synth_top/u_top/u_rsa/core_inst/result_mem/ptr_reg_reg[3]/CP
          Clock: (R) MAIN_CLK
       Endpoint: (R) u_crypto_synth_top/u_top/u_rsa/core_inst/result_mem/tmp_read_data1_reg[28]/D
          Clock: (R) MAIN_CLK

                     Capture       Launch     
        Clock Edge:+   58000            0     
       Src Latency:+     150          250     
       Net Latency:+       0 (I)        0 (I) 
           Arrival:=   58150          250     
                                              
             Setup:-     160                  
       Uncertainty:-    1450                  
       Path Adjust:+   -1500                  
     Required Time:=   55040                  
      Launch Clock:-     250                  
         Data Path:-   53201                  
             Slack:=    1589                  

Exceptions/Constraints:
  path_adjust            -1500            PA_C2C 

#--------------------------------------------------------------------------------------------------------------------------------------------------------
#                                Timing Point                                  Flags    Arc   Edge   Cell     Fanout  Load  Trans Delay Arrival Instance 
#                                                                                                                     (fF)   (ps)  (ps)   (ps)  Location 
#--------------------------------------------------------------------------------------------------------------------------------------------------------
  u_crypto_synth_top/u_top/u_rsa/core_inst/result_mem/ptr_reg_reg[3]/CP        -       -      R     (arrival)  19892      -     0     0     250    (-,-) 
  u_crypto_synth_top/u_top/u_rsa/core_inst/result_mem/ptr_reg_reg[3]/Q         -       CP->Q  F     dfcrq2        16  401.2  1192  1082    1332    (-,-) 
  u_crypto_synth_top/u_top/u_rsa/core_inst/result_mem/g669386/ZN               -       I->ZN  R     invbdf        92 4128.8  2113  1324    2656    (-,-) 
  u_crypto_synth_top/u_top/u_rsa/core_inst/result_mem/g669146/ZN               -       I->ZN  F     invbdf       100 4346.8  2328 21333   23989    (-,-) 
  u_crypto_synth_top/u_top/u_rsa/core_inst/result_mem/g669145/ZN               -       I->ZN  R     inv0d4        24  634.8  1945 24643   48632    (-,-) 
  u_crypto_synth_top/u_top/u_rsa/core_inst/result_mem/g669125/ZN               -       I->ZN  F     invbd2        22  517.9  1867  1719   50350    (-,-) 
  u_crypto_synth_top/u_top/u_rsa/core_inst/result_mem/g669122/ZN               -       I->ZN  R     inv0d2        16  281.2  1714  1513   51864    (-,-) 
  u_crypto_synth_top/u_top/u_rsa/core_inst/result_mem/g648515/ZN               -       A1->ZN F     aoi22d1        1   10.8   546   303   52166    (-,-) 
  u_crypto_synth_top/u_top/u_rsa/core_inst/result_mem/g644531/ZN               -       B1->ZN R     oai22d1        1   10.8   724   418   52584    (-,-) 
  u_crypto_synth_top/u_top/u_rsa/core_inst/result_mem/g641964/ZN               -       A1->ZN F     aoi22d1        1   10.8   393   181   52765    (-,-) 
  u_crypto_synth_top/u_top/u_rsa/core_inst/result_mem/g640709/ZN               -       B2->ZN R     aoi21d1        1    9.5   525   387   53152    (-,-) 
  u_crypto_synth_top/u_top/u_rsa/core_inst/result_mem/g639387/ZN               -       A3->ZN F     nr04d1         1   10.0   210   155   53307    (-,-) 
  u_crypto_synth_top/u_top/u_rsa/core_inst/result_mem/g639355/ZN               -       A1->ZN R     nd02d1         1    8.7   204   144   53451    (-,-) 
  u_crypto_synth_top/u_top/u_rsa/core_inst/result_mem/tmp_read_data1_reg[28]/D -       -      R     dfnrq1         1      -     -     0   53451    (-,-) 
#--------------------------------------------------------------------------------------------------------------------------------------------------------



Path 15: MET (1592 ps) Setup Check with Pin u_crypto_synth_top/u_top/u_rsa/core_inst/result_mem/tmp_read_data1_reg[13]/CP->D
          Group: R2R
     Startpoint: (R) u_crypto_synth_top/u_top/u_rsa/core_inst/result_mem/ptr_reg_reg[3]/CP
          Clock: (R) MAIN_CLK
       Endpoint: (R) u_crypto_synth_top/u_top/u_rsa/core_inst/result_mem/tmp_read_data1_reg[13]/D
          Clock: (R) MAIN_CLK

                     Capture       Launch     
        Clock Edge:+   58000            0     
       Src Latency:+     150          250     
       Net Latency:+       0 (I)        0 (I) 
           Arrival:=   58150          250     
                                              
             Setup:-     160                  
       Uncertainty:-    1450                  
       Path Adjust:+   -1500                  
     Required Time:=   55040                  
      Launch Clock:-     250                  
         Data Path:-   53198                  
             Slack:=    1592                  

Exceptions/Constraints:
  path_adjust            -1500            PA_C2C 

#--------------------------------------------------------------------------------------------------------------------------------------------------------
#                                Timing Point                                  Flags    Arc   Edge   Cell     Fanout  Load  Trans Delay Arrival Instance 
#                                                                                                                     (fF)   (ps)  (ps)   (ps)  Location 
#--------------------------------------------------------------------------------------------------------------------------------------------------------
  u_crypto_synth_top/u_top/u_rsa/core_inst/result_mem/ptr_reg_reg[3]/CP        -       -      R     (arrival)  19892      -     0     0     250    (-,-) 
  u_crypto_synth_top/u_top/u_rsa/core_inst/result_mem/ptr_reg_reg[3]/Q         -       CP->Q  F     dfcrq2        16  401.2  1192  1082    1332    (-,-) 
  u_crypto_synth_top/u_top/u_rsa/core_inst/result_mem/g669386/ZN               -       I->ZN  R     invbdf        92 4128.8  2113  1324    2656    (-,-) 
  u_crypto_synth_top/u_top/u_rsa/core_inst/result_mem/g669146/ZN               -       I->ZN  F     invbdf       100 4346.8  2328 21333   23989    (-,-) 
  u_crypto_synth_top/u_top/u_rsa/core_inst/result_mem/g669145/ZN               -       I->ZN  R     inv0d4        24  634.8  1945 24643   48632    (-,-) 
  u_crypto_synth_top/u_top/u_rsa/core_inst/result_mem/g669125/ZN               -       I->ZN  F     invbd2        22  517.9  1867  1719   50350    (-,-) 
  u_crypto_synth_top/u_top/u_rsa/core_inst/result_mem/g669122/ZN               -       I->ZN  R     inv0d2        16  281.2  1714  1513   51864    (-,-) 
  u_crypto_synth_top/u_top/u_rsa/core_inst/result_mem/g648187/ZN               -       A1->ZN F     aoi22d1        1   10.8   497   303   52166    (-,-) 
  u_crypto_synth_top/u_top/u_rsa/core_inst/result_mem/g643702/ZN               -       B1->ZN R     oai22d1        1   10.8   819   407   52573    (-,-) 
  u_crypto_synth_top/u_top/u_rsa/core_inst/result_mem/g641631/ZN               -       A1->ZN F     aoi22d1        1   10.8   393   189   52762    (-,-) 
  u_crypto_synth_top/u_top/u_rsa/core_inst/result_mem/g640632/ZN               -       B2->ZN R     aoi21d1        1    9.5   525   387   53149    (-,-) 
  u_crypto_synth_top/u_top/u_rsa/core_inst/result_mem/g639385/ZN               -       A3->ZN F     nr04d1         1   10.0   210   155   53304    (-,-) 
  u_crypto_synth_top/u_top/u_rsa/core_inst/result_mem/g639345/ZN               -       A1->ZN R     nd02d1         1    8.7   204   144   53448    (-,-) 
  u_crypto_synth_top/u_top/u_rsa/core_inst/result_mem/tmp_read_data1_reg[13]/D -       -      R     dfnrq1         1      -     -     0   53448    (-,-) 
#--------------------------------------------------------------------------------------------------------------------------------------------------------



Path 16: MET (1592 ps) Setup Check with Pin u_crypto_synth_top/u_top/u_rsa/core_inst/result_mem/tmp_read_data1_reg[12]/CP->D
          Group: R2R
     Startpoint: (R) u_crypto_synth_top/u_top/u_rsa/core_inst/result_mem/ptr_reg_reg[3]/CP
          Clock: (R) MAIN_CLK
       Endpoint: (R) u_crypto_synth_top/u_top/u_rsa/core_inst/result_mem/tmp_read_data1_reg[12]/D
          Clock: (R) MAIN_CLK

                     Capture       Launch     
        Clock Edge:+   58000            0     
       Src Latency:+     150          250     
       Net Latency:+       0 (I)        0 (I) 
           Arrival:=   58150          250     
                                              
             Setup:-     160                  
       Uncertainty:-    1450                  
       Path Adjust:+   -1500                  
     Required Time:=   55040                  
      Launch Clock:-     250                  
         Data Path:-   53198                  
             Slack:=    1592                  

Exceptions/Constraints:
  path_adjust            -1500            PA_C2C 

#--------------------------------------------------------------------------------------------------------------------------------------------------------
#                                Timing Point                                  Flags    Arc   Edge   Cell     Fanout  Load  Trans Delay Arrival Instance 
#                                                                                                                     (fF)   (ps)  (ps)   (ps)  Location 
#--------------------------------------------------------------------------------------------------------------------------------------------------------
  u_crypto_synth_top/u_top/u_rsa/core_inst/result_mem/ptr_reg_reg[3]/CP        -       -      R     (arrival)  19892      -     0     0     250    (-,-) 
  u_crypto_synth_top/u_top/u_rsa/core_inst/result_mem/ptr_reg_reg[3]/Q         -       CP->Q  F     dfcrq2        16  401.2  1192  1082    1332    (-,-) 
  u_crypto_synth_top/u_top/u_rsa/core_inst/result_mem/g669386/ZN               -       I->ZN  R     invbdf        92 4128.8  2113  1324    2656    (-,-) 
  u_crypto_synth_top/u_top/u_rsa/core_inst/result_mem/g669146/ZN               -       I->ZN  F     invbdf       100 4346.8  2328 21333   23989    (-,-) 
  u_crypto_synth_top/u_top/u_rsa/core_inst/result_mem/g669145/ZN               -       I->ZN  R     inv0d4        24  634.8  1945 24643   48632    (-,-) 
  u_crypto_synth_top/u_top/u_rsa/core_inst/result_mem/g669125/ZN               -       I->ZN  F     invbd2        22  517.9  1867  1719   50350    (-,-) 
  u_crypto_synth_top/u_top/u_rsa/core_inst/result_mem/g669122/ZN               -       I->ZN  R     inv0d2        16  281.2  1714  1513   51864    (-,-) 
  u_crypto_synth_top/u_top/u_rsa/core_inst/result_mem/g648063/ZN               -       A1->ZN F     aoi22d1        1   10.8   497   303   52166    (-,-) 
  u_crypto_synth_top/u_top/u_rsa/core_inst/result_mem/g643646/ZN               -       B1->ZN R     oai22d1        1   10.8   819   407   52573    (-,-) 
  u_crypto_synth_top/u_top/u_rsa/core_inst/result_mem/g641612/ZN               -       A1->ZN F     aoi22d1        1   10.8   393   189   52762    (-,-) 
  u_crypto_synth_top/u_top/u_rsa/core_inst/result_mem/g640625/ZN               -       B2->ZN R     aoi21d1        1    9.5   525   387   53149    (-,-) 
  u_crypto_synth_top/u_top/u_rsa/core_inst/result_mem/g639397/ZN               -       A3->ZN F     nr04d1         1   10.0   210   155   53304    (-,-) 
  u_crypto_synth_top/u_top/u_rsa/core_inst/result_mem/g639344/ZN               -       A1->ZN R     nd02d1         1    8.7   204   144   53448    (-,-) 
  u_crypto_synth_top/u_top/u_rsa/core_inst/result_mem/tmp_read_data1_reg[12]/D -       -      R     dfnrq1         1      -     -     0   53448    (-,-) 
#--------------------------------------------------------------------------------------------------------------------------------------------------------



Path 17: MET (1626 ps) Setup Check with Pin u_crypto_synth_top/u_top/u_rsa/core_inst/result_mem/tmp_read_data1_reg[10]/CP->D
          Group: R2R
     Startpoint: (R) u_crypto_synth_top/u_top/u_rsa/core_inst/result_mem/ptr_reg_reg[3]/CP
          Clock: (R) MAIN_CLK
       Endpoint: (R) u_crypto_synth_top/u_top/u_rsa/core_inst/result_mem/tmp_read_data1_reg[10]/D
          Clock: (R) MAIN_CLK

                     Capture       Launch     
        Clock Edge:+   58000            0     
       Src Latency:+     150          250     
       Net Latency:+       0 (I)        0 (I) 
           Arrival:=   58150          250     
                                              
             Setup:-     160                  
       Uncertainty:-    1450                  
       Path Adjust:+   -1500                  
     Required Time:=   55040                  
      Launch Clock:-     250                  
         Data Path:-   53164                  
             Slack:=    1626                  

Exceptions/Constraints:
  path_adjust            -1500            PA_C2C 

#--------------------------------------------------------------------------------------------------------------------------------------------------------
#                                Timing Point                                  Flags    Arc   Edge   Cell     Fanout  Load  Trans Delay Arrival Instance 
#                                                                                                                     (fF)   (ps)  (ps)   (ps)  Location 
#--------------------------------------------------------------------------------------------------------------------------------------------------------
  u_crypto_synth_top/u_top/u_rsa/core_inst/result_mem/ptr_reg_reg[3]/CP        -       -      R     (arrival)  19892      -     0     0     250    (-,-) 
  u_crypto_synth_top/u_top/u_rsa/core_inst/result_mem/ptr_reg_reg[3]/Q         -       CP->Q  F     dfcrq2        16  401.2  1192  1082    1332    (-,-) 
  u_crypto_synth_top/u_top/u_rsa/core_inst/result_mem/g669386/ZN               -       I->ZN  R     invbdf        92 4128.8  2113  1324    2656    (-,-) 
  u_crypto_synth_top/u_top/u_rsa/core_inst/result_mem/g669146/ZN               -       I->ZN  F     invbdf       100 4346.8  2328 21333   23989    (-,-) 
  u_crypto_synth_top/u_top/u_rsa/core_inst/result_mem/g669145/ZN               -       I->ZN  R     inv0d4        24  634.8  1945 24643   48632    (-,-) 
  u_crypto_synth_top/u_top/u_rsa/core_inst/result_mem/g669125/ZN               -       I->ZN  F     invbd2        22  517.9  1867  1719   50350    (-,-) 
  u_crypto_synth_top/u_top/u_rsa/core_inst/result_mem/g669124/ZN               -       I->ZN  R     inv0d1         8  133.9  1734  1531   51881    (-,-) 
  u_crypto_synth_top/u_top/u_rsa/core_inst/result_mem/g647789/ZN               -       A1->ZN F     aoi22d1        1    9.7   467   227   52108    (-,-) 
  u_crypto_synth_top/u_top/u_rsa/core_inst/result_mem/g643524/ZN               -       A1->ZN R     oai22d1        1   11.0   845   326   52434    (-,-) 
  u_crypto_synth_top/u_top/u_rsa/core_inst/result_mem/g641550/ZN               -       B1->ZN F     aoi22d1        1   10.8   484   250   52684    (-,-) 
  u_crypto_synth_top/u_top/u_rsa/core_inst/result_mem/g640610/ZN               -       B2->ZN R     aoi21d1        1   11.0   577   423   53107    (-,-) 
  u_crypto_synth_top/u_top/u_rsa/core_inst/result_mem/g639395/ZN               -       A1->ZN F     nr04d1         1   10.0   210   163   53270    (-,-) 
  u_crypto_synth_top/u_top/u_rsa/core_inst/result_mem/g639342/ZN               -       A1->ZN R     nd02d1         1    8.7   202   144   53414    (-,-) 
  u_crypto_synth_top/u_top/u_rsa/core_inst/result_mem/tmp_read_data1_reg[10]/D -       -      R     dfnrq1         1      -     -     0   53414    (-,-) 
#--------------------------------------------------------------------------------------------------------------------------------------------------------



Path 18: MET (1632 ps) Setup Check with Pin u_crypto_synth_top/u_top/u_rsa/core_inst/result_mem/tmp_read_data1_reg[29]/CP->D
          Group: R2R
     Startpoint: (R) u_crypto_synth_top/u_top/u_rsa/core_inst/result_mem/ptr_reg_reg[3]/CP
          Clock: (R) MAIN_CLK
       Endpoint: (R) u_crypto_synth_top/u_top/u_rsa/core_inst/result_mem/tmp_read_data1_reg[29]/D
          Clock: (R) MAIN_CLK

                     Capture       Launch     
        Clock Edge:+   58000            0     
       Src Latency:+     150          250     
       Net Latency:+       0 (I)        0 (I) 
           Arrival:=   58150          250     
                                              
             Setup:-     160                  
       Uncertainty:-    1450                  
       Path Adjust:+   -1500                  
     Required Time:=   55040                  
      Launch Clock:-     250                  
         Data Path:-   53158                  
             Slack:=    1632                  

Exceptions/Constraints:
  path_adjust            -1500            PA_C2C 

#--------------------------------------------------------------------------------------------------------------------------------------------------------
#                                Timing Point                                  Flags    Arc   Edge   Cell     Fanout  Load  Trans Delay Arrival Instance 
#                                                                                                                     (fF)   (ps)  (ps)   (ps)  Location 
#--------------------------------------------------------------------------------------------------------------------------------------------------------
  u_crypto_synth_top/u_top/u_rsa/core_inst/result_mem/ptr_reg_reg[3]/CP        -       -      R     (arrival)  19892      -     0     0     250    (-,-) 
  u_crypto_synth_top/u_top/u_rsa/core_inst/result_mem/ptr_reg_reg[3]/Q         -       CP->Q  F     dfcrq2        16  401.2  1192  1082    1332    (-,-) 
  u_crypto_synth_top/u_top/u_rsa/core_inst/result_mem/g669386/ZN               -       I->ZN  R     invbdf        92 4128.8  2113  1324    2656    (-,-) 
  u_crypto_synth_top/u_top/u_rsa/core_inst/result_mem/g669146/ZN               -       I->ZN  F     invbdf       100 4346.8  2328 21333   23989    (-,-) 
  u_crypto_synth_top/u_top/u_rsa/core_inst/result_mem/g669145/ZN               -       I->ZN  R     inv0d4        24  634.8  1945 24643   48632    (-,-) 
  u_crypto_synth_top/u_top/u_rsa/core_inst/result_mem/g669125/ZN               -       I->ZN  F     invbd2        22  517.9  1867  1719   50350    (-,-) 
  u_crypto_synth_top/u_top/u_rsa/core_inst/result_mem/g669124/ZN               -       I->ZN  R     inv0d1         8  133.9  1734  1531   51881    (-,-) 
  u_crypto_synth_top/u_top/u_rsa/core_inst/result_mem/g648385/ZN               -       A1->ZN F     aoi22d1        1    9.7   452   227   52108    (-,-) 
  u_crypto_synth_top/u_top/u_rsa/core_inst/result_mem/g643940/ZN               -       A1->ZN R     oai22d1        1   11.0   845   322   52431    (-,-) 
  u_crypto_synth_top/u_top/u_rsa/core_inst/result_mem/g641793/ZN               -       B1->ZN F     aoi22d1        1   10.8   460   250   52681    (-,-) 
  u_crypto_synth_top/u_top/u_rsa/core_inst/result_mem/g640716/ZN               -       B2->ZN R     aoi21d1        1   11.0   577   420   53100    (-,-) 
  u_crypto_synth_top/u_top/u_rsa/core_inst/result_mem/g639381/ZN               -       A1->ZN F     nr04d1         1   10.0   210   163   53263    (-,-) 
  u_crypto_synth_top/u_top/u_rsa/core_inst/result_mem/g639334/ZN               -       A1->ZN R     nd02d1         1    8.7   202   144   53407    (-,-) 
  u_crypto_synth_top/u_top/u_rsa/core_inst/result_mem/tmp_read_data1_reg[29]/D -       -      R     dfnrq1         1      -     -     0   53408    (-,-) 
#--------------------------------------------------------------------------------------------------------------------------------------------------------



Path 19: MET (1687 ps) Setup Check with Pin u_crypto_synth_top/u_top/u_rsa/core_inst/result_mem/tmp_read_data1_reg[26]/CP->D
          Group: R2R
     Startpoint: (R) u_crypto_synth_top/u_top/u_rsa/core_inst/result_mem/ptr_reg_reg[3]/CP
          Clock: (R) MAIN_CLK
       Endpoint: (R) u_crypto_synth_top/u_top/u_rsa/core_inst/result_mem/tmp_read_data1_reg[26]/D
          Clock: (R) MAIN_CLK

                     Capture       Launch     
        Clock Edge:+   58000            0     
       Src Latency:+     150          250     
       Net Latency:+       0 (I)        0 (I) 
           Arrival:=   58150          250     
                                              
             Setup:-     160                  
       Uncertainty:-    1450                  
       Path Adjust:+   -1500                  
     Required Time:=   55040                  
      Launch Clock:-     250                  
         Data Path:-   53103                  
             Slack:=    1687                  

Exceptions/Constraints:
  path_adjust            -1500            PA_C2C 

#--------------------------------------------------------------------------------------------------------------------------------------------------------
#                                Timing Point                                  Flags    Arc   Edge   Cell     Fanout  Load  Trans Delay Arrival Instance 
#                                                                                                                     (fF)   (ps)  (ps)   (ps)  Location 
#--------------------------------------------------------------------------------------------------------------------------------------------------------
  u_crypto_synth_top/u_top/u_rsa/core_inst/result_mem/ptr_reg_reg[3]/CP        -       -      R     (arrival)  19892      -     0     0     250    (-,-) 
  u_crypto_synth_top/u_top/u_rsa/core_inst/result_mem/ptr_reg_reg[3]/Q         -       CP->Q  R     dfcrq2        16  427.8  2373  1496    1746    (-,-) 
  u_crypto_synth_top/u_top/u_rsa/core_inst/result_mem/g669386/ZN               -       I->ZN  F     invbdf        92 4108.0  2228  1643    3389    (-,-) 
  u_crypto_synth_top/u_top/u_rsa/core_inst/result_mem/g669146/ZN               -       I->ZN  R     invbdf       100 4432.5  2292 21325   24714    (-,-) 
  u_crypto_synth_top/u_top/u_rsa/core_inst/result_mem/g669018/ZN               -       I->ZN  F     invbd2        23  586.9  2100 24689   49403    (-,-) 
  u_crypto_synth_top/u_top/u_rsa/core_inst/result_mem/g669015/ZN               -       I->ZN  R     inv0d2        16  284.4  1753  1650   51053    (-,-) 
  u_crypto_synth_top/u_top/u_rsa/core_inst/result_mem/g649655/ZN               -       B1->ZN F     aoi22d1        1   10.7   483   394   51447    (-,-) 
  u_crypto_synth_top/u_top/u_rsa/core_inst/result_mem/g644445/Z                -       I0->Z  F     mx02d1         1   10.8   141   352   51799    (-,-) 
  u_crypto_synth_top/u_top/u_rsa/core_inst/result_mem/g641133/ZN               -       B1->ZN R     oai22d1        1   10.7   741   332   52132    (-,-) 
  u_crypto_synth_top/u_top/u_rsa/core_inst/result_mem/g640491/ZN               -       A->ZN  F     aoi221d1       1    9.7   504   138   52269    (-,-) 
  u_crypto_synth_top/u_top/u_rsa/core_inst/result_mem/g639920/ZN               -       A1->ZN R     oai22d1        1   10.5   828   328   52597    (-,-) 
  u_crypto_synth_top/u_top/u_rsa/core_inst/result_mem/g639667/ZN               -       A->ZN  F     aoi211d1       1    9.9   390   143   52740    (-,-) 
  u_crypto_synth_top/u_top/u_rsa/core_inst/result_mem/g639460/ZN               -       A1->ZN R     oai222d1       1   10.4   890   296   53037    (-,-) 
  u_crypto_synth_top/u_top/u_rsa/core_inst/result_mem/g639408/ZN               -       A4->ZN F     nr04d1         1   10.0   254   162   53198    (-,-) 
  u_crypto_synth_top/u_top/u_rsa/core_inst/result_mem/g639353/ZN               -       A1->ZN R     nd02d1         1    8.7   204   154   53352    (-,-) 
  u_crypto_synth_top/u_top/u_rsa/core_inst/result_mem/tmp_read_data1_reg[26]/D -       -      R     dfnrq1         1      -     -     0   53353    (-,-) 
#--------------------------------------------------------------------------------------------------------------------------------------------------------



Path 20: MET (1695 ps) Setup Check with Pin u_crypto_synth_top/u_top/u_rsa/core_inst/result_mem/tmp_read_data1_reg[11]/CP->D
          Group: R2R
     Startpoint: (R) u_crypto_synth_top/u_top/u_rsa/core_inst/result_mem/ptr_reg_reg[3]/CP
          Clock: (R) MAIN_CLK
       Endpoint: (F) u_crypto_synth_top/u_top/u_rsa/core_inst/result_mem/tmp_read_data1_reg[11]/D
          Clock: (R) MAIN_CLK

                     Capture       Launch     
        Clock Edge:+   58000            0     
       Src Latency:+     150          250     
       Net Latency:+       0 (I)        0 (I) 
           Arrival:=   58150          250     
                                              
             Setup:-     260                  
       Uncertainty:-    1450                  
       Path Adjust:+   -1500                  
     Required Time:=   54940                  
      Launch Clock:-     250                  
         Data Path:-   52995                  
             Slack:=    1695                  

Exceptions/Constraints:
  path_adjust            -1500            PA_C2C 

#--------------------------------------------------------------------------------------------------------------------------------------------------------
#                                Timing Point                                  Flags    Arc   Edge   Cell     Fanout  Load  Trans Delay Arrival Instance 
#                                                                                                                     (fF)   (ps)  (ps)   (ps)  Location 
#--------------------------------------------------------------------------------------------------------------------------------------------------------
  u_crypto_synth_top/u_top/u_rsa/core_inst/result_mem/ptr_reg_reg[3]/CP        -       -      R     (arrival)  19892      -     0     0     250    (-,-) 
  u_crypto_synth_top/u_top/u_rsa/core_inst/result_mem/ptr_reg_reg[3]/Q         -       CP->Q  F     dfcrq2        16  401.2  1192  1082    1332    (-,-) 
  u_crypto_synth_top/u_top/u_rsa/core_inst/result_mem/g669386/ZN               -       I->ZN  R     invbdf        92 4128.8  2113  1324    2656    (-,-) 
  u_crypto_synth_top/u_top/u_rsa/core_inst/result_mem/g669146/ZN               -       I->ZN  F     invbdf       100 4346.8  2328 21333   23989    (-,-) 
  u_crypto_synth_top/u_top/u_rsa/core_inst/result_mem/g669042/ZN               -       I->ZN  R     inv0d4        31  974.6  2894 25072   49061    (-,-) 
  u_crypto_synth_top/u_top/u_rsa/core_inst/result_mem/g669040/ZN               -       I->ZN  F     inv0d1         6   78.0   962  1746   50807    (-,-) 
  u_crypto_synth_top/u_top/u_rsa/core_inst/result_mem/g648006/ZN               -       B1->ZN R     aoi22d1        1   10.7   404   367   51174    (-,-) 
  u_crypto_synth_top/u_top/u_rsa/core_inst/result_mem/g643620/ZN               -       B1->ZN F     oai22d1        1   10.0   550   165   51338    (-,-) 
  u_crypto_synth_top/u_top/u_rsa/core_inst/result_mem/g642457/ZN               -       A1->ZN R     nd02d1         1   10.8   473   232   51571    (-,-) 
  u_crypto_synth_top/u_top/u_rsa/core_inst/result_mem/g640255/ZN               -       B->ZN  F     oai211d1       1   10.4   491   220   51791    (-,-) 
  u_crypto_synth_top/u_top/u_rsa/core_inst/result_mem/g639669/ZN               -       C1->ZN R     aoi211d1       1   10.5   771   515   52307    (-,-) 
  u_crypto_synth_top/u_top/u_rsa/core_inst/result_mem/g639458/ZN               -       A1->ZN F     oai222d1       1   10.3   654   269   52576    (-,-) 
  u_crypto_synth_top/u_top/u_rsa/core_inst/result_mem/g639396/ZN               -       A4->ZN R     nr04d1         1   10.2   850   481   53057    (-,-) 
  u_crypto_synth_top/u_top/u_rsa/core_inst/result_mem/g639343/ZN               -       A1->ZN F     nd02d1         1    8.8   282   188   53245    (-,-) 
  u_crypto_synth_top/u_top/u_rsa/core_inst/result_mem/tmp_read_data1_reg[11]/D -       -      F     dfnrq1         1      -     -     0   53245    (-,-) 
#--------------------------------------------------------------------------------------------------------------------------------------------------------



Path 21: MET (1799 ps) Setup Check with Pin u_crypto_synth_top/u_top/u_rsa/core_inst/result_mem/tmp_read_data1_reg[30]/CP->D
          Group: R2R
     Startpoint: (R) u_crypto_synth_top/u_top/u_rsa/core_inst/result_mem/ptr_reg_reg[3]/CP
          Clock: (R) MAIN_CLK
       Endpoint: (R) u_crypto_synth_top/u_top/u_rsa/core_inst/result_mem/tmp_read_data1_reg[30]/D
          Clock: (R) MAIN_CLK

                     Capture       Launch     
        Clock Edge:+   58000            0     
       Src Latency:+     150          250     
       Net Latency:+       0 (I)        0 (I) 
           Arrival:=   58150          250     
                                              
             Setup:-     160                  
       Uncertainty:-    1450                  
       Path Adjust:+   -1500                  
     Required Time:=   55040                  
      Launch Clock:-     250                  
         Data Path:-   52991                  
             Slack:=    1799                  

Exceptions/Constraints:
  path_adjust            -1500            PA_C2C 

#--------------------------------------------------------------------------------------------------------------------------------------------------------
#                                Timing Point                                  Flags    Arc   Edge   Cell     Fanout  Load  Trans Delay Arrival Instance 
#                                                                                                                     (fF)   (ps)  (ps)   (ps)  Location 
#--------------------------------------------------------------------------------------------------------------------------------------------------------
  u_crypto_synth_top/u_top/u_rsa/core_inst/result_mem/ptr_reg_reg[3]/CP        -       -      R     (arrival)  19892      -     0     0     250    (-,-) 
  u_crypto_synth_top/u_top/u_rsa/core_inst/result_mem/ptr_reg_reg[3]/Q         -       CP->Q  R     dfcrq2        16  427.8  2373  1496    1746    (-,-) 
  u_crypto_synth_top/u_top/u_rsa/core_inst/result_mem/g669386/ZN               -       I->ZN  F     invbdf        92 4108.0  2228  1643    3389    (-,-) 
  u_crypto_synth_top/u_top/u_rsa/core_inst/result_mem/g669146/ZN               -       I->ZN  R     invbdf       100 4432.5  2292 21325   24714    (-,-) 
  u_crypto_synth_top/u_top/u_rsa/core_inst/result_mem/g669018/ZN               -       I->ZN  F     invbd2        23  586.9  2100 24689   49403    (-,-) 
  u_crypto_synth_top/u_top/u_rsa/core_inst/result_mem/g669017/ZN               -       I->ZN  R     inv0d2        17  305.9  1863  1707   51109    (-,-) 
  u_crypto_synth_top/u_top/u_rsa/core_inst/result_mem/g650025/ZN               -       B1->ZN F     aoi22d1        1    9.7   469   402   51512    (-,-) 
  u_crypto_synth_top/u_top/u_rsa/core_inst/result_mem/g644657/ZN               -       A1->ZN R     oai22d1        1   11.0   771   326   51838    (-,-) 
  u_crypto_synth_top/u_top/u_rsa/core_inst/result_mem/g641333/Z                -       A1->Z  F     aoim22d1       1   10.5   390   139   51977    (-,-) 
  u_crypto_synth_top/u_top/u_rsa/core_inst/result_mem/g640046/ZN               -       B1->ZN R     aoi21d1        1   10.8   627   362   52340    (-,-) 
  u_crypto_synth_top/u_top/u_rsa/core_inst/result_mem/g639607/ZN               -       B2->ZN R     aoim31d1       1   10.5   500   345   52685    (-,-) 
  u_crypto_synth_top/u_top/u_rsa/core_inst/result_mem/g639571/ZN               -       A->ZN  F     oan211d1       1   10.0   390   107   52792    (-,-) 
  u_crypto_synth_top/u_top/u_rsa/core_inst/result_mem/g639471/ZN               -       A->ZN  R     aon211d1       1   10.4   470   171   52964    (-,-) 
  u_crypto_synth_top/u_top/u_rsa/core_inst/result_mem/g639388/ZN               -       A4->ZN F     nr04d1         1   10.0   210   133   53097    (-,-) 
  u_crypto_synth_top/u_top/u_rsa/core_inst/result_mem/g639357/ZN               -       A1->ZN R     nd02d1         1    8.7   202   144   53241    (-,-) 
  u_crypto_synth_top/u_top/u_rsa/core_inst/result_mem/tmp_read_data1_reg[30]/D -       -      R     dfnrq1         1      -     -     0   53241    (-,-) 
#--------------------------------------------------------------------------------------------------------------------------------------------------------



Path 22: MET (1813 ps) Setup Check with Pin u_crypto_synth_top/u_top/u_rsa/core_inst/result_mem/tmp_read_data0_reg[6]/CP->D
          Group: R2R
     Startpoint: (R) u_crypto_synth_top/u_top/u_rsa/modulus_length_reg_reg[0]/CP
          Clock: (R) MAIN_CLK
       Endpoint: (F) u_crypto_synth_top/u_top/u_rsa/core_inst/result_mem/tmp_read_data0_reg[6]/D
          Clock: (R) MAIN_CLK

                     Capture       Launch     
        Clock Edge:+   58000            0     
       Src Latency:+     150          250     
       Net Latency:+       0 (I)        0 (I) 
           Arrival:=   58150          250     
                                              
             Setup:-     317                  
       Uncertainty:-    1450                  
       Path Adjust:+   -1500                  
     Required Time:=   54883                  
      Launch Clock:-     250                  
         Data Path:-   52820                  
             Slack:=    1813                  

Exceptions/Constraints:
  path_adjust            -1500            PA_C2C 

#-------------------------------------------------------------------------------------------------------------------------------------------------------
#                                Timing Point                                 Flags    Arc   Edge   Cell     Fanout  Load  Trans Delay Arrival Instance 
#                                                                                                                    (fF)   (ps)  (ps)   (ps)  Location 
#-------------------------------------------------------------------------------------------------------------------------------------------------------
  u_crypto_synth_top/u_top/u_rsa/modulus_length_reg_reg[0]/CP                 -       -      R     (arrival)  19892      -     0     0     250    (-,-) 
  u_crypto_synth_top/u_top/u_rsa/modulus_length_reg_reg[0]/Q                  -       CP->Q  F     sdcrq4        26  711.6  1395  1186    1436    (-,-) 
  u_crypto_synth_top/u_top/u_rsa/core_inst/montprod_inst/g4779/ZN             -       A2->ZN R     nr03d0         3   27.9  2586  2103    3539    (-,-) 
  u_crypto_synth_top/u_top/u_rsa/core_inst/montprod_inst/g4776/ZN             -       A1->ZN F     nd03d1         3   24.3   762   457    3996    (-,-) 
  u_crypto_synth_top/u_top/u_rsa/core_inst/montprod_inst/g4775/ZN             -       I->ZN  R     inv0d0         1    9.9   607   481    4477    (-,-) 
  u_crypto_synth_top/u_top/u_rsa/core_inst/montprod_inst/g4763/S              -       A->S   F     ah01d1         1    8.6   150   441    4918    (-,-) 
  u_crypto_synth_top/u_top/u_rsa/core_inst/montprod_inst/g4761/ZN             -       I->ZN  R     inv0d1         4   44.3   585   306    5225    (-,-) 
  u_crypto_synth_top/u_top/u_rsa/core_inst/montprod_inst/g4756/Z              -       I0->Z  R     mx02d2        12  330.1  2099  1163    6388    (-,-) 
  u_crypto_synth_top/u_top/u_rsa/core_inst/result_mem/g663228/ZN              -       I->ZN  F     invbdf        72 3334.1  1852  1358    7746    (-,-) 
  u_crypto_synth_top/u_top/u_rsa/core_inst/result_mem/g662433/ZN              -       I->ZN  R     invbdk       109 4843.5  1867 13343   21088    (-,-) 
  u_crypto_synth_top/u_top/u_rsa/core_inst/result_mem/g662330/ZN              -       I->ZN  F     invbd2        22  530.2  1898 29220   50309    (-,-) 
  u_crypto_synth_top/u_top/u_rsa/core_inst/result_mem/g652838/ZN              -       A1->ZN R     aoi22d1        1   10.2   543   802   51110    (-,-) 
  u_crypto_synth_top/u_top/u_rsa/core_inst/result_mem/g645724/ZN              -       A1->ZN F     oai22d1        1   10.8   524   168   51279    (-,-) 
  u_crypto_synth_top/u_top/u_rsa/core_inst/result_mem/g639615/ZN              -       B2->ZN R     aoi221d1       1   10.4   560   408   51686    (-,-) 
  u_crypto_synth_top/u_top/u_rsa/core_inst/result_mem/g639508/ZN              -       A->ZN  F     oai221d1       1   10.8   471   232   51918    (-,-) 
  u_crypto_synth_top/u_top/u_rsa/core_inst/result_mem/g639429/ZN              -       A1->ZN R     aoi22d1        1   11.0   405   260   52178    (-,-) 
  u_crypto_synth_top/u_top/u_rsa/core_inst/result_mem/g639421/ZN              -       A->ZN  F     aon211d1       1   10.3   401   204   52382    (-,-) 
  u_crypto_synth_top/u_top/u_rsa/core_inst/result_mem/g639376/ZN              -       A4->ZN R     nr04d1         1   10.4   859   432   52814    (-,-) 
  u_crypto_synth_top/u_top/u_rsa/core_inst/result_mem/g639323/ZN              -       A->ZN  F     oai221d1       1    8.8   505   255   53070    (-,-) 
  u_crypto_synth_top/u_top/u_rsa/core_inst/result_mem/tmp_read_data0_reg[6]/D -       -      F     dfnrq1         1      -     -     0   53070    (-,-) 
#-------------------------------------------------------------------------------------------------------------------------------------------------------



Path 23: MET (1831 ps) Setup Check with Pin u_crypto_synth_top/u_top/u_rsa/core_inst/result_mem/tmp_read_data0_reg[1]/CP->D
          Group: R2R
     Startpoint: (R) u_crypto_synth_top/u_top/u_rsa/modulus_length_reg_reg[0]/CP
          Clock: (R) MAIN_CLK
       Endpoint: (F) u_crypto_synth_top/u_top/u_rsa/core_inst/result_mem/tmp_read_data0_reg[1]/D
          Clock: (R) MAIN_CLK

                     Capture       Launch     
        Clock Edge:+   58000            0     
       Src Latency:+     150          250     
       Net Latency:+       0 (I)        0 (I) 
           Arrival:=   58150          250     
                                              
             Setup:-     283                  
       Uncertainty:-    1450                  
       Path Adjust:+   -1500                  
     Required Time:=   54917                  
      Launch Clock:-     250                  
         Data Path:-   52837                  
             Slack:=    1831                  

Exceptions/Constraints:
  path_adjust            -1500            PA_C2C 

#-------------------------------------------------------------------------------------------------------------------------------------------------------
#                                Timing Point                                 Flags    Arc   Edge   Cell     Fanout  Load  Trans Delay Arrival Instance 
#                                                                                                                    (fF)   (ps)  (ps)   (ps)  Location 
#-------------------------------------------------------------------------------------------------------------------------------------------------------
  u_crypto_synth_top/u_top/u_rsa/modulus_length_reg_reg[0]/CP                 -       -      R     (arrival)  19892      -     0     0     250    (-,-) 
  u_crypto_synth_top/u_top/u_rsa/modulus_length_reg_reg[0]/Q                  -       CP->Q  F     sdcrq4        26  711.6  1395  1186    1436    (-,-) 
  u_crypto_synth_top/u_top/u_rsa/core_inst/montprod_inst/g4779/ZN             -       A2->ZN R     nr03d0         3   27.9  2586  2103    3539    (-,-) 
  u_crypto_synth_top/u_top/u_rsa/core_inst/montprod_inst/g4776/ZN             -       A1->ZN F     nd03d1         3   24.3   762   457    3996    (-,-) 
  u_crypto_synth_top/u_top/u_rsa/core_inst/montprod_inst/g4775/ZN             -       I->ZN  R     inv0d0         1    9.9   607   481    4477    (-,-) 
  u_crypto_synth_top/u_top/u_rsa/core_inst/montprod_inst/g4763/S              -       A->S   F     ah01d1         1    8.6   150   441    4918    (-,-) 
  u_crypto_synth_top/u_top/u_rsa/core_inst/montprod_inst/g4761/ZN             -       I->ZN  R     inv0d1         4   44.3   585   306    5225    (-,-) 
  u_crypto_synth_top/u_top/u_rsa/core_inst/montprod_inst/g4756/Z              -       I0->Z  R     mx02d2        12  330.1  2099  1163    6388    (-,-) 
  u_crypto_synth_top/u_top/u_rsa/core_inst/result_mem/g663228/ZN              -       I->ZN  F     invbdf        72 3334.1  1852  1358    7746    (-,-) 
  u_crypto_synth_top/u_top/u_rsa/core_inst/result_mem/g662433/ZN              -       I->ZN  R     invbdk       109 4843.5  1867 13343   21088    (-,-) 
  u_crypto_synth_top/u_top/u_rsa/core_inst/result_mem/g662330/ZN              -       I->ZN  F     invbd2        22  530.2  1898 29220   50309    (-,-) 
  u_crypto_synth_top/u_top/u_rsa/core_inst/result_mem/g651390/ZN              -       A1->ZN R     aoi22d1        1   10.7   553   809   51117    (-,-) 
  u_crypto_synth_top/u_top/u_rsa/core_inst/result_mem/g645173/ZN              -       B1->ZN F     oai22d1        1   11.7   520   186   51303    (-,-) 
  u_crypto_synth_top/u_top/u_rsa/core_inst/result_mem/g640137/ZN              -       C1->ZN R     aoi222d1       1   10.7   571   424   51728    (-,-) 
  u_crypto_synth_top/u_top/u_rsa/core_inst/result_mem/g639661/ZN              -       B1->ZN F     oai22d1        1   10.7   468   182   51910    (-,-) 
  u_crypto_synth_top/u_top/u_rsa/core_inst/result_mem/g639512/ZN              -       B1->ZN R     oai21d1        1   11.0   566   390   52300    (-,-) 
  u_crypto_synth_top/u_top/u_rsa/core_inst/result_mem/g639498/ZN              -       A->ZN  F     aon211d1       1   10.6   404   229   52529    (-,-) 
  u_crypto_synth_top/u_top/u_rsa/core_inst/result_mem/g639427/ZN              -       A->ZN  R     aoi211d1       1   10.8   773   317   52846    (-,-) 
  u_crypto_synth_top/u_top/u_rsa/core_inst/result_mem/g639362/ZN              -       B->ZN  F     oai211d1       1    8.8   370   241   53087    (-,-) 
  u_crypto_synth_top/u_top/u_rsa/core_inst/result_mem/tmp_read_data0_reg[1]/D -       -      F     dfnrq1         1      -     -     0   53087    (-,-) 
#-------------------------------------------------------------------------------------------------------------------------------------------------------



Path 24: MET (1890 ps) Setup Check with Pin u_crypto_synth_top/u_top/u_rsa/core_inst/result_mem/tmp_read_data0_reg[28]/CP->D
          Group: R2R
     Startpoint: (R) u_crypto_synth_top/u_top/u_rsa/modulus_length_reg_reg[0]/CP
          Clock: (R) MAIN_CLK
       Endpoint: (R) u_crypto_synth_top/u_top/u_rsa/core_inst/result_mem/tmp_read_data0_reg[28]/D
          Clock: (R) MAIN_CLK

                     Capture       Launch     
        Clock Edge:+   58000            0     
       Src Latency:+     150          250     
       Net Latency:+       0 (I)        0 (I) 
           Arrival:=   58150          250     
                                              
             Setup:-     193                  
       Uncertainty:-    1450                  
       Path Adjust:+   -1500                  
     Required Time:=   55007                  
      Launch Clock:-     250                  
         Data Path:-   52867                  
             Slack:=    1890                  

Exceptions/Constraints:
  path_adjust            -1500            PA_C2C 

#--------------------------------------------------------------------------------------------------------------------------------------------------------
#                                Timing Point                                  Flags    Arc   Edge   Cell     Fanout  Load  Trans Delay Arrival Instance 
#                                                                                                                     (fF)   (ps)  (ps)   (ps)  Location 
#--------------------------------------------------------------------------------------------------------------------------------------------------------
  u_crypto_synth_top/u_top/u_rsa/modulus_length_reg_reg[0]/CP                  -       -      R     (arrival)  19892      -     0     0     250    (-,-) 
  u_crypto_synth_top/u_top/u_rsa/modulus_length_reg_reg[0]/Q                   -       CP->Q  F     sdcrq4        26  711.6  1395  1186    1436    (-,-) 
  u_crypto_synth_top/u_top/u_rsa/core_inst/montprod_inst/g4779/ZN              -       A2->ZN R     nr03d0         3   27.9  2586  2103    3539    (-,-) 
  u_crypto_synth_top/u_top/u_rsa/core_inst/montprod_inst/g4776/ZN              -       A1->ZN F     nd03d1         3   24.3   762   457    3996    (-,-) 
  u_crypto_synth_top/u_top/u_rsa/core_inst/montprod_inst/g4775/ZN              -       I->ZN  R     inv0d0         1    9.9   607   481    4477    (-,-) 
  u_crypto_synth_top/u_top/u_rsa/core_inst/montprod_inst/g4763/S               -       A->S   F     ah01d1         1    8.6   150   441    4918    (-,-) 
  u_crypto_synth_top/u_top/u_rsa/core_inst/montprod_inst/g4761/ZN              -       I->ZN  R     inv0d1         4   44.3   585   306    5225    (-,-) 
  u_crypto_synth_top/u_top/u_rsa/core_inst/montprod_inst/g4756/Z               -       I0->Z  R     mx02d2        12  330.1  2099  1163    6388    (-,-) 
  u_crypto_synth_top/u_top/u_rsa/core_inst/result_mem/g663228/ZN               -       I->ZN  F     invbdf        72 3334.1  1852  1358    7746    (-,-) 
  u_crypto_synth_top/u_top/u_rsa/core_inst/result_mem/g662433/ZN               -       I->ZN  R     invbdk       109 4843.5  1867 13343   21088    (-,-) 
  u_crypto_synth_top/u_top/u_rsa/core_inst/result_mem/g662426/ZN               -       I->ZN  F     inv0d2        14  253.6   881 28616   49705    (-,-) 
  u_crypto_synth_top/u_top/u_rsa/core_inst/result_mem/g662415/ZN               -       I->ZN  R     inv0d1         9  142.7  1798  1086   50791    (-,-) 
  u_crypto_synth_top/u_top/u_rsa/core_inst/result_mem/g653485/ZN               -       B1->ZN F     aoi22d1        1   10.8   466   335   51126    (-,-) 
  u_crypto_synth_top/u_top/u_rsa/core_inst/result_mem/g646280/ZN               -       B1->ZN R     oai22d1        1   10.8   732   400   51526    (-,-) 
  u_crypto_synth_top/u_top/u_rsa/core_inst/result_mem/g642408/ZN               -       A1->ZN F     aoi22d1        1    9.7   401   174   51700    (-,-) 
  u_crypto_synth_top/u_top/u_rsa/core_inst/result_mem/g640895/ZN               -       A1->ZN R     oai22d1        1   10.9   746   310   52010    (-,-) 
  u_crypto_synth_top/u_top/u_rsa/core_inst/result_mem/g639806/ZN               -       B->ZN  F     aon211d1       1   10.3   584   163   52173    (-,-) 
  u_crypto_synth_top/u_top/u_rsa/core_inst/result_mem/g639542/ZN               -       A1->ZN R     nd04d1         1   10.8   416   310   52483    (-,-) 
  u_crypto_synth_top/u_top/u_rsa/core_inst/result_mem/g639446/ZN               -       A1->ZN F     aoi22d1        1   10.0   417   148   52631    (-,-) 
  u_crypto_synth_top/u_top/u_rsa/core_inst/result_mem/g639420/ZN               -       A->ZN  R     aon211d1       1   10.2   562   175   52806    (-,-) 
  u_crypto_synth_top/u_top/u_rsa/core_inst/result_mem/g639367/ZN               -       A->ZN  F     aoi21d1        1    9.8   403   104   52910    (-,-) 
  u_crypto_synth_top/u_top/u_rsa/core_inst/result_mem/g639326/ZN               -       A->ZN  R     oai211d1       1    8.7   411   206   53117    (-,-) 
  u_crypto_synth_top/u_top/u_rsa/core_inst/result_mem/tmp_read_data0_reg[28]/D -       -      R     dfnrq1         1      -     -     0   53117    (-,-) 
#--------------------------------------------------------------------------------------------------------------------------------------------------------



Path 25: MET (1897 ps) Setup Check with Pin u_crypto_synth_top/u_top/u_rsa/core_inst/result_mem/tmp_read_data0_reg[7]/CP->D
          Group: R2R
     Startpoint: (R) u_crypto_synth_top/u_top/u_rsa/modulus_length_reg_reg[0]/CP
          Clock: (R) MAIN_CLK
       Endpoint: (F) u_crypto_synth_top/u_top/u_rsa/core_inst/result_mem/tmp_read_data0_reg[7]/D
          Clock: (R) MAIN_CLK

                     Capture       Launch     
        Clock Edge:+   58000            0     
       Src Latency:+     150          250     
       Net Latency:+       0 (I)        0 (I) 
           Arrival:=   58150          250     
                                              
             Setup:-     229                  
       Uncertainty:-    1450                  
       Path Adjust:+   -1500                  
     Required Time:=   54971                  
      Launch Clock:-     250                  
         Data Path:-   52824                  
             Slack:=    1897                  

Exceptions/Constraints:
  path_adjust            -1500            PA_C2C 

#-------------------------------------------------------------------------------------------------------------------------------------------------------
#                                Timing Point                                 Flags    Arc   Edge   Cell     Fanout  Load  Trans Delay Arrival Instance 
#                                                                                                                    (fF)   (ps)  (ps)   (ps)  Location 
#-------------------------------------------------------------------------------------------------------------------------------------------------------
  u_crypto_synth_top/u_top/u_rsa/modulus_length_reg_reg[0]/CP                 -       -      R     (arrival)  19892      -     0     0     250    (-,-) 
  u_crypto_synth_top/u_top/u_rsa/modulus_length_reg_reg[0]/Q                  -       CP->Q  F     sdcrq4        26  711.6  1395  1186    1436    (-,-) 
  u_crypto_synth_top/u_top/u_rsa/core_inst/montprod_inst/g4779/ZN             -       A2->ZN R     nr03d0         3   27.9  2586  2103    3539    (-,-) 
  u_crypto_synth_top/u_top/u_rsa/core_inst/montprod_inst/g4776/ZN             -       A1->ZN F     nd03d1         3   24.3   762   457    3996    (-,-) 
  u_crypto_synth_top/u_top/u_rsa/core_inst/montprod_inst/g4775/ZN             -       I->ZN  R     inv0d0         1    9.9   607   481    4477    (-,-) 
  u_crypto_synth_top/u_top/u_rsa/core_inst/montprod_inst/g4763/S              -       A->S   F     ah01d1         1    8.6   150   441    4918    (-,-) 
  u_crypto_synth_top/u_top/u_rsa/core_inst/montprod_inst/g4761/ZN             -       I->ZN  R     inv0d1         4   44.3   585   306    5225    (-,-) 
  u_crypto_synth_top/u_top/u_rsa/core_inst/montprod_inst/g4756/Z              -       I0->Z  R     mx02d2        12  330.1  2099  1163    6388    (-,-) 
  u_crypto_synth_top/u_top/u_rsa/core_inst/result_mem/g663228/ZN              -       I->ZN  F     invbdf        72 3334.1  1852  1358    7746    (-,-) 
  u_crypto_synth_top/u_top/u_rsa/core_inst/result_mem/g662433/ZN              -       I->ZN  R     invbdk       109 4843.5  1867 13343   21088    (-,-) 
  u_crypto_synth_top/u_top/u_rsa/core_inst/result_mem/g662330/ZN              -       I->ZN  F     invbd2        22  530.2  1898 29220   50309    (-,-) 
  u_crypto_synth_top/u_top/u_rsa/core_inst/result_mem/g653164/ZN              -       A1->ZN R     aoi22d1        1   10.7   553   809   51117    (-,-) 
  u_crypto_synth_top/u_top/u_rsa/core_inst/result_mem/g646148/ZN              -       B1->ZN F     oai22d1        1   10.2   447   178   51295    (-,-) 
  u_crypto_synth_top/u_top/u_rsa/core_inst/result_mem/g640395/ZN              -       C2->ZN R     aoi221d1       1   10.7   612   422   51718    (-,-) 
  u_crypto_synth_top/u_top/u_rsa/core_inst/result_mem/g639963/ZN              -       B1->ZN F     oai22d1        1   10.8   469   186   51904    (-,-) 
  u_crypto_synth_top/u_top/u_rsa/core_inst/result_mem/g639565/ZN              -       C2->ZN R     oan211d1       1   11.0   828   605   52509    (-,-) 
  u_crypto_synth_top/u_top/u_rsa/core_inst/result_mem/g639473/ZN              -       A->ZN  F     aon211d1       1   11.1   362   270   52779    (-,-) 
  u_crypto_synth_top/u_top/u_rsa/core_inst/result_mem/g639401/Z               -       A->Z   F     aor211d1       1    8.8   160   295   53074    (-,-) 
  u_crypto_synth_top/u_top/u_rsa/core_inst/result_mem/tmp_read_data0_reg[7]/D -       -      F     dfnrq1         1      -     -     0   53074    (-,-) 
#-------------------------------------------------------------------------------------------------------------------------------------------------------



Path 26: MET (1909 ps) Setup Check with Pin u_crypto_synth_top/u_top/u_rsa/core_inst/result_mem/tmp_read_data1_reg[19]/CP->D
          Group: R2R
     Startpoint: (R) u_crypto_synth_top/u_top/u_rsa/core_inst/result_mem/ptr_reg_reg[3]/CP
          Clock: (R) MAIN_CLK
       Endpoint: (F) u_crypto_synth_top/u_top/u_rsa/core_inst/result_mem/tmp_read_data1_reg[19]/D
          Clock: (R) MAIN_CLK

                     Capture       Launch     
        Clock Edge:+   58000            0     
       Src Latency:+     150          250     
       Net Latency:+       0 (I)        0 (I) 
           Arrival:=   58150          250     
                                              
             Setup:-     330                  
       Uncertainty:-    1450                  
       Path Adjust:+   -1500                  
     Required Time:=   54870                  
      Launch Clock:-     250                  
         Data Path:-   52711                  
             Slack:=    1909                  

Exceptions/Constraints:
  path_adjust            -1500            PA_C2C 

#--------------------------------------------------------------------------------------------------------------------------------------------------------
#                                Timing Point                                  Flags    Arc   Edge   Cell     Fanout  Load  Trans Delay Arrival Instance 
#                                                                                                                     (fF)   (ps)  (ps)   (ps)  Location 
#--------------------------------------------------------------------------------------------------------------------------------------------------------
  u_crypto_synth_top/u_top/u_rsa/core_inst/result_mem/ptr_reg_reg[3]/CP        -       -      R     (arrival)  19892      -     0     0     250    (-,-) 
  u_crypto_synth_top/u_top/u_rsa/core_inst/result_mem/ptr_reg_reg[3]/Q         -       CP->Q  R     dfcrq2        16  427.8  2373  1496    1746    (-,-) 
  u_crypto_synth_top/u_top/u_rsa/core_inst/result_mem/g669386/ZN               -       I->ZN  F     invbdf        92 4108.0  2228  1643    3389    (-,-) 
  u_crypto_synth_top/u_top/u_rsa/core_inst/result_mem/g669146/ZN               -       I->ZN  R     invbdf       100 4432.5  2292 21325   24714    (-,-) 
  u_crypto_synth_top/u_top/u_rsa/core_inst/result_mem/g669042/ZN               -       I->ZN  F     inv0d4        31  974.3  1412 24283   48997    (-,-) 
  u_crypto_synth_top/u_top/u_rsa/core_inst/result_mem/g648971/ZN               -       A1->ZN R     aoi22d1        1   10.9   573  1538   50535    (-,-) 
  u_crypto_synth_top/u_top/u_rsa/core_inst/result_mem/g644072/Z                -       I0->Z  R     mx02d1         1   10.7   226   283   50818    (-,-) 
  u_crypto_synth_top/u_top/u_rsa/core_inst/result_mem/g641308/ZN               -       B1->ZN F     oai22d1        1   10.7   414   143   50961    (-,-) 
  u_crypto_synth_top/u_top/u_rsa/core_inst/result_mem/g640303/ZN               -       A->ZN  R     aoi221d1       1   10.2   613   260   51222    (-,-) 
  u_crypto_synth_top/u_top/u_rsa/core_inst/result_mem/g639950/ZN               -       A1->ZN F     oai22d1        1   10.8   483   175   51397    (-,-) 
  u_crypto_synth_top/u_top/u_rsa/core_inst/result_mem/g639566/ZN               -       C2->ZN R     oan211d1       1   11.0   828   607   52004    (-,-) 
  u_crypto_synth_top/u_top/u_rsa/core_inst/result_mem/g639457/ZN               -       A->ZN  F     aon211d1       1   10.3   432   263   52266    (-,-) 
  u_crypto_synth_top/u_top/u_rsa/core_inst/result_mem/g639371/ZN               -       A4->ZN R     nr04d1         1   10.4   862   439   52705    (-,-) 
  u_crypto_synth_top/u_top/u_rsa/core_inst/result_mem/g639316/ZN               -       A->ZN  F     oai221d1       1    8.8   554   256   52961    (-,-) 
  u_crypto_synth_top/u_top/u_rsa/core_inst/result_mem/tmp_read_data1_reg[19]/D -       -      F     dfnrq1         1      -     -     0   52961    (-,-) 
#--------------------------------------------------------------------------------------------------------------------------------------------------------



Path 27: MET (1928 ps) Setup Check with Pin u_crypto_synth_top/u_top/u_rsa/core_inst/result_mem/tmp_read_data1_reg[25]/CP->D
          Group: R2R
     Startpoint: (R) u_crypto_synth_top/u_top/u_rsa/core_inst/result_mem/ptr_reg_reg[3]/CP
          Clock: (R) MAIN_CLK
       Endpoint: (F) u_crypto_synth_top/u_top/u_rsa/core_inst/result_mem/tmp_read_data1_reg[25]/D
          Clock: (R) MAIN_CLK

                     Capture       Launch     
        Clock Edge:+   58000            0     
       Src Latency:+     150          250     
       Net Latency:+       0 (I)        0 (I) 
           Arrival:=   58150          250     
                                              
             Setup:-     303                  
       Uncertainty:-    1450                  
       Path Adjust:+   -1500                  
     Required Time:=   54897                  
      Launch Clock:-     250                  
         Data Path:-   52719                  
             Slack:=    1928                  

Exceptions/Constraints:
  path_adjust            -1500            PA_C2C 

#--------------------------------------------------------------------------------------------------------------------------------------------------------
#                                Timing Point                                  Flags    Arc   Edge   Cell     Fanout  Load  Trans Delay Arrival Instance 
#                                                                                                                     (fF)   (ps)  (ps)   (ps)  Location 
#--------------------------------------------------------------------------------------------------------------------------------------------------------
  u_crypto_synth_top/u_top/u_rsa/core_inst/result_mem/ptr_reg_reg[3]/CP        -       -      R     (arrival)  19892      -     0     0     250    (-,-) 
  u_crypto_synth_top/u_top/u_rsa/core_inst/result_mem/ptr_reg_reg[3]/Q         -       CP->Q  R     dfcrq2        16  427.8  2373  1496    1746    (-,-) 
  u_crypto_synth_top/u_top/u_rsa/core_inst/result_mem/g669386/ZN               -       I->ZN  F     invbdf        92 4108.0  2228  1643    3389    (-,-) 
  u_crypto_synth_top/u_top/u_rsa/core_inst/result_mem/g669146/ZN               -       I->ZN  R     invbdf       100 4432.5  2292 21325   24714    (-,-) 
  u_crypto_synth_top/u_top/u_rsa/core_inst/result_mem/g669042/ZN               -       I->ZN  F     inv0d4        31  974.3  1412 24283   48997    (-,-) 
  u_crypto_synth_top/u_top/u_rsa/core_inst/result_mem/g649551/ZN               -       A1->ZN R     aoi22d1        1   10.9   573  1538   50535    (-,-) 
  u_crypto_synth_top/u_top/u_rsa/core_inst/result_mem/g644383/Z                -       I0->Z  R     mx02d1         1   10.7   226   283   50818    (-,-) 
  u_crypto_synth_top/u_top/u_rsa/core_inst/result_mem/g641217/ZN               -       B1->ZN F     oai22d1        1   10.7   452   143   50961    (-,-) 
  u_crypto_synth_top/u_top/u_rsa/core_inst/result_mem/g640348/ZN               -       A->ZN  R     aoi221d1       1   10.2   613   268   51230    (-,-) 
  u_crypto_synth_top/u_top/u_rsa/core_inst/result_mem/g639954/ZN               -       A1->ZN F     oai22d1        1   10.8   483   175   51405    (-,-) 
  u_crypto_synth_top/u_top/u_rsa/core_inst/result_mem/g639564/ZN               -       C2->ZN R     oan211d1       1   11.0   828   607   52012    (-,-) 
  u_crypto_synth_top/u_top/u_rsa/core_inst/result_mem/g639469/ZN               -       A->ZN  F     aon211d1       1   10.3   432   263   52275    (-,-) 
  u_crypto_synth_top/u_top/u_rsa/core_inst/result_mem/g639375/ZN               -       A4->ZN R     nr04d1         1   10.4   860   439   52713    (-,-) 
  u_crypto_synth_top/u_top/u_rsa/core_inst/result_mem/g639320/ZN               -       A->ZN  F     oai221d1       1    8.8   450   255   52969    (-,-) 
  u_crypto_synth_top/u_top/u_rsa/core_inst/result_mem/tmp_read_data1_reg[25]/D -       -      F     dfnrq1         1      -     -     0   52969    (-,-) 
#--------------------------------------------------------------------------------------------------------------------------------------------------------



Path 28: MET (1930 ps) Setup Check with Pin u_crypto_synth_top/u_top/u_rsa/core_inst/result_mem/tmp_read_data1_reg[31]/CP->D
          Group: R2R
     Startpoint: (R) u_crypto_synth_top/u_top/u_rsa/core_inst/result_mem/ptr_reg_reg[3]/CP
          Clock: (R) MAIN_CLK
       Endpoint: (R) u_crypto_synth_top/u_top/u_rsa/core_inst/result_mem/tmp_read_data1_reg[31]/D
          Clock: (R) MAIN_CLK

                     Capture       Launch     
        Clock Edge:+   58000            0     
       Src Latency:+     150          250     
       Net Latency:+       0 (I)        0 (I) 
           Arrival:=   58150          250     
                                              
             Setup:-     160                  
       Uncertainty:-    1450                  
       Path Adjust:+   -1500                  
     Required Time:=   55040                  
      Launch Clock:-     250                  
         Data Path:-   52860                  
             Slack:=    1930                  

Exceptions/Constraints:
  path_adjust            -1500            PA_C2C 

#--------------------------------------------------------------------------------------------------------------------------------------------------------
#                                Timing Point                                  Flags    Arc   Edge   Cell     Fanout  Load  Trans Delay Arrival Instance 
#                                                                                                                     (fF)   (ps)  (ps)   (ps)  Location 
#--------------------------------------------------------------------------------------------------------------------------------------------------------
  u_crypto_synth_top/u_top/u_rsa/core_inst/result_mem/ptr_reg_reg[3]/CP        -       -      R     (arrival)  19892      -     0     0     250    (-,-) 
  u_crypto_synth_top/u_top/u_rsa/core_inst/result_mem/ptr_reg_reg[3]/Q         -       CP->Q  R     dfcrq2        16  427.8  2373  1496    1746    (-,-) 
  u_crypto_synth_top/u_top/u_rsa/core_inst/result_mem/g669386/ZN               -       I->ZN  F     invbdf        92 4108.0  2228  1643    3389    (-,-) 
  u_crypto_synth_top/u_top/u_rsa/core_inst/result_mem/g669146/ZN               -       I->ZN  R     invbdf       100 4432.5  2292 21325   24714    (-,-) 
  u_crypto_synth_top/u_top/u_rsa/core_inst/result_mem/g669018/ZN               -       I->ZN  F     invbd2        23  586.9  2100 24689   49403    (-,-) 
  u_crypto_synth_top/u_top/u_rsa/core_inst/result_mem/g669017/ZN               -       I->ZN  R     inv0d2        17  305.9  1863  1707   51109    (-,-) 
  u_crypto_synth_top/u_top/u_rsa/core_inst/result_mem/g646709/ZN               -       B1->ZN F     aoi22d1        1    9.7   477   402   51512    (-,-) 
  u_crypto_synth_top/u_top/u_rsa/core_inst/result_mem/g644608/ZN               -       A1->ZN R     oai22d1        1   10.4   830   321   51832    (-,-) 
  u_crypto_synth_top/u_top/u_rsa/core_inst/result_mem/g640387/ZN               -       B1->ZN F     aoi221d1       1   10.8   520   233   52065    (-,-) 
  u_crypto_synth_top/u_top/u_rsa/core_inst/result_mem/g639911/ZN               -       B1->ZN R     oai22d1        1   10.7   833   410   52476    (-,-) 
  u_crypto_synth_top/u_top/u_rsa/core_inst/result_mem/g639552/ZN               -       C1->ZN F     oan211d1       1   10.0   352   194   52670    (-,-) 
  u_crypto_synth_top/u_top/u_rsa/core_inst/result_mem/g639476/ZN               -       A->ZN  R     aon211d1       1   10.4   470   163   52832    (-,-) 
  u_crypto_synth_top/u_top/u_rsa/core_inst/result_mem/g639413/ZN               -       A4->ZN F     nr04d1         1   10.0   210   133   52966    (-,-) 
  u_crypto_synth_top/u_top/u_rsa/core_inst/result_mem/g639358/ZN               -       A1->ZN R     nd02d1         1    8.7   202   144   53110    (-,-) 
  u_crypto_synth_top/u_top/u_rsa/core_inst/result_mem/tmp_read_data1_reg[31]/D -       -      R     dfnrq1         1      -     -     0   53110    (-,-) 
#--------------------------------------------------------------------------------------------------------------------------------------------------------



Path 29: MET (1932 ps) Setup Check with Pin u_crypto_synth_top/u_top/u_rsa/core_inst/result_mem/tmp_read_data1_reg[1]/CP->D
          Group: R2R
     Startpoint: (R) u_crypto_synth_top/u_top/u_rsa/core_inst/result_mem/ptr_reg_reg[3]/CP
          Clock: (R) MAIN_CLK
       Endpoint: (F) u_crypto_synth_top/u_top/u_rsa/core_inst/result_mem/tmp_read_data1_reg[1]/D
          Clock: (R) MAIN_CLK

                     Capture       Launch     
        Clock Edge:+   58000            0     
       Src Latency:+     150          250     
       Net Latency:+       0 (I)        0 (I) 
           Arrival:=   58150          250     
                                              
             Setup:-     309                  
       Uncertainty:-    1450                  
       Path Adjust:+   -1500                  
     Required Time:=   54891                  
      Launch Clock:-     250                  
         Data Path:-   52709                  
             Slack:=    1932                  

Exceptions/Constraints:
  path_adjust            -1500            PA_C2C 

#-------------------------------------------------------------------------------------------------------------------------------------------------------
#                                Timing Point                                 Flags    Arc   Edge   Cell     Fanout  Load  Trans Delay Arrival Instance 
#                                                                                                                    (fF)   (ps)  (ps)   (ps)  Location 
#-------------------------------------------------------------------------------------------------------------------------------------------------------
  u_crypto_synth_top/u_top/u_rsa/core_inst/result_mem/ptr_reg_reg[3]/CP       -       -      R     (arrival)  19892      -     0     0     250    (-,-) 
  u_crypto_synth_top/u_top/u_rsa/core_inst/result_mem/ptr_reg_reg[3]/Q        -       CP->Q  F     dfcrq2        16  401.2  1192  1082    1332    (-,-) 
  u_crypto_synth_top/u_top/u_rsa/core_inst/result_mem/g669386/ZN              -       I->ZN  R     invbdf        92 4128.8  2113  1324    2656    (-,-) 
  u_crypto_synth_top/u_top/u_rsa/core_inst/result_mem/g669146/ZN              -       I->ZN  F     invbdf       100 4346.8  2328 21333   23989    (-,-) 
  u_crypto_synth_top/u_top/u_rsa/core_inst/result_mem/g669145/ZN              -       I->ZN  R     inv0d4        24  634.8  1945 24643   48632    (-,-) 
  u_crypto_synth_top/u_top/u_rsa/core_inst/result_mem/g669125/ZN              -       I->ZN  F     invbd2        22  517.9  1867  1719   50350    (-,-) 
  u_crypto_synth_top/u_top/u_rsa/core_inst/result_mem/g646619/ZN              -       B1->ZN R     aoi22d1        1   10.7   520   774   51124    (-,-) 
  u_crypto_synth_top/u_top/u_rsa/core_inst/result_mem/g644812/ZN              -       B1->ZN F     oai22d1        1   10.0   459   174   51298    (-,-) 
  u_crypto_synth_top/u_top/u_rsa/core_inst/result_mem/g642181/ZN              -       B1->ZN R     aoi22d1        1   10.7   476   286   51584    (-,-) 
  u_crypto_synth_top/u_top/u_rsa/core_inst/result_mem/g640758/ZN              -       B1->ZN F     aoi21d1        1   10.7   418   162   51746    (-,-) 
  u_crypto_synth_top/u_top/u_rsa/core_inst/result_mem/g639541/ZN              -       A->ZN  R     oan211d1       1   11.0   828   267   52013    (-,-) 
  u_crypto_synth_top/u_top/u_rsa/core_inst/result_mem/g639490/ZN              -       A->ZN  F     aon211d1       1   10.3   340   263   52276    (-,-) 
  u_crypto_synth_top/u_top/u_rsa/core_inst/result_mem/g639378/ZN              -       A4->ZN R     nr04d1         1   10.6   869   425   52701    (-,-) 
  u_crypto_synth_top/u_top/u_rsa/core_inst/result_mem/g639306/ZN              -       A->ZN  F     oai211d1       1    8.8   472   258   52959    (-,-) 
  u_crypto_synth_top/u_top/u_rsa/core_inst/result_mem/tmp_read_data1_reg[1]/D -       -      F     dfnrq1         1      -     -     0   52959    (-,-) 
#-------------------------------------------------------------------------------------------------------------------------------------------------------



Path 30: MET (1932 ps) Setup Check with Pin u_crypto_synth_top/u_top/u_rsa/core_inst/result_mem/tmp_read_data1_reg[20]/CP->D
          Group: R2R
     Startpoint: (R) u_crypto_synth_top/u_top/u_rsa/core_inst/result_mem/ptr_reg_reg[3]/CP
          Clock: (R) MAIN_CLK
       Endpoint: (F) u_crypto_synth_top/u_top/u_rsa/core_inst/result_mem/tmp_read_data1_reg[20]/D
          Clock: (R) MAIN_CLK

                     Capture       Launch     
        Clock Edge:+   58000            0     
       Src Latency:+     150          250     
       Net Latency:+       0 (I)        0 (I) 
           Arrival:=   58150          250     
                                              
             Setup:-     292                  
       Uncertainty:-    1450                  
       Path Adjust:+   -1500                  
     Required Time:=   54908                  
      Launch Clock:-     250                  
         Data Path:-   52726                  
             Slack:=    1932                  

Exceptions/Constraints:
  path_adjust            -1500            PA_C2C 

#--------------------------------------------------------------------------------------------------------------------------------------------------------
#                                Timing Point                                  Flags    Arc   Edge   Cell     Fanout  Load  Trans Delay Arrival Instance 
#                                                                                                                     (fF)   (ps)  (ps)   (ps)  Location 
#--------------------------------------------------------------------------------------------------------------------------------------------------------
  u_crypto_synth_top/u_top/u_rsa/core_inst/result_mem/ptr_reg_reg[3]/CP        -       -      R     (arrival)  19892      -     0     0     250    (-,-) 
  u_crypto_synth_top/u_top/u_rsa/core_inst/result_mem/ptr_reg_reg[3]/Q         -       CP->Q  R     dfcrq2        16  427.8  2373  1496    1746    (-,-) 
  u_crypto_synth_top/u_top/u_rsa/core_inst/result_mem/g669386/ZN               -       I->ZN  F     invbdf        92 4108.0  2228  1643    3389    (-,-) 
  u_crypto_synth_top/u_top/u_rsa/core_inst/result_mem/g669146/ZN               -       I->ZN  R     invbdf       100 4432.5  2292 21325   24714    (-,-) 
  u_crypto_synth_top/u_top/u_rsa/core_inst/result_mem/g669042/ZN               -       I->ZN  F     inv0d4        31  974.3  1412 24283   48997    (-,-) 
  u_crypto_synth_top/u_top/u_rsa/core_inst/result_mem/g649078/ZN               -       A1->ZN R     aoi22d1        1   10.9   573  1538   50535    (-,-) 
  u_crypto_synth_top/u_top/u_rsa/core_inst/result_mem/g644125/Z                -       I0->Z  R     mx02d1         1   10.7   226   283   50818    (-,-) 
  u_crypto_synth_top/u_top/u_rsa/core_inst/result_mem/g641198/ZN               -       B1->ZN F     oai22d1        1   10.7   452   143   50961    (-,-) 
  u_crypto_synth_top/u_top/u_rsa/core_inst/result_mem/g640308/ZN               -       A->ZN  R     aoi221d1       1   10.2   613   268   51230    (-,-) 
  u_crypto_synth_top/u_top/u_rsa/core_inst/result_mem/g639962/ZN               -       A1->ZN F     oai22d1        1   10.8   483   175   51405    (-,-) 
  u_crypto_synth_top/u_top/u_rsa/core_inst/result_mem/g639568/ZN               -       C2->ZN R     oan211d1       1   11.0   828   607   52012    (-,-) 
  u_crypto_synth_top/u_top/u_rsa/core_inst/result_mem/g639477/ZN               -       A->ZN  F     aon211d1       1   10.3   467   263   52275    (-,-) 
  u_crypto_synth_top/u_top/u_rsa/core_inst/result_mem/g639372/ZN               -       A4->ZN R     nr04d1         1   10.4   859   446   52721    (-,-) 
  u_crypto_synth_top/u_top/u_rsa/core_inst/result_mem/g639317/ZN               -       A->ZN  F     oai221d1       1    8.8   405   255   52976    (-,-) 
  u_crypto_synth_top/u_top/u_rsa/core_inst/result_mem/tmp_read_data1_reg[20]/D -       -      F     dfnrq1         1      -     -     0   52976    (-,-) 
#--------------------------------------------------------------------------------------------------------------------------------------------------------



Path 31: MET (1933 ps) Setup Check with Pin u_crypto_synth_top/u_top/u_rsa/core_inst/result_mem/tmp_read_data1_reg[24]/CP->D
          Group: R2R
     Startpoint: (R) u_crypto_synth_top/u_top/u_rsa/core_inst/result_mem/ptr_reg_reg[3]/CP
          Clock: (R) MAIN_CLK
       Endpoint: (F) u_crypto_synth_top/u_top/u_rsa/core_inst/result_mem/tmp_read_data1_reg[24]/D
          Clock: (R) MAIN_CLK

                     Capture       Launch     
        Clock Edge:+   58000            0     
       Src Latency:+     150          250     
       Net Latency:+       0 (I)        0 (I) 
           Arrival:=   58150          250     
                                              
             Setup:-     291                  
       Uncertainty:-    1450                  
       Path Adjust:+   -1500                  
     Required Time:=   54909                  
      Launch Clock:-     250                  
         Data Path:-   52726                  
             Slack:=    1933                  

Exceptions/Constraints:
  path_adjust            -1500            PA_C2C 

#--------------------------------------------------------------------------------------------------------------------------------------------------------
#                                Timing Point                                  Flags    Arc   Edge   Cell     Fanout  Load  Trans Delay Arrival Instance 
#                                                                                                                     (fF)   (ps)  (ps)   (ps)  Location 
#--------------------------------------------------------------------------------------------------------------------------------------------------------
  u_crypto_synth_top/u_top/u_rsa/core_inst/result_mem/ptr_reg_reg[3]/CP        -       -      R     (arrival)  19892      -     0     0     250    (-,-) 
  u_crypto_synth_top/u_top/u_rsa/core_inst/result_mem/ptr_reg_reg[3]/Q         -       CP->Q  R     dfcrq2        16  427.8  2373  1496    1746    (-,-) 
  u_crypto_synth_top/u_top/u_rsa/core_inst/result_mem/g669386/ZN               -       I->ZN  F     invbdf        92 4108.0  2228  1643    3389    (-,-) 
  u_crypto_synth_top/u_top/u_rsa/core_inst/result_mem/g669146/ZN               -       I->ZN  R     invbdf       100 4432.5  2292 21325   24714    (-,-) 
  u_crypto_synth_top/u_top/u_rsa/core_inst/result_mem/g669042/ZN               -       I->ZN  F     inv0d4        31  974.3  1412 24283   48997    (-,-) 
  u_crypto_synth_top/u_top/u_rsa/core_inst/result_mem/g649478/ZN               -       A1->ZN R     aoi22d1        1   10.9   573  1538   50535    (-,-) 
  u_crypto_synth_top/u_top/u_rsa/core_inst/result_mem/g644343/Z                -       I0->Z  R     mx02d1         1   10.7   226   283   50818    (-,-) 
  u_crypto_synth_top/u_top/u_rsa/core_inst/result_mem/g641319/ZN               -       B1->ZN F     oai22d1        1   10.7   452   143   50961    (-,-) 
  u_crypto_synth_top/u_top/u_rsa/core_inst/result_mem/g640339/ZN               -       A->ZN  R     aoi221d1       1   10.2   613   268   51230    (-,-) 
  u_crypto_synth_top/u_top/u_rsa/core_inst/result_mem/g639953/ZN               -       A1->ZN F     oai22d1        1   10.8   483   175   51405    (-,-) 
  u_crypto_synth_top/u_top/u_rsa/core_inst/result_mem/g639574/ZN               -       C2->ZN R     oan211d1       1   11.0   828   607   52012    (-,-) 
  u_crypto_synth_top/u_top/u_rsa/core_inst/result_mem/g639487/ZN               -       A->ZN  F     aon211d1       1   10.3   465   263   52275    (-,-) 
  u_crypto_synth_top/u_top/u_rsa/core_inst/result_mem/g639374/ZN               -       A4->ZN R     nr04d1         1   10.4   859   446   52720    (-,-) 
  u_crypto_synth_top/u_top/u_rsa/core_inst/result_mem/g639319/ZN               -       A->ZN  F     oai221d1       1    8.8   404   255   52976    (-,-) 
  u_crypto_synth_top/u_top/u_rsa/core_inst/result_mem/tmp_read_data1_reg[24]/D -       -      F     dfnrq1         1      -     -     0   52976    (-,-) 
#--------------------------------------------------------------------------------------------------------------------------------------------------------



Path 32: MET (1933 ps) Setup Check with Pin u_crypto_synth_top/u_top/u_rsa/core_inst/result_mem/tmp_read_data1_reg[22]/CP->D
          Group: R2R
     Startpoint: (R) u_crypto_synth_top/u_top/u_rsa/core_inst/result_mem/ptr_reg_reg[3]/CP
          Clock: (R) MAIN_CLK
       Endpoint: (F) u_crypto_synth_top/u_top/u_rsa/core_inst/result_mem/tmp_read_data1_reg[22]/D
          Clock: (R) MAIN_CLK

                     Capture       Launch     
        Clock Edge:+   58000            0     
       Src Latency:+     150          250     
       Net Latency:+       0 (I)        0 (I) 
           Arrival:=   58150          250     
                                              
             Setup:-     311                  
       Uncertainty:-    1450                  
       Path Adjust:+   -1500                  
     Required Time:=   54889                  
      Launch Clock:-     250                  
         Data Path:-   52706                  
             Slack:=    1933                  

Exceptions/Constraints:
  path_adjust            -1500            PA_C2C 

#--------------------------------------------------------------------------------------------------------------------------------------------------------
#                                Timing Point                                  Flags    Arc   Edge   Cell     Fanout  Load  Trans Delay Arrival Instance 
#                                                                                                                     (fF)   (ps)  (ps)   (ps)  Location 
#--------------------------------------------------------------------------------------------------------------------------------------------------------
  u_crypto_synth_top/u_top/u_rsa/core_inst/result_mem/ptr_reg_reg[3]/CP        -       -      R     (arrival)  19892      -     0     0     250    (-,-) 
  u_crypto_synth_top/u_top/u_rsa/core_inst/result_mem/ptr_reg_reg[3]/Q         -       CP->Q  R     dfcrq2        16  427.8  2373  1496    1746    (-,-) 
  u_crypto_synth_top/u_top/u_rsa/core_inst/result_mem/g669386/ZN               -       I->ZN  F     invbdf        92 4108.0  2228  1643    3389    (-,-) 
  u_crypto_synth_top/u_top/u_rsa/core_inst/result_mem/g669146/ZN               -       I->ZN  R     invbdf       100 4432.5  2292 21325   24714    (-,-) 
  u_crypto_synth_top/u_top/u_rsa/core_inst/result_mem/g669042/ZN               -       I->ZN  F     inv0d4        31  974.3  1412 24283   48997    (-,-) 
  u_crypto_synth_top/u_top/u_rsa/core_inst/result_mem/g649250/ZN               -       A1->ZN R     aoi22d1        1   10.9   573  1538   50535    (-,-) 
  u_crypto_synth_top/u_top/u_rsa/core_inst/result_mem/g644221/Z                -       I0->Z  R     mx02d1         1   10.7   226   283   50818    (-,-) 
  u_crypto_synth_top/u_top/u_rsa/core_inst/result_mem/g641209/ZN               -       B1->ZN F     oai22d1        1   10.7   452   143   50961    (-,-) 
  u_crypto_synth_top/u_top/u_rsa/core_inst/result_mem/g640323/ZN               -       A->ZN  R     aoi221d1       1   10.2   613   268   51230    (-,-) 
  u_crypto_synth_top/u_top/u_rsa/core_inst/result_mem/g639952/ZN               -       A1->ZN F     oai22d1        1   10.8   483   175   51405    (-,-) 
  u_crypto_synth_top/u_top/u_rsa/core_inst/result_mem/g639567/ZN               -       C2->ZN R     oan211d1       1   11.0   828   607   52012    (-,-) 
  u_crypto_synth_top/u_top/u_rsa/core_inst/result_mem/g639468/ZN               -       A->ZN  F     aon211d1       1   10.3   368   263   52275    (-,-) 
  u_crypto_synth_top/u_top/u_rsa/core_inst/result_mem/g639373/ZN               -       A4->ZN R     nr04d1         1   10.4   862   426   52700    (-,-) 
  u_crypto_synth_top/u_top/u_rsa/core_inst/result_mem/g639318/ZN               -       A->ZN  F     oai221d1       1    8.8   479   256   52956    (-,-) 
  u_crypto_synth_top/u_top/u_rsa/core_inst/result_mem/tmp_read_data1_reg[22]/D -       -      F     dfnrq1         1      -     -     0   52956    (-,-) 
#--------------------------------------------------------------------------------------------------------------------------------------------------------



Path 33: MET (1934 ps) Setup Check with Pin u_crypto_synth_top/u_top/u_rsa/core_inst/result_mem/tmp_read_data0_reg[21]/CP->D
          Group: R2R
     Startpoint: (R) u_crypto_synth_top/u_top/u_rsa/core_inst/montprod_inst/montprod_ctrl_reg_reg[3]/CP
          Clock: (R) MAIN_CLK
       Endpoint: (F) u_crypto_synth_top/u_top/u_rsa/core_inst/result_mem/tmp_read_data0_reg[21]/D
          Clock: (R) MAIN_CLK

                     Capture       Launch     
        Clock Edge:+   58000            0     
       Src Latency:+     150          250     
       Net Latency:+       0 (I)        0 (I) 
           Arrival:=   58150          250     
                                              
             Setup:-     283                  
       Uncertainty:-    1450                  
       Path Adjust:+   -1500                  
     Required Time:=   54917                  
      Launch Clock:-     250                  
         Data Path:-   52734                  
             Slack:=    1934                  

Exceptions/Constraints:
  path_adjust            -1500            PA_C2C 

#--------------------------------------------------------------------------------------------------------------------------------------------------------------
#                                   Timing Point                                     Flags    Arc   Edge   Cell     Fanout  Load  Trans Delay Arrival Instance 
#                                                                                                                           (fF)   (ps)  (ps)   (ps)  Location 
#--------------------------------------------------------------------------------------------------------------------------------------------------------------
  u_crypto_synth_top/u_top/u_rsa/core_inst/montprod_inst/montprod_ctrl_reg_reg[3]/CP -       -      R     (arrival)  19892      -     0     0     250    (-,-) 
  u_crypto_synth_top/u_top/u_rsa/core_inst/montprod_inst/montprod_ctrl_reg_reg[3]/Q  -       CP->Q  F     dfcrb2        18  259.2   708  1002    1252    (-,-) 
  u_crypto_synth_top/u_top/u_rsa/core_inst/montprod_inst/g4777/Z                     -       A2->Z  F     or02d1         3   25.2   234   565    1817    (-,-) 
  u_crypto_synth_top/u_top/u_rsa/core_inst/montprod_inst/g4774/ZN                    -       A2->ZN R     nr02d1         6   71.3  1518   741    2558    (-,-) 
  u_crypto_synth_top/u_top/u_rsa/core_inst/montprod_inst/g4773/ZN                    -       I->ZN  F     inv0d2        14  197.9   710   540    3098    (-,-) 
  u_crypto_synth_top/u_top/u_rsa/core_inst/montprod_inst/g4760/Z                     -       B2->Z  F     aor22d4       25  798.5   956  1032    4130    (-,-) 
  u_crypto_synth_top/u_top/u_rsa/core_inst/result_mem/g659590/ZN                     -       I->ZN  R     inv0d4        22  629.8  1866  1692    5822    (-,-) 
  u_crypto_synth_top/u_top/u_rsa/core_inst/result_mem/g658796/ZN                     -       I->ZN  F     invbdk       111 4928.7  1996  1686    7508    (-,-) 
  u_crypto_synth_top/u_top/u_rsa/core_inst/result_mem/g658452/ZN                     -       I->ZN  R     inv0da        64 2608.7  3000 31389   38897    (-,-) 
  u_crypto_synth_top/u_top/u_rsa/core_inst/result_mem/g658420/ZN                     -       I->ZN  F     invbd4        34 1090.1  1973  9639   48536    (-,-) 
  u_crypto_synth_top/u_top/u_rsa/core_inst/result_mem/g658403/ZN                     -       I->ZN  R     inv0d0         2   21.7  1298  2532   51068    (-,-) 
  u_crypto_synth_top/u_top/u_rsa/core_inst/result_mem/g645707/ZN                     -       B2->ZN F     oai22d1        1   10.5   449   232   51300    (-,-) 
  u_crypto_synth_top/u_top/u_rsa/core_inst/result_mem/g640153/ZN                     -       C2->ZN R     aoi222d1       1   10.7   583   396   51696    (-,-) 
  u_crypto_synth_top/u_top/u_rsa/core_inst/result_mem/g639655/ZN                     -       B1->ZN F     oai22d1        1   10.6   390   183   51879    (-,-) 
  u_crypto_synth_top/u_top/u_rsa/core_inst/result_mem/g639513/ZN                     -       B2->ZN R     oai21d1        1   11.0   566   395   52273    (-,-) 
  u_crypto_synth_top/u_top/u_rsa/core_inst/result_mem/g639502/ZN                     -       A->ZN  F     aon211d1       1   10.7   304   230   52504    (-,-) 
  u_crypto_synth_top/u_top/u_rsa/core_inst/result_mem/g639422/ZN                     -       A->ZN  R     aoi221d1       1   10.6   700   241   52744    (-,-) 
  u_crypto_synth_top/u_top/u_rsa/core_inst/result_mem/g639329/ZN                     -       A->ZN  F     oai211d1       1    8.8   370   239   52984    (-,-) 
  u_crypto_synth_top/u_top/u_rsa/core_inst/result_mem/tmp_read_data0_reg[21]/D       -       -      F     dfnrq1         1      -     -     0   52984    (-,-) 
#--------------------------------------------------------------------------------------------------------------------------------------------------------------



Path 34: MET (1943 ps) Setup Check with Pin u_crypto_synth_top/u_top/u_rsa/core_inst/result_mem/tmp_read_data1_reg[4]/CP->D
          Group: R2R
     Startpoint: (R) u_crypto_synth_top/u_top/u_rsa/core_inst/result_mem/ptr_reg_reg[3]/CP
          Clock: (R) MAIN_CLK
       Endpoint: (R) u_crypto_synth_top/u_top/u_rsa/core_inst/result_mem/tmp_read_data1_reg[4]/D
          Clock: (R) MAIN_CLK

                     Capture       Launch     
        Clock Edge:+   58000            0     
       Src Latency:+     150          250     
       Net Latency:+       0 (I)        0 (I) 
           Arrival:=   58150          250     
                                              
             Setup:-     160                  
       Uncertainty:-    1450                  
       Path Adjust:+   -1500                  
     Required Time:=   55040                  
      Launch Clock:-     250                  
         Data Path:-   52846                  
             Slack:=    1943                  

Exceptions/Constraints:
  path_adjust            -1500            PA_C2C 

#-------------------------------------------------------------------------------------------------------------------------------------------------------
#                                Timing Point                                 Flags    Arc   Edge   Cell     Fanout  Load  Trans Delay Arrival Instance 
#                                                                                                                    (fF)   (ps)  (ps)   (ps)  Location 
#-------------------------------------------------------------------------------------------------------------------------------------------------------
  u_crypto_synth_top/u_top/u_rsa/core_inst/result_mem/ptr_reg_reg[3]/CP       -       -      R     (arrival)  19892      -     0     0     250    (-,-) 
  u_crypto_synth_top/u_top/u_rsa/core_inst/result_mem/ptr_reg_reg[3]/Q        -       CP->Q  R     dfcrq2        16  427.8  2373  1496    1746    (-,-) 
  u_crypto_synth_top/u_top/u_rsa/core_inst/result_mem/g669386/ZN              -       I->ZN  F     invbdf        92 4108.0  2228  1643    3389    (-,-) 
  u_crypto_synth_top/u_top/u_rsa/core_inst/result_mem/g669146/ZN              -       I->ZN  R     invbdf       100 4432.5  2292 21325   24714    (-,-) 
  u_crypto_synth_top/u_top/u_rsa/core_inst/result_mem/g669018/ZN              -       I->ZN  F     invbd2        23  586.9  2100 24689   49403    (-,-) 
  u_crypto_synth_top/u_top/u_rsa/core_inst/result_mem/g669017/ZN              -       I->ZN  R     inv0d2        17  305.9  1863  1707   51109    (-,-) 
  u_crypto_synth_top/u_top/u_rsa/core_inst/result_mem/g647044/ZN              -       B1->ZN F     aoi22d1        1    9.7   445   402   51512    (-,-) 
  u_crypto_synth_top/u_top/u_rsa/core_inst/result_mem/g643225/ZN              -       A1->ZN R     oai22d1        1   10.4   772   314   51826    (-,-) 
  u_crypto_synth_top/u_top/u_rsa/core_inst/result_mem/g640205/ZN              -       B1->ZN F     aoi221d1       1   10.8   516   227   52053    (-,-) 
  u_crypto_synth_top/u_top/u_rsa/core_inst/result_mem/g639872/ZN              -       B1->ZN R     oai22d1        1   10.7   833   410   52463    (-,-) 
  u_crypto_synth_top/u_top/u_rsa/core_inst/result_mem/g639554/ZN              -       C1->ZN F     oan211d1       1   10.0   352   194   52657    (-,-) 
  u_crypto_synth_top/u_top/u_rsa/core_inst/result_mem/g639478/ZN              -       A->ZN  R     aon211d1       1   10.4   470   163   52819    (-,-) 
  u_crypto_synth_top/u_top/u_rsa/core_inst/result_mem/g639391/ZN              -       A4->ZN F     nr04d1         1   10.0   210   133   52952    (-,-) 
  u_crypto_synth_top/u_top/u_rsa/core_inst/result_mem/g639338/ZN              -       A1->ZN R     nd02d1         1    8.7   204   144   53096    (-,-) 
  u_crypto_synth_top/u_top/u_rsa/core_inst/result_mem/tmp_read_data1_reg[4]/D -       -      R     dfnrq1         1      -     -     0   53096    (-,-) 
#-------------------------------------------------------------------------------------------------------------------------------------------------------



Path 35: MET (1962 ps) Setup Check with Pin u_crypto_synth_top/u_top/u_rsa/core_inst/result_mem/tmp_read_data1_reg[7]/CP->D
          Group: R2R
     Startpoint: (R) u_crypto_synth_top/u_top/u_rsa/core_inst/result_mem/ptr_reg_reg[3]/CP
          Clock: (R) MAIN_CLK
       Endpoint: (F) u_crypto_synth_top/u_top/u_rsa/core_inst/result_mem/tmp_read_data1_reg[7]/D
          Clock: (R) MAIN_CLK

                     Capture       Launch     
        Clock Edge:+   58000            0     
       Src Latency:+     150          250     
       Net Latency:+       0 (I)        0 (I) 
           Arrival:=   58150          250     
                                              
             Setup:-     295                  
       Uncertainty:-    1450                  
       Path Adjust:+   -1500                  
     Required Time:=   54905                  
      Launch Clock:-     250                  
         Data Path:-   52693                  
             Slack:=    1962                  

Exceptions/Constraints:
  path_adjust            -1500            PA_C2C 

#-------------------------------------------------------------------------------------------------------------------------------------------------------
#                                Timing Point                                 Flags    Arc   Edge   Cell     Fanout  Load  Trans Delay Arrival Instance 
#                                                                                                                    (fF)   (ps)  (ps)   (ps)  Location 
#-------------------------------------------------------------------------------------------------------------------------------------------------------
  u_crypto_synth_top/u_top/u_rsa/core_inst/result_mem/ptr_reg_reg[3]/CP       -       -      R     (arrival)  19892      -     0     0     250    (-,-) 
  u_crypto_synth_top/u_top/u_rsa/core_inst/result_mem/ptr_reg_reg[3]/Q        -       CP->Q  R     dfcrq2        16  427.8  2373  1496    1746    (-,-) 
  u_crypto_synth_top/u_top/u_rsa/core_inst/result_mem/g669386/ZN              -       I->ZN  F     invbdf        92 4108.0  2228  1643    3389    (-,-) 
  u_crypto_synth_top/u_top/u_rsa/core_inst/result_mem/g669146/ZN              -       I->ZN  R     invbdf       100 4432.5  2292 21325   24714    (-,-) 
  u_crypto_synth_top/u_top/u_rsa/core_inst/result_mem/g669042/ZN              -       I->ZN  F     inv0d4        31  974.3  1412 24283   48997    (-,-) 
  u_crypto_synth_top/u_top/u_rsa/core_inst/result_mem/g647472/ZN              -       A1->ZN R     aoi22d1        1   10.9   575  1538   50535    (-,-) 
  u_crypto_synth_top/u_top/u_rsa/core_inst/result_mem/g643395/Z               -       I0->Z  R     mx02d1         1   10.7   226   283   50818    (-,-) 
  u_crypto_synth_top/u_top/u_rsa/core_inst/result_mem/g641279/ZN              -       B1->ZN F     oai22d1        1   10.7   414   143   50962    (-,-) 
  u_crypto_synth_top/u_top/u_rsa/core_inst/result_mem/g640233/ZN              -       A->ZN  R     aoi221d1       1   10.2   613   260   51222    (-,-) 
  u_crypto_synth_top/u_top/u_rsa/core_inst/result_mem/g639973/ZN              -       A1->ZN F     oai22d1        1   10.8   483   175   51397    (-,-) 
  u_crypto_synth_top/u_top/u_rsa/core_inst/result_mem/g639572/ZN              -       C2->ZN R     oan211d1       1   11.0   828   607   52004    (-,-) 
  u_crypto_synth_top/u_top/u_rsa/core_inst/result_mem/g639462/ZN              -       A->ZN  F     aon211d1       1   10.3   340   263   52267    (-,-) 
  u_crypto_synth_top/u_top/u_rsa/core_inst/result_mem/g639370/ZN              -       A4->ZN R     nr04d1         1   10.4   860   421   52687    (-,-) 
  u_crypto_synth_top/u_top/u_rsa/core_inst/result_mem/g639315/ZN              -       A->ZN  F     oai221d1       1    8.8   418   256   52943    (-,-) 
  u_crypto_synth_top/u_top/u_rsa/core_inst/result_mem/tmp_read_data1_reg[7]/D -       -      F     dfnrq1         1      -     -     0   52943    (-,-) 
#-------------------------------------------------------------------------------------------------------------------------------------------------------



Path 36: MET (1966 ps) Setup Check with Pin u_crypto_synth_top/u_top/u_rsa/core_inst/result_mem/tmp_read_data1_reg[21]/CP->D
          Group: R2R
     Startpoint: (R) u_crypto_synth_top/u_top/u_rsa/core_inst/result_mem/ptr_reg_reg[3]/CP
          Clock: (R) MAIN_CLK
       Endpoint: (R) u_crypto_synth_top/u_top/u_rsa/core_inst/result_mem/tmp_read_data1_reg[21]/D
          Clock: (R) MAIN_CLK

                     Capture       Launch     
        Clock Edge:+   58000            0     
       Src Latency:+     150          250     
       Net Latency:+       0 (I)        0 (I) 
           Arrival:=   58150          250     
                                              
             Setup:-     160                  
       Uncertainty:-    1450                  
       Path Adjust:+   -1500                  
     Required Time:=   55040                  
      Launch Clock:-     250                  
         Data Path:-   52824                  
             Slack:=    1966                  

Exceptions/Constraints:
  path_adjust            -1500            PA_C2C 

#--------------------------------------------------------------------------------------------------------------------------------------------------------
#                                Timing Point                                  Flags    Arc   Edge   Cell     Fanout  Load  Trans Delay Arrival Instance 
#                                                                                                                     (fF)   (ps)  (ps)   (ps)  Location 
#--------------------------------------------------------------------------------------------------------------------------------------------------------
  u_crypto_synth_top/u_top/u_rsa/core_inst/result_mem/ptr_reg_reg[3]/CP        -       -      R     (arrival)  19892      -     0     0     250    (-,-) 
  u_crypto_synth_top/u_top/u_rsa/core_inst/result_mem/ptr_reg_reg[3]/Q         -       CP->Q  R     dfcrq2        16  427.8  2373  1496    1746    (-,-) 
  u_crypto_synth_top/u_top/u_rsa/core_inst/result_mem/g669386/ZN               -       I->ZN  F     invbdf        92 4108.0  2228  1643    3389    (-,-) 
  u_crypto_synth_top/u_top/u_rsa/core_inst/result_mem/g669146/ZN               -       I->ZN  R     invbdf       100 4432.5  2292 21325   24714    (-,-) 
  u_crypto_synth_top/u_top/u_rsa/core_inst/result_mem/g669093/ZN               -       I->ZN  F     inv0d2        17  313.9  1097 24057   48771    (-,-) 
  u_crypto_synth_top/u_top/u_rsa/core_inst/result_mem/g669092/ZN               -       I->ZN  R     inv0d4        30  927.6  2732  1574   50345    (-,-) 
  u_crypto_synth_top/u_top/u_rsa/core_inst/result_mem/g646733/ZN               -       B1->ZN F     aoi22d1        1   10.8   566  1336   51682    (-,-) 
  u_crypto_synth_top/u_top/u_rsa/core_inst/result_mem/g644146/ZN               -       B1->ZN R     oai22d1        1   11.0   736   425   52106    (-,-) 
  u_crypto_synth_top/u_top/u_rsa/core_inst/result_mem/g641807/ZN               -       B1->ZN F     aoi22d1        1   10.8   460   237   52344    (-,-) 
  u_crypto_synth_top/u_top/u_rsa/core_inst/result_mem/g640677/ZN               -       B2->ZN R     aoi21d1        1   10.7   652   415   52759    (-,-) 
  u_crypto_synth_top/u_top/u_rsa/core_inst/result_mem/g639390/ZN               -       A2->ZN F     nr04d1         1   10.0   225   168   52927    (-,-) 
  u_crypto_synth_top/u_top/u_rsa/core_inst/result_mem/g639351/ZN               -       A1->ZN R     nd02d1         1    8.7   202   147   53074    (-,-) 
  u_crypto_synth_top/u_top/u_rsa/core_inst/result_mem/tmp_read_data1_reg[21]/D -       -      R     dfnrq1         1      -     -     0   53074    (-,-) 
#--------------------------------------------------------------------------------------------------------------------------------------------------------



Path 37: MET (2035 ps) Setup Check with Pin u_crypto_synth_top/u_top/u_rsa/core_inst/result_mem/tmp_read_data0_reg[10]/CP->D
          Group: R2R
     Startpoint: (R) u_crypto_synth_top/u_top/u_rsa/core_inst/montprod_inst/montprod_ctrl_reg_reg[3]/CP
          Clock: (R) MAIN_CLK
       Endpoint: (F) u_crypto_synth_top/u_top/u_rsa/core_inst/result_mem/tmp_read_data0_reg[10]/D
          Clock: (R) MAIN_CLK

                     Capture       Launch     
        Clock Edge:+   58000            0     
       Src Latency:+     150          250     
       Net Latency:+       0 (I)        0 (I) 
           Arrival:=   58150          250     
                                              
             Setup:-     277                  
       Uncertainty:-    1450                  
       Path Adjust:+   -1500                  
     Required Time:=   54923                  
      Launch Clock:-     250                  
         Data Path:-   52637                  
             Slack:=    2035                  

Exceptions/Constraints:
  path_adjust            -1500            PA_C2C 

#--------------------------------------------------------------------------------------------------------------------------------------------------------------
#                                   Timing Point                                     Flags    Arc   Edge   Cell     Fanout  Load  Trans Delay Arrival Instance 
#                                                                                                                           (fF)   (ps)  (ps)   (ps)  Location 
#--------------------------------------------------------------------------------------------------------------------------------------------------------------
  u_crypto_synth_top/u_top/u_rsa/core_inst/montprod_inst/montprod_ctrl_reg_reg[3]/CP -       -      R     (arrival)  19892      -     0     0     250    (-,-) 
  u_crypto_synth_top/u_top/u_rsa/core_inst/montprod_inst/montprod_ctrl_reg_reg[3]/Q  -       CP->Q  F     dfcrb2        18  259.2   708  1002    1252    (-,-) 
  u_crypto_synth_top/u_top/u_rsa/core_inst/montprod_inst/g4777/Z                     -       A2->Z  F     or02d1         3   25.2   234   565    1817    (-,-) 
  u_crypto_synth_top/u_top/u_rsa/core_inst/montprod_inst/g4774/ZN                    -       A2->ZN R     nr02d1         6   71.3  1518   741    2558    (-,-) 
  u_crypto_synth_top/u_top/u_rsa/core_inst/montprod_inst/g4773/ZN                    -       I->ZN  F     inv0d2        14  197.9   710   540    3098    (-,-) 
  u_crypto_synth_top/u_top/u_rsa/core_inst/montprod_inst/g4760/Z                     -       B2->Z  F     aor22d4       25  798.5   956  1032    4130    (-,-) 
  u_crypto_synth_top/u_top/u_rsa/core_inst/result_mem/g659590/ZN                     -       I->ZN  R     inv0d4        22  629.8  1866  1692    5822    (-,-) 
  u_crypto_synth_top/u_top/u_rsa/core_inst/result_mem/g658796/ZN                     -       I->ZN  F     invbdk       111 4928.7  1996  1686    7508    (-,-) 
  u_crypto_synth_top/u_top/u_rsa/core_inst/result_mem/g658452/ZN                     -       I->ZN  R     inv0da        64 2608.7  3000 31389   38897    (-,-) 
  u_crypto_synth_top/u_top/u_rsa/core_inst/result_mem/g658420/ZN                     -       I->ZN  F     invbd4        34 1090.1  1973  9639   48536    (-,-) 
  u_crypto_synth_top/u_top/u_rsa/core_inst/result_mem/g658403/ZN                     -       I->ZN  R     inv0d0         2   21.7  1298  2532   51068    (-,-) 
  u_crypto_synth_top/u_top/u_rsa/core_inst/result_mem/g646546/ZN                     -       B2->ZN F     oai22d1        1   10.5   554   232   51300    (-,-) 
  u_crypto_synth_top/u_top/u_rsa/core_inst/result_mem/g640171/ZN                     -       C2->ZN R     aoi222d1       1   10.7   664   412   51712    (-,-) 
  u_crypto_synth_top/u_top/u_rsa/core_inst/result_mem/g639659/ZN                     -       B1->ZN F     oai22d1        1   10.7   436   190   51902    (-,-) 
  u_crypto_synth_top/u_top/u_rsa/core_inst/result_mem/g639613/ZN                     -       A->ZN  R     aoi221d1       1   10.4   560   267   52169    (-,-) 
  u_crypto_synth_top/u_top/u_rsa/core_inst/result_mem/g639510/ZN                     -       A->ZN  F     oai221d1       1   10.0   495   227   52396    (-,-) 
  u_crypto_synth_top/u_top/u_rsa/core_inst/result_mem/g639440/ZN                     -       B1->ZN R     aoi22d1        1   10.4   553   289   52685    (-,-) 
  u_crypto_synth_top/u_top/u_rsa/core_inst/result_mem/g639359/ZN                     -       A2->ZN F     nd04d1         1    8.8   349   202   52887    (-,-) 
  u_crypto_synth_top/u_top/u_rsa/core_inst/result_mem/tmp_read_data0_reg[10]/D       -       -      F     dfnrq1         1      -     -     0   52887    (-,-) 
#--------------------------------------------------------------------------------------------------------------------------------------------------------------



Path 38: MET (2048 ps) Setup Check with Pin u_crypto_synth_top/u_top/u_rsa/core_inst/result_mem/tmp_read_data0_reg[14]/CP->D
          Group: R2R
     Startpoint: (R) u_crypto_synth_top/u_top/u_rsa/modulus_length_reg_reg[0]/CP
          Clock: (R) MAIN_CLK
       Endpoint: (R) u_crypto_synth_top/u_top/u_rsa/core_inst/result_mem/tmp_read_data0_reg[14]/D
          Clock: (R) MAIN_CLK

                     Capture       Launch     
        Clock Edge:+   58000            0     
       Src Latency:+     150          250     
       Net Latency:+       0 (I)        0 (I) 
           Arrival:=   58150          250     
                                              
             Setup:-     209                  
       Uncertainty:-    1450                  
       Path Adjust:+   -1500                  
     Required Time:=   54991                  
      Launch Clock:-     250                  
         Data Path:-   52693                  
             Slack:=    2048                  

Exceptions/Constraints:
  path_adjust            -1500            PA_C2C 

#--------------------------------------------------------------------------------------------------------------------------------------------------------
#                                Timing Point                                  Flags    Arc   Edge   Cell     Fanout  Load  Trans Delay Arrival Instance 
#                                                                                                                     (fF)   (ps)  (ps)   (ps)  Location 
#--------------------------------------------------------------------------------------------------------------------------------------------------------
  u_crypto_synth_top/u_top/u_rsa/modulus_length_reg_reg[0]/CP                  -       -      R     (arrival)  19892      -     0     0     250    (-,-) 
  u_crypto_synth_top/u_top/u_rsa/modulus_length_reg_reg[0]/Q                   -       CP->Q  F     sdcrq4        26  711.6  1395  1186    1436    (-,-) 
  u_crypto_synth_top/u_top/u_rsa/core_inst/montprod_inst/g4779/ZN              -       A2->ZN R     nr03d0         3   27.9  2586  2103    3539    (-,-) 
  u_crypto_synth_top/u_top/u_rsa/core_inst/montprod_inst/g4776/ZN              -       A1->ZN F     nd03d1         3   24.3   762   457    3996    (-,-) 
  u_crypto_synth_top/u_top/u_rsa/core_inst/montprod_inst/g4775/ZN              -       I->ZN  R     inv0d0         1    9.9   607   481    4477    (-,-) 
  u_crypto_synth_top/u_top/u_rsa/core_inst/montprod_inst/g4763/S               -       A->S   F     ah01d1         1    8.6   150   441    4918    (-,-) 
  u_crypto_synth_top/u_top/u_rsa/core_inst/montprod_inst/g4761/ZN              -       I->ZN  R     inv0d1         4   44.3   585   306    5225    (-,-) 
  u_crypto_synth_top/u_top/u_rsa/core_inst/montprod_inst/g4756/Z               -       I0->Z  R     mx02d2        12  330.1  2099  1163    6388    (-,-) 
  u_crypto_synth_top/u_top/u_rsa/core_inst/result_mem/g663228/ZN               -       I->ZN  F     invbdf        72 3334.1  1852  1358    7746    (-,-) 
  u_crypto_synth_top/u_top/u_rsa/core_inst/result_mem/g662433/ZN               -       I->ZN  R     invbdk       109 4843.5  1867 13343   21088    (-,-) 
  u_crypto_synth_top/u_top/u_rsa/core_inst/result_mem/g662426/ZN               -       I->ZN  F     inv0d2        14  253.6   881 28616   49705    (-,-) 
  u_crypto_synth_top/u_top/u_rsa/core_inst/result_mem/g662415/ZN               -       I->ZN  R     inv0d1         9  142.7  1798  1086   50791    (-,-) 
  u_crypto_synth_top/u_top/u_rsa/core_inst/result_mem/g651123/ZN               -       B1->ZN F     aoi22d1        1    9.7   444   325   51116    (-,-) 
  u_crypto_synth_top/u_top/u_rsa/core_inst/result_mem/g645071/ZN               -       A1->ZN R     oai22d1        1   11.4   742   326   51442    (-,-) 
  u_crypto_synth_top/u_top/u_rsa/core_inst/result_mem/g640131/ZN               -       B2->ZN F     aoi222d1       1   10.8   580   220   51662    (-,-) 
  u_crypto_synth_top/u_top/u_rsa/core_inst/result_mem/g639646/ZN               -       B1->ZN R     oai22d1        1   10.7   771   424   52087    (-,-) 
  u_crypto_synth_top/u_top/u_rsa/core_inst/result_mem/g639614/ZN               -       A->ZN  F     aoi221d1       1    9.6   473   139   52226    (-,-) 
  u_crypto_synth_top/u_top/u_rsa/core_inst/result_mem/g639507/ZN               -       A->ZN  R     oai221d1       1   10.5   814   254   52480    (-,-) 
  u_crypto_synth_top/u_top/u_rsa/core_inst/result_mem/g639430/ZN               -       C1->ZN F     aoi211d1       1   10.6   444   228   52708    (-,-) 
  u_crypto_synth_top/u_top/u_rsa/core_inst/result_mem/g639322/ZN               -       B->ZN  R     oai211d1       1    8.7   520   234   52942    (-,-) 
  u_crypto_synth_top/u_top/u_rsa/core_inst/result_mem/tmp_read_data0_reg[14]/D -       -      R     dfnrq1         1      -     -     0   52943    (-,-) 
#--------------------------------------------------------------------------------------------------------------------------------------------------------



Path 39: MET (2085 ps) Setup Check with Pin u_crypto_synth_top/u_top/u_rsa/core_inst/result_mem/tmp_read_data0_reg[26]/CP->D
          Group: R2R
     Startpoint: (R) u_crypto_synth_top/u_top/u_rsa/modulus_length_reg_reg[0]/CP
          Clock: (R) MAIN_CLK
       Endpoint: (R) u_crypto_synth_top/u_top/u_rsa/core_inst/result_mem/tmp_read_data0_reg[26]/D
          Clock: (R) MAIN_CLK

                     Capture       Launch     
        Clock Edge:+   58000            0     
       Src Latency:+     150          250     
       Net Latency:+       0 (I)        0 (I) 
           Arrival:=   58150          250     
                                              
             Setup:-     187                  
       Uncertainty:-    1450                  
       Path Adjust:+   -1500                  
     Required Time:=   55013                  
      Launch Clock:-     250                  
         Data Path:-   52678                  
             Slack:=    2085                  

Exceptions/Constraints:
  path_adjust            -1500            PA_C2C 

#--------------------------------------------------------------------------------------------------------------------------------------------------------
#                                Timing Point                                  Flags    Arc   Edge   Cell     Fanout  Load  Trans Delay Arrival Instance 
#                                                                                                                     (fF)   (ps)  (ps)   (ps)  Location 
#--------------------------------------------------------------------------------------------------------------------------------------------------------
  u_crypto_synth_top/u_top/u_rsa/modulus_length_reg_reg[0]/CP                  -       -      R     (arrival)  19892      -     0     0     250    (-,-) 
  u_crypto_synth_top/u_top/u_rsa/modulus_length_reg_reg[0]/Q                   -       CP->Q  F     sdcrq4        26  711.6  1395  1186    1436    (-,-) 
  u_crypto_synth_top/u_top/u_rsa/core_inst/montprod_inst/g4779/ZN              -       A2->ZN R     nr03d0         3   27.9  2586  2103    3539    (-,-) 
  u_crypto_synth_top/u_top/u_rsa/core_inst/montprod_inst/g4776/ZN              -       A1->ZN F     nd03d1         3   24.3   762   457    3996    (-,-) 
  u_crypto_synth_top/u_top/u_rsa/core_inst/montprod_inst/g4775/ZN              -       I->ZN  R     inv0d0         1    9.9   607   481    4477    (-,-) 
  u_crypto_synth_top/u_top/u_rsa/core_inst/montprod_inst/g4763/S               -       A->S   F     ah01d1         1    8.6   150   441    4918    (-,-) 
  u_crypto_synth_top/u_top/u_rsa/core_inst/montprod_inst/g4761/ZN              -       I->ZN  R     inv0d1         4   44.3   585   306    5225    (-,-) 
  u_crypto_synth_top/u_top/u_rsa/core_inst/montprod_inst/g4756/Z               -       I0->Z  R     mx02d2        12  330.1  2099  1163    6388    (-,-) 
  u_crypto_synth_top/u_top/u_rsa/core_inst/result_mem/g663228/ZN               -       I->ZN  F     invbdf        72 3334.1  1852  1358    7746    (-,-) 
  u_crypto_synth_top/u_top/u_rsa/core_inst/result_mem/g662433/ZN               -       I->ZN  R     invbdk       109 4843.5  1867 13343   21088    (-,-) 
  u_crypto_synth_top/u_top/u_rsa/core_inst/result_mem/g662426/ZN               -       I->ZN  F     inv0d2        14  253.6   881 28616   49705    (-,-) 
  u_crypto_synth_top/u_top/u_rsa/core_inst/result_mem/g662415/ZN               -       I->ZN  R     inv0d1         9  142.7  1798  1086   50791    (-,-) 
  u_crypto_synth_top/u_top/u_rsa/core_inst/result_mem/g653028/ZN               -       B1->ZN F     aoi22d1        1   10.8   450   335   51126    (-,-) 
  u_crypto_synth_top/u_top/u_rsa/core_inst/result_mem/g646088/ZN               -       B1->ZN R     oai22d1        1   11.0   741   399   51525    (-,-) 
  u_crypto_synth_top/u_top/u_rsa/core_inst/result_mem/g642383/ZN               -       B1->ZN F     aoi22d1        1    9.9   405   232   51758    (-,-) 
  u_crypto_synth_top/u_top/u_rsa/core_inst/result_mem/g640184/ZN               -       A1->ZN R     oai222d1       1   10.8   912   304   52061    (-,-) 
  u_crypto_synth_top/u_top/u_rsa/core_inst/result_mem/g639636/ZN               -       A1->ZN F     aoi22d1        1    9.6   417   183   52244    (-,-) 
  u_crypto_synth_top/u_top/u_rsa/core_inst/result_mem/g639521/ZN               -       A2->ZN R     nd04d1         1   11.0   420   258   52502    (-,-) 
  u_crypto_synth_top/u_top/u_rsa/core_inst/result_mem/g639455/ZN               -       B1->ZN F     aoi22d1        1    9.6   414   186   52689    (-,-) 
  u_crypto_synth_top/u_top/u_rsa/core_inst/result_mem/g639365/ZN               -       A2->ZN R     nd04d1         1    8.7   376   239   52927    (-,-) 
  u_crypto_synth_top/u_top/u_rsa/core_inst/result_mem/tmp_read_data0_reg[26]/D -       -      R     dfnrq1         1      -     -     0   52928    (-,-) 
#--------------------------------------------------------------------------------------------------------------------------------------------------------



Path 40: MET (2132 ps) Setup Check with Pin u_crypto_synth_top/u_top/u_rsa/core_inst/result_mem/tmp_read_data1_reg[8]/CP->D
          Group: R2R
     Startpoint: (R) u_crypto_synth_top/u_top/u_rsa/core_inst/result_mem/ptr_reg_reg[3]/CP
          Clock: (R) MAIN_CLK
       Endpoint: (R) u_crypto_synth_top/u_top/u_rsa/core_inst/result_mem/tmp_read_data1_reg[8]/D
          Clock: (R) MAIN_CLK

                     Capture       Launch     
        Clock Edge:+   58000            0     
       Src Latency:+     150          250     
       Net Latency:+       0 (I)        0 (I) 
           Arrival:=   58150          250     
                                              
             Setup:-     160                  
       Uncertainty:-    1450                  
       Path Adjust:+   -1500                  
     Required Time:=   55040                  
      Launch Clock:-     250                  
         Data Path:-   52658                  
             Slack:=    2132                  

Exceptions/Constraints:
  path_adjust            -1500            PA_C2C 

#-------------------------------------------------------------------------------------------------------------------------------------------------------
#                                Timing Point                                 Flags    Arc   Edge   Cell     Fanout  Load  Trans Delay Arrival Instance 
#                                                                                                                    (fF)   (ps)  (ps)   (ps)  Location 
#-------------------------------------------------------------------------------------------------------------------------------------------------------
  u_crypto_synth_top/u_top/u_rsa/core_inst/result_mem/ptr_reg_reg[3]/CP       -       -      R     (arrival)  19892      -     0     0     250    (-,-) 
  u_crypto_synth_top/u_top/u_rsa/core_inst/result_mem/ptr_reg_reg[3]/Q        -       CP->Q  R     dfcrq2        16  427.8  2373  1496    1746    (-,-) 
  u_crypto_synth_top/u_top/u_rsa/core_inst/result_mem/g669386/ZN              -       I->ZN  F     invbdf        92 4108.0  2228  1643    3389    (-,-) 
  u_crypto_synth_top/u_top/u_rsa/core_inst/result_mem/g669146/ZN              -       I->ZN  R     invbdf       100 4432.5  2292 21325   24714    (-,-) 
  u_crypto_synth_top/u_top/u_rsa/core_inst/result_mem/g669093/ZN              -       I->ZN  F     inv0d2        17  313.9  1097 24057   48771    (-,-) 
  u_crypto_synth_top/u_top/u_rsa/core_inst/result_mem/g669092/ZN              -       I->ZN  R     inv0d4        30  927.6  2732  1574   50345    (-,-) 
  u_crypto_synth_top/u_top/u_rsa/core_inst/result_mem/g647508/ZN              -       B1->ZN F     aoi22d1        1    9.7   550  1324   51670    (-,-) 
  u_crypto_synth_top/u_top/u_rsa/core_inst/result_mem/g643410/ZN              -       A1->ZN R     oai22d1        1   11.0   734   344   52014    (-,-) 
  u_crypto_synth_top/u_top/u_rsa/core_inst/result_mem/g641497/ZN              -       B1->ZN F     aoi22d1        1   10.5   444   235   52249    (-,-) 
  u_crypto_synth_top/u_top/u_rsa/core_inst/result_mem/g640599/ZN              -       B1->ZN R     aoi21d1        1   10.4   558   364   52613    (-,-) 
  u_crypto_synth_top/u_top/u_rsa/core_inst/result_mem/g639771/ZN              -       A4->ZN F     nr04d1         1   10.2   212   141   52754    (-,-) 
  u_crypto_synth_top/u_top/u_rsa/core_inst/result_mem/g639340/ZN              -       A2->ZN R     nd02d1         1    8.7   202   154   52908    (-,-) 
  u_crypto_synth_top/u_top/u_rsa/core_inst/result_mem/tmp_read_data1_reg[8]/D -       -      R     dfnrq1         1      -     -     0   52908    (-,-) 
#-------------------------------------------------------------------------------------------------------------------------------------------------------



Path 41: MET (2141 ps) Setup Check with Pin u_crypto_synth_top/u_top/u_rsa/core_inst/result_mem/tmp_read_data0_reg[30]/CP->D
          Group: R2R
     Startpoint: (R) u_crypto_synth_top/u_top/u_rsa/modulus_length_reg_reg[0]/CP
          Clock: (R) MAIN_CLK
       Endpoint: (F) u_crypto_synth_top/u_top/u_rsa/core_inst/result_mem/tmp_read_data0_reg[30]/D
          Clock: (R) MAIN_CLK

                     Capture       Launch     
        Clock Edge:+   58000            0     
       Src Latency:+     150          250     
       Net Latency:+       0 (I)        0 (I) 
           Arrival:=   58150          250     
                                              
             Setup:-     274                  
       Uncertainty:-    1450                  
       Path Adjust:+   -1500                  
     Required Time:=   54926                  
      Launch Clock:-     250                  
         Data Path:-   52535                  
             Slack:=    2141                  

Exceptions/Constraints:
  path_adjust            -1500            PA_C2C 

#--------------------------------------------------------------------------------------------------------------------------------------------------------
#                                Timing Point                                  Flags    Arc   Edge   Cell     Fanout  Load  Trans Delay Arrival Instance 
#                                                                                                                     (fF)   (ps)  (ps)   (ps)  Location 
#--------------------------------------------------------------------------------------------------------------------------------------------------------
  u_crypto_synth_top/u_top/u_rsa/modulus_length_reg_reg[0]/CP                  -       -      R     (arrival)  19892      -     0     0     250    (-,-) 
  u_crypto_synth_top/u_top/u_rsa/modulus_length_reg_reg[0]/Q                   -       CP->Q  F     sdcrq4        26  711.6  1395  1186    1436    (-,-) 
  u_crypto_synth_top/u_top/u_rsa/core_inst/montprod_inst/g4779/ZN              -       A2->ZN R     nr03d0         3   27.9  2586  2103    3539    (-,-) 
  u_crypto_synth_top/u_top/u_rsa/core_inst/montprod_inst/g4776/ZN              -       A1->ZN F     nd03d1         3   24.3   762   457    3996    (-,-) 
  u_crypto_synth_top/u_top/u_rsa/core_inst/montprod_inst/g4775/ZN              -       I->ZN  R     inv0d0         1    9.9   607   481    4477    (-,-) 
  u_crypto_synth_top/u_top/u_rsa/core_inst/montprod_inst/g4763/S               -       A->S   F     ah01d1         1    8.6   150   441    4918    (-,-) 
  u_crypto_synth_top/u_top/u_rsa/core_inst/montprod_inst/g4761/ZN              -       I->ZN  R     inv0d1         4   44.3   585   306    5225    (-,-) 
  u_crypto_synth_top/u_top/u_rsa/core_inst/montprod_inst/g4756/Z               -       I0->Z  R     mx02d2        12  330.1  2099  1163    6388    (-,-) 
  u_crypto_synth_top/u_top/u_rsa/core_inst/result_mem/g663228/ZN               -       I->ZN  F     invbdf        72 3334.1  1852  1358    7746    (-,-) 
  u_crypto_synth_top/u_top/u_rsa/core_inst/result_mem/g662433/ZN               -       I->ZN  R     invbdk       109 4843.5  1867 13343   21088    (-,-) 
  u_crypto_synth_top/u_top/u_rsa/core_inst/result_mem/g662388/ZN               -       I->ZN  F     inv0d4        24  632.8   989 28712   49800    (-,-) 
  u_crypto_synth_top/u_top/u_rsa/core_inst/result_mem/g653885/ZN               -       A1->ZN R     aoi22d1        1   10.7   571   811   50612    (-,-) 
  u_crypto_synth_top/u_top/u_rsa/core_inst/result_mem/g646442/ZN               -       B1->ZN F     oai22d1        1   10.8   490   183   50794    (-,-) 
  u_crypto_synth_top/u_top/u_rsa/core_inst/result_mem/g642432/ZN               -       A1->ZN R     aoi22d1        1   10.2   572   257   51052    (-,-) 
  u_crypto_synth_top/u_top/u_rsa/core_inst/result_mem/g640907/ZN               -       A1->ZN F     oai22d1        1   10.9   486   172   51223    (-,-) 
  u_crypto_synth_top/u_top/u_rsa/core_inst/result_mem/g639831/ZN               -       B->ZN  R     aon211d1       1   10.8   560   277   51501    (-,-) 
  u_crypto_synth_top/u_top/u_rsa/core_inst/result_mem/g639630/ZN               -       B->ZN  F     oaim211d1      1   10.7   260   172   51673    (-,-) 
  u_crypto_synth_top/u_top/u_rsa/core_inst/result_mem/g639523/ZN               -       A->ZN  R     aoi221d1       1   10.2   592   227   51900    (-,-) 
  u_crypto_synth_top/u_top/u_rsa/core_inst/result_mem/g639442/ZN               -       A1->ZN F     oai22d1        1   10.3   496   170   52070    (-,-) 
  u_crypto_synth_top/u_top/u_rsa/core_inst/result_mem/g639406/ZN               -       A4->ZN R     nr04d1         1   10.6   869   456   52526    (-,-) 
  u_crypto_synth_top/u_top/u_rsa/core_inst/result_mem/g639364/ZN               -       A->ZN  F     oai211d1       1    8.8   338   258   52784    (-,-) 
  u_crypto_synth_top/u_top/u_rsa/core_inst/result_mem/tmp_read_data0_reg[30]/D -       -      F     dfnrq1         1      -     -     0   52785    (-,-) 
#--------------------------------------------------------------------------------------------------------------------------------------------------------



Path 42: MET (2156 ps) Setup Check with Pin u_crypto_synth_top/u_top/u_rsa/core_inst/result_mem/tmp_read_data0_reg[9]/CP->D
          Group: R2R
     Startpoint: (R) u_crypto_synth_top/u_top/u_rsa/modulus_length_reg_reg[0]/CP
          Clock: (R) MAIN_CLK
       Endpoint: (R) u_crypto_synth_top/u_top/u_rsa/core_inst/result_mem/tmp_read_data0_reg[9]/D
          Clock: (R) MAIN_CLK

                     Capture       Launch     
        Clock Edge:+   58000            0     
       Src Latency:+     150          250     
       Net Latency:+       0 (I)        0 (I) 
           Arrival:=   58150          250     
                                              
             Setup:-     187                  
       Uncertainty:-    1450                  
       Path Adjust:+   -1500                  
     Required Time:=   55013                  
      Launch Clock:-     250                  
         Data Path:-   52607                  
             Slack:=    2156                  

Exceptions/Constraints:
  path_adjust            -1500            PA_C2C 

#-------------------------------------------------------------------------------------------------------------------------------------------------------
#                                Timing Point                                 Flags    Arc   Edge   Cell     Fanout  Load  Trans Delay Arrival Instance 
#                                                                                                                    (fF)   (ps)  (ps)   (ps)  Location 
#-------------------------------------------------------------------------------------------------------------------------------------------------------
  u_crypto_synth_top/u_top/u_rsa/modulus_length_reg_reg[0]/CP                 -       -      R     (arrival)  19892      -     0     0     250    (-,-) 
  u_crypto_synth_top/u_top/u_rsa/modulus_length_reg_reg[0]/Q                  -       CP->Q  F     sdcrq4        26  711.6  1395  1186    1436    (-,-) 
  u_crypto_synth_top/u_top/u_rsa/core_inst/montprod_inst/g4779/ZN             -       A2->ZN R     nr03d0         3   27.9  2586  2103    3539    (-,-) 
  u_crypto_synth_top/u_top/u_rsa/core_inst/montprod_inst/g4776/ZN             -       A1->ZN F     nd03d1         3   24.3   762   457    3996    (-,-) 
  u_crypto_synth_top/u_top/u_rsa/core_inst/montprod_inst/g4775/ZN             -       I->ZN  R     inv0d0         1    9.9   607   481    4477    (-,-) 
  u_crypto_synth_top/u_top/u_rsa/core_inst/montprod_inst/g4763/S              -       A->S   F     ah01d1         1    8.6   150   441    4918    (-,-) 
  u_crypto_synth_top/u_top/u_rsa/core_inst/montprod_inst/g4761/ZN             -       I->ZN  R     inv0d1         4   44.3   585   306    5225    (-,-) 
  u_crypto_synth_top/u_top/u_rsa/core_inst/montprod_inst/g4756/Z              -       I0->Z  R     mx02d2        12  330.1  2099  1163    6388    (-,-) 
  u_crypto_synth_top/u_top/u_rsa/core_inst/result_mem/g663228/ZN              -       I->ZN  F     invbdf        72 3334.1  1852  1358    7746    (-,-) 
  u_crypto_synth_top/u_top/u_rsa/core_inst/result_mem/g662433/ZN              -       I->ZN  R     invbdk       109 4843.5  1867 13343   21088    (-,-) 
  u_crypto_synth_top/u_top/u_rsa/core_inst/result_mem/g662426/ZN              -       I->ZN  F     inv0d2        14  253.6   881 28616   49705    (-,-) 
  u_crypto_synth_top/u_top/u_rsa/core_inst/result_mem/g662415/ZN              -       I->ZN  R     inv0d1         9  142.7  1798  1086   50791    (-,-) 
  u_crypto_synth_top/u_top/u_rsa/core_inst/result_mem/g653907/ZN              -       B1->ZN F     aoi22d1        1   10.8   473   335   51126    (-,-) 
  u_crypto_synth_top/u_top/u_rsa/core_inst/result_mem/g646450/ZN              -       B1->ZN R     oai22d1        1   10.9   676   402   51529    (-,-) 
  u_crypto_synth_top/u_top/u_rsa/core_inst/result_mem/g640403/ZN              -       B2->ZN F     aoi221d1       1   10.8   575   204   51733    (-,-) 
  u_crypto_synth_top/u_top/u_rsa/core_inst/result_mem/g639928/ZN              -       B1->ZN R     oai22d1        1   10.7   721   423   52156    (-,-) 
  u_crypto_synth_top/u_top/u_rsa/core_inst/result_mem/g639673/ZN              -       A->ZN  F     aoi221d1       1    9.8   497   137   52293    (-,-) 
  u_crypto_synth_top/u_top/u_rsa/core_inst/result_mem/g639496/Z               -       B1->Z  F     aoim22d1       1    9.6   350   340   52633    (-,-) 
  u_crypto_synth_top/u_top/u_rsa/core_inst/result_mem/g639383/ZN              -       A2->ZN R     nd04d1         1    8.7   376   224   52857    (-,-) 
  u_crypto_synth_top/u_top/u_rsa/core_inst/result_mem/tmp_read_data0_reg[9]/D -       -      R     dfnrq1         1      -     -     0   52857    (-,-) 
#-------------------------------------------------------------------------------------------------------------------------------------------------------



Path 43: MET (2290 ps) Setup Check with Pin u_crypto_synth_top/u_top/u_rsa/core_inst/result_mem/tmp_read_data0_reg[29]/CP->D
          Group: R2R
     Startpoint: (R) u_crypto_synth_top/u_top/u_rsa/modulus_length_reg_reg[0]/CP
          Clock: (R) MAIN_CLK
       Endpoint: (F) u_crypto_synth_top/u_top/u_rsa/core_inst/result_mem/tmp_read_data0_reg[29]/D
          Clock: (R) MAIN_CLK

                     Capture       Launch     
        Clock Edge:+   58000            0     
       Src Latency:+     150          250     
       Net Latency:+       0 (I)        0 (I) 
           Arrival:=   58150          250     
                                              
             Setup:-     277                  
       Uncertainty:-    1450                  
       Path Adjust:+   -1500                  
     Required Time:=   54923                  
      Launch Clock:-     250                  
         Data Path:-   52383                  
             Slack:=    2290                  

Exceptions/Constraints:
  path_adjust            -1500            PA_C2C 

#--------------------------------------------------------------------------------------------------------------------------------------------------------
#                                Timing Point                                  Flags    Arc   Edge   Cell     Fanout  Load  Trans Delay Arrival Instance 
#                                                                                                                     (fF)   (ps)  (ps)   (ps)  Location 
#--------------------------------------------------------------------------------------------------------------------------------------------------------
  u_crypto_synth_top/u_top/u_rsa/modulus_length_reg_reg[0]/CP                  -       -      R     (arrival)  19892      -     0     0     250    (-,-) 
  u_crypto_synth_top/u_top/u_rsa/modulus_length_reg_reg[0]/Q                   -       CP->Q  F     sdcrq4        26  711.6  1395  1186    1436    (-,-) 
  u_crypto_synth_top/u_top/u_rsa/core_inst/montprod_inst/g4779/ZN              -       A2->ZN R     nr03d0         3   27.9  2586  2103    3539    (-,-) 
  u_crypto_synth_top/u_top/u_rsa/core_inst/montprod_inst/g4776/ZN              -       A1->ZN F     nd03d1         3   24.3   762   457    3996    (-,-) 
  u_crypto_synth_top/u_top/u_rsa/core_inst/montprod_inst/g4775/ZN              -       I->ZN  R     inv0d0         1    9.9   607   481    4477    (-,-) 
  u_crypto_synth_top/u_top/u_rsa/core_inst/montprod_inst/g4763/S               -       A->S   F     ah01d1         1    8.6   150   441    4918    (-,-) 
  u_crypto_synth_top/u_top/u_rsa/core_inst/montprod_inst/g4761/ZN              -       I->ZN  R     inv0d1         4   44.3   585   306    5225    (-,-) 
  u_crypto_synth_top/u_top/u_rsa/core_inst/montprod_inst/g4756/Z               -       I0->Z  R     mx02d2        12  330.1  2099  1163    6388    (-,-) 
  u_crypto_synth_top/u_top/u_rsa/core_inst/result_mem/g663228/ZN               -       I->ZN  F     invbdf        72 3334.1  1852  1358    7746    (-,-) 
  u_crypto_synth_top/u_top/u_rsa/core_inst/result_mem/g662433/ZN               -       I->ZN  R     invbdk       109 4843.5  1867 13343   21088    (-,-) 
  u_crypto_synth_top/u_top/u_rsa/core_inst/result_mem/g662330/ZN               -       I->ZN  F     invbd2        22  530.2  1898 29220   50309    (-,-) 
  u_crypto_synth_top/u_top/u_rsa/core_inst/result_mem/g653552/ZN               -       A1->ZN R     aoi22d1        1   10.2   543   802   51110    (-,-) 
  u_crypto_synth_top/u_top/u_rsa/core_inst/result_mem/g646307/ZN               -       A1->ZN F     oai22d1        1   10.8   570   168   51279    (-,-) 
  u_crypto_synth_top/u_top/u_rsa/core_inst/result_mem/g642101/ZN               -       A1->ZN R     aoi22d1        1   11.2   613   283   51562    (-,-) 
  u_crypto_synth_top/u_top/u_rsa/core_inst/result_mem/g640006/ZN               -       C2->ZN F     aon211d1       1   10.6   448   242   51804    (-,-) 
  u_crypto_synth_top/u_top/u_rsa/core_inst/result_mem/g639695/ZN               -       A2->ZN R     nr04d1         1   10.5   864   590   52394    (-,-) 
  u_crypto_synth_top/u_top/u_rsa/core_inst/result_mem/g639361/ZN               -       A3->ZN F     nd04d1         1    8.8   349   238   52632    (-,-) 
  u_crypto_synth_top/u_top/u_rsa/core_inst/result_mem/tmp_read_data0_reg[29]/D -       -      F     dfnrq1         1      -     -     0   52633    (-,-) 
#--------------------------------------------------------------------------------------------------------------------------------------------------------



Path 44: MET (2292 ps) Setup Check with Pin u_crypto_synth_top/u_top/u_rsa/core_inst/result_mem/tmp_read_data0_reg[20]/CP->D
          Group: R2R
     Startpoint: (R) u_crypto_synth_top/u_top/u_rsa/modulus_length_reg_reg[0]/CP
          Clock: (R) MAIN_CLK
       Endpoint: (F) u_crypto_synth_top/u_top/u_rsa/core_inst/result_mem/tmp_read_data0_reg[20]/D
          Clock: (R) MAIN_CLK

                     Capture       Launch     
        Clock Edge:+   58000            0     
       Src Latency:+     150          250     
       Net Latency:+       0 (I)        0 (I) 
           Arrival:=   58150          250     
                                              
             Setup:-     312                  
       Uncertainty:-    1450                  
       Path Adjust:+   -1500                  
     Required Time:=   54888                  
      Launch Clock:-     250                  
         Data Path:-   52346                  
             Slack:=    2292                  

Exceptions/Constraints:
  path_adjust            -1500            PA_C2C 

#--------------------------------------------------------------------------------------------------------------------------------------------------------
#                                Timing Point                                  Flags    Arc   Edge   Cell     Fanout  Load  Trans Delay Arrival Instance 
#                                                                                                                     (fF)   (ps)  (ps)   (ps)  Location 
#--------------------------------------------------------------------------------------------------------------------------------------------------------
  u_crypto_synth_top/u_top/u_rsa/modulus_length_reg_reg[0]/CP                  -       -      R     (arrival)  19892      -     0     0     250    (-,-) 
  u_crypto_synth_top/u_top/u_rsa/modulus_length_reg_reg[0]/Q                   -       CP->Q  F     sdcrq4        26  711.6  1395  1186    1436    (-,-) 
  u_crypto_synth_top/u_top/u_rsa/core_inst/montprod_inst/g4779/ZN              -       A2->ZN R     nr03d0         3   27.9  2586  2103    3539    (-,-) 
  u_crypto_synth_top/u_top/u_rsa/core_inst/montprod_inst/g4776/ZN              -       A1->ZN F     nd03d1         3   24.3   762   457    3996    (-,-) 
  u_crypto_synth_top/u_top/u_rsa/core_inst/montprod_inst/g4775/ZN              -       I->ZN  R     inv0d0         1    9.9   607   481    4477    (-,-) 
  u_crypto_synth_top/u_top/u_rsa/core_inst/montprod_inst/g4763/S               -       A->S   F     ah01d1         1    8.6   150   441    4918    (-,-) 
  u_crypto_synth_top/u_top/u_rsa/core_inst/montprod_inst/g4761/ZN              -       I->ZN  R     inv0d1         4   44.3   585   306    5225    (-,-) 
  u_crypto_synth_top/u_top/u_rsa/core_inst/montprod_inst/g4756/Z               -       I0->Z  R     mx02d2        12  330.1  2099  1163    6388    (-,-) 
  u_crypto_synth_top/u_top/u_rsa/core_inst/result_mem/g663228/ZN               -       I->ZN  F     invbdf        72 3334.1  1852  1358    7746    (-,-) 
  u_crypto_synth_top/u_top/u_rsa/core_inst/result_mem/g662433/ZN               -       I->ZN  R     invbdk       109 4843.5  1867 13343   21088    (-,-) 
  u_crypto_synth_top/u_top/u_rsa/core_inst/result_mem/g662330/ZN               -       I->ZN  F     invbd2        22  530.2  1898 29220   50309    (-,-) 
  u_crypto_synth_top/u_top/u_rsa/core_inst/result_mem/g652225/ZN               -       A1->ZN R     aoi22d1        1   10.2   543   802   51110    (-,-) 
  u_crypto_synth_top/u_top/u_rsa/core_inst/result_mem/g645596/ZN               -       A1->ZN F     oai22d1        1   11.2   434   171   51281    (-,-) 
  u_crypto_synth_top/u_top/u_rsa/core_inst/result_mem/g641791/ZN               -       B2->ZN R     aoi22d1        1   10.0   441   298   51578    (-,-) 
  u_crypto_synth_top/u_top/u_rsa/core_inst/result_mem/g640670/ZN               -       B1->ZN R     oaim21d1       1   11.0   338   274   51853    (-,-) 
  u_crypto_synth_top/u_top/u_rsa/core_inst/result_mem/g639867/ZN               -       A->ZN  F     aon211d1       1   10.6   357   194   52047    (-,-) 
  u_crypto_synth_top/u_top/u_rsa/core_inst/result_mem/g639488/ZN               -       A->ZN  R     aoi211d1       1   10.8   778   307   52355    (-,-) 
  u_crypto_synth_top/u_top/u_rsa/core_inst/result_mem/g639307/ZN               -       B->ZN  F     oai211d1       1    8.8   484   242   52596    (-,-) 
  u_crypto_synth_top/u_top/u_rsa/core_inst/result_mem/tmp_read_data0_reg[20]/D -       -      F     dfnrq1         1      -     -     0   52596    (-,-) 
#--------------------------------------------------------------------------------------------------------------------------------------------------------



Path 45: MET (2337 ps) Setup Check with Pin u_crypto_synth_top/u_top/u_rsa/core_inst/result_mem/tmp_read_data0_reg[15]/CP->D
          Group: R2R
     Startpoint: (R) u_crypto_synth_top/u_top/u_rsa/modulus_length_reg_reg[0]/CP
          Clock: (R) MAIN_CLK
       Endpoint: (F) u_crypto_synth_top/u_top/u_rsa/core_inst/result_mem/tmp_read_data0_reg[15]/D
          Clock: (R) MAIN_CLK

                     Capture       Launch     
        Clock Edge:+   58000            0     
       Src Latency:+     150          250     
       Net Latency:+       0 (I)        0 (I) 
           Arrival:=   58150          250     
                                              
             Setup:-     272                  
       Uncertainty:-    1450                  
       Path Adjust:+   -1500                  
     Required Time:=   54928                  
      Launch Clock:-     250                  
         Data Path:-   52341                  
             Slack:=    2337                  

Exceptions/Constraints:
  path_adjust            -1500            PA_C2C 

#--------------------------------------------------------------------------------------------------------------------------------------------------------
#                                Timing Point                                  Flags    Arc   Edge   Cell     Fanout  Load  Trans Delay Arrival Instance 
#                                                                                                                     (fF)   (ps)  (ps)   (ps)  Location 
#--------------------------------------------------------------------------------------------------------------------------------------------------------
  u_crypto_synth_top/u_top/u_rsa/modulus_length_reg_reg[0]/CP                  -       -      R     (arrival)  19892      -     0     0     250    (-,-) 
  u_crypto_synth_top/u_top/u_rsa/modulus_length_reg_reg[0]/Q                   -       CP->Q  F     sdcrq4        26  711.6  1395  1186    1436    (-,-) 
  u_crypto_synth_top/u_top/u_rsa/core_inst/montprod_inst/g4779/ZN              -       A2->ZN R     nr03d0         3   27.9  2586  2103    3539    (-,-) 
  u_crypto_synth_top/u_top/u_rsa/core_inst/montprod_inst/g4776/ZN              -       A1->ZN F     nd03d1         3   24.3   762   457    3996    (-,-) 
  u_crypto_synth_top/u_top/u_rsa/core_inst/montprod_inst/g4775/ZN              -       I->ZN  R     inv0d0         1    9.9   607   481    4477    (-,-) 
  u_crypto_synth_top/u_top/u_rsa/core_inst/montprod_inst/g4763/S               -       A->S   F     ah01d1         1    8.6   150   441    4918    (-,-) 
  u_crypto_synth_top/u_top/u_rsa/core_inst/montprod_inst/g4761/ZN              -       I->ZN  R     inv0d1         4   44.3   585   306    5225    (-,-) 
  u_crypto_synth_top/u_top/u_rsa/core_inst/montprod_inst/g4756/Z               -       I0->Z  R     mx02d2        12  330.1  2099  1163    6388    (-,-) 
  u_crypto_synth_top/u_top/u_rsa/core_inst/result_mem/g663228/ZN               -       I->ZN  F     invbdf        72 3334.1  1852  1358    7746    (-,-) 
  u_crypto_synth_top/u_top/u_rsa/core_inst/result_mem/g662433/ZN               -       I->ZN  R     invbdk       109 4843.5  1867 13343   21088    (-,-) 
  u_crypto_synth_top/u_top/u_rsa/core_inst/result_mem/g662330/ZN               -       I->ZN  F     invbd2        22  530.2  1898 29220   50309    (-,-) 
  u_crypto_synth_top/u_top/u_rsa/core_inst/result_mem/g651346/ZN               -       A1->ZN R     aoi22d1        1   10.2   543   802   51110    (-,-) 
  u_crypto_synth_top/u_top/u_rsa/core_inst/result_mem/g645153/ZN               -       A1->ZN F     oai22d1        1   11.2   434   171   51281    (-,-) 
  u_crypto_synth_top/u_top/u_rsa/core_inst/result_mem/g641539/ZN               -       B2->ZN R     aoi22d1        1   10.0   557   298   51578    (-,-) 
  u_crypto_synth_top/u_top/u_rsa/core_inst/result_mem/g640609/ZN               -       B1->ZN R     oaim21d1       1   11.0   389   281   51860    (-,-) 
  u_crypto_synth_top/u_top/u_rsa/core_inst/result_mem/g640002/ZN               -       A->ZN  F     aon211d1       1   10.7   466   204   52064    (-,-) 
  u_crypto_synth_top/u_top/u_rsa/core_inst/result_mem/g639489/ZN               -       A->ZN  R     oan211d1       1   10.6   810   273   52337    (-,-) 
  u_crypto_synth_top/u_top/u_rsa/core_inst/result_mem/g639382/ZN               -       A->ZN  F     oai211d1       1    8.8   329   254   52591    (-,-) 
  u_crypto_synth_top/u_top/u_rsa/core_inst/result_mem/tmp_read_data0_reg[15]/D -       -      F     dfnrq1         1      -     -     0   52591    (-,-) 
#--------------------------------------------------------------------------------------------------------------------------------------------------------



Path 46: MET (2366 ps) Setup Check with Pin u_crypto_synth_top/u_top/u_rsa/core_inst/result_mem/tmp_read_data0_reg[24]/CP->D
          Group: R2R
     Startpoint: (R) u_crypto_synth_top/u_top/u_rsa/modulus_length_reg_reg[0]/CP
          Clock: (R) MAIN_CLK
       Endpoint: (F) u_crypto_synth_top/u_top/u_rsa/core_inst/result_mem/tmp_read_data0_reg[24]/D
          Clock: (R) MAIN_CLK

                     Capture       Launch     
        Clock Edge:+   58000            0     
       Src Latency:+     150          250     
       Net Latency:+       0 (I)        0 (I) 
           Arrival:=   58150          250     
                                              
             Setup:-     282                  
       Uncertainty:-    1450                  
       Path Adjust:+   -1500                  
     Required Time:=   54918                  
      Launch Clock:-     250                  
         Data Path:-   52301                  
             Slack:=    2366                  

Exceptions/Constraints:
  path_adjust            -1500            PA_C2C 

#--------------------------------------------------------------------------------------------------------------------------------------------------------
#                                Timing Point                                  Flags    Arc   Edge   Cell     Fanout  Load  Trans Delay Arrival Instance 
#                                                                                                                     (fF)   (ps)  (ps)   (ps)  Location 
#--------------------------------------------------------------------------------------------------------------------------------------------------------
  u_crypto_synth_top/u_top/u_rsa/modulus_length_reg_reg[0]/CP                  -       -      R     (arrival)  19892      -     0     0     250    (-,-) 
  u_crypto_synth_top/u_top/u_rsa/modulus_length_reg_reg[0]/Q                   -       CP->Q  F     sdcrq4        26  711.6  1395  1186    1436    (-,-) 
  u_crypto_synth_top/u_top/u_rsa/core_inst/montprod_inst/g4779/ZN              -       A2->ZN R     nr03d0         3   27.9  2586  2103    3539    (-,-) 
  u_crypto_synth_top/u_top/u_rsa/core_inst/montprod_inst/g4776/ZN              -       A1->ZN F     nd03d1         3   24.3   762   457    3996    (-,-) 
  u_crypto_synth_top/u_top/u_rsa/core_inst/montprod_inst/g4775/ZN              -       I->ZN  R     inv0d0         1    9.9   607   481    4477    (-,-) 
  u_crypto_synth_top/u_top/u_rsa/core_inst/montprod_inst/g4763/S               -       A->S   F     ah01d1         1    8.6   150   441    4918    (-,-) 
  u_crypto_synth_top/u_top/u_rsa/core_inst/montprod_inst/g4761/ZN              -       I->ZN  R     inv0d1         4   44.3   585   306    5225    (-,-) 
  u_crypto_synth_top/u_top/u_rsa/core_inst/montprod_inst/g4756/Z               -       I0->Z  R     mx02d2        12  330.1  2099  1163    6388    (-,-) 
  u_crypto_synth_top/u_top/u_rsa/core_inst/result_mem/g663228/ZN               -       I->ZN  F     invbdf        72 3334.1  1852  1358    7746    (-,-) 
  u_crypto_synth_top/u_top/u_rsa/core_inst/result_mem/g662433/ZN               -       I->ZN  R     invbdk       109 4843.5  1867 13343   21088    (-,-) 
  u_crypto_synth_top/u_top/u_rsa/core_inst/result_mem/g662330/ZN               -       I->ZN  F     invbd2        22  530.2  1898 29220   50309    (-,-) 
  u_crypto_synth_top/u_top/u_rsa/core_inst/result_mem/g652275/ZN               -       A1->ZN R     aoi22d1        1   10.7   553   809   51117    (-,-) 
  u_crypto_synth_top/u_top/u_rsa/core_inst/result_mem/g645901/ZN               -       B1->ZN F     oai22d1        1   10.9   546   182   51299    (-,-) 
  u_crypto_synth_top/u_top/u_rsa/core_inst/result_mem/g641953/ZN               -       A2->ZN R     aoi22d1        1   10.6   446   269   51568    (-,-) 
  u_crypto_synth_top/u_top/u_rsa/core_inst/result_mem/g640362/ZN               -       A->ZN  F     oai211d1       1   10.4   521   215   51783    (-,-) 
  u_crypto_synth_top/u_top/u_rsa/core_inst/result_mem/g639692/ZN               -       C1->ZN R     aoi211d1       1   10.8   791   526   52308    (-,-) 
  u_crypto_synth_top/u_top/u_rsa/core_inst/result_mem/g639312/ZN               -       B->ZN  F     oai211d1       1    8.8   370   243   52551    (-,-) 
  u_crypto_synth_top/u_top/u_rsa/core_inst/result_mem/tmp_read_data0_reg[24]/D -       -      F     dfnrq1         1      -     -     0   52551    (-,-) 
#--------------------------------------------------------------------------------------------------------------------------------------------------------



Path 47: MET (2369 ps) Setup Check with Pin u_crypto_synth_top/u_top/u_rsa/core_inst/result_mem/tmp_read_data0_reg[19]/CP->D
          Group: R2R
     Startpoint: (R) u_crypto_synth_top/u_top/u_rsa/modulus_length_reg_reg[0]/CP
          Clock: (R) MAIN_CLK
       Endpoint: (F) u_crypto_synth_top/u_top/u_rsa/core_inst/result_mem/tmp_read_data0_reg[19]/D
          Clock: (R) MAIN_CLK

                     Capture       Launch     
        Clock Edge:+   58000            0     
       Src Latency:+     150          250     
       Net Latency:+       0 (I)        0 (I) 
           Arrival:=   58150          250     
                                              
             Setup:-     283                  
       Uncertainty:-    1450                  
       Path Adjust:+   -1500                  
     Required Time:=   54917                  
      Launch Clock:-     250                  
         Data Path:-   52299                  
             Slack:=    2369                  

Exceptions/Constraints:
  path_adjust            -1500            PA_C2C 

#--------------------------------------------------------------------------------------------------------------------------------------------------------
#                                Timing Point                                  Flags    Arc   Edge   Cell     Fanout  Load  Trans Delay Arrival Instance 
#                                                                                                                     (fF)   (ps)  (ps)   (ps)  Location 
#--------------------------------------------------------------------------------------------------------------------------------------------------------
  u_crypto_synth_top/u_top/u_rsa/modulus_length_reg_reg[0]/CP                  -       -      R     (arrival)  19892      -     0     0     250    (-,-) 
  u_crypto_synth_top/u_top/u_rsa/modulus_length_reg_reg[0]/Q                   -       CP->Q  F     sdcrq4        26  711.6  1395  1186    1436    (-,-) 
  u_crypto_synth_top/u_top/u_rsa/core_inst/montprod_inst/g4779/ZN              -       A2->ZN R     nr03d0         3   27.9  2586  2103    3539    (-,-) 
  u_crypto_synth_top/u_top/u_rsa/core_inst/montprod_inst/g4776/ZN              -       A1->ZN F     nd03d1         3   24.3   762   457    3996    (-,-) 
  u_crypto_synth_top/u_top/u_rsa/core_inst/montprod_inst/g4775/ZN              -       I->ZN  R     inv0d0         1    9.9   607   481    4477    (-,-) 
  u_crypto_synth_top/u_top/u_rsa/core_inst/montprod_inst/g4763/S               -       A->S   F     ah01d1         1    8.6   150   441    4918    (-,-) 
  u_crypto_synth_top/u_top/u_rsa/core_inst/montprod_inst/g4761/ZN              -       I->ZN  R     inv0d1         4   44.3   585   306    5225    (-,-) 
  u_crypto_synth_top/u_top/u_rsa/core_inst/montprod_inst/g4756/Z               -       I0->Z  R     mx02d2        12  330.1  2099  1163    6388    (-,-) 
  u_crypto_synth_top/u_top/u_rsa/core_inst/result_mem/g663228/ZN               -       I->ZN  F     invbdf        72 3334.1  1852  1358    7746    (-,-) 
  u_crypto_synth_top/u_top/u_rsa/core_inst/result_mem/g662433/ZN               -       I->ZN  R     invbdk       109 4843.5  1867 13343   21088    (-,-) 
  u_crypto_synth_top/u_top/u_rsa/core_inst/result_mem/g662330/ZN               -       I->ZN  F     invbd2        22  530.2  1898 29220   50309    (-,-) 
  u_crypto_synth_top/u_top/u_rsa/core_inst/result_mem/g650630/ZN               -       A1->ZN R     aoi22d1        1   10.7   553   809   51117    (-,-) 
  u_crypto_synth_top/u_top/u_rsa/core_inst/result_mem/g645549/ZN               -       B1->ZN F     oai22d1        1   10.0   497   177   51294    (-,-) 
  u_crypto_synth_top/u_top/u_rsa/core_inst/result_mem/g641770/ZN               -       B1->ZN R     aoi22d1        1   10.6   482   291   51586    (-,-) 
  u_crypto_synth_top/u_top/u_rsa/core_inst/result_mem/g670827/Z                -       B2->Z  R     aor21d1        1   11.0   194   247   51832    (-,-) 
  u_crypto_synth_top/u_top/u_rsa/core_inst/result_mem/g639859/ZN               -       A->ZN  F     aon211d1       1   10.6   321   169   52002    (-,-) 
  u_crypto_synth_top/u_top/u_rsa/core_inst/result_mem/g639437/ZN               -       A->ZN  R     aoi211d1       1   10.8   854   300   52302    (-,-) 
  u_crypto_synth_top/u_top/u_rsa/core_inst/result_mem/g639308/ZN               -       B->ZN  F     oai211d1       1    8.8   370   247   52549    (-,-) 
  u_crypto_synth_top/u_top/u_rsa/core_inst/result_mem/tmp_read_data0_reg[19]/D -       -      F     dfnrq1         1      -     -     0   52549    (-,-) 
#--------------------------------------------------------------------------------------------------------------------------------------------------------



Path 48: MET (2374 ps) Setup Check with Pin u_crypto_synth_top/u_top/u_rsa/core_inst/result_mem/tmp_read_data0_reg[27]/CP->D
          Group: R2R
     Startpoint: (R) u_crypto_synth_top/u_top/u_rsa/modulus_length_reg_reg[0]/CP
          Clock: (R) MAIN_CLK
       Endpoint: (F) u_crypto_synth_top/u_top/u_rsa/core_inst/result_mem/tmp_read_data0_reg[27]/D
          Clock: (R) MAIN_CLK

                     Capture       Launch     
        Clock Edge:+   58000            0     
       Src Latency:+     150          250     
       Net Latency:+       0 (I)        0 (I) 
           Arrival:=   58150          250     
                                              
             Setup:-     270                  
       Uncertainty:-    1450                  
       Path Adjust:+   -1500                  
     Required Time:=   54930                  
      Launch Clock:-     250                  
         Data Path:-   52305                  
             Slack:=    2374                  

Exceptions/Constraints:
  path_adjust            -1500            PA_C2C 

#--------------------------------------------------------------------------------------------------------------------------------------------------------
#                                Timing Point                                  Flags    Arc   Edge   Cell     Fanout  Load  Trans Delay Arrival Instance 
#                                                                                                                     (fF)   (ps)  (ps)   (ps)  Location 
#--------------------------------------------------------------------------------------------------------------------------------------------------------
  u_crypto_synth_top/u_top/u_rsa/modulus_length_reg_reg[0]/CP                  -       -      R     (arrival)  19892      -     0     0     250    (-,-) 
  u_crypto_synth_top/u_top/u_rsa/modulus_length_reg_reg[0]/Q                   -       CP->Q  F     sdcrq4        26  711.6  1395  1186    1436    (-,-) 
  u_crypto_synth_top/u_top/u_rsa/core_inst/montprod_inst/g4779/ZN              -       A2->ZN R     nr03d0         3   27.9  2586  2103    3539    (-,-) 
  u_crypto_synth_top/u_top/u_rsa/core_inst/montprod_inst/g4776/ZN              -       A1->ZN F     nd03d1         3   24.3   762   457    3996    (-,-) 
  u_crypto_synth_top/u_top/u_rsa/core_inst/montprod_inst/g4775/ZN              -       I->ZN  R     inv0d0         1    9.9   607   481    4477    (-,-) 
  u_crypto_synth_top/u_top/u_rsa/core_inst/montprod_inst/g4763/S               -       A->S   F     ah01d1         1    8.6   150   441    4918    (-,-) 
  u_crypto_synth_top/u_top/u_rsa/core_inst/montprod_inst/g4761/ZN              -       I->ZN  R     inv0d1         4   44.3   585   306    5225    (-,-) 
  u_crypto_synth_top/u_top/u_rsa/core_inst/montprod_inst/g4756/Z               -       I0->Z  R     mx02d2        12  330.1  2099  1163    6388    (-,-) 
  u_crypto_synth_top/u_top/u_rsa/core_inst/result_mem/g663228/ZN               -       I->ZN  F     invbdf        72 3334.1  1852  1358    7746    (-,-) 
  u_crypto_synth_top/u_top/u_rsa/core_inst/result_mem/g662433/ZN               -       I->ZN  R     invbdk       109 4843.5  1867 13343   21088    (-,-) 
  u_crypto_synth_top/u_top/u_rsa/core_inst/result_mem/g662388/ZN               -       I->ZN  F     inv0d4        24  632.8   989 28712   49800    (-,-) 
  u_crypto_synth_top/u_top/u_rsa/core_inst/result_mem/g653290/Z                -       S->Z   F     mx02d1         1   10.0   136   830   50630    (-,-) 
  u_crypto_synth_top/u_top/u_rsa/core_inst/result_mem/g642964/ZN               -       A2->ZN R     aoi222d1       1   10.7   683   237   50867    (-,-) 
  u_crypto_synth_top/u_top/u_rsa/core_inst/result_mem/g640815/ZN               -       B1->ZN F     oai22d1        1   10.9   530   193   51060    (-,-) 
  u_crypto_synth_top/u_top/u_rsa/core_inst/result_mem/g639827/ZN               -       B->ZN  R     aon211d1       1   10.5   556   285   51344    (-,-) 
  u_crypto_synth_top/u_top/u_rsa/core_inst/result_mem/g639504/ZN               -       A1->ZN F     nd04d1         1   10.8   340   235   51580    (-,-) 
  u_crypto_synth_top/u_top/u_rsa/core_inst/result_mem/g639445/ZN               -       A1->ZN R     aoi22d1        1   11.0   564   231   51811    (-,-) 
  u_crypto_synth_top/u_top/u_rsa/core_inst/result_mem/g639419/ZN               -       A->ZN  F     aon211d1       1   10.6   432   229   52040    (-,-) 
  u_crypto_synth_top/u_top/u_rsa/core_inst/result_mem/g639366/ZN               -       A->ZN  R     aoi21d1        1   10.6   592   290   52330    (-,-) 
  u_crypto_synth_top/u_top/u_rsa/core_inst/result_mem/g639325/ZN               -       A->ZN  F     oai211d1       1    8.8   323   225   52555    (-,-) 
  u_crypto_synth_top/u_top/u_rsa/core_inst/result_mem/tmp_read_data0_reg[27]/D -       -      F     dfnrq1         1      -     -     0   52555    (-,-) 
#--------------------------------------------------------------------------------------------------------------------------------------------------------



Path 49: MET (2378 ps) Setup Check with Pin u_crypto_synth_top/u_top/u_rsa/core_inst/result_mem/tmp_read_data0_reg[31]/CP->D
          Group: R2R
     Startpoint: (R) u_crypto_synth_top/u_top/u_rsa/modulus_length_reg_reg[0]/CP
          Clock: (R) MAIN_CLK
       Endpoint: (F) u_crypto_synth_top/u_top/u_rsa/core_inst/result_mem/tmp_read_data0_reg[31]/D
          Clock: (R) MAIN_CLK

                     Capture       Launch     
        Clock Edge:+   58000            0     
       Src Latency:+     150          250     
       Net Latency:+       0 (I)        0 (I) 
           Arrival:=   58150          250     
                                              
             Setup:-     280                  
       Uncertainty:-    1450                  
       Path Adjust:+   -1500                  
     Required Time:=   54920                  
      Launch Clock:-     250                  
         Data Path:-   52292                  
             Slack:=    2378                  

Exceptions/Constraints:
  path_adjust            -1500            PA_C2C 

#--------------------------------------------------------------------------------------------------------------------------------------------------------
#                                Timing Point                                  Flags    Arc   Edge   Cell     Fanout  Load  Trans Delay Arrival Instance 
#                                                                                                                     (fF)   (ps)  (ps)   (ps)  Location 
#--------------------------------------------------------------------------------------------------------------------------------------------------------
  u_crypto_synth_top/u_top/u_rsa/modulus_length_reg_reg[0]/CP                  -       -      R     (arrival)  19892      -     0     0     250    (-,-) 
  u_crypto_synth_top/u_top/u_rsa/modulus_length_reg_reg[0]/Q                   -       CP->Q  F     sdcrq4        26  711.6  1395  1186    1436    (-,-) 
  u_crypto_synth_top/u_top/u_rsa/core_inst/montprod_inst/g4779/ZN              -       A2->ZN R     nr03d0         3   27.9  2586  2103    3539    (-,-) 
  u_crypto_synth_top/u_top/u_rsa/core_inst/montprod_inst/g4776/ZN              -       A1->ZN F     nd03d1         3   24.3   762   457    3996    (-,-) 
  u_crypto_synth_top/u_top/u_rsa/core_inst/montprod_inst/g4775/ZN              -       I->ZN  R     inv0d0         1    9.9   607   481    4477    (-,-) 
  u_crypto_synth_top/u_top/u_rsa/core_inst/montprod_inst/g4763/S               -       A->S   F     ah01d1         1    8.6   150   441    4918    (-,-) 
  u_crypto_synth_top/u_top/u_rsa/core_inst/montprod_inst/g4761/ZN              -       I->ZN  R     inv0d1         4   44.3   585   306    5225    (-,-) 
  u_crypto_synth_top/u_top/u_rsa/core_inst/montprod_inst/g4756/Z               -       I0->Z  R     mx02d2        12  330.1  2099  1163    6388    (-,-) 
  u_crypto_synth_top/u_top/u_rsa/core_inst/result_mem/g663228/ZN               -       I->ZN  F     invbdf        72 3334.1  1852  1358    7746    (-,-) 
  u_crypto_synth_top/u_top/u_rsa/core_inst/result_mem/g662433/ZN               -       I->ZN  R     invbdk       109 4843.5  1867 13343   21088    (-,-) 
  u_crypto_synth_top/u_top/u_rsa/core_inst/result_mem/g662330/ZN               -       I->ZN  F     invbd2        22  530.2  1898 29220   50309    (-,-) 
  u_crypto_synth_top/u_top/u_rsa/core_inst/result_mem/g653917/ZN               -       A1->ZN R     aoi22d1        1   10.7   553   809   51117    (-,-) 
  u_crypto_synth_top/u_top/u_rsa/core_inst/result_mem/g646456/ZN               -       B1->ZN F     oai22d1        1   10.9   546   182   51299    (-,-) 
  u_crypto_synth_top/u_top/u_rsa/core_inst/result_mem/g642137/ZN               -       A2->ZN R     aoi22d1        1   10.6   446   269   51568    (-,-) 
  u_crypto_synth_top/u_top/u_rsa/core_inst/result_mem/g640476/ZN               -       A->ZN  F     oai211d1       1   10.4   469   215   51783    (-,-) 
  u_crypto_synth_top/u_top/u_rsa/core_inst/result_mem/g639690/ZN               -       C1->ZN R     aoi211d1       1   10.8   779   518   52300    (-,-) 
  u_crypto_synth_top/u_top/u_rsa/core_inst/result_mem/g639327/ZN               -       B->ZN  F     oai211d1       1    8.8   358   242   52542    (-,-) 
  u_crypto_synth_top/u_top/u_rsa/core_inst/result_mem/tmp_read_data0_reg[31]/D -       -      F     dfnrq1         1      -     -     0   52542    (-,-) 
#--------------------------------------------------------------------------------------------------------------------------------------------------------



Path 50: MET (2393 ps) Setup Check with Pin u_crypto_synth_top/u_top/u_rsa/core_inst/result_mem/tmp_read_data0_reg[13]/CP->D
          Group: R2R
     Startpoint: (R) u_crypto_synth_top/u_top/u_rsa/modulus_length_reg_reg[0]/CP
          Clock: (R) MAIN_CLK
       Endpoint: (F) u_crypto_synth_top/u_top/u_rsa/core_inst/result_mem/tmp_read_data0_reg[13]/D
          Clock: (R) MAIN_CLK

                     Capture       Launch     
        Clock Edge:+   58000            0     
       Src Latency:+     150          250     
       Net Latency:+       0 (I)        0 (I) 
           Arrival:=   58150          250     
                                              
             Setup:-     302                  
       Uncertainty:-    1450                  
       Path Adjust:+   -1500                  
     Required Time:=   54898                  
      Launch Clock:-     250                  
         Data Path:-   52256                  
             Slack:=    2393                  

Exceptions/Constraints:
  path_adjust            -1500            PA_C2C 

#--------------------------------------------------------------------------------------------------------------------------------------------------------
#                                Timing Point                                  Flags    Arc   Edge   Cell     Fanout  Load  Trans Delay Arrival Instance 
#                                                                                                                     (fF)   (ps)  (ps)   (ps)  Location 
#--------------------------------------------------------------------------------------------------------------------------------------------------------
  u_crypto_synth_top/u_top/u_rsa/modulus_length_reg_reg[0]/CP                  -       -      R     (arrival)  19892      -     0     0     250    (-,-) 
  u_crypto_synth_top/u_top/u_rsa/modulus_length_reg_reg[0]/Q                   -       CP->Q  F     sdcrq4        26  711.6  1395  1186    1436    (-,-) 
  u_crypto_synth_top/u_top/u_rsa/core_inst/montprod_inst/g4779/ZN              -       A2->ZN R     nr03d0         3   27.9  2586  2103    3539    (-,-) 
  u_crypto_synth_top/u_top/u_rsa/core_inst/montprod_inst/g4776/ZN              -       A1->ZN F     nd03d1         3   24.3   762   457    3996    (-,-) 
  u_crypto_synth_top/u_top/u_rsa/core_inst/montprod_inst/g4775/ZN              -       I->ZN  R     inv0d0         1    9.9   607   481    4477    (-,-) 
  u_crypto_synth_top/u_top/u_rsa/core_inst/montprod_inst/g4763/S               -       A->S   F     ah01d1         1    8.6   150   441    4918    (-,-) 
  u_crypto_synth_top/u_top/u_rsa/core_inst/montprod_inst/g4761/ZN              -       I->ZN  R     inv0d1         4   44.3   585   306    5225    (-,-) 
  u_crypto_synth_top/u_top/u_rsa/core_inst/montprod_inst/g4756/Z               -       I0->Z  R     mx02d2        12  330.1  2099  1163    6388    (-,-) 
  u_crypto_synth_top/u_top/u_rsa/core_inst/result_mem/g663228/ZN               -       I->ZN  F     invbdf        72 3334.1  1852  1358    7746    (-,-) 
  u_crypto_synth_top/u_top/u_rsa/core_inst/result_mem/g662433/ZN               -       I->ZN  R     invbdk       109 4843.5  1867 13343   21088    (-,-) 
  u_crypto_synth_top/u_top/u_rsa/core_inst/result_mem/g662330/ZN               -       I->ZN  F     invbd2        22  530.2  1898 29220   50309    (-,-) 
  u_crypto_synth_top/u_top/u_rsa/core_inst/result_mem/g650950/ZN               -       A1->ZN R     aoi22d1        1   10.2   543   802   51110    (-,-) 
  u_crypto_synth_top/u_top/u_rsa/core_inst/result_mem/g645010/ZN               -       A1->ZN F     oai22d1        1   10.0   481   164   51274    (-,-) 
  u_crypto_synth_top/u_top/u_rsa/core_inst/result_mem/g641464/ZN               -       B1->ZN R     aoi22d1        1   10.8   458   290   51564    (-,-) 
  u_crypto_synth_top/u_top/u_rsa/core_inst/result_mem/g640590/ZN               -       B2->ZN F     aoi21d1        1   10.8   375   151   51715    (-,-) 
  u_crypto_synth_top/u_top/u_rsa/core_inst/result_mem/g639648/Z                -       B->Z   F     aor211d1       1   10.7   168   338   52053    (-,-) 
  u_crypto_synth_top/u_top/u_rsa/core_inst/result_mem/g639439/ZN               -       A->ZN  R     oan211d1       1   10.8   820   208   52260    (-,-) 
  u_crypto_synth_top/u_top/u_rsa/core_inst/result_mem/g639324/ZN               -       B->ZN  F     oai211d1       1    8.8   444   245   52505    (-,-) 
  u_crypto_synth_top/u_top/u_rsa/core_inst/result_mem/tmp_read_data0_reg[13]/D -       -      F     dfnrq1         1      -     -     0   52506    (-,-) 
#--------------------------------------------------------------------------------------------------------------------------------------------------------

